item_type,title,creators,first_name,last_name,collection,ean_isbn13,upc_isbn10,description,publisher,publish_date,group,tags,notes,price,length,number_of_discs,number_of_players,age_group,ensemble,aspect_ratio,esrb,rating,review,review_date,status,began,completed,added,copies
book,"Greece and Rome From the Pre-Socratics to Plotinus (A History of Philosophy, Vol. 1)","Frederick Copleston",Frederick,Copleston,Philosophy,9780385468435,0385468431,,Image,1993-03-01,,,,,544,,,,,,,,,,,,,2025-08-22,1
book,"History of Philosophy, Volume 2","Frederick Copleston",Frederick,Copleston,Philosophy,9780385468442,038546844X,,Image,1993-03-01,,,,,624,,,,,,,,,,,,,2025-08-22,1
book,"History of Philosophy, Volume 3","Frederick Copleston",Frederick,Copleston,Philosophy,9780385468459,0385468458,,Image,1993-03-01,,,,,496,,,,,,,,,,,,,2025-08-22,1
book,"History of Philosophy, Volume 4","Frederick Copleston",Frederick,Copleston,Philosophy,9780385470414,038547041X,,Image,1993-12-01,,,,,384,,,,,,,,,,,,,2025-08-22,1
book,"History of Philosophy, Volume 5","Frederick Copleston",Frederick,Copleston,Philosophy,9780385470421,0385470428,,Image,1993-12-01,,,,,448,,,,,,,,,,,,,2025-08-22,1
book,"History of Philosophy, Volume 6","Frederick Copleston",Frederick,Copleston,Philosophy,9780385470438,0385470436,,Image,1993-12-01,,,,,528,,,,,,,,,,,,,2025-08-22,1
book,"History of Philosophy, Volume 7","Frederick Copleston",Frederick,Copleston,Philosophy,9780385470445,0385470444,,Image,1994-02-01,,,,,512,,,,,,,,,,,,,2025-08-22,1
book,"History of Philosophy, Volume 8","Frederick Copleston",Frederick,Copleston,Philosophy,9780385470452,0385470452,,Image,1994-02-01,,,,,592,,,,,,,,,,,,,2025-08-22,1
book,"History of Philosophy, Volume 9","Frederick Copleston",Frederick,Copleston,Philosophy,9780385470469,0385470460,,Image,1994-02-01,,,,,496,,,,,,,,,,,,,2025-08-22,1
book,"Cambridge Companion Feminism Philos","Miranda Fricker",Miranda,Fricker,Philosophy,9780521624695,052162469X,"The thirteen specially-commissioned essays in this volume are designed to provide an accessible and stimulating guide through an area of philosophical thought and literature that has seen massive expansion in recent years. They encompass all the core subject areas commonly taught in anglophone undergraduate and graduate philosophy courses, offering both an overview of and a contribution to the relevant debates. This volume will be essential reading for any student or teacher of philosophy who is curious about the place of feminism in their subject.","Cambridge University Press",2008-08-21,,,,,,,,,,,,,,,,,,2025-08-22,1
book,"The Cambridge Companion to Leibniz","Nicholas Jolley (Editor)",Nicholas,(Editor),Philosophy,9780521367691,0521367697,"Gottfried Leibniz was a remarkable thinker who made fundamental contributions not only to philosophy, but also to the development of modern mathematics and science. At the centre of Leibniz's philosophy stands his metaphysics, an ambitious attempt to discover the nature of reality through the use of unaided reason. This volume provides a systematic and comprehensive account of the full range of Leibniz's thought, exploring the metaphysics in detail and showing its subtle and complex relationship to his views on logic, language, physics, and theology. Other chapters examine the intellectual context of his thought and its reception in the eighteenth century. New readers and nonspecialists will find this the most accessible and comprehensive guide to Leibniz currently available. Advanced students and specialists will find a conspectus of recent developments in the interpretation of Leibniz.","Cambridge University Press",1994-10-28,,,,,516,,,,,,,,,,,,,2025-08-22,1
book,"The Cambridge Companion to Nietzsche",,,,Philosophy,9780521367677,0521367670,,"Cambridge University Press",1996-01-26,,,,,416,,,,,,,,,,,,,2025-08-22,1
book,"The Cambridge Companion to Jane Austen","Edward Copeland (Editor), Juliet McMaster (Editor)",Edward,(Editor),Philosophy,9780521746502,0521746507,"Jane Austen's stock in the popular marketplace has never been higher, while academic studies continue to uncover new aspects of her engagement with her world. This fully updated edition of the acclaimed Cambridge Companion offers clear, accessible coverage of the intricacies of Austen's works in their historical context, with biographical information and suggestions for further reading. Major scholars address Austen's six novels, the letters and other works, in terms accessible to students and the many general readers, as well as to academics. With seven new essays, the Companion now covers topics that have become central to recent Austen studies, for example, gender, sociability, economics, and the increasing number of screen adaptations of the novels.","Cambridge University Press",2010-12-23,,,,,302,,,,,,,,,,,,,2025-08-22,1
book,"The Cambridge Companion to Malebranche","Steven Nadler",Steven,Nadler,Philosophy,9780521627290,052162729X,"Specially commissioned essays addressing Malebranche's thought comprehensively and systematically.","Cambridge University Press",2000-07-03,,,,,319,,,,,,,,,,,,,2025-08-22,1
book,"The Cambridge Companion to Habermas","Stephen K. White (Editor)",Stephen,(Editor),Philosophy,9780521446662,052144666X,"Jurgen Habermas is unquestionably one of the foremost philosophers writing today. His notions of communicative action and rationality have exerted a profound influence within philosophy and the social sciences. This volume examines the historical and intellectual contexts out of which Habermas' work emerged, and offers an overview of his main ideas, including those in his most recent publication. Amongst the topics discussed are his relationship to the Frankfurt School of critical theory and Marx, his unique contributions to the philosophy of the social sciences, the concept of 'communicative ethics', and the critique of post-modernism. New readers and non-specialists will find this the most convenient, accessible guide to Habermas currently available. Advanced students will find a conspectus of recent developments in the interpretation of Habermas.","Cambridge University Press",1995-04-28,,,,,368,,,,,,,,,,,,,2025-08-22,1
book,"The Cambridge Companion to Plato","David Ebrey, Richard Kraut",David,Ebrey,Philosophy,9781108457262,1108457266,"The first edition of the Cambridge Companion to Plato (1992), edited by Richard Kraut, shaped scholarly research and guided new students for thirty years. This new edition introduces students to fresh approaches to Platonic dialogues while advancing the next generation of research. Of its seventeen chapters, nine are entirely new, written by a new generation of scholars. Six others have been thoroughly revised and updated by their original authors. The volume covers the full range of Plato's interests, including ethics, political philosophy, epistemology, metaphysics, aesthetics, religion, mathematics, and psychology. Plato's dialogues are approached as unified works and considered within their intellectual context, and the revised introduction suggests a way of reading the dialogues that attends to the differences between them while also tracing their interrelations. The result is a rich and wide-ranging volume which will be valuable for all students and scholars of Plato.","Cambridge University Press",2022-08-04,,,,,520,,,,,,,,,,,,,2025-08-22,1
book,"The Cambridge Companion to Simone de Beauvoir","Claudia Card",Claudia,Card,Philosophy,9780521794299,0521794293,"A convenient and accessible guide to Simone de Beauvoir, published in 2003.","Cambridge University Press",2003-03-10,,,,,336,,,,,,,,,,,,,2025-08-22,1
book,"The Cambridge Companion to Berkeley","Kenneth Winkler",Kenneth,Winkler,Philosophy,9780521456579,0521456576,"In defending the immaterialism for which he is most famous, George Berkeley, one of the most influential modern philosophers, redirected modern thinking about the nature of objectivity and the mind's capacity to come to terms with it. Along the way, he made striking and influential proposals concerning the psychology of the senses, workings of language, aims of science, and scope of mathematics. A team of distinguished contributors not only examines Berkeley's achievements in this Companion, but also his neglected contributions to moral and political philosophy, writings on economics and development, and defense of religious commitment and religious life.","Cambridge University Press",2010-03-23,,,,,,,,,,,,,,,,,,2025-08-22,1
book,"The Cambridge Companion to Abelard",,,,Philosophy,9780521775960,0521775965,,"Cambridge University Press",2004-03-29,,,,,384,,,,,,,,,,,,,2025-08-22,1
book,"The Cambridge Companion to Heidegger","Charles B. Guignon (Editor)",Charles,(Editor),Philosophy,9780521528887,0521528887,"Martin Heidegger is now widely recognized as one of the greatest philosophers of the twentieth century. He transformed mainstream philosophy by defining its central task as asking the 'question of being'. His thought has contributed to the turn to hermeneutics and to postmodernism and poststructuralism. Moreover, the disclosure of his deep involvement in Nazism has provoked much debate about the relation of philosophy to politics. This edition brings to the fore other works, as well as alternative approaches to scholarship. The essays cover topics such as Heidegger's conception of phenomenology, his relation to Kant and Husserl, his account of truth, and his stand on the realism/anti-realism debate. This edition includes a new preface by the editor, revised versions of several essays from the first edition, and an exhaustive bibliography, providing guidance for both newcomers to Heidegger's work and established scholars.","Cambridge University Press",2006-07-17,,,,,456,,,,,,,,,,,,,2025-08-22,1
book,"The Cambridge Companion to Heidegger's Being and Time","Mark A. Wrathall (Editor)",Mark,(Editor),Philosophy,9780521720564,0521720567,"The Cambridge Companion to Heidegger's 'Being and Time' contains seventeen chapters by leading scholars of Heidegger. It is a useful reference work for beginning students, but also explores the central themes of Being and Time with a depth that will be of interest to scholars. The Companion begins with a section-by-section overview of Being and Time and a chapter reviewing the genesis of this seminal work. The final chapter situates Being and Time in the context of Heidegger's later work. The remaining chapters examine the core issues of Being and Time, including the question of being, the phenomenology of space, the nature of human being (our relation to others, the importance of moods, the nature of human understanding, language), Heidegger's views on idealism and realism and his position on skepticism and truth, Heidegger's account of authenticity (with a focus on his views on freedom, being toward death, and resoluteness) and the nature of temporality and human historicality.","Cambridge University Press",2013-07-31,,,,,448,,,,,,,,,,,,,2025-08-22,1
book,"The Cambridge Companion to Religious Experience","Paul K. Moser",Paul,Moser,Philosophy,9781108459112,1108459110,"For centuries, theologians and philosophers, among others, have examined the nature of religious experience. Students and scholars unfamiliar with the vast literature face a daunting task in grasping the main issues surrounding the topic of religious experience. The Cambridge Companion to Religious Experience offers an original introduction to its topic. Going beyond an introduction, it is a state-of-the-art overview of the topic, with critical analyses of and creative insights into its subject. Religious experience is discussed from various interdisciplinary perspectives, from religious perspectives inside and outside traditional monotheistic religions, and from various topical perspectives. Written by leading scholars in clear and accessible prose, this book is an ideal resource for undergraduate and graduate students, teachers, and scholars across many disciplines.","Cambridge University Press",2020-07-16,,,,,,,,,,,,,,,,,,2025-08-22,1
book,"Nietzsche's ‘Thus Spoke Zarathustra'","Keith Ansell-Pearson, Paul S Loeb",Keith,Ansell-Pearson,Philosophy,9781108796484,1108796486,"Nietzsche regarded Thus Spoke Zarathustra as his most important philosophical contribution because it proposes solutions to the problems and questions he poses in his later books - for example, his cure for the human disposition to vengefulness and his creation of new values as the antidote to nihilism. It is also the only place where he elaborates his concepts of the superhuman and the eternal recurrence of the same. In this Critical Guide, an international group of distinguished scholars analyze the philosophical ideas in Thus Spoke Zarathustra, discussing a range of topics that include literary parody as philosophical critique, philosophy as a way of life, the meaning of human life, philosophical naturalism, fatalism, radical flux, human passions and virtues, great politics, transhumanism, and ecological conscience. The volume will be invaluable for philosophers, scholars and students interested in Nietzsche's thought.","Cambridge University Press",2024-04-11,,,,,,,,,,,,,,,,,,2025-08-22,1
book,"The Cambridge Companion to Hegel","Frederick C. Beiser (Editor)",Frederick,(Editor),Philosophy,9780521387118,0521387116,"Few thinkers are more controversial in the history of philosophy than Hegel. He has been dismissed as a charlatan and obscurantist, but also praised as one of the greatest thinkers in modern philosophy. No one interested in philosophy can afford to ignore him. This volume considers all the major aspects of Hegel's work: epistemology, logic, ethics, political philosophy, aesthetics, philosophy of history, philosophy of religion. Special attention is devoted to problems in the interpretation of Hegel: the unity of the Phenomenology of Spirit; the value of the dialectical method; the status of his logic; the nature of his politics. A final group of chapters treats Hegel's complex historical legacy: the development of Hegelianism and its growth into a left and right-wing school; the relation of Hegel and Marx; and the subtle connections between Hegel and contemporary analytic philosophy.","Cambridge University Press",1993-01-29,,,,,530,,,,,,,,,,,,,2025-08-22,1
book,"The Cambridge Companion to Kant",,,,Philosophy,9780521367684,0521367689,,"Cambridge University Press",1992-01-31,,,,,500,,,,,,,,,,,,,2025-08-22,1
book,"The Cambridge Companion to Hobbes's Leviathan","Patricia Springborg",Patricia,Springborg,Philosophy,9780521545211,0521545218,"This Companion makes a new departure in Hobbes scholarship, addressing a philosopher whose impact was as great on Continental European theories of state and legal systems as it was at home. This volume is a systematic attempt to incorporate work from both the Anglophone and Continental traditions, bringing together newly commissioned work by scholars from ten different countries in a topic-by-topic sequence of essays that follows the structure of Leviathan, re-examining the relationship among Hobbes's physics, metaphysics, politics, psychology, and religion. Collectively they showcase important revisionist scholarship that re-examines both the context for Leviathan and its reception, demonstrating the degree to which Hobbes was indebted to the long tradition of European humanist thought. This Cambridge Companion shows that Hobbes's legacy was never lost and that he belongs to a tradition of reflection on political theory and governance that is still alive, both in Europe and in the diaspora.","Cambridge University Press",2007-09-27,,,,,,,,,,,,,,,,,,2025-08-22,1
book,"The Cambridge Companion to the Stoics","Brad Inwood (Editor)",Brad,(Editor),Philosophy,9780521779852,0521779855,"This unique volume offers an odyssey through the ideas of the Stoics in three particular ways: first, through the historical trajectory of the school itself and its influence; second, through the recovery of the history of Stoic thought; third, through the ongoing confrontation with Stoicism, showing how it refines philosophical traditions, challenges the imagination, and ultimately defines the kind of life one chooses to lead. A distinguished roster of specialists have written an authoritative guide to the entire philosophical tradition. The first two chapters chart the history of the school in the ancient world, and are followed by chapters on the core themes of the Stoic system: epistemology, logic, natural philosophy, theology, determinism, and metaphysics. There are two chapters on what might be thought of as the heart and soul of the Stoics system: ethics.","Cambridge University Press",2003-05-05,,,,,450,,,,,,,,,,,,,2025-08-22,1
book,"The Cambridge Companion to Aristotle","Jonathan Barnes (Editor)",Jonathan,(Editor),Philosophy,9780521422949,0521422949,"Aristotle is one of the very greatest thinkers in the Western tradition, but also one of the most difficult. The contributors to this volume do not attempt to disguise the nature of that difficulty, but at the same time they offer a clear exposition of the central philosophical concerns in his work. Approaches and methods vary and the volume editor has not imposed any single interpretation, but has rather allowed legitimate differences of interpretation to stand. An introductory chapter provides an account of Aristotle's life, and then guides the reader through the complex subject of what Aristotle actually wrote as a basis for characterising his philosophical development. Subsequent chapters cover Aristotle's writings on logic, metaphysics, science, psychology, ethics, politics, rhetoric, and poetics. It is a basic assumption of the Companion that its readers will not know Greek.","Cambridge University Press",1995-01-27,,,,,434,,,,,,,,,,,,,2025-08-22,1
book,"The Cambridge Companion to Oakeshott","Efraim Podoksik",Efraim,Podoksik,Philosophy,9780521147927,0521147921,"Michael Oakeshott (1901-1990) was one of the leading British philosophers of the twentieth century. He has been influential particularly as a political philosopher, but his work reflects a range of philosophical interests that have more gradually come to be appreciated. In this volume a broad group of scholars offers a comprehensive overview of Oakeshott's philosophy, including his moral and political philosophy, his philosophy of history, science and aesthetics, and his views on the role of education. They analyse Oakeshott's ideas in different intellectual contexts and assess his overall contribution to twentieth-century thought. Accessible and rich with new scholarly material, this volume will be an excellent guide for students and scholars alike.","Cambridge University Press",2012-06-07,,,,,,,,,,,,,,,,,,2025-08-22,1
book,"The Cambridge Companion to Philosophical Methodology","Søren Overgaard (Editor), Giuseppina D'Oro (Editor)",Søren,(Editor),Philosophy,9781107547360,1107547369,"The Cambridge Companion to Philosophical Methodology offers clear and comprehensive coverage of the main methodological debates and approaches within philosophy. The chapters in this volume approach the question of how to do philosophy from a wide range of perspectives, including conceptual analysis, critical theory, deconstruction, experimental philosophy, hermeneutics, Kantianism, methodological naturalism, phenomenology, and pragmatism. They explore general conceptions of philosophy, centred on the question of what the point of philosophising might be; the method of conceptual analysis and its recent naturalistic critics and competitors; perspectives from continental philosophy; and also a variety of methodological views that belong neither to the mainstream of analytic philosophy, nor to continental philosophy as commonly conceived. Together they will enable readers to grasp an unusually wide range of approaches to methodological debates in philosophy.","Cambridge University Press",2017-02-06,,,,,482,,,,,,,,,,,,,2025-08-22,1
book,"The Cambridge Companion to Hip-Hop","Justin A. Williams",Justin,Williams,Philosophy,9781107643864,1107643864,"It has been more than thirty-five years since the first commercial recordings of hip-hop music were made. This Companion, written by renowned scholars and industry professionals reflects the passion and scholarly activity occurring in the new generation of hip-hop studies. It covers a diverse range of case studies from Nerdcore hip-hop to instrumental hip-hop to the role of rappers in the Obama campaign and from countries including Senegal, Japan, Germany, Cuba, and the UK. Chapters provide an overview of the 'four elements' of hip-hop - MCing, DJing, break dancing (or breakin'), and graffiti - in addition to key topics such as religion, theatre, film, gender, and politics. Intended for students, scholars, and the most serious of 'hip-hop heads', this collection incorporates methods in studying hip-hop flow, as well as the music analysis of hip-hop and methods from linguistics, political science, gender and film studies to provide exciting new perspectives on this rapidly developing field.","Cambridge University Press",2015-02-12,,,,,,,,,,,,,,,,,,2025-08-22,1
book,"Archaeology and Language","Colin Renfrew",Colin,Renfrew,Philosophy,9780521386753,0521386756,"In this book Colin Renfrew directs remarkable new light on the links between archaeology and language, looking specifically at the puzzling similarities that are apparent across the Indo-European family of ancient languages, from Anatolia and Ancient Persia, across Europe and the Indian subcontinent, to regions as remote as Sinkiang in China. Professor Renfrew initiates an original synthesis between modern historical linguistics and the new archaeology of cultural process, boldly proclaiming that it is time to reconsider questions of language origins and what they imply about ethnic affiliation--issues seriously discredited by the racial theorists of the 1920s and 1930s and, as a result, largely neglected since. Challenging many familiar beliefs, he comes to a new and persuasive conclusion: that primitive forms of the Indo-European language were spoken across Europe some thousands of years earlier than has previously been assumed.","Cambridge University Press",1990-01-26,,,,,368,,,,,,,,,,,,,2025-08-22,1
book,"The Cambridge Introduction to Narrative","H. Porter Abbott",H.,Abbott,Philosophy,9780521715157,0521715156,NA,"Cambridge University Press",2008-04-07,,,,,268,,,,,,,,,,,,,2025-08-22,1
book,"An Introduction to Buddhist Philosophy","Stephen J. Laumakis",Stephen,Laumakis,Philosophy,9780521670081,052167008X,"In this clearly written undergraduate textbook, Stephen Laumakis explains the origin and development of Buddhist ideas and concepts, focusing on the philosophical ideas and arguments presented and defended by selected thinkers and sutras from various traditions. He starts with a sketch of the Buddha and the Dharma, and highlights the origins of Buddhism in India. He then considers specific details of the Dharma with special attention to Buddhist metaphysics and epistemology, and examines the development of Buddhism in China, Japan, and Tibet, concluding with the ideas of the Dalai Lama and Thich Nhat Hanh. In each chapter he includes explanations of key terms and teachings, excerpts from primary source materials, and presentations of the arguments for each position. His book will be an invaluable guide for all who are interested in this rich and vibrant philosophy.","Cambridge University Press",2008-02-21,,,,,,,,,,,,,,,,,,2025-08-22,1
book,"The Cambridge Companion to Women Composers","Matthew Head, Susan Wollenberg",Matthew,Head,Philosophy,9781108733519,1108733514,"Moving beyond narratives of female suppression, and exploring the critical potential of a diverse, distinguished repertoire, this Companion transforms received understanding of women composers. Organised thematically, and ranging beyond elite, Western genres, it explores the work of diverse female composers from medieval to modern times, besides the familiar headline names. The book's prologue traces the development of scholarship on women composers over the past five decades and the category of 'woman composer' itself. The chapters that follow reveal scenes of flourishing creativity, technical innovation, and (often fleeting) recognition, challenging long-held notions around invisibility and neglect and dismissing clichés about women composers and their work. Leading scholars trace shifting ideas about composers and compositional processes, contributing to a wider understanding of how composers have functioned in history and making this volume essential reading for all students of musical history. In an epilogue, three contemporary composers reflect on their careers and identities.","Cambridge University Press",2024-05-30,,,,,,,,,,,,,,,,,,2025-08-22,1
book,"An Introduction to Metaphilosophy","Soren Overgaard",Soren,Overgaard,Philosophy,9780521175982,0521175984,"What is philosophy? How should we do it? Why should we bother to? These are the kinds of questions addressed by metaphilosophy - the philosophical study of the nature of philosophy itself. Students of philosophy today are faced with a confusing and daunting array of philosophical methods, approaches and styles and also deep divisions such as the notorious rift between analytic and Continental philosophy. This book takes readers through a full range of approaches - analytic versus Continental, scientistic versus humanistic, 'pure' versus applied - enabling them to locate and understand these different ways of doing philosophy. Clearly and accessibly written, it will stimulate reflection on philosophical practice and will be invaluable for students of philosophy and other philosophically inclined readers.","Cambridge University Press",2013-03-07,,,,,,,,,,,,,,,,,,2025-08-22,1
book,"A History of Humanity",Manning,Manning,Manning,Philosophy,9781108747097,1108747094,"Humanity today functions as a gigantic, world-encompassing system. Renowned world historian, Patrick Manning traces how this human system evolved from Homo Sapiens' beginnings over 200,000 years ago right up to the present day. He focuses on three great shifts in the scale of social organization - the rise of syntactical language, of agricultural society, and today's newly global social discourse - and links processes of social evolution to the dynamics of biological and cultural evolution. Throughout each of these shifts, migration and social diversity have been central, and social institutions have existed in a delicate balance, serving not just their own members but undergoing regulation from society. Integrating approaches from world history, environmental studies, biological and cultural evolution, social anthropology, sociology, and evolutionary linguistics, Patrick Manning offers an unprecedented account of the evolution of humans and our complex social system and explores the crises facing that human system today.","Cambridge University Press",2020-02-27,,,,,,,,,,,,,,,,,,2025-08-22,1
book,"Herder: Philosophical Writings",Herder/Forster,Herder/Forster,Herder/Forster,Philosophy,9780521794091,0521794099,"Herder is a figure of considerable importance in the history of philosophy and the history of ideas. His far-reaching influence encompasses philosophy--Hegel, Schleiermacher, Nietzsche, literature--Goethe, Schiller and linguistics--von Humboldt. This volume presents a comprehensive selection of his writings in a new translation, with an introduction that sets them in their philosophical and historical context.","Cambridge University Press",2008-01-12,,,,,,,,,,,,,,,,,,2025-08-22,1
book,"Hamann: Writings on Philosophy and Language","Kenneth Haynes",Kenneth,Haynes,Philosophy,9780521520676,0521520673,"Johann Georg Hamann (1730-88) is a major figure not only in German philosophy but also in literature and religious history. In his own time he wrote penetrating criticisms of Herder, Kant, Mendelssohn, and other Enlightenment thinkers; after his death he was an important figure for Goethe, Hegel, Kierkegaard, and others. It was only in the twentieth century, however, that the full and radical extent of his 'linguistic' critique of philosophy was recognized. This volume presents a translation of a wide selection of his essays, including both famous and lesser-known works. Hamann's enigmatic prose-style was deliberately at odds with Enlightenment assumptions about language, and a full apparatus of annotation explains the numerous allusions in his essays. The volume is completed by a historical and philosophical introduction and suggestions for further reading.","Cambridge University Press",2007-09-06,,,,,,,,,,,,,,,,,,2025-08-22,1
book,"Thinking through the Body","Richard Shusterman",Richard,Shusterman,Philosophy,9781107698505,1107698502,"This book provides a richly rewarding vision of the burgeoning interdisciplinary field of somaesthetics. Composed of fourteen wide-ranging but finely integrated essays by Richard Shusterman, the originator of the field, Thinking through the Body explains the philosophical foundations of somaesthetics and applies its insights to central issues in ethics, education, cultural politics, consciousness studies, sexuality, and the arts. Integrating Western philosophy, cognitive science, and somatic methodologies with classical Asian theories of body, mind, and action, these essays probe the nature of somatic existence and the role of body consciousness in knowledge, memory, and behavior. Deploying somaesthetic perspectives to analyze key aesthetic concepts (such as style and the sublime), he offers detailed studies of embodiment in drama, dance, architecture, and photography. The volume also includes somaesthetic exercises for the classroom and explores the ars erotica as an art of living.","Cambridge University Press",2012-11-08,,,,,,,,,,,,,,,,,,2025-08-22,1
book,"Must We Mean What We Say?","Stanley Cavell",Stanley,Cavell,Philosophy,9781107534230,1107534232,"In this classic collection of wide-ranging and interdisciplinary essays, Stanley Cavell explores a remarkably broad range of philosophical issues from politics and ethics to the arts and philosophy. The essays explore issues as diverse as the opposing approaches of 'analytic' and 'Continental' philosophy, modernism, Wittgenstein, abstract expressionism and Schoenberg, Shakespeare on human needs, the difficulties of authorship, Kierkegaard and post-Enlightenment religion. Presented in a fresh twenty-first century series livery, and including a specially commissioned preface, written by Stephen Mulhall, illuminating its continuing importance and relevance to philosophical enquiry, this influential work is now available for a new generation of readers.","Cambridge University Press",2015-10-15,,,,,,,,,,,,,,,,,,2025-08-22,1
book,"The Cambridge Companion to Renaissance Humanism","Jill Kraye, Kraye Jill",Jill,Kraye,Philosophy,9780521436243,0521436249,"Fourteen original essays providing a comprehensive introduction to Renaissance humanism.","Cambridge University Press",1996-02-23,,,,,320,,,,,,,,,,,,,2025-08-22,1
book,"Foundations of Modern International Thought","David Armitage",David,Armitage,Philosophy,9780521001694,0521001692,"Between the early seventeenth and mid-nineteenth centuries, major European political thinkers first began to look outside their national borders and envisage a world of competitive, equal sovereign states inhabiting an international sphere that ultimately encompassed the whole globe. In this insightful and wide-ranging work, David Armitage - one of the world's leading historians of political thought - traces the genesis of this international turn in intellectual history. Foundations of Modern International Thought combines important methodological essays, which consider the genealogy of globalisation and the parallel histories of empires and oceans, with fresh considerations of leading figures such as Hobbes, Locke, Burke and Bentham in the history of international thought. The culmination of more than a decade's reflection and research on these issues, this book restores the often overlooked international dimensions to intellectual history and recovers the intellectual dimensions of international history.","Cambridge University Press",2012-11-29,,,,,,,,,,,,,,,,,,2025-08-22,1
book,"Opus Postumum","Immanuel Kant, Eckart Förster",Immanuel,Kant,Philosophy,9780521319287,0521319285,"This volume is the first-ever English translation of Kant's last major work, the so-called Opus postumum, a work Kant himself described as his ""chef d'oeuvre"" and as the keystone of his entire philosophical system. It occupied him for more than the last decade of his life. Professor Förster's introduction places the text in the context of Kant's earlier writings and provides a comprehensive account of the remarkable history of the manuscript from Kant's death to its eventual publication in the 1930s. Also included are extensive explanatory notes and a helpful glossary.","Cambridge University Press",1995-02-24,,,,,303,,,,,,,,,,,,,2025-08-22,1
book,"Practical Philosophy","Immanuel Kant",Immanuel,Kant,Philosophy,9780521654081,0521654084,,"Cambridge University Press",1999-06-13,,,,,706,,,,,,,,,,,,,2025-08-22,1
book,"Critique of Pure Reason","Immanuel Kant",Immanuel,Kant,Philosophy,9780521657297,0521657296,"The most accurate and informative English translation ever produced of this epochal philosophical text.","Cambridge University Press",1999-02-28,,,,,800,,,,,,,,,,,,,2025-08-22,1
book,"Kant's Transcendental Idealism","Henry E. Allison",Henry,Allison,Philosophy,9780300102666,0300102666,"This landmark book is now reissued in a new edition that has been vastly rewritten and updated to respond to recent Kantian literature. It includes a new discussion of the Third Analogy, a greatly expanded discussion of Kant's Paralogisms, and entirely new chapters dealing with Kant's theory of reason, his treatment of theology, and the important Appendix to the Dialectic.","Yale University Press",2004-01-01,,,,,537,,,,,,,,,,,,,2025-08-22,1
book,Correspondence,"Arnulf Kant",Arnulf,Kant,Philosophy,9780521037259,0521037255,"This is the most complete English edition of Kant's correspondence that has ever been compiled. The letters are concerned with philosophical and scientific topics but many also treat personal, historical, and cultural matters. On one level the letters chart Kant's philosophical development. On another level they expose quirks and foibles, and reveal a good deal about Kant's friendships and philosophical battles with some of the prominent thinkers of the time: Herder, Hamann, Mendelssohn, and Fichte.","Cambridge University Press",2007-05-07,,,,,,,,,,,,,,,,,,2025-08-22,1
book,"The Metaphysics of Morals (Texts in German Philosophy)",,,,Philosophy,9780521566735,0521566738,,,,,,,,,,,,,,,,,,,,,2025-08-22,1
book,"Kant's Critique of Pure Reason: A Critical Guide","James O'Shea",James,O'Shea,Philosophy,9781107427501,1107427509,"Kant's monumental book the Critique of Pure Reason was arguably the most conceptually revolutionary work in the history of philosophy and its impact continues to be felt throughout philosophical debates today. However, it is a notoriously difficult work whose basic meaning and lasting philosophical significance are both subject to ongoing controversy. In this Critical Guide, an international team of leading Kant scholars addresses the challenges, clarifying Kant's basic terms and arguments, and engaging with the debates that surround this central text. Providing compact explanations along with cutting-edge interpretations of nearly all of the main themes and arguments in Kant's Critique, this volume provides well-balanced arguments on such controversial topics as the interpretation of Kant's transcendental idealism, conceptualism and non-conceptual content in perception, and the soundness of his transcendental arguments. This volume will engage readers of Kant at all levels.","Cambridge University Press",2019-01-03,,,,,,,,,,,,,,,,,,2025-08-22,1
book,"Georg Wilhelm Friedrich Hegel: the Phenomenology of Spirit","Georg Wilhelm Fredrich Hegel, Terry Pinkard (Edited and Translated by), Michael Baur (Edited and Translated by)",Georg,Hegel,Philosophy,9781108730082,1108730086,"Hegel's The Phenomenology of Spirit (1807) is one of the most influential texts in the history of modern philosophy. In it, Hegel proposed an arresting and novel picture of the relation of mind to world and of people to each other. Like Kant before him, Hegel offered up a systematic account of the nature of knowledge, the influence of society and history on claims to knowledge, and the social character of human agency itself. A bold new understanding of what, after Hegel, came to be called 'subjectivity' arose from this work, and it was instrumental in the formation of later philosophies, such as existentialism, Marxism, and American pragmatism, each of which reacted to Hegel's radical claims in different ways. This edition offers a new translation, an introduction, and glossaries to assist readers' understanding of this central text, and will be essential for scholars and students of Hegel.","Cambridge University Press",2019-01-24,,,,,538,,,,,,,,,,,,,2025-08-22,1
book,"Georg Wilhelm Friedrich Hegel: Encyclopedia of the Philosophical Sciences in Basic Outline, Part 1, Science of Logic","Georg Wilhelm Fredrich Hegel, Klaus Brinkmann (Editor), Daniel O. Dahlstrom (Editor)",Georg,Hegel,Philosophy,9781107499690,1107499690,"Hegel's Encyclopaedia Logic constitutes the foundation of the system of philosophy presented in his Encyclopaedia of the Philosophical Sciences. Together with his Science of Logic, it contains the most explicit formulation of his enduringly influential dialectical method and of the categorical system underlying his thought. It offers a more compact presentation of his dialectical method than is found elsewhere, and also incorporates changes that he would have made to the second edition of the Science of Logic if he had lived to do so. This volume presents it in a new translation with a helpful introduction and notes. It will be a valuable reference work for scholars and students of Hegel and German idealism, as well as for those who are interested in the post-Hegelian character of contemporary philosophy.","Cambridge University Press",2015-02-12,,,,,380,,,,,,,,,,,,,2025-08-22,1
book,"Georg Wilhelm Friedrich Hegel: the Science of Logic","Georg Wilhelm Fredrich Hegel, George Di Giovanni (Edited and Translated by)",Georg,Hegel,Philosophy,9781107499638,1107499631,"This translation of The Science of Logic (also known as 'Greater Logic') includes the revised Book I (1832), Book II (1813) and Book III (1816). Recent research has given us a detailed picture of the process that led Hegel to his final conception of the System and of the place of the Logic within it. We now understand how and why Hegel distanced himself from Schelling, how radical this break with his early mentor was, and to what extent it entailed a return (but with a difference) to Fichte and Kant. In the introduction to the volume, George Di Giovanni presents in synoptic form the results of recent scholarship on the subject, and, while recognizing the fault lines in Hegel's System that allow opposite interpretations, argues that the Logic marks the end of classical metaphysics. The translation is accompanied by a full apparatus of historical and explanatory notes.","Cambridge University Press",2015-02-12,,,,,866,,,,,,,,,,,,,2025-08-22,1
book,"Georg Wilhelm Friedrich Hegel: Heidelberg Writings: Journal Publications","Georg Wilhelm Fredrich Hegel",Georg,Hegel,Philosophy,9781107499706,1107499704,,"Cambridge University Press",2015-03-26,,,,,200,,,,,,,,,,,,,2025-08-22,1
book,Hegel,"Charles Taylor",Charles,Taylor,Philosophy,9780521291996,0521291992,"A major and comprehensive study of the philosophy of Hegel, his place in the history of ideas, and his continuing relevance and importance. Professor Taylor relates Hegel to the earlier history of philosophy and, more particularly, to the central intellectual and spiritual issues of his own time. He sees these in terms of a pervasive tension between the evolving ideals of individuality and self-realization on the one hand, and on the other a deeply-felt need to find significance in a wider community. Charles Taylor engages with Hegel sympathetically, on Hegel's own terms and, as the the subject demands, in detail. We are made to grasp the interconnections of the system without being overwhelmed or overawed by its technicality. We are shown its importance and its limitations, and are enabled to stand back from it.","Cambridge University Press",1977-05-12,,,,,596,,,,,,,,,,,,,2025-08-22,1
book,"Hegel and Modern Society","Charles Taylor",Charles,Taylor,Philosophy,9781107534261,1107534267,"This rich study explores the elements of Hegel's social and political thought that are most relevant to our society today. Combating the prevailing post-World War II stereotype of Hegel as a proto-fascist, Charles Taylor argues that Hegel aimed not to deny the rights of individuality but to synthesise them with the intrinsic good of community membership. Hegel's goal of a society of free individuals whose social activity is expressive of who they are seems an even more distant goal now, and Taylor's discussion has renewed relevance for our increasingly globalised and industrialised society. This classic work is presented in a fresh series livery for the twenty-first century with a specially commissioned new preface written by Frederick Neuhouser.","Cambridge University Press",2015-10-06,,,,,192,,,,,,,,,,,,,2025-08-22,1
book,"The Encyclopaedia Logic","Georg Wilhelm Friedrich Hegel, T. F. Geraets (Introduction by, Translator), H. S. Harris (Editor, Translator), W. A. Suchting (Translator)",Georg,Hegel,Philosophy,9780872200708,0872200701,"The appearance of this translation is a major event in English-language Hegel studies, for it is more than simply a replacement for Wallace's translation cum paraphrase. Hegel's Prefaces to each of the three editions of the Enzyklopädie are translated for the first time into English. There is a very detailed Introduction translating Hegel's German, which serves not only as a guide to the translator's usage but also to Hegel's. Also included are a detailed bilingual annotated glossary, very extensive bibliographic and interpretive notes to Hegel's text (28 pp.), an Index of References for works cited in the notes, a select Bibliography of recent works on Hegel's logic, and a detailed Index (16 pp.). The translation is guided by the (correct) principle that rendering Hegel's logical thought clearly and consistently requires rendering his technical terms logically. . . . This ought immediately to become the standard translation of this important work. --Kenneth R. Westphal, in Review of Metaphysics","Hackett Publishing Company, Incorporated",1991-10-15,,,,,432,,,,,,,,,,,,,2025-08-22,1
book,"The Philosophy of History","George W. F. Hegel, J. Sibree (Translator)",George,Hegel,Philosophy,9780879756314,0879756314,"Hegel's Philosophy of History stands as a fascinating example of this influential German thinker's efforts to capture the multidimensional character of reality within a broad theoretical framework. Hegel draws upon many of his well-known concepts - Mind, Spirit, dialectical method (thesis-negation-synthesis), the relation of the whole to its parts, and how rational human beings relate to that which transcends their individuality. History is the evolution of freedom as societies and cultures acquire a greater awareness of, and appreciation for, the interaction of individuals with the rational goals and purposes of the greater whole, and how rationality emerges, evolves, and develops through the dynamic relationship of each individual citizen's will with that of the community at large. Hegel first focuses on the various ways in which history can be comprehended and then turns his attention to the Oriental, Greek, Roman, and German worlds to demonstrate how the human community dialectically evolves through these various historical periods, with each disclosing its own facet of the will that frees citizens to grasp their special place in society.","Prometheus Books, Publishers",1989-02-01,,,,,467,,,,,,,,,,,,,2025-08-22,1
book,"Hegel's Science of Logic","Georg Wilhelm Friedrich Hegel, A. V. Miller (Translator)",Georg,Hegel,Philosophy,9780391036017,0391036017,"Most of the major schools of contemporary philosophy, from Marxism to Existentialism, are reactions to Hegelianism and all, if they are to be understood, require some understanding of Hegel's Science of Logic.",BRILL,1998-01-01,,,,,840,,,,,,,,,,,,,2025-08-22,1
book,"The Trouble with Confucianism","Wm. Theodore de Bary",Wm.,Bary,Philosophy,9780674910164,0674910168,"In Singapore, Korea, Taiwan, Japan, and other parts of East and Southeast Asia, as well as China, people are asking, ""What does Confucianism have to offer today?"" For some, Confucius is still the symbol of a reactionary and repressive past; for others, he is the humanist admired by generations of scholars and thinkers, East and West, for his ethical system and discipline. In the face of such complications, only a scholar of Theodore de Bary's stature could venture broad answers to the question of the significance of Confucianism in today's world.","Harvard University Press",1996-02-01,,,,,,,,,,,,,,,,,,2025-08-22,1
book,"Quasi una Fantasia","Theodor W. Adorno",Theodor,Adorno,Philosophy,9781859841594,1859841597,"Quasi una Fantasia contains Adorno's own selection from his essays and journalism over more than three decades. In its analytical profundity it can be compared to his Philosophy of Modern Music, but in the range of its topics and the clarity of its arguments it stands alone among Adorno's writings on music. At the book's core are illuminating studies of the founders of modern music: Mahler, Schoenberg and Berg, as well as sympathetic rediscoveries of Alexander Zemlinsky and Franz Schreker. Especially significant is Adorno's ""dialectical portrait"" of Stravinsky in which he both reconsiders and refines the damning indictment he gave in Philosophy on Modern Music. In 'Vers une musique informelle', an influential essay, he plots a course for a music of the future 'which takes up the challenge of an unrevised, unrestricted freedom'. More unexpectedly, there are moving accounts of earlier works, including Bizet's Carmen and Weber's Der Freischutz, along with an entertainingly caustic ""Natural History of the Theatre."" Which explores the hierarchies of the auditorium, from upper circle to foyer. 'The positive element of kitsch', Adorno remarks, 'lies in the fact that it sets free for a moment the glimmering realization that you have wasted your life.' Musical kitsch is the target of several of the shorter pieces: on Gounod's Ave Maria or Tchaikovsky's 'clumsy naivety'; on the 'Penny Serenade' of the transformation of Mozart into chocolate-box rococo. Yet even while Adorno demolishes 'commodity music' he is sustained by the conviction that music is supremely human because it retains the capacity to speak of inhumanity and to resist it. It is a conviction which reverberates throughout these writings. For Adorno, music and philosophy were inextricably linked: Quasi una Fantasia will enlarge our understanding of both.",Verso,1997-09-01,,,,,336,,,,,,,,,,,,,2025-08-22,1
book,"Can One Live after Auschwitz?: A Philosophical Reader","Theodor Adorno",Theodor,Adorno,Philosophy,9780804731447,0804731446,"What took place in Auschwitz revokes what Adorno termed the Western legacy of positivity"", the innermost substance of traditional philosophy. The prime task of philosophy then remains to reflect on its own failure, its own complicity in such events. Yet in linking the question of philosophy to historical occurrence, Adorno seems not to have abandoned his paradoxical hope that philosophy might not be entirely closed to the idea of redemption. He prepares for an altogether different praxis, one no longer conceived in traditionally Marxist terms but rather to be gleaned from ""metaphysical experience"". This text anatomizes the range of Adorno's concerns, including sections such as ""Art, Memory of Suffering"", ""Damaged Life"", ""Administered World, Reified Thought"", ""Toward a New Categorical Imperative"", and ""A Philosophy That Keeps Itself Alive"". (Publisher)","Stanford University Press",2003-05-28,,,,,560,,,,,,,,,,,,,2025-08-22,1
book,"Aesthetic Theory","Theodor W. Adorno",Theodor,Adorno,Philosophy,9780710209900,0710209908,,"Routledge, Chapman & Hall, Incorporated",1986-01-01,,,,,536,,,,,,,,,,,,,2025-08-22,1
book,"The Melancholy Science","Gillian Rose",Gillian,Rose,Philosophy,9781781681527,178168152X,"The Melancholy Science is Gillian Rose's investigation into Theodor Adorno's work and legacy. Rose uncovers the unity discernable among the many fragments of Adorno's oeuvre, and argues that his influence has been to turn Marxism into a search for style. The attempts of Adorno, Luk#65533;cs and Benjamin to develop a Marxist theory of culture centred on the concept of reification are contrasted, and the ways in which the concept of reification has come to be misused are exposed. Adorno's continuation for his own time of the Marxist critique of philosophy is traced through his writings on Hegel, Kierkegaard, Husserl and Heidegger. His opposition to the separation of philosophy and sociology is shown by examination of his critique of Durkheim and Weber, and of his contributions to the dispute over positivism, his critique of empirical social research and his own empirical sociology. Gillian Rose shows Adorno's most important contribution to be his founding of a Marxist aesthetic that offers a sociology of culture, as demonstrated in his essays on Kafka, Mann, Beckett, Brecht and Sch#65533;nberg. Finally, Adorno's 'Melancholy Science' is revealed to offer a 'sociology of illusion' that rivals both structural Marxism and phenomenological sociology as well as the subsequent work of the Frankfurt School.","Verso Books",2014-01-07,,,,,212,,,,,,,,,,,,,2025-08-22,1
book,"Formations of the Secular: Christianity, Islam, Modernity","Talal Asad",Talal,Asad,Philosophy,9780804747684,0804747687,,"Stanford University Press",2003-02-03,,,,,280,,,,,,,,,,,,,2025-08-22,1
book,"How to Do Things with Words: Second Edition","J. L. Austin",J.,Austin,Philosophy,9780674411524,0674411528,"Second Edition","Harvard University Press",1975-01-01,,,,,192,,,,,,,,,,,,,2025-08-22,1
book,"Being and Time","Martin Heidegger",Martin,Heidegger,Philosophy,9781438432762,1438432763,"Martin Heidegger paved the road trod on by the existentialists with the 1927 publication of Being and Time. His encyclopedic knowledge of philosophy from ancient to modern times led him to rethink the most basic concepts underlying our thinking about ourselves. Emphasizing the ""sense of being"" (dasein) over other interpretations of conscious existence, he argued that specific and concrete ideas form the bases of our perceptions, and that thinking about abstractions leads to confusion at best. Thus, for example, ""time"" is only meaningful as it is experienced: the time it takes to drive to work, eat lunch, or read a book is real to us; the concept of ""time"" is not.   Unfortunately, his writing is difficult to follow, even for the dedicated student. Heidegger is best read in German: his neologisms and other wordplay strain the talents of even the best translators. Still, his thoughts about authentic being and his turning the philosophical ground inspired many of the greatest thinkers of the mid 20th century, from Sartre to Derrida. Unfortunately, political and other considerations forced Heidegger to leave Being and Time unfinished; we can only wonder what might have been otherwise. --Rob Lightner","State Univ of New York Pr",2010-07-01,,,,,482,,,,,,,,,,,,,2025-08-22,1
book,"Being-in-the-World: A Commentary on Heidegger's Being in Time, Division I.","Hubert L. Dreyfus",Hubert,Dreyfus,Philosophy,9780262540568,0262540568,"Being-in-the-World is a guide to one of the most influential philosophical works of this century: Division I of Part One of Being and Time, where Martin Heidegger works out an original and powerful account of being-in-the-world which he then uses to ground a profound critique of traditional ontology and epistemology. Hubert Dreyfus's commentary opens the way for a new appreciation of this difficult philosopher, revealing a rigorous and illuminating vocabulary that is indispensable for talking about the phenomenon of world. The publication of Being and Time in 1927 turned the academic world on its head. Since then it has become a touchstone for philosophers as diverse as Marcuse, Sartre, Foucault, and Derrida who seek an alternative to the rationalist Cartesian tradition of western philosophy. But Heidegger's text is notoriously dense, and his language seems to consist of unnecessarily barbaric neologisms; to the neophyte and even to those schooled in Heidegger thought, the result is often incomprehensible. Dreyfus's approach to this daunting book is straightforward and pragmatic. He explains the text by frequent examples drawn from everyday life, and he skillfully relates Heidegger's ideas to the questions about being and mind that have preoccupied a generation of cognitive scientists and philosophers of mind.","A Bradford Book",1990-12-14,,,,,384,,,,,,,,,,,,,2025-08-22,1
book,"Heidegger's Being and Time","Richard F. H. Polt",Richard,Polt,Philosophy,9780742542419,0742542416,"Heidegger's Being and Time: Critical Essays provides a variety of recent studies of Heidegger's most important work. Twelve prominent scholars, representing diverse nationalities, generations, and interpretive approaches deal with general methodological and ontological questions, particular issues in Heidegger's text, and the relation between Being and Time and Heidegger's later thought. All of the essays presented in this volume were never before available in an English-language anthology. Two of the essays have never before been published in any language (Dreyfus and Guignon); three of the essays have never been published in English before (Grondin, Kisiel, and ThomS), and two of the essays provide previews of works in progress by major scholars (Dreyfus and Kisiel).","Rowman & Littlefield",2005-01-01,,,,,247,,,,,,,,,,,,,2025-08-22,1
book,"A Companion to Heidegger","Mark A. Wrathall (Editor), Hubert L. Dreyfus",Mark,(Editor),Philosophy,9781405163668,1405163666,"The Blackwell Companion to Heidegger is a complete guide to the work and thought of Martin Heidegger, one of the most influential philosophers of the twentieth century. Considers the most important elements of Heidegger?s intellectual biography, including his notorious involvement with National Socialism Provides a systematic and comprehensive exploration of Heidegger?s work One of the few books on Heidegger to cover his later work as well as Being and Time Includes key critical responses to Heidegger?s philosophy Contributors include many of the leading interpreters of, and commentators on, the work of Heidegger","John Wiley & Sons, Incorporated",2007-10-08,,,,,560,,,,,,,,,,,,,2025-08-22,1
book,"Heidegger and the Greeks: Interpretive Essays",,,,Philosophy,9780253218698,0253218691,,"Indiana University Press",2006-08-10,,,,,208,,,,,,,,,,,,,2025-08-22,1
book,Pathmarks,"Martin Heidegger",Martin,Heidegger,Philosophy,9780521439688,052143968X,"This is the first time that a seminal collection of fourteen essays by Martin Heidegger (originally published in German under the title Wegmarken) has appeared in English in its complete form. The volume includes new or first-time translations of seven essays, and thoroughly revised, updated versions of the other seven. They will prove an essential resource for all students of Heidegger, whether they work in philosophy, literary theory, religious studies or intellectual history.","Cambridge University Press",2010-06-14,,,,,,,,,,,,,,,,,,2025-08-22,1
book,"Wittgenstein's Place in Twentieth-Century Analytic Philosophy","P. M. S. Hacker",P.,Hacker,Philosophy,9780631200994,0631200991,"This text provides a unique and compelling account of Wittgenstein's impact upon twentieth century analytic philosophy, from its inception to its subsequent decline.",Wiley-Blackwell,1996-11-06,,,,,,,,,,,,,,,,,,2025-08-22,1
book,"The Routledge Guidebook to Wittgenstein's Philosophical Investigations","Marie McGinn",Marie,McGinn,Philosophy,9780415452564,0415452562,"Wittgenstein is one of the most important and influential twentieth-century philosophers in the western tradition. In his Philosophical Investigations he undertakes a radical critique of analytical philosophy's approach to both the philosophy of language and the philosophy of mind. The Routledge Guidebook to Wittgenstein's Philosophical Investigations introduces and assesses:Wittgenstein's lifeThe principal ideas of the Philosophical InvestigationsSome of the principal disputes concerning the interpretation of his workWittgenstein's philosophical method and its connection with the form of the text.With further reading included throughout, this guidebook is essential reading for all students of philosophy, and all those wishing to get to grips with this masterpiece.",Routledge,2013-01-31,,,,,,,,,,,,,,,,,,2025-08-22,1
book,"Philosophical Investigations: The German Text, with a Revised English Translation 50th Anniversary Commemorative Edition","Ludwig Wittgenstein",Ludwig,Wittgenstein,Philosophy,9780631231271,0631231277,,Wiley-Blackwell,1991-01-16,,,,,464,,,,,,,,,,,,,2025-08-22,1
book,"Tractatus Logico-Philosophicus: A New Translation","Ludwig Wittgenstein, Damion Searls",Ludwig,Wittgenstein,Philosophy,9781324092438,1324092432,"More than a century after its composition, Tractatus Logico-Philosophicus—Wittgenstein’s first masterwork, and the only book he published during his lifetime—endures as the definitive modern text on what logic can and cannot do. Since its first English-language publication in 1922, this profoundly enigmatic work has inspired philosophers and non-philosophers alike. Consisting of 525 hierarchically numbered statements, each one “self-evident,” Tractatus Logico-Philosophicus is imbued, as translator Damion Searls writes, with the kind of cryptic grandeur and awe-inspiring opacity we might expect—might want—from such an iconic philosopher. Yet earlier translations, in their efforts to excessively copy German phrasing and syntax, range from stilted, even redolently Victorian, to downright impenetrable.With this new translation and insightful introduction on the language of the book, Searls finally does justice to Wittgenstein’s masterpiece, capturing the fluid and forceful prose of the original without sacrificing any of its philosophical rigor. Indeed, in freeing the translation from the grip of the German language—revisiting, especially, the nouns and impersonal verbs that don’t convey in English the precision and intensity of the German—Searls renders Wittgenstein’s philosophy clearer and more accessible than ever before.Featuring a preface by eminent Wittgenstein scholar Marjorie Perloff, this bilingual, facing-page edition promises to become the standard for generations to come.",Liveright,2024-02-20,,,,,,,,,,,,,,,,,,2025-08-22,1
book,"Crossover Queries: Dwelling with Negatives, Embodying Philosophy's Others","Edith Wyschogrod",Edith,Wyschogrod,Philosophy,9780823226078,0823226077,"Exploring the risks, ambiguities, and unstable conceptual worlds of contemporary thought, Crossover Queries brings together the wide-ranging writings, across twenty years, of one of our most important philosophers.Ranging from twentieth-century European philosophy―the thought of Heidegger, Foucault, Derrida, Levinas, Janicaud, and others―to novels and artworks, music and dance, from traditional Jewish thought to Jain andBuddhist metaphysics, Wyschogrod’s work opens radically new vistas while remaining mindful that the philosopher stands within and is responsible to a philosophical legacy conditioned by the negative.Rather than point to a Hegelian dialectic of overcoming negation or to a postmetaphysical exhaustion, Wyschogrod treats negative moments as opening novel spaces for thought. She probes both the desire for God and an ethics grounded in the interests of the other person, seeing these as moments both of crossing over and of negation. Alert to the catastrophes that have marked our times, she exposes the underlying logical structures of nihilatory forces that have been exerted to exterminate whole peoples. Analyzing the negationsof biological research and cultural images of mechanized and robotic bodies, she shows how they contest the body as lived in ordinary experience.“Crossover Queries brings together important essays on a remarkable range of topics by one of our most insightful cultural critics. Commenting on philosophical and theological issues that have shaped the recent past as well as scientific and technological questions that will preoccupy us in the near future, Wyschogrod consistently alerts us to the urgency of problems whose importance few recognize. To avoid the challenge these essays pose is to avoid responsibility for a future that appears to be increasingly fragile.”―Mark C. Taylor, Columbia University","Fordham University Press",2006-06-15,,,,,,,,,,,,,,,,,,2025-08-22,1
book,"A Secular Age","Charles Taylor",Charles,Taylor,Philosophy,9780674026766,0674026764,,"Belknap Press",2007-09-20,,,,,896,,,,,,,,,,,,,2025-08-22,1
book,"Cosmic Connections","Charles Taylor",Charles,Taylor,Philosophy,9780674296084,0674296087,"A major new work by Charles Taylor: the long-awaited follow-up to The Language Animal, exploring the Romantic poetics central to his theory of language. The Language Animal, Charles Taylor's 2016 account of human linguistic capacity, was a revelation, toppling scholarly conventions and illuminating our most fundamental selves. But, as Taylor noted in that work, there was much more to be said. Cosmic Connections continues Taylor's exploration of Romantic and post-Romantic responses to disenchantment and innovations in language. Reacting to the fall of cosmic orders that were at once metaphysical and moral, the Romantics used the symbols and music of poetry to recover contact with reality beyond fragmented existence. They sought to overcome disenchantment and groped toward a new meaning of life. Their accomplishments have been extended by post-Romantic generations into the present day. Taylor's magisterial work takes us from Hölderlin, Novalis, Keats, and Shelley to Hopkins, Rilke, Baudelaire, and Mallarmé, and on to Eliot, Miłosz, and beyond. In seeking deeper understanding and a different orientation to life, the language of poetry is not merely a pleasurable presentation of doctrines already elaborated elsewhere. Rather, Taylor insists, poetry persuades us through the experience of connection. The resulting conviction is very different from that gained through the force of argument. By its very nature, poetry's reasoning will often be incomplete, tentative, and enigmatic. But at the same time, its insight is too moving-too obviously true-to be ignored.","Harvard University Press",2024-05-21,,,,,640,,,,,,,,,,,,,2025-08-22,1
book,"Sources of the Self: The Making of the Modern Identity","Charles Taylor",Charles,Taylor,Philosophy,9780674824263,0674824261,"The Making of the Modern Identity","Harvard University Press",1992-03-01,,,,,624,,,,,,,,,,,,,2025-08-22,1
book,"The Discourses and Other Early Political Writings","Jean-Jacques Rousseau, Victor Gourevitch (Editor, Translator), Raymond Geuss (Contribution by), Quentin Skinner (Contribution by)",Jean-Jacques,Rousseau,Philosophy,9780521413817,0521413818,"The work of Jean-Jacques Rousseau is presented in two volumes, together forming a comprehensive anthology of Rousseau's political writings in English. This second volume contains the earlier writings such as the First and Second Discourses, the publication of which signalled the power and challenge of Rousseau's thinking. Rousseau's influence was wide reaching and has continued to grow since his death: major landmarks in world history, such as the American and French Revolutions, were profoundly affected by Rousseau's writing, as were cultural and intellectual movements such as Romanticism and Idealism. This volume, like its successor, contains a comprehensive introduction, chronology and guide to further reading and will enable students to obtain a full understanding of the writings of one of the world's greatest thinkers.","Cambridge University Press",1997-07-13,,,,,498,,,,,,,,,,,,,2025-08-22,1
book,"The Oxford Handbook of Names and Naming",,,,Philosophy,9780198815532,978019881553,,"Oxford University Press",2018-01-10,,,,,810,,,,,,,,,,,,,2025-08-22,1
book,"The Oxford Handbook of Biblical Narrative","Danna Fewell",Danna,Fewell,Philosophy,9780190915766,0190915765,"Comprised of contributions from scholars across the globe, The Oxford Handbook of Biblical Narrative is a state-of-the-art anthology, offering critical treatments of both the Bible's narratives and topics related to the Bible's narrative constructions. The Handbook covers the Bible's narrative literature, from Genesis to Revelation, providing concise overviews of literary-critical scholarship as well as innovative readings of individual narratives informed by a variety of methodological approaches and theoretical frameworks. The volume as a whole combines literary sensitivities with the traditional historical and sociological questions of biblical criticism and puts biblical studies into intentional conversation with other disciplines in the humanities. It reframes biblical literature in a way that highlights its aesthetic characteristics, its ethical and religious appeal, its organic qualities as communal literature, its witness to various forms of social and political negotiation, and its uncanny power to affect readers and hearers across disparate time-frames and global communities.","Oxford University Press",2018-10-10,,,,,,,,,,,,,,,,,,2025-08-22,1
book,"The Oxford Handbook of Philosophy of Time","Craig Callender",Craig,Callender,Philosophy,9780199679553,019967955X,"As the study of time has flourished in the physical and human sciences, the philosophy of time has come into its own as a lively and diverse area of academic research. Philosophers investigate not just the metaphysics of time, and our experience and representation of time, but the role of time in ethics and action, and philosophical issues in the sciences of time, especially with regard to quantum mechanics and relativity theory. This Handbook presents twenty-three specially written essays by leading figures in their fields: it is the first comprehensive collaborative study of the philosophy of time, and will set the agenda for future work.","Oxford University Press",2013-09-11,,,,,,,,,,,,,,,,,,2025-08-22,1
book,"The Oxford Handbook of Philosophy of Cognitive Science","Eric Margolis, Richard Samuels, Stephen P. Stich",Eric,Margolis,Philosophy,9780190846213,0190846216,"The philosophy of cognitive science is concerned with fundamental philosophical and theoretical questions connected to the sciences of the mind. How does the brain give rise to conscious experience? Does speaking a language change how we think? Is a genuinely intelligent computer possible? What features of the mind are innate? Advances in cognitive science have given philosophers important tools for addressing these sorts of questions; and cognitive scientists have, in turn, found themselves drawing upon insights from philosophy - insights that have often taken their research in novel directions. The Oxford Handbook of Philosophy of Cognitive Science brings together twenty-one newly commissioned chapters by leading researchers in this rich and fast-growing area of philosophy. It is an indispensible resource for anyone who seeks to understand the implications of cognitive science for philosophy, and the role of philosophy within cognitive science.","Oxford University Press",2017-08-01,,,,,,,,,,,,,,,,,,2025-08-22,1
book,"The Oxford Handbook of Language and Society","Ofelia García, Nelson Flores, Massimiliano Spotti",Ofelia,García,Philosophy,9780197537510,0197537510,"This Oxford Handbook challenges basic concepts that have informed the study of sociolinguistics since its inception in the 1960s. In 27 chapters, the book challenges the modernist positivist perspective of the field that has treated languages and speech communities as bounded and the idealized native speaker as the ultimate authority. Instead, it offers a critical poststructuralist perspective that examines the socio-historical context that led to the emergence of dominant sociolinguistic concepts and develops new theoretical and methodological tools that challenge these dominant concepts. The contributors to this volume take this critical poststructuralist perspective as a starting point for engaging in explorations of a range of sociolinguistic topics including language variation, language ideologies, bi/multilingualism, language policy, linguistic landscapes and multimodality. Each of the contributors provides a critical overview of the limits of modernist positivist perspectives on their topic and offer ways of theorizing and researching their topic in ways that are aligned with a critical poststructuralist perspective. The book also provides a global perspective on these issues with contributors focused on North and South America, Europe, Australia, and Africa. Together, the interdisciplinary and global contributions reveal the limits of conventional approaches to sociolinguistics and offer a glimpse into directions for the future of the field.","Oxford University Press",2020-12-15,,,,,,,,,,,,,,,,,,2025-08-22,1
book,"Reassembling the Social: An Introduction to Actor-Network-Theory","Bruno Latour",Bruno,Latour,Philosophy,9780199256051,0199256055,,"Oxford University Press",2007-09-12,,,,,328,,,,,,,,,,,,,2025-08-22,1
book,"The Oxford Handbook of World Philosophy","Jay L. Garfield, William Edelglass",Jay,Garfield,Philosophy,9780199351954,0199351953,"The Oxford Handbook of World Philosophy provides the advanced student or scholar a set of introductions to each of the world's major non-European philosophical traditions. It offers the non-specialist a way in to unfamiliar philosophical texts and methods and the opportunity to explore non-European philosophical terrain and to connect her work in one tradition to philosophical ideas or texts from another. Sections on Chinese Philosophy, Indian Philosophy, Buddhist Philosophy, East Asian Philosophy, African Philosophy, and Recent Trends in Global Philosophy are each edited by an expert in the field. Each section includes a general introduction and a set of authoritative articles written by leading scholars, designed to provide the non-specialist a broad overview of a major topic or figure. This volume is an invaluable aid to those who would like to pursue philosophy in a global context, and to those who are committed to moving beyond Eurocentrism in academic philosophy.","Oxford University Press",2014-01-14,,,,,,,,,,,,,,,,,,2025-08-22,1
book,"The Oxford Handbook of Medieval Christianity","John H. Arnold",John,Arnold,Philosophy,9780198811176,0198811179,"The Oxford Handbook of Medieval Christianity takes as its subject the beliefs, practices, and institutions of the Christian Church between 400 and 1500 AD. It addresses topics ranging from early medieval monasticism to late medieval mysticism, from the material wealth of the Church to the spiritual exercises through which certain believers might attempt to improve their souls. Each chapter tells a story, but seeks also to ask how and why ""Christianity"" took particular forms at particular moments in history, paying attention to both the spiritual and otherwordly aspects of religion, and the material and political contexts in which they were often embedded. This Handbook is a landmark academic collection that presents cutting-edge interpretive perspectives on medieval religion for a wide academic audience, drawing together thirty key scholars in the field from the United States, the UK, and Europe. Notably, the Handbook is arranged thematically, and focusses on an analytical, rather than narrative, approach, seeking to demonstrate the variety, change, and complexity of religion throughout this long period, and the numerous different ways in which modern scholarship can approach it. While providing a very wide-ranging view of the subject, it also offers an important agenda for further study in the field.","Oxford University Press",2017-06-26,,,,,,,,,,,,,,,,,,2025-08-22,1
book,"The Oxford Handbook of Hegel","Dean Moyar",Dean,Moyar,Philosophy,9780197671757,0197671756,"The Oxford Handbook of Hegel is a comprehensive guide to Hegel's philosophy, from his first published writings to his final lectures. There are six chapters each on the Phenomenology of Spirit and The Science of Logic, in depth analyses of the Encyclopedia and essays on the major parts of the Philosophy of Right. Several chapters cover the many newly edited lecture series from the 1820s, bringing new clarity to Hegel's conception of aesthetics, the philosophy of religion, and the history of philosophy. The concluding part focuses on Hegel's legacy, from his role in the formation of Marx's philosophy to his importance for contemporary liberal political philosophy. The Handbook includes many essays from younger scholars who have brought new perspectives and rigor to the study of Hegel's thought. The essays are marked by close engagement with Hegel's difficult texts and by a concern to highlight the ongoing systematic importance of Hegel's philosophy.","Oxford University Press",2022-11-28,,,,,,,,,,,,,,,,,,2025-08-22,1
book,"The Oxford Handbook of Philosophy of Physics","Robert W. Batterman",Robert,Batterman,Philosophy,9780190855185,0190855185,"This Oxford Handbook provides an overview of many of the topics that currently engage philosophers of physics. It surveys new issues and the problems that have become a focus of attention in recent years. It also provides up-to-date discussions of the still very important problems that dominated the field in the past. In the late 20th Century, the philosophy of physics was largely focused on orthodox Quantum Mechanics and Relativity Theory. The measurement problem, the question of the possibility of hidden variables, and the nature of quantum locality dominated the literature on the quantum mechanics, whereas questions about relationalism vs. substantivalism, and issues about underdetermination of theories dominated the literature on spacetime. These issues still receive considerable attention from philosophers, but many have shifted their attentions to other questions related to quantum mechanics and to spacetime theories. Quantum field theory has become a major focus, particularly from the point of view of algebraic foundations. Concurrent with these trends, there has been a focus on understanding gauge invariance and symmetries. The philosophy of physics has evolved even further in recent years with attention being paid to theories that, for the most part, were largely ignored in the past. For example, the relationship between thermodynamics and statistical mechanics - once thought to be a paradigm instance of unproblematic theory reduction - is now a hotly debated topic. The implicit, and sometimes explicit, reductionist methodology of both philosophers and physicists has been severely criticized and attention has now turned to the explanatory and descriptive roles of ""non-fundamental,'' phenomenological theories. This shift of attention includes ""old'' theories such as classical mechanics, once deemed to be of little philosophical interest. Furthermore, some philosophers have become more interested in ""less fundamental'' contemporary physics such as condensed matter theory. Questions abound with implications for the nature of models, idealizations, and explanation in physics. This Handbook showcases all these aspects of this complex and dynamic discipline.","Oxford University Press",2017-08-15,,,,,,,,,,,,,,,,,,2025-08-22,1
book,"The Oxford Handbook of Philosophy of Death","Fred Feldman, Jens Johansson",Fred,Feldman,Philosophy,9780190271459,0190271450,"Death has long been a pre-occupation of philosophers, and this is especially so today. The Oxford Handbook of Philosophy of Death collects 21 newly commissioned essays that cover current philosophical thinking of death-related topics across the entire range of the discipline. These include metaphysical topics--such as the nature of death, the possibility of an afterlife, the nature of persons, and how our thinking about time affects what we think about death--as well as axiological topics, such as whether death is bad for its victim, what makes it bad to die, what attitude it is fitting to take towards death, the possibility of posthumous harm, and the desirability of immortality. The contributors also explore the views of ancient philosophers such as Aristotle, Plato and Epicurus on topics related to the philosophy of death, and questions in normative ethics, such as what makes killing wrong when it is wrong, and whether it is wrong to kill fetuses, non-human animals, combatants in war, and convicted murderers. With chapters written by a wide range of experts in metaphysics, ethics, and conceptual analysis, and designed to give the reader a comprehensive view of recent developments in the philosophical study of death, this Handbook will appeal to a broad audience in philosophy, particularly in ethics and metaphysics.","Oxford University Press",2015-09-01,,,,,528,,,,,,,,,,,,,2025-08-22,1
book,"The Oxford Handbook of Philosophy and Race","Naomi Zack",Naomi,Zack,Philosophy,9780190933395,0190933399,"The Oxford Handbook of Philosophy and Race provides up-to-date explanation and analyses by leading scholars of contemporary issues in African American philosophy and philosophy of race. These original essays encompass the major topics and approaches in this emerging philosophical subfield that supports demographic inclusion and diversity while at the same time strengthening the conceptual arsenal of social and political philosophy. Over the course of the volume's ten topic-based sections, ideas about race held by Locke, Hume, Kant, Hegel, and Nietzsche are supplemented by suppressed thought from the African diaspora, early twentieth-century African American perspectives and Native-, Asian-, and Latin-, American views. The contributors bring philosophical analysis to bear on the status of racial divisions as categories of humanity in the biological sciences, as well as within contemporary criticism and conceptual analysis. Essays present the special applications of American philosophy and continental philosophy to ideas of race as methodological alternatives to more analytic approaches. As a collection of analyses and assessments of ""race"" in the real world, the volume pays trenchant and relevant attention to historical and contemporary racism and what it means to say that ""race"" and racial identities are socially constructed. The essays analyze contemporary social issues including the importance of racial difference and identity in education, public health, medicine, IQ and other standardized tests, and sports. Additionally, the essays consider the societal limitations and structures provided by public policy and law. As a critical theory, the volume compares the study of race to feminism. Historical and contemporary, academic and popular, racisms pertaining to male and female gender receive special consideration throughout the volume. While this comprehensive collection may have the effect of a textbook, each of the original essays is a fresh and authentic development of important present thought.","Oxford University Press",2019-01-15,,,,,,,,,,,,,,,,,,2025-08-22,1
book,"The Oxford Handbook of the History of Physics","Jed Z. Buchwald, Robert Fox",Jed,Buchwald,Philosophy,9780198805328,0198805322,"The Oxford Handbook of the History of Physics brings together cutting-edge writing by more than twenty leading authorities on the history of physics from the seventeenth century to the present day. By presenting a wide diversity of studies in a single volume, it provides authoritative introductions to scholarly contributions that have tended to be dispersed in journals and books not easily accessible to the general reader. While the core thread remains the theories and experimental practices of physics, the Handbook contains chapters on other dimensions that have their place in any rounded history. These include the role of lecturing and textbooks in the communication of knowledge, the contribution of instrument-makers and instrument-making companies in providing for the needs of both research and lecture demonstrations, and the growing importance of the many interfaces between academic physics, industry, and the military.","Oxford University Press",2017-07-05,,,,,,,,,,,,,,,,,,2025-08-22,1
book,"The Oxford Handbook of Political Psychology",,,,Philosophy,9780199760107,0199760101,,"Oxford University Press",2013-08-21,,,,,1008,,,,,,,,,,,,,2025-08-22,1
book,"The Oxford Handbook of Philosophy of Religion","William J. Wainwright",William,Wainwright,Philosophy,9780195138092,0195138090,"The philosophy of religion as a distinct discipline is an innovation of the last two hundred years, but its central topics--the existence and nature of the divine, humankind's relation to it, the nature of religion and its place in human life--have been with us since the inception of philosophy. Philosophers have long critically examined the truth of (and rational justification for) religious claims, and have explored such philosophically interesting phenomena as faith, religious experience and the distinctive features of religious discourse. The second half of the twentieth-century has been an especially fruitful period, with philosophers using new developments in logic and epistemology to mount both sophisticated defenses of, and attacks on, religious claims. The Oxford Handbook of Philosophy of Religion contains newly commissioned chapters by 21 prominent experts who cover the field in a comprehensive but accessible manner. Each chapter is expository, critical, and representative of a distinctive viewpoint. The Handbook is divided into two sections. The first, ""Problems,"" covers the most frequently discussed topics, among them arguments for God's existence, the problem of evil, and religious epistemology. The second is called ""Approaches"" and contains four essays assessing the advantages and disadvantages of different methods of practicing philosophy of religion. The Handbook offers contributors of high stature who present substantive and in-depth treatment of the most central topics. It is a must-have reference for anyone with an interest in philosophy and religion.","Oxford University Press",2004-12-02,,,,,,,,,,,,,,,,,,2025-08-22,1
book,"Philosophy of Mind: Classical and Contemporary Readings",,,,Philosophy,9780195145816,019514581X,NA,"Oxford University Press",2002-08-15,,,,,688,,,,,,,,,,,,,2025-08-22,1
book,"Strategy: A History","Lawrence Freedman",Lawrence,Freedman,Philosophy,9780190229238,0190229233,NA,"Oxford University Press",2015-08-26,,,,,768,,,,,,,,,,,,,2025-08-22,1
book,"Handbook of Emotions, Fourth Edition","Lisa Feldman Barrett, Michael Lewis, Jeannette M. Haviland-Jones",Lisa,Barrett,Philosophy,9781462536368,1462536360,"Recognized as the definitive reference, this handbook brings together leading experts from multiple psychological subdisciplines to examine one of today's most dynamic areas of research. Coverage encompasses the biological and neuroscientific underpinnings of emotions, as well as developmental, social and personality, cognitive, and clinical perspectives. The volume probes how people understand, experience, express, and perceive affective phenomena and explores connections to behavior and health across the lifespan. Concluding chapters present cutting-edge work on a range of specific emotions. Illustrations include 10 color plates. New to This Edition *Chapters on the mechanisms, processes, and influences that contribute to emotions (such as genetics, the brain, neuroendocrine processes, language, the senses of taste and smell). *Chapters on emotion in adolescence and older age, and in neurodegenerative dementias. *Chapters on facial expressions and emotional body language. *Chapters on stress, health, gratitude, love, and empathy. *Many new authors and topics; extensively revised with the latest theoretical and methodological innovations. A Choice Outstanding Academic Title","Guilford Publications",2018-03-20,,,,,928,,,,,,,,,,,,,2025-08-22,1
book,"Knowledge Architectures: Structures and Semantics","Denise Bedford",Denise,Bedford,Philosophy,9780367219444,0367219441,"Knowledge Architectures reviews traditional approaches to managing information and explains why they need to adapt to support 21st-century information management and discovery.Exploring the rapidly changing environment in which information is being managed and accessed, the book considers how to use knowledge architectures, the basic structures and designs that underlie all of the parts of an effective information system, to best advantage. Drawing on 40 years of work with a variety of organizations, Bedford explains that failure to understand the structure behind any given system can be the difference between an effective solution and a significant and costly failure. Demonstrating that the information user environment has shifted significantly in the past 20 years, the book explains that end users now expect designs and behaviors that are much closer to the way they think, work, and act. Acknowledging how important it is that those responsible for developing an information or knowledge management system understand knowledge structures, the book goes beyond a traditional library science perspective and uses case studies to help translate the abstract and theoretical to the practical and concrete.Explaining the structures in a simple and intuitive way and providing examples that clearly illustrate the challenges faced by a range of different organizations, Knowledge Architectures is essential reading for those studying and working in library and information science, data science, systems development, database design, and search system architecture and engineering.",Routledge,2020-12-31,,,,,,,,,,,,,,,,,,2025-08-22,1
book,"Texts, Facts, and Femininity: Exploring the Relations of Ruling","Dorothy E. Smith",Dorothy,Smith,Philosophy,9780415032315,0415032318,,,,,,,,,,,,,,,,,,,,,2025-08-22,1
book,"Science as Salvation: A Modern Myth and its Meaning","Mary Midgley",Mary,Midgley,Philosophy,9780415062718,0415062713,"What is the role of scientists in society? What should we think when they talk about more than just science? Mary Midgley discusses the high spiritual ambitions which tend to gather around the notion of science.",Routledge,1992-05-14,,,,,,,,,,,,,,,,,,2025-08-22,1
book,"Quantum Theory and the Flight from Realism: Philosophical Responses to Quantum Mechanics","Christopher Norris",Christopher,Norris,Philosophy,9780415223225,0415223229,"This book is a critical introduction to the long-standing debate concerning the conceptual foundations of quantum mechanics and the problems it has posed for physicists and philosophers from Einstein to the present. Quantum theory has been a major infulence on postmodernism, and presents significant problems for realists. Keeping his own realist position in check, Christopher Norris subjects a wide range of key opponents and supporters of realism to a high and equal level of scrutiny. With a characteristic combination of rigour and intellectual generosity, he draws out the merits and weaknesses from opposing arguments. In a sequence of closely argued chapters, Norris examines the premises of orthodox quantum theory, as developed most influentially by Bohr and Heisenberg, and its impact on varous philosophical developments. These include the ideas developed by W.V Quine, Thomas Kuhn, Michael Dummett, Bas van Fraassen, and Hilary Puttnam. In each case, Norris argues, these thinkers have been influenced by the orthodox construal of quantum mechanics as requiring drastic revision of principles which had hitherto defined the very nature of scientific method, causal explanati and rational enquiry. Putting the case for a realist approach which adheres to well-tried scientific principles of causal reasoning and inference to the best explanation, Christopher Norris clarifies these debates to a non-specialist readership and scholars of philosophy, science studies and the philosophy of science alike. Quantum Theory and the Flight From Realism suggests that philosophical reflection can contribute to a better understanding of these crucial, current issues.",Routledge,2000-03-02,,,,,,,,,,,,,,,,,,2025-08-22,1
book,"Greek and Roman Technology: A Sourcebook: Annotated Translations of Greek and Latin Texts and Documents","Andrew N. Sherwood, Milo Nikolic, John W. Humphrey, John P. Oleson",Andrew,Sherwood,Philosophy,9780415061377,0415061377,,Routledge,1997-12-18,,,,,648,,,,,,,,,,,,,2025-08-22,1
book,"Oral Traditions and the Verbal Arts: A Guide to Research Practices","Ruth Finnegan",Ruth,Finnegan,Philosophy,9780415048415,0415048419,"Provides up-to-date guidance on how to approach the study of oral forms and their performances, examining both the practicalities of fieldwork and the methods by which oral texts and performances can be observed, collected and analysed.",Routledge,1991-12-05,,,,,,,,,,,,,,,,,,2025-08-22,1
book,"Straw Dogs: Thoughts On Humans And Other Animals","John Gray",John,Gray,Philosophy,9781862075962,1862075964,"John Gray's Straw Dogs attempts to present a world view in which humans are not central and which argues against the humanist belief in progress. The heart of the book is summed up in the idea that modern humanists have still not come to terms with Darwin, still not come to terms with the idea that humans are like other animals. Christians and modern humanists in the Platonic-Cartesian tradition typically think of humans enjoying a special relationship to God, or a special status in nature in a way that other animals do not. Even the great debunkers--philosophers such as Nietzsche, Wittgenstein and Heidegger--end up making human beings the centre of things or the end point of some world-historical process. By contrast, in a Taoist, Shinto, Hindu or animist culture Darwin's discovery would have been easily accommodated since these faiths see humans and other animals as kin.  In short, for Gray, humanism is nothing more than ""a secular religion thrown together from decaying scraps of Christian myth"". Gray champions James Lovelock's view of the Earth as a self-regulating system whose behaviour resembles, in some ways, that of an organism. The Gaia hypothesis is the backdrop to Gray's apparently relentless pessimism about the fate of humankind. What it teaches us is that this self-regulating system has no need of humanity, does not exist for the sake of humanity, and will regulate itself in ignorance of humanity's fate.  Straw Dogs can be usefully compared with Mary Midgely's excellent Science and Poetry since both take off from the view of man as animal while sharing similar views about the cultural role of philosophy. Both encourage us to overcome the Platonic-Cartesian-Kantian philosophical tradition while stressing the importance of Gaia in emphasising our essential continuity with the physical and natural world. For Gray, humans ""think they are free, conscious beings, when in truth they are deluded animals"". Straw Dogs could have been made to stretch for 500 large pages. Instead you get 200 small pages of gold; simple, concise, riveting.--Larry Brown","Granta Books",2003-09-01,,,,,246,,,,,,,,,,,,,2025-08-22,1
book,"Democracy's Discontent","Michael J. Sandel",Michael,Sandel,Philosophy,9780674197459,0674197453,"The defect, Sandel maintains, lies in the impoverished vision of citizenship and community shared by Democrats and Republicans alike. American politics has lost its civic voice, leaving both liberals and conservatives unable to inspire the sense of community and civic engagement that self-government requires. In search of a public philosophy adequate to our time, Sandel ranges across the American political experience, recalling the arguments of Jefferson and Hamilton, Lincoln and Douglas, Holmes and Brandeis, FDR and Reagan. He relates epic debates over slavery and industrial capitalism to contemporary controversies over the welfare state, religion, abortion, gay rights, and hate speech. Democracy's Discontent provides a new interpretation of the American political and constitutional tradition that offers hope of rejuvenating our civic life.","Harvard University Press",1998-02-06,,,,,432,,,,,,,,,,,,,2025-08-22,1
book,"The Portable Edmund Burke","Edmund Burke, Isaac Kramnick (Editor)",Edmund,Burke,Philosophy,9780140267600,0140267603,"The intellectual wellspring of modern political conservatism, Edmund Burke is also considered a significant figure in aesthetic theory and cultural studies. As a member of the House of Commons during the late eighteenth century, Burke shook Parliament with his powerful defense of the American Revolution and the rights of persecuted Catholics in England and Ireland; his indictment of the English rape of the Indian subcontinent; and, most famously, his denouncement of English Jacobin sympathizers during the French Revolution. The Portable Edmund Burke is the fullest one- volume survey of Burke's thought, with sections devoted to his writings on history and culture, politics and society, the American Revolution, Ireland, colonialism and India, and the French Revolution. This volume also includes excerpts from his letters and an informative Introduction surveying Burke's life, ideas, and his reception and influence in the nineteenth and twentieth centuries.","Penguin Publishing Group",1999-07-01,,,,,624,,,,,,,,,,,,,2025-08-22,1
book,"The Portable Beat Reader",Various,Various,Various,Philosophy,9780140151022,0140151028,"The Portable Beat Reader is an excellent and thorough study of the Beat Generation, compiled and edited by Ann Charters, biographer of Jack Kerouac and one of our most notable experts on Beat literature and ideas. This lively work of scholarship goes deeply into the history of the Beat movement, investigating events such as the discovery (by writer William Burroughs) of the word beat to describe this literary generation. The reader includes essays on all the major prose and poetry writers, such as Allen Ginsberg, and offers rare insight into the literary-historical context of the movement.","Penguin Books",1992-10-20,,,,,688,,,,,,,,,,,,,2025-08-22,1
book,"The Portable Hannah Arendt","Hannah Arendt, Peter R. Baehr (Contribution by)",Hannah,Arendt,Philosophy,9780140269741,0140269746,"The first comprehensive volume of her writings.","Penguin Canada",2000-02-03,,,,,480,,,,,,,,,,,,,2025-08-22,1
book,"Responsibility and Judgment","Hannah Arendt, Jerome Kohn (Editor)",Hannah,Arendt,Philosophy,9780805242126,0805242120,"A collection of previously unpublished and uncollected essays includes the late philsopher's reflections on the nature of evil, the making of moral choices, and the integral interconnection between judgment and responsibility.","Knopf Doubleday Publishing Group",2003-11-18,,,,,336,,,,,,,,,,,,,2025-08-22,1
book,"The Portable Renaissance Reader","James Bruce Ross, Mary Martin McLaughlin",James,Ross,Philosophy,9780140150612,0140150617,"Essential passages form the works of more than 100 fifteenth-and sixteenth-century thinkers and writers, including Erasmus, Cervantes, Boccaccio, Montaigne, Bodin, Dürer, Machiavelli, Guicciardini, Rabelais, Leonardo, Cellini, Copernicus, Galileo, Savonarola, Luther, and Calvin.","Penguin Books",1977-01-01,,,,,768,,,,,,,,,,,,,2025-08-22,1
book,"The Portable Harlem Renaissance Reader","David Lewis",David,Lewis,Philosophy,9780140170368,0140170367,"This collection magnificently represents the great voices of this era. The volume includes the work of some forty-five Renaissance figures: short fiction and self-contained novel excerpts by Zora Neale Hurston, Nella Larsen, Wallace Thurman, and Jean Toomer; poems by  Gwendolyn Bennett, Countee Cullen, Jessie Redmon Fauset, Langston Hughes, and Claude McKay; essays, manifestos, speeches, and nostalgic reminiscences by Romare Bearden, W. E. B. Dubois, Marcus Garvey, James Weldon Johnson, Alain Locke, and Richard Wright.","Penguin Classics",1995-06-01,,,,,816,,,,,,,,,,,,,2025-08-22,1
book,"Philosophical Writings Leibniz (Everyman's Library (Paper))",,,,Philosophy,9780460875462,0460875469,,,,,,,,,,,,,,,,,,,,,2025-08-22,1
book,"Moral Purity and Persecution in History","Barrington Moore Jr.",Barrington,Jr.,Philosophy,9780691049205,0691049203,"The intellectual scope and courage to contend with the largest puzzles of human existence and organization distinguish great social thinkers. Barrington Moore's Social Origins of Dictatorship and Democracy was a foundational work of historical sociology that influenced a generation of social scientists and, decades later, continues to be widely read and taught. Here, Moore takes up the same tools of historical comparison to investigate why groups of people kill and torture each other. His answer is arrestingly simple: people persecute those whom they perceive as polluting due to their ""impure"" religious, political, or economic ideas.Moore's search begins with the Old Testament's restrictions on sexual behavior, idolatry, diet, and handling unclean objects. He argues that religious authorities seeking to distinguish the ancient Hebrews from competing groups invented, along with monotheism, the association of impure things with moral failure and the violation of God's will. This allowed people to view those holding competing ideas as contaminated and, more important, contaminating. Moore moves next to the French Wars of Religion, in which Protestants and Catholics massacred each other over the control of purity, and the French Revolution, which perfected terror and secularized purity. He then combs the major Asian religions and finds--to his surprise--that violent efforts to eradicate the ""impure"" were largely absent before substantial Western influence.Moore's provocative conclusion is that monotheism--with its monopoly on virtue and failure to provide supernatural scapegoats--is responsible for some of the most virulent forms of intolerance and is a major cause of human nastiness and suffering. Moore does not say that the monotheist tradition was the primary source of Nazism, Stalinism, Maoism, violent Hindu fundamentalism, or ethnic cleansing in Rwanda and the former Yugoslavia, but he does identify it as an indispensable cause because it justified, encouraged, and spread vindictive persecution throughout the world.Once again, Moore has drawn on his comprehensive understanding of history and talent for speaking directly to readers to address one of the most crucial questions about human past and future. This book is for anyone who has ever heard the word genocide and asked why.","Princeton University Press",2000-03-19,,,,,,,,,,,,,,,,,,2025-08-22,1
book,"The Incorporeal","Elizabeth Grosz",Elizabeth,Grosz,Philosophy,9780231181631,0231181639,"Philosophy has inherited a powerful impulse to embrace either dualism or a reductive monism--either a radical separation of mind and body or the reduction of mind to body. But from its origins in the writings of the Stoics, the first thoroughgoing materialists, another view has acknowledged that no forms of materialism can be completely self-inclusive--space, time, the void, and sense are the incorporeal conditions of all that is corporeal or material. In The Incorporeal Elizabeth Grosz argues that the ideal is inherent in the material and the material in the ideal, and, by tracing its development over time, she makes the case that this same idea reasserts itself in different intellectual contexts. Grosz shows that not only are idealism and materialism inextricably linked but that this ""belonging together"" of the entirety of ideality and the entirety of materiality is not mediated or created by human consciousness. Instead, it is an ontological condition for the development of human consciousness. Grosz draws from Spinoza's material and ideal concept of substance, Nietzsche's amor fati, Deleuze and Guattari's plane of immanence, Simondon's preindividual, and Raymond Ruyer's self-survey or autoaffection to show that the world preexists the evolution of the human and that its material and incorporeal forces are the conditions for all forms of life, human and nonhuman alike. A masterwork by an eminent theoretician, The Incorporeal offers profound new insight into the mind-body problem","Columbia University Press",2018-11-06,,,,,336,,,,,,,,,,,,,2025-08-22,1
book,"Between Friends: The Correspondence of Hannah Arendt and Mary McCarthy 1949-1975","Mary McCarthy, Hannah Arendt",Mary,McCarthy,Philosophy,9780151001125,015100112X,,"Houghton Mifflin Harcourt",1995-01-17,,,,,412,,,,,,,,,,,,,2025-08-22,1
book,"On the Name","Jacques Derrida",Jacques,Derrida,Philosophy,9780804725552,0804725551,,"Stanford University Press",1995-08-01,,,,,168,,,,,,,,,,,,,2025-08-22,1
book,"Martin Heidegger and European Nihilism","Karl Löwith, Gary Steiner (Translator), Richard Wolin (Editor), Karl Löwith",Karl,Löwith,Philosophy,9780231084079,0231084072,"Written by a former student of Heidegger, this book examines the relationship between the philosophy and the politics of a celebrated teacher and the allure that Nazism held out for scholars committed to revolutionary nihilism.","Columbia University Press",1998-04-13,,,,,304,,,,,,,,,,,,,2025-08-22,1
book,"The Rorty Reader","Christopher J. Voparil, Richard J. Bernstein",Christopher,Voparil,Philosophy,9781405198325,140519832X,"The first comprehensive collection of the work of Richard Rorty (1931-2007), The Rorty Reader brings together the influential American philosopher’s essential essays from over four decades of writings. Offers a comprehensive introduction to Richard Rorty's life and body of workBrings key essays published across many volumes and journals into one collection, including selections from his final volume of philosophical papers, Philosophy as Cultural Politics (2007))Contains the previously unpublished (in English) essay, “Redemption from Egotism”Includes in-depth interviews, and several revealing autobiographical piecesRepresents the fullest portrait available today on Rorty’s relationship with American pragmatism and the trajectory of his thought",Wiley-Blackwell,2010-08-09,,,,,,,,,,,,,,,,,,2025-08-22,1
book,"Technics and Civilization","Lewis Mumford, Langdon Winner (Foreword by)",Lewis,Mumford,Philosophy,9780226550275,0226550273,"Technics and Civilization first presented its compelling history of the machine and critical study of its effects on civilization in 1934--before television, the personal computer, and the Internet even appeared on our periphery. Drawing upon art, science, philosophy, and the history of culture, Lewis Mumford explained the origin of the machine age and traced its social results, asserting that the development of modern technology had its roots in the Middle Ages rather than the Industrial Revolution. Mumford sagely argued that it was the moral, economic, and political choices we made, not the machines that we used, that determined our then industrially driven economy. Equal parts powerful history and polemic criticism, Technics and Civilization was the first comprehensive attempt in English to portray the development of the machine age over the last thousand years--and to predict the pull the technological still holds over us today.  ""The questions posed in the first paragraph of Technics and Civilization still deserve our attention, nearly three quarters of a century after they were written.""--Journal of Technology and Culture","University of Chicago Press",2010-10-30,,,,,528,,,,,,,,,,,,,2025-08-22,1
book,"Greek Philosophy: Thales to Aristotle (Readings in the History of Philosophy)","Reginald E. Allen",Reginald,Allen,Philosophy,9780029004951,0029004950,"Widely praised for its accessibility and its concentration on the metaphysical issues that are most central to the history of Greek philosophy, this book offers a valuable introduction to the works of the Presocratics, Plato, and Aristotle.","Free Press",1991-01-01,,,,,470,,,,,,,,,,,,,2025-08-22,1
book,"Classical Arabic Philosophy","Jon McGinnis (Editor), David C. Reisman (Translator)",Jon,(Editor),Philosophy,9780872208711,0872208710,"This volume introduces the major classical Arabic philosophers through substantial selections from the key works (many of which appear in translation for the first time here) in each of the fields--including logic, philosophy of science, natural philosophy, metaphysics, ethics, and politics--to which they made significant contributions. An extensive Introduction situating the works within their historical, cultural, and philosophical contexts offers support to students approaching the subject for the first time, as well as to instructors with little or no formal training in Arabic thought. A glossary, select bibliography, and index are also included.","Hackett Publishing Company, Incorporated",2007-03-15,,,,,464,,,,,,,,,,,,,2025-08-22,1
book,"The Life of the Mind: Combined 2 Volumes in 1","Hannah Arendt",Hannah,Arendt,Philosophy,9780156519922,0156519925,"The author's final work, presented in a one-volume edition, is a rich, challenging analysis of man's mental activity, considered in terms of thinking, willing, and judging. Edited by Mary McCarthy; Indices.","Mariner Books",2001-02-01,,,,,540,,,,,,,,,,,,,2025-08-22,1
book,"Black is Beautiful: A Philosophy of Black Aesthetics","Paul C. Taylor",Paul,Taylor,Philosophy,9781405150637,1405150637,"Black is Beautiful identifies and explores the most significant philosophical issues that emerge from the aesthetic dimensions of black life, providing a long-overdue synthesis and the first extended philosophical treatment of this crucial subject. The first extended philosophical treatment of an important subject that has been almost entirely neglected by philosophical aesthetics and philosophy of art Takes an important step in assembling black aesthetics as an object of philosophical study Unites two areas of scholarship for the first time – philosophical aesthetics and black cultural theory, dissolving the dilemma of either studying philosophy, or studying black expressive culture Brings a wide range of fields into conversation with one another– from visual culture studies and art history to analytic philosophy to musicology – producing mutually illuminating approaches that challenge some of the basic suppositions of each Well-balanced, up-to-date, and beautifully written as well as inventive and insightful Winner of The American Society of Aesthetics Outstanding Monograph Prize 2017",Wiley-Blackwell,2016-05-23,,,,,216,,,,,,,,,,,,,2025-09-09,1
book,"Principia Ethica","G. E. Moore",G.,Moore,Philosophy,9780879754983,0879754982,"It took us thousands of years of struggling with science and ethics before we thought to combine the two. While scientific ethics has advanced only gradually, the science of ethics burst into existence in 1903 with the publication of G.E. Moore's Principia Ethica, which did for the study of morality what Whitehead and Russell's Principia Mathematica did for mathematics--clarify old confusions and define terms that are still with us today. Practically overnight, ethicists turned into meta-ethicists, studying their own terms to establish theoretical ground on which to stand before trying to build any prescriptive edifices.  Moore begins by clearing up some of the most widely spread confusions plaguing moral philosophy, such as the naturalistic fallacy of Bentham, Spencer, and others who insisted on a precise, concrete definition of good. According to Moore, we have to settle for an intuitive assessment of goodness, and his arguments are powerfully compelling. Proceeding to define terms and territory that have lasted a century, he revolutionized philosophy and single-handedly altered the course of ethical studies for generations. While Principia Ethica isn't the easiest book to read (a dictionary of philosophy comes in handy for most of us), it is well worth careful study by anyone interested in the difference between right and wrong. --Rob Lightner","Prometheus Books",1988-09-01,,,,,237,,,,,,,,,,,,,2025-09-09,1
book,"The Insiders’ Game: How Elites Make War and Peace","Elizabeth N. Saunders",Elizabeth,Saunders,Philosophy,9780691215808,0691215804,"How elites shape the use of force in American foreign policyOne of the most widely held views of democratic leaders is that they are cautious about using military force because voters can hold them accountable, ultimately making democracies more peaceful. How, then, are leaders able to wage war in the face of popular opposition, or end conflicts when the public still supports them? The Insiders’ Game sheds light on this enduring puzzle, arguing that the primary constraints on decisions about war and peace come from elites, not the public.Elizabeth Saunders focuses on three groups of elites—presidential advisers, legislators, and military officials—to show how the dynamics of this insiders’ game are key to understanding the use of force in American foreign policy. She explores how elite preferences differ from those of ordinary voters, and how leaders must bargain with elites to secure their support for war. Saunders provides insights into why leaders start and prolong conflicts the public does not want, but also demonstrates how elites can force leaders to change course and end wars.Tracing presidential decisions about the use of force from the Cold War through the wars in Iraq and Afghanistan, Saunders reveals how the elite politics of war are a central feature of democracy. The Insiders’ Game shifts the focus of democratic accountability from the voting booth to the halls of power.","Princeton University Press",2024-03-26,,,,,,,,,,,,,,,,,,2025-09-09,1
book,"Black Existential Freedom","Nathalie Etoke",Nathalie,Etoke,Philosophy,9781538173060,1538173069,"The history of slavery, colonization, subjugation, gratuitous violence, and the denial of basic human rights to people of African descent has led Afro-Pessimists to look at black existence through the lens of white supremacy and anti-blackness. Against this trend,Black Existential Freedomargues that Blackness is not inherently synonymous with victimhood. Rather, it is inextricable from existential freedom and the struggle for political liberation. This book presents an existential analysis of continental and diasporic African experiences through critical interpretations of music, film, and fiction that portray what it means to be human- to persevere in the tension between life and physical, psychological, and social death-for the sake of freedom. With its transdisciplinary perspective and convergence of Africana existential philosophy, African-American Studies, Afro-French Studies, Diaspora Studies, and African studies, this book is not concerned with disciplinary boundaries or certain appropriations of European metaphysics that are committed to a reading of black ""non-being.""Black Existential Freedomexplores the continuities and discontinuities of black existence and the manifestations and the meanings of blackness within different countries, time periods, and social and political contexts. Etoke's book empowers the reader to understand and process the complexities of racialized identity in a globalized contemporary society. Ultimately, it is an ode to human survival and freedom.",Rowman,2022-11-04,,,,,,,,,,,,,,,,,,2025-09-09,1
book,"World-Systems Analysis","Immanuel Wallerstein",Immanuel,Wallerstein,Philosophy,9780822334422,0822334429,"In World-Systems Analysis, Immanuel Wallerstein provides a concise and accessible introduction to the comprehensive approach that he pioneered thirty years ago to understanding the history and development of the modern world. Since Wallerstein first developed world-systems analysis, it has become a widely utilized methodology within the historical social sciences and a common point of reference in discussions of globalization. Now, for the first time in one volume, Wallerstein offers a succinct summary of world-systems analysis and a clear outline of the modern world-system, describing the structures of knowledge upon which it is based, its mechanisms, and its future. Wallerstein explains the defining characteristics of world-systems analysis: its emphasis on world-systems rather than nation-states, on the need to consider historical processes as they unfold over long periods of time, and on combining within a single analytical framework bodies of knowledge usually viewed as distinct from one another--such as history, political science, economics, and sociology. He describes the world-system as a social reality comprised of interconnected nations, firms, households, classes, and identity groups of all kinds. He identifies and highlights the significance of the key moments in the evolution of the modern world-system: the development of a capitalist world-economy in the sixteenth-century, the beginning of two centuries of liberal centrism in the French Revolution of 1789, and the undermining of that centrism in the global revolts of 1968. Intended for general readers, students, and experienced practitioners alike, this book presents a complete overview of world-systems analysis by its original architect.","Duke University Press",2004-08-27,,,,,128,,,,,,,,,,,,,2025-09-09,1
book,"The Tasks of Philosophy","Alasdair MacIntyre",Alasdair,MacIntyre,Philosophy,9780521670616,0521670616,"How should we respond when some of our basic beliefs are put into question? What makes a human body distinctively human? Why is truth an important good? These are among the questions explored in this 2006 collection of essays by Alasdair MacIntyre, one of the most creative and influential philosophers working today. Ten of MacIntyre's most influential essays written over almost thirty years are collected together here for the first time. They range over such topics as the issues raised by different types of relativism, what it is about human beings that cannot be understood by the natural sciences, the relationship between the ends of life and the ends of philosophical writing, and the relationship of moral philosophy to contemporary social practice. They will appeal to a wide range of readers across philosophy and especially in moral philosophy, political philosophy, and theology.","Cambridge University Press",2006-06-08,,,,,246,,,,,,,,,,,,,2025-09-09,1
book,"The Trouble with Pleasure","Aaron Schuster",Aaron,Schuster,Philosophy,9780262528597,0262528592,"An investigation into the strange and troublesome relationship to pleasure that defines the human being, drawing on the disparate perspectives of Deleuze and Lacan. Is pleasure a rotten idea, mired in negativity and lack, which should be abandoned in favor of a new concept of desire? Or is desire itself fundamentally a matter of lack, absence, and loss? This is one of the crucial issues dividing the work of Gilles Deleuze and Jacques Lacan, two of the most formidable figures of postwar French thought. Though the encounter with psychoanalysis deeply marked Deleuze's work, we are yet to have a critical account of the very different postures he adopted toward psychoanalysis, and especially Lacanian theory, throughout his career. In The Trouble with Pleasure, Aaron Schuster tackles this tangled relationship head on. The result is neither a Lacanian reading of Deleuze nor a Deleuzian reading of Lacan but rather a systematic and comparative analysis that identifies concerns common to both thinkers and their ultimately incompatible ways of addressing them. Schuster focuses on drive and desire—the strange, convoluted relationship of human beings to the forces that move them from within—“the trouble with pleasure."" Along the way, Schuster offers his own engaging and surprising conceptual analyses and inventive examples. In the “Critique of Pure Complaint” he provides a philosophy of complaining, ranging from Freud's theory of neurosis to Spinoza's intellectual complaint of God and the Deleuzian great complaint. Schuster goes on to elaborate, among other things, a theory of love as “mutually compatible symptoms”; an original philosophical history of pleasure, including a hypothetical Heideggerian treatise and a Platonic theory of true pleasure; and an exploration of the 1920s “literature of the death drive,” including Thomas Mann, Italo Svevo, and Blaise Cendrars.","MIT Press",2016-02-26,,,,,240,,,,,,,,,,,,,2025-09-09,1
book,"Heidegger's Topology: Being, Place, World","Jeff Malpas, J. E. Malpas",Jeff,Malpas,Philosophy,9780262134705,0262134705,,"A Bradford Book",1656-01-01,,,,,,,,,,,,,,,,,,2025-09-09,1
book,"The Cambridge Companion to Composition","Toby Young",Toby,Young,Philosophy,9781108926997,1108926991,"There are as many ways of creating music as there are composers in the world, with a vast array of possible methods and practices. This book provides essential critical and practical tools for composers as they try to navigate this complex landscape, whilst also offering provocations for practitioners discovering their own voices and solidifying their place in their musical communities. Designed to be a companion in the truest sense, the book offers practical support throughout the creative process and thought-provoking insights on technical questions for a range of compositional approaches.","Cambridge University Press",2024-05-30,,,,,,,,,,,,,,,,,,2025-09-09,1
book,"Creative Evolution","Henri Bergson, Arthur Mitchell (Translator)",Henri,Bergson,Philosophy,9780486400365,0486400360,"The fullest expression of the distinguished French philosopher's ideas about the meaning of life. In propounding his distinctive theory of evolution, Bergson considers nature and intelligence, examines mechanisms of thought and illusion, and presents a criticism of philosophical systems from those of the ancients to those of his 19th-century contemporaries.","Dover Publications, Incorporated",1998-02-06,,,,,432,,,,,,,,,,,,,2025-09-09,1
book,"Are You an Illusion?","Mary Midgley",Mary,Midgley,Philosophy,9781032533681,1032533684,"In an impassioned defence of the importance of our own thoughts, feelings and experiences, the renowned philosopher Mary Midgley shows that there’s much more to our selves than a jumble of brain cells. Exploring the remarkable gap that has opened up between our understanding of our sense of self and today’s science, Midgley argues powerfully and persuasively that the rich variety of our imaginative life cannot be contained in the narrow bounds of a highly puritanical materialism that simply equates brain and self.Engaging with the work of prominent thinkers, Midgley investigates the source of our current attitudes to the self and reveals how ideas, traditions and myths have been twisted to fit in, seemingly naturally, with science’s current preoccupation with the physical and material. Midgley shows that the subjective sources of thought – our own experiences – are every bit as necessary in helping to explain the world as the objective ones such as brain cells.Are You an Illusion? offers a salutary analysis of science’s claim to have done away with the self and a characteristic injection of common sense from one of our most respected philosophers into a debate increasingly in need of it.This Routledge Classics edition includes a new Foreword by Stephen Cave.",Routledge,2023-09-28,,,,,,,,,,,,,,,,,,2025-09-09,1
book,"A Life of One's Own","Marion Milner",Marion,Milner,Philosophy,9781032757551,1032757558,"'This is what I really want. I want to discover ways to discriminate the important things in human life. I want to find ways of getting past this blind fumbling with existence.' - Marion Milner, from A Life of One’s Own.How often do we really ask ourselves, 'What will make me happy? What do I really want from life?' In A Life of One’s Own Marion Milner, a renowned British psychoanalyst, artist and autobiographer, takes us on an extraordinary and compelling seven-year inward journey to discover what it is that makes her happy.On its first publication, W. H. Auden found the book 'as exciting as a detective story' and, as Milner searches out clues, the reader quickly becomes involved in the chase. Using her own personal diaries, she analyses moments of everyday life that can bring surprising joy, such as walking, listening to music, and drawing. She also records, in a disarmingly clear and insightful manner, the struggle between the urge to order and control one’s thoughts and standing back to let them wander where they may.A pioneering account of lived experience that also anticipates the contemporary phenomenon of mindfulness, A Life of One’s Own is a great adventure in thinking and living whose insights remain as fresh today as they were on the book’s first publication in the 1930s.This Routledge Classics edition includes a revised Introduction by Rachel Bowlby.",Routledge,2024-05-01,,,,,,,,,,,,,,,,,,2025-09-09,1
book,"Natural Goodness","Philippa Foot",Philippa,Foot,Philosophy,9780199265473,019926547X,"Philippa Foot has for many years been one of the most distinctive and influential thinkers in moral philosophy. Long dissatisfied with the moral theories of her contemporaries, she has gradually evolved a theory of her own that is radically opposed not only to emotivism and prescriptivism but also to the whole subjectivist, anti-naturalist movement deriving from David Hume. Dissatisfied also with both Kantian and utilitarian ethics, she claims to have isolated a special form of evaluation that predicates goodness and defect only to living things considered as such: she finds this form of evaluation in moral judgements. Her vivid discussion ranges over topics such as practical rationality, erring conscience, and the relation between virtue and happiness, ending with a critique of Nietzsche's immoralism. Natural Goodness is the long-awaited exposition of a highly original approach to moral philosophy, representing a fundamental break away from the assumptions of recent debates. Foot challenges many prominent philosophical arguments and attitudes; hers is not, however, a work of dry theory, but full of life and feeling, written for anyone intrigued by the deepest questions about goodness and human life. This beautifully written book offers a new beginning for moral philosophy.","Clarendon Press",2003-10-21,,,,,,,,,,,,,,,,,,2025-09-09,1
book,"Shifting Ground: Knowledge and Reality, Transgression and Trustworthiness","Naomi Scheman",Naomi,Scheman,Philosophy,9780195395105,0195395107,"This volume of essays by Naomi Scheman brings together her views on epistemic and socio-political issues, views that draw on a critical reading of Wittgenstein as well as on liberatory movements and theories, all in the service of a fundamental reorientation of epistemology. For some theorists, epistemology is an essentially foundationalist and hence discredited enterprise; for others - particularly analytic epistemologists - it remains rigorously segregated from political concerns. Scheman makes a compelling case for the necessity of thinking epistemologically in fundamentally altered ways. Arguing that it is an illusion of privilege to think that we can do without usable articulations of concepts such as truth, reality, and objectivity, she maintains (as in the title of one of her essays) that epistemology needs to be ""resuscitated"" as an explicitly political endeavor, with trustworthiness at its heart. While each essay contributes to a specific conversation, taken together they argue for addressing theoretical questions as they arise concretely. Truth, reality, objectivity, and other concepts that problematically rest on shifting ground are more than philosophical toys, and the ground-shifting these essays enact is a move away from abstruse theorizing-analytic and post-structuralist alike. Following Wittgenstein's injunctions to just look, to attend to the ""rough ground"" of everyday practices, Scheman argues for finding philosophical insight in such acts of attention and in the difficulties that beset them. These essays are an attempt to grasp something in particular, to get a handle on a set of problems, and collectively they represent a fresh model of passionate philosophical engagement.","Oxford University Press",2011-04-18,,,,,,,,,,,,,,,,,,2025-09-09,1
book,"Constructions of Reason: Explorations of Kant's Practical Philosophy","Onora O'Neill",Onora,O'Neill,Philosophy,9780521388160,0521388163,"Two centuries after they were published, Kant's ethical writings are as much admired and imitated as they have ever been, yet serious and long-standing accusations of internal incoherence remain unresolved. Onora O'Neill traces the alleged incoherences to attempts to assimilate Kant's ethical writings to modern conceptions of rationality, action and rights. When the temptation to assimilate is resisted, a strikingly different and more cohesive account of reason and morality emerges. Kant offers a ""constructivist"" vindication of reason and a moral vision in which obligations are prior to rights and in which justice and virtue are linked. O'Neill begins by reconsidering Kant's conceptions of philosophical method, reason, freedom, autonomy and action. She then moves on to the more familiar terrain of interpretation of the Categorical Imperative, while in the last section she emphasizes differences between Kant's ethics and recent ""Kantian"" ethics, including the work of John Rawls and other contemporary liberal political philosophers.","Cambridge University Press",1990-01-26,,,,,,,,,,,,,,,,,,2025-09-09,1
book,"Complete Works of Aristotle, Volume 1: The Revised Oxford Translation",Aristotle,Aristotle,Aristotle,Philosophy,9780691016504,069101650X,"""Originally published in 12 volumes between 1912 and 1954, the Oxford Translation of Aristotle is universally recognized as the standard English version of Aristotle. It is a valuable contribution to studies of Aristotle and is regularly referred to by scholars of all nationalities. Now Princeton University Press makes available the complete works in two volumes. The volumes contain the substance of the original Translation, revised by Jonathan Barnes in the light of recent research. Three of the original versions - Categories, On Interpretation, and Posterior Analytics - have been replaced by more modern translations. A new and enlarged selection of Fragments has been added. A generous index provides indispensable aid to the scholar.""--Publisher's description.","Princeton University Press",1984-09-21,,,,,1264,,,,,,,,,,,,,2025-09-09,1
book,"The Machine Question","David J. Gunkel",David,Gunkel,Philosophy,9780262534635,0262534630,"An investigation into the assignment of moral responsibilities and rights to intelligent and autonomous machines of our own making. One of the enduring concerns of moral philosophy is deciding who or what is deserving of ethical consideration. Much recent attention has been devoted to the ""animal question""—consideration of the moral status of nonhuman animals. In this book, David Gunkel takes up the ""machine question"": whether and to what extent intelligent and autonomous machines of our own making can be considered to have legitimate moral responsibilities and any legitimate claim to moral consideration. The machine question poses a fundamental challenge to moral thinking, questioning the traditional philosophical conceptualization of technology as a tool or instrument to be used by human agents. Gunkel begins by addressing the question of machine moral agency: whether a machine might be considered a legitimate moral agent that could be held responsible for decisions and actions. He then approaches the machine question from the other side, considering whether a machine might be a moral patient due legitimate moral consideration. Finally, Gunkel considers some recent innovations in moral philosophy and critical theory that complicate the machine question, deconstructing the binary agent–patient opposition itself. Technological advances may prompt us to wonder if the science fiction of computers and robots whose actions affect their human companions (think of HAL in 2001: A Space Odyssey) could become science fact. Gunkel's argument promises to influence future considerations of ethics, ourselves, and the other entities who inhabit this world.","MIT Press",2017-09-08,,,,,270,,,,,,,,,,,,,2025-09-09,1
book,"Ethics in an Age of Technology","Ian G. Barbour",Ian,Barbour,Philosophy,9780060609351,0060609354,"The Gifford Lectures have challenged our greatest thinkers to relate the worlds of religion, philosophy, and science. Now Ian Barbour has joined ranks with such Gifford lecturers as William James, Carl Jung, and Reinhold Neibuhr. In 1989 Barbour presented his first series of Gifford Lectures, published as Religion in an Age of Science. In 1990 he returned to Scotland to present his second series, dealing with ethical issues arising from technology and exploring the relationship of human and environmental values to science, philosophy, and religion and showing why these values are relevant to technological policy decisions. In examine the conflicting ethics and assumptions that lead to divergent views and technology, Barbour analyzes three social values: justice, participatory freedom, and economic development. He defends such environmental principles as resource sustainability, environmental protection, and respect for all forms of life. He present case studies in agriculture, energy policy, genetic engineering, and the use of computers. Finally, he concludes by focusing on appropriate technologies, individual life-styles, and sources of change: education, political action, response to crisis, and alternative visions of the good life.","HarperCollins Publishers",1992-12-25,,,,,336,,,,,,,,,,,,,2025-09-09,1
book,"Complete Works of Aristotle, Volume 2: The Revised Oxford Translation",Aristotle,Aristotle,Aristotle,Philosophy,9780691016511,0691016518,,"Princeton University Press",1984-09-21,,,,,1248,,,,,,,,,,,,,2025-09-09,1
book,"Plato: the Collected Dialogues","Edith Hamilton",Edith,Hamilton,Philosophy,,,"Complete Bolligen series",Princeton,,,,,,,,,,,,,,,,,,,2025-09-09,1
book,"Philosophical analysis in the twentieth century","Scott soames",Scott,soames,Philosophy,,,"Volume one",,,,,,,,,,,,,,,,,,,,2025-09-09,1
book,"Philosophical analysis in the twentieth century","Scott soames",Scott,soames,Philosophy,,,,,,,,,,,,,,,,,,,,,,,2025-09-09,1
book,"The World in the Wave Function: A Metaphysics for Quantum Physics","Alyssa Ney",Alyssa,Ney,Philosophy,9780190097714,019009771X,"If quantum theories of the world are true - and empirical evidence suggests they are - what do they tell us about us, and the world? How should quantum theories make us reevaluate our classical conceptions of material objects? Nearly a century after the development of quantum theories, a consensus has yet to emerge. Many still wonder about what these theories may be telling us about ourselves and our place in the universe. Alyssa Ney here defends and develops a particular framework for understanding the world as it is described by quantum theories. This framework was initially suggested by Schrödinger in the 1920's and was further defended as an account of reality by two philosophers of physics in the 1990's who described it as a necessary point of view for those who argue that quantum theories are correct representations of our world. This framework is called wave function realism, which interprets quantum theories such that its central object is the quantum wave function, interpreted as a field on an extremely high-dimension space. This theory views us, and all objects, as ultimately constituted out of the wave function, and though we seem to occupy three dimensions, the fundamental spatial framework of quantum worlds consists of many more dimensions. Alyssa Ney argues for and advances this view, with the goal of making a case for how this theory how it might be applied to more other relativistic quantum theories, including quantum field theories. Her conclusion develops an account of how we as human beings might ultimately see ourselves and the objects around us as constituted out of the wave function.","Oxford University Press",2021-04-30,,,,,,,,,,,,,,,,,,2025-09-09,1
book,"Knowledge and Human Interests","Juergen Habermas, Jeremy J. Shapiro (Translator)",Juergen,Habermas,Philosophy,9780807015414,0807015415,"""For those concerned with the relationships between thought and action, Knowledge and Human Interests will quickly be recognized as a brilliant book --and a bold outline for a new social theory."" -Times Literary Supplement","Beacon Press",1972-02-01,,,,,368,,,,,,,,,,,,,2025-09-09,1
book,"The Concept of the Political","Carl Schmitt, George Schwab (Translator), Tracy B. Strong (Foreword by), Leo Strauss (Commentaries by)",Carl,Schmitt,Philosophy,9780226738925,0226738922,"In this, his most influential work, legal theorist and political philosopher Carl Schmitt argues that liberalism's basis in individual rights cannot provide a reasonable justification for sacrificing oneself for the state--a critique as cogent today as when it first appeared. George Schwab's introduction to his translation of the 1932 German edition highlights Schmitt's intellectual journey through the turbulent period of German history leading to the Hitlerian one-party state. In addition to analysis by Leo Strauss and a foreword by Tracy B. Strong placing Schmitt's work into contemporary context, this expanded edition also includes a translation of Schmitt's 1929 lecture ""The Age of Neutralizations and Depoliticizations,"" which the author himself added to the 1932 edition of the book. An essential update on a modern classic, The Concept of the Political, Expanded Edition belongs on the bookshelf of anyone interested in political theory or philosophy.","University of Chicago Press",2007-05-01,,,,,162,,,,,,,,,,,,,2025-09-09,1
book,"Engenderings: Constructions of Knowledge, Authority, and Privilege","Naomi Scheman",Naomi,Scheman,Philosophy,9780415907408,0415907403,"Naomi Scheman argues that the concerns of philosophy emerge not from the universal human condition but from conditions of privilege. Her books represents a powerful challenge to the notion that gender makes no difference in the construction of philosophical reasoning. At the same time, it criticizes the narrow focus of most feminist theorizing and calls for a more inclusive form of inquiry.",Routledge,1993-09-09,,,,,,,,,,,,,,,,,,2025-09-09,1
book,"Between Facts and Norms: Contributions to a Discourse Theory of Law and Democracy","Jurgen Habermas, William Rehg",Jurgen,Habermas,Philosophy,9780262082433,0262082438,"In Between Facts and Norms Jürgen Habermas works out the legal and political implications of his Theory of Communicative Action (1981), bringing to fruition the project announced with his publication of The Structural Transformation of the Public Sphere in 1962. This new work is a major contribution to recent debates on the rule of law and the possibilities of democracy in postindustrial societies, but it is much more. The introduction by William Rehg succinctly captures the special nature of the work, noting that it offers a sweeping, sociologically informed conceptualization of law and basic rights, a normative account of the rule of law and the constitutional state, an attempt to bridge normative and empirical approaches to democracy, and an account of the social context required for democracy. Finally, the work frames and caps these arguments with a bold proposal for a new paradigm of law that goes beyond the dichotomies that have afflicted modern political theory from its inception and that still underlie current controversies between so- called liberals and civic republicans. The book includes a postscript written in 1994, which restates the argument in light of its initial reception, and two appendixes, which cover key developments that preceded the book. Habermas himself was actively involved in the translation, adapting the text as necessary to make it more accessible to English-speaking readers.","Mit Pr",1996-01-01,,,,,,,,,,,,,,,,,,2025-09-09,1
book,"Also a History of Philosophy, Volume 1: The Project of a Genealogy of Postmetaphysical Thinking","Jürgen Habermas, Ciaran Cronin",Jürgen,Habermas,Philosophy,9781509543892,1509543899,"This is the first volume of a ground-breaking new work by Jürgen Habermas on the history of philosophy. In this major new work, Habermas sets out the ideas that inform his systematic account of the history of Western philosophy as a genealogy of postmetaphysical thinking. His account goes far beyond a vindication of the enduring relevance of philosophical reflection founded on communicative reason as a source of orientation in the modern world. He contrasts this conception with prominent diagnoses of the supposed crisis of Enlightenment reason and culture that seeks redemption in the affirmation of traditional religious authority (Schmitt), the timeless validity of Greek metaphysics (Strauss), a numinous conception of nature (Löwith), and an occurrence of being that speaks to us from beyond the mists of pre-Socratic thought (Heidegger). Habermas situates Western philosophy in relation to traditions of thought founded in the major worldviews (Judaism, Buddhism, Confucianism and Taoism) that continue to shape contemporary culture and civilization. At the same time, he lays the groundwork for his analysis in the later volumes of the constitutive role played by the discourse on faith and knowledge in the development of Western philosophy, which is the result of the unique symbiosis that Christianity entered into with Greek thought with the Christianization of the Roman Empire. Far from raising claims to exclusivity, completeness or closure, Habermas’s history of philosophy, published in English in three volumes, opens up new lines of research and reflection that will influence the humanities and social sciences for decades to come.",Polity,2023-11-06,,,,,,,,,,,,,,,,,,2025-09-09,1
book,"Also a History of Philosophy, Volume 2: The Occidental Constellation of Faith and Knowledge","Jürgen Habermas, Ciaran Cronin",Jürgen,Habermas,Philosophy,9781509545179,1509545174,"In this second volume of his groundbreaking new work on the history of philosophy, Jürgen Habermas traces the development of Western thought from the reception of Platonism by early Christian thought, through the revolution in medieval philosophy and theology triggered by the rediscovery of Aristotle’s works, up to the decoupling of philosophical and theological thought in nominalism and the Reformation that ushered in the postmetaphysical thinking of the modern age. In contrast to conventional histories that focus on movements and schools, Habermas takes the dialectic of faith and knowledge as a guiding thread for analysing key developments in the thought of major figures such as Augustine, Aquinas, Scotus, Ockham and Luther that constitute milestones in the genealogy of postmetaphysical thinking. A distinctive feature of Habermas’ approach is the prominence he accords practical philosophy, and in particular legal and political ideas, and the corresponding attention he pays to social, institutional and political history, especially as these bear on the relationship between church and state. As a result, the central preoccupations of Christian thought are shown to be original responses to questions raised by the Christian worldview that exploded the framework of Greek metaphysical thinking and remain crucial for the self-understanding of contemporary philosophy. Far from raising claims to exclusivity, completeness or closure, Habermas’s history of philosophy, published in English in three volumes, opens up new lines of research and reflection that will influence the humanities and social sciences for decades to come.",Polity,2024-12-23,,,,,,,,,,,,,,,,,,2025-09-09,1
book,"Also a History of Philosophy, Volume 3: Rational Freedom. Traces of the Discourse on Faith and Knowledge","Jürgen Habermas, Ciaran Cronin",Jürgen,Habermas,Philosophy,9781509558650,1509558659,"In the final volume of his history of philosophy, Jürgen Habermas offers a series of brilliant interpretations of the thinkers who set the agenda for contemporary philosophy. Beginning with masterful readings of Hume and Kant, he traces the genealogy of their postmetaphysical thinking through the main currents of historicism and German Idealism, and the multifarious reactions to Hegel’s influential system, culminating in nuanced readings of Marx, Kierkegaard and Peirce. Through his analysis of their work, Habermas demonstrates the interpretive fecundity of the central themes of his philosophical enterprise – his pragmatist theory of meaning, his communicative theories of subjectivity and sociality, and his discursive theory of normativity in its moral, juridical and political manifestations. In contrast to the bland compendia of thinkers and positions generally presented in surveys of the history of philosophy, Habermas’s thematically focused interpretations are destined to provoke controversy and stimulate dialogue. With this work one of the indisputably great thinkers of our time presents a powerful vindication of his conception of philosophy as an inherently discursive – and not merely analytical or speculative – enterprise.",Polity,2025-06-04,,,,,,,,,,,,,,,,,,2025-09-09,1
book,"The Philosophical Discourse of Modernity: Twelve Lectures","Jürgen Habermas, Frederick G. Lawrence",Jürgen,Habermas,Philosophy,9780262581028,0262581027,,"The MIT Press",1990-03-14,,,,,450,,,,,,,,,,,,,2025-09-09,1
book,"The Lure of Technocracy","Jürgen Habermas",Jürgen,Habermas,Philosophy,9780745686820,0745686826,"Over the past 25 years, Jürgen Habermas has presented what is arguably the most coherent and wide-ranging defence of the project of European unification and of parallel developments towards a politically integrated world society. In developing his key concepts of the transnationalisation of democracy and the constitutionalisation of international law, Habermas offers the main players in the struggles over the fate of the European Union – the politicians, the political parties and the publics of the member states – a way out of the current economic and political crisis, should they choose to follow it. In the title essay Habermas addresses the challenges and threats posed by the current banking and public debt crisis in the Eurozone for European unification. He is harshly critical of the incrementalist, technocratic policies advocated by the German government in particular, which are being imposed at the expense of the populations of the economically weaker, crisis-stricken countries and are undermining solidarity between the member states. He argues that only if the technocratic approach is replaced by a deeper democratization of the European institutions can the European Union fulfil its promise as a model for how rampant market capitalism can once again be brought under political control at the supranational level. This volume reflects the impressive scope of Habermas’s recent writings on European themes, including theoretical treatments of the complex legal and political issues at stake, interventions on current affairs, and reflections on the lives and works of major European philosophers and intellectuals. Together the essays provide eloquent testimony to the enduring relevance of the work of one of the most influential and far-sighted public intellectuals in the world today, and are essential reading for all philosophers, legal scholars and social scientists interested in European and global issues.",Polity,2015-04-20,,,,,,,,,,,,,,,,,,2025-09-09,1
book,"Forms of Transcendence","Sonya Sikka",Sonya,Sikka,Philosophy,9780791433461,0791433463,"Oriented toward the question of God, this book sets up a dialogue between Heidegger and four medieval authors: St. Bonaventure, Meister Eckhart, Johannes Tauler, and Jan van Ruusbroec.","State University of New York Press",1997-05-01,,,,,308,,,,,,,,,,,,,2025-09-09,1
book,"Mourning Sickness","Rebecca Comay",Rebecca,Comay,Philosophy,9780804761277,0804761272,"This book explores Hegel's response to the French Revolutionary Terror and its impact on Germany. Like many of his contemporaries, Hegel was struck by the seeming parallel between the political upheaval in France and the upheaval in German philosophy inaugurated by the Protestant Reformation and brought to a climax by German Idealism. Many thinkers reasoned that a political revolution would be unnecessary in Germany, because this intellectual ""revolution"" had preempted it. Having already been through its own cataclysm, Germany would be able to extract the energy of the Revolution and channel its radicalism into thought. Hegel comes close to making such an argument too. But he also offers a powerful analysis of how this kind of secondhand history gets generated in the first place, and shows what is stake. This is what makes him uniquely interesting among his contemporaries: he demonstrates how a fantasy can be simultaneously deconstructed and enjoyed. Mourning Sickness provides a new reading of Hegel in the light of contemporary theories of historical trauma. It explores the ways in which major historical events are experienced vicariously, and the fantasies we use to make sense of them. Comay brings Hegel into relation with the most burning contemporary discussions around catastrophe, witness, memory, and the role of culture in shaping political experience.","Stanford University Press",2010-09-30,,,,,224,,,,,,,,,,,,,2025-09-09,1
book,"The Frankfurt School","Rolf Wiggershaus, Michael Robertson (Translator)",Rolf,Wiggershaus,Philosophy,9780262731133,0262731134,"This is the definitive study of the history and accomplishments of the FrankfurtSchool. It offers elegantly written portraits of the major figures in the school's history as wellas overviews of the various positions and directions they developed from the founding years justafter World War I until the death of Theodor Adorno in 1969.The book is based on documentary andbiographical materials that have only recently become available. As the narrative follows theInstitute for Social Research from Frankfurt am Main to Geneva, New York, and Los Angeles, and thenback to Frankfurt, Wiggershaus continually ties the evolution of the school to the changingintellectual and political contexts in which it operated. He also interweaves these accounts withincisive summaries of substantive works by Horkheimer, Adorno, Benjamin, Fromm, Kirchheimer,Lowenthal, Marcuse, Neumann, Pollock, and Habermas.The book is self-contained and can serve as ageneral introduction to critical theory, but it also has a wealth of new material to offer those whoare familiar with this tradition but would like to learn more about its history and context.Studiesin Contemporary German Social Thought","MIT Press",1995-02-23,,,,,787,,,,,,,,,,,,,2025-09-09,1
book,"The History of Pain","Roselyne Rey",Roselyne,Rey,Philosophy,9780674399686,0674399684,"This text draws on multidisciplinary sources to explore the concept of pain as it has been seen by different cultures over the course of history. It highlights the transformation in humanity's relationship to pain and chronicles the progress made in its understanding and treatment.","Harvard University Press",1995-01-01,,,,,408,,,,,,,,,,,,,2025-09-09,1
book,"Normal Accidents","Charles Perrow",Charles,Perrow,Philosophy,9780691004129,0691004129,"Normal Accidents analyzes the social side of technological risk. Charles Perrow argues that the conventional engineering approach to ensuring safety--building in more warnings and safeguards--fails because systems complexity makes failures inevitable. He asserts that typical precautions, by adding to complexity, may help create new categories of accidents. (At Chernobyl, tests of a new safety system helped produce the meltdown and subsequent fire.) By recognizing two dimensions of risk--complex versus linear interactions, and tight versus loose coupling--this book provides a powerful framework for analyzing risks and the organizations that insist we run them. The first edition fulfilled one reviewer's prediction that it ""may mark the beginning of accident research."" In the new afterword to this edition Perrow reviews the extensive work on the major accidents of the last fifteen years, including Bhopal, Chernobyl, and the Challenger disaster. The new postscript probes what the author considers to be the ""quintessential 'Normal Accident'"" of our time: the Y2K computer problem.","Princeton University Press",1999-10-17,,,,,464,,,,,,,,,,,,,2025-09-09,1
book,"Imagination: A Manifesto","Ruha Benjamin",Ruha,Benjamin,Philosophy,9781324020974,1324020970,"A world without prisons? Ridiculous. Schools that foster the genius of every child? Impossible. Work that doesn’t strangle the life out of people? Naive. A society where everyone has food, shelter, love? In your dreams. Exactly. Ruha Benjamin, Princeton University professor, insists that imagination isn’t a luxury. It is a vital resource and powerful tool for collective liberation. Imagination: A Manifesto is her proclamation that we have the power to use our imaginations to challenge systems of oppression and to create a world in which everyone can thrive. But obstacles abound. We have inherited destructive ideas that trap us inside a dominant imagination. Consider how racism, sexism, and classism make hierarchies, exploitation, and violence seem natural and inevitable—but all emerged from the human imagination.The most effective way to disrupt these deadly systems is to do so collectively. Benjamin highlights the educators, artists, activists, and many others who are refuting powerful narratives that justify the status quo, crafting new stories that reflect our interconnection, and offering creative approaches to seemingly intractable problems.Imagination: A Manifesto offers visionary examples and tactics to push beyond the constraints of what we think, and are told, is possible. This book is for anyone who is ready to take to heart Toni Morrison’s instruction: “Dream a little before you think.”","WW Norton",2024-02-06,,,,,,,,,,,,,,,,,,2025-09-09,1
book,"On Landscapes","Susan Herrington",Susan,Herrington,Philosophy,9780415991254,0415991250,"There is no escaping landscape: it's everywhere and part of everyone's life. Landscapes have received much less attention in aesthetics than those arts we can choose to ignore, such as painting or music ¿ but they can tell us a lot about the ethical and aesthetic values of the societies that produce them. Drawing on examples from a wide range of landscapes from around the world and throughout history, Susan Herrington considers the ways landscapes can affect our emotions, our imaginations, and our understanding of the passage of time. On Landscapes reveals the design work involved in even the most naturalistic of landscapes, and the ways in which contemporary landscapes are turning the challenges of the industrial past into opportunities for the future. Inviting us to thoughtfully see and experience the landscapes that we encounter in our daily lives, On Landscapes demonstrates that art is all around us.","Taylor & Francis Group",2008-10-15,,,,,160,,,,,,,,,,,,,2025-09-09,1
book,"Religion in Human Evolution: From the Paleolithic to the Axial Age","Robert N. Bellah",Robert,Bellah,Philosophy,9780674061439,0674061438,"From the Paleolithic to the Axial Age","Belknap Press of Harvard University Press",2011-09-15,,,,,784,,,,,,,,,,,,,2025-09-09,1
book,"The Axial Age and Its Consequences","Robert N. Bellah (Editor), Hans Joas (Editor)",Robert,(Editor),Philosophy,9780674066496,0674066499,"The first classics in human history--the early works of literature, philosophy, and theology to which we have returned throughout the ages--appeared in the middle centuries of the first millennium bce. The canonical texts of the Hebrew scriptures, the philosophical writings of Plato and Aristotle, the Analects of Confucius and the Daodejing, the Bhagavad Gita and the teachings of the Buddha--all of these works came down to us from the compressed period of history that Karl Jaspers memorably named the Axial Age. In The Axial Age and Its Consequences, Robert Bellah and Hans Joas make the bold claim that intellectual sophistication itself was born worldwide during this critical time. Across Eurasia, a new self-reflective attitude toward human existence emerged, and with it an awakening to the concept of transcendence. From Axial Age thinkers we inherited a sense of the world as a place not just to experience but to investigate, envision, and alter through human thought and action. Bellah and Joas have assembled diverse scholars to guide us through this astonishing efflorescence of religious and philosophical creativity. As they explore the varieties of theorizing that arose during the period, they consider how these in turn led to utopian visions that brought with them the possibility of both societal reform and repression. The roots of our continuing discourse on religion, secularization, inequality, education, and the environment all lie in Axial Age developments. Understanding this transitional era, the authors contend, is not just an academic project but a humanistic endeavor.","Harvard University Press",2012-10-31,,,,,500,,,,,,,,,,,,,2025-09-09,1
book,"Is Eating People Wrong?","Allan C. Hutchinson",Allan,Hutchinson,Philosophy,9780521188517,0521188512,"Great cases are those judicial decisions around which the common law develops. This book explores eight exemplary cases from the United Kingdom, the United States and Australia that show the law as a living, breathing and down-the-street experience. It explores the social circumstances in which the cases arose and the ordinary people whose stories influenced and shaped the law as well as the characters and institutions (lawyers, judges and courts) that did much of the heavy lifting. By examining the consequences and fallout of these decisions, the book depicts the common law as an experimental, dynamic, messy, productive, tantalizing and bottom-up process, thereby revealing the diverse and uncoordinated attempts by the courts to adapt the law to changing conditions and shifting demands. Great cases are one way to glimpse the workings of the common law as an untidy but stimulating exercise in human judgment and social accomplishment.","Cambridge University Press",2010-11-30,,,,,257,,,,,,,,,,,,,2025-09-09,1
book,"The First Sense","Matthew Fulkerson",Matthew,Fulkerson,Philosophy,9780262019965,0262019965,"An empirically informed philosophical account of human touch as a single, unified sensory modality that plays a central role in perception. It is through touch that we are able to interact directly with the world; it is our primary conduit of both pleasure and pain. Touch may be our most immediate and powerful sense—“the first sense” because of the central role it plays in experience. In this book, Matthew Fulkerson proposes that human touch, despite its functional diversity, is a single, unified sensory modality. Fulkerson offers a philosophical account of touch, reflecting the interests, methods, and approach that define contemporary philosophy; but his argument is informed throughout by the insights and constraints of empirical work on touch. Human touch is a multidimensional object of investigation, Fulkerson writes, best served by using a variety of methods and approaches. To defend his view of the unity of touch, Fulkerson describes and argues for a novel, unifying role for exploratory action in touch. He goes on to fill in the details of this unified, exploratory form of perception, offering philosophical accounts of tool use and distal touch, the representational structure of tangible properties, the spatial content of touch, and the role of pleasure in tactual experience. Fulkerson's argument for the unique role played by exploratory action departs notably from traditional vision-centric philosophical approaches to perception, challenging the received view that action plays the same role in all sensory modalities. The robust philosophical account of touch he offers in The First Sense has significant implications for our general understanding of perception and perceptual experience.","MIT Press",2013-12-06,,,,,237,,,,,,,,,,,,,2025-09-09,1
book,"Hegel and Shakespeare on Moral Imagination","Jennifer Ann Bates",Jennifer,Bates,Philosophy,9781438432427,1438432429,"Study of self-consciousness in Hegel and Shakespeare.In this fascinating book, Jennifer Ann Bates examines shapes of self-consciousness and their roles in the tricky interface between reality and drama. Shakespeare's plots and characters are used to shed light on Hegelian dialectic, and Hegel's philosophical works on art and politics are used to shed light on Shakespeare's dramas. Bates focuses on moral imagination and on how interpretations of drama and history constrain it. For example: how much luck and necessity drive a character's actions? Would Coriolanus be a better example than Antigone in Hegel's account of the Kinship-State conflict? What disorients us and makes us morally stuck? The sovereign self, the moral pragmatics of wit, and the relationship between law, tragedy, and comedy are among the multifaceted considerations examined in this incisive work. Along the way, Bates traces the development of deleterious concepts such as fate, anti-Aufhebung, crime, evil, and hypocrisy, as well as helpful concepts such as wonder, judgment, forgiveness, and justice","State University of New York Press",2011-07-02,,,,,,,,,,,,,,,,,,2025-09-09,1
book,"Shame and Necessity","Bernard Williams",Bernard,Williams,Philosophy,9780520256439,0520256433,"We tend to suppose that the ancient Greeks had primitive ideas of the self, of responsibility, freedom, and shame, and that now humanity has advanced from these to a more refined moral consciousness. Bernard Williams's original and radical book questions this picture of Western history. While we are in many ways different from the Greeks, Williams claims that the differences are not to be traced to a shift in these basic conceptions of ethical life. We are more like the ancients than we are prepared to acknowledge, and only when this is understood can we properly grasp our most important differences from them, such as our rejection of slavery. The author is a philosopher, but much of his book is directed to writers such as Homer and the tragedians, whom he discusses as poets and not just as materials for philosophy. At the center of his study is the question of how we can understand Greek tragedy at all, when its world is so far from ours. Williams explains how it is that when the ancients speak, they do not merely tell us about themselves, but about ourselves. In a new foreword A.A. Long explores the impact of this volume in the context of Williams's stunning career.","Univ of California Press",2008-04-15,,,,,254,,,,,,,,,,,,,2025-09-09,1
book,"The Gadamer Reader","Hans-Georg Gadamer, Richard E. Palmer",Hans-Georg,Gadamer,Philosophy,9780810119888,0810119889,"This volume begins with an autobiographical sketch and culminates in a conversation with Jean Grondin that looks back over a lifetime of productive philosophical work.","Northwestern University Press",2007-11-21,,,,,479,,,,,,,,,,,,,2025-09-09,1
book,"Individuality and Entanglement: The Moral and Material Bases of Social Life","Herbert Gintis",Herbert,Gintis,Philosophy,9780691172910,0691172919,"A richly transdisciplinary account of some fundamental characteristics of human societies and behaviorIn this book, acclaimed economist Herbert Gintis ranges widely across many fields―including economics, psychology, anthropology, sociology, moral philosophy, and biology―to provide a rigorous transdisciplinary explanation of some fundamental characteristics of human societies and social behavior. Because such behavior can be understood only through transdisciplinary research, Gintis argues, Individuality and Entanglement advances the effort to unify the behavioral sciences by developing a shared analytical framework―one that bridges research on gene-culture coevolution, the rational-actor model, game theory, and complexity theory. At the same time, the book persuasively demonstrates the rich possibilities of such transdisciplinary work.Everything distinctive about human social life, Gintis argues, flows from the fact that we construct and then play social games. Indeed, society itself is a game with rules, and politics is the arena in which we affirm and change these rules. Individuality is central to our species because the rules do not change through inexorable macrosocial forces. Rather, individuals band together to change the rules. Our minds are also socially entangled, producing behavior that is socially rational, although it violates the standard rules of individually rational choice. Finally, a moral sense is essential for playing games with socially constructed rules. People generally play by the rules, are ashamed when they break the rules, and are offended when others break the rules, even in societies that lack laws, government, and jails.Throughout the book, Gintis shows that it is only by bringing together the behavioral sciences that such basic aspects of human behavior can be understood.","Princeton University Press",2016-11-08,,,,,,,,,,,,,,,,,,2025-09-09,1
book,"Idealism and the Endgame of Theory: Three Essays","Friedrich Wilhelm Joseph Von Schelling, Thomas Pfau",Friedrich,Schelling,Philosophy,9780791417102,0791417107,,,1751-01-01,,,,,,,,,,,,,,,,,,2025-09-09,1
book,"Anger and Forgiveness","Martha C. Nussbaum",Martha,Nussbaum,Philosophy,9780199335879,0199335877,"We live in a culture of apology and forgiveness. But while there are a few thinkers who criticize forgiveness in favor of retribution, philosopher and intellectual Martha C. Nussbaum is unique in criticizing the supposed virtue from the other side: forgiveness, Nussbaum asserts, is at itsheart inquisitorial and disciplinary. In this book based on her 2014 Locke Lectures, Nussbaum hones in first on anger and then on forgiveness, so vigorously championed today as a replacement emotion. Arguing that anger includes not only the idea of a serious wrong but also the idea that it would be a good thing if the wrongdoer sufferedsome bad consequence, Nussbaum asserts that anger, so understood, is always normatively problematic in one or the other of two possible ways. One way makes the mistake of thinking that the suffering of the wrongdoer restores the thing that was damaged. The other requires the victim to see the injuryas about relative status and only about that. While anger is sometimes useful as a signal that things have gone wrong, as a motive to address them, and as a deterrent to wrongdoing, its core ideas are profoundly flawed: either incoherent in the first case, or normatively ugly in the second. Neitheris anger as useful as it is often taken to be.Nussbaum goes on to strip the notion of forgiveness down to its Judeo-Christian roots, where the primary moral relationship is that between an omniscient score-keeping God and erring, penitent mortals. The relationship between a wronged human and another is, she says, based on this primary God-humanrelationship. Nussbaum agrees with Nietzsche in seeing in Judeo-Christian forgiveness a displaced vindictiveness and a concealed resentment that are ungenerous and unhelpful in human relations. The process of forgiveness can bolster a narcissistic resentment better eschewed in favor of a newparadigm based on generosity, justice, and truth.","Oxford University Press",2016-04-06,,,,,272,,,,,,,,,,,,,2025-09-09,1
book,Stone,"John Sallis",John,Sallis,Philosophy,9780253208880,0253208882,"""Stunning insights into Renaissance aesthetic theory. . . a rigorous and critical assessment of key moments in the Western aesthetic tradition, speaks beyond the audience of philosophers and literary critics . . ."" ?Renaissance Quarterly""Stone challenges the simple opposition of philosophy and art . . . in a style that has the directness of sculpture."" ?John LlewelynIn an elegant and provocative text enhanced by photographs, John Sallis offers an important new theory of philosophy and art. He takes up the various guises and settings in which stone appears and what philosophers have said about the beauty of stone.","Indiana University Press",1994-10-22,,,,,,,,,,,,,,,,,,2025-09-09,1
book,"Philosophy in the Flesh","George Lakoff, Mark Johnson",George,Lakoff,Philosophy,9780465056743,0465056741,"Reexamines the Western philosophical tradition, looking at the basic concepts of the mind, time, causation, morality, and the self.","Basic Books",1999-01-01,,,,,624,,,,,,,,,,,,,2025-09-09,1
book,"The Archaeology of Knowledge & The Discourse on Language","Michel Foucault",Michel,Foucault,Philosophy,9780394711065,0394711068,,Pantheon,,,,,,,,,,,,,,,,,,,2025-09-09,1
book,"Consciousness and Society","H. Stuart Hughes, Stanley Hoffman",H.,Hughes,Philosophy,9780765809186,0765809184,"H. Stuart Hughes was perhaps the greatest chronicler of the modern intellectual history of Europe. His monumental work, Consciousness and Society, was a benchmark. The original publication of the book marks the first time an author undertook with such power or so broad a scope the canvas used by the generation of 1890's Europe. When it was first published, Consciousness and Society was greeted with much respect and admiration. It still affects the way historians and political theorists approach their work. Hughes' ideas, and the way they are expressed in Consciousness and Society, have become paradigms of twentieth-century scholarship. In dealing with the changing social thought after 1890 in Europe, Hughes covers a wide array of thinkers and issues in a scholarly, yet graceful manner. His is a study of the ""cluster of genius"" of Europe at that time: Croce, Durkheim, Freud, Weber, and Nietzsche, as well as other great European minds. The book explores questions that are still relevant in today's society: Is the separation of facts and values tenable, or even desirable? Can rationality accommodate the ideas of a Bergson or a Freud? Is there, or should there be, a relationship between science and religion? And does history have any ultimate meaning for later generations? Consciousness and Society was the first of a trilogy, the latter two being The Obstructed Path and The Sea Change. While the subsequent studies are also groundbreaking and significant works, it was Consciousness and Society that established Hughes' rank in the field of intellectual history. Hughes approaches his subjects, as he later did with pertinent issues of the twentieth-century, with both reason and compassion. This edition includes an elegant new introduction by the distinguished political scientist Stanley Hoffmann.","Transaction Publishers",2002-06-11,,,,,,,,,,,,,,,,,,2025-09-09,1
book,"Ethics, with the Treatise on the Emendation of the Intellect, and Selected Letters","Benedictus de Spinoza, Seymour Feldman (Editor), Samuel Shirley (Translator)",Benedictus,Spinoza,Philosophy,9780872201309,0872201309,"Since their publication in 1982, Samuel Shirley's translations of Spinoza's Ethics and Selected Letters have been commended for their accuracy and readability. Now with the addition of his new translation of Treatise on the Emendation of the Intellect this enlarged edition will be even more useful to students of Spinoza's thought.","Hackett Publishing Company, Incorporated",1992-11-01,,,,,304,,,,,,,,,,,,,2025-09-09,1
book,"Efficient Causation: A History","Tad M. Schmaltz",Tad,Schmaltz,Philosophy,9780199782178,0199782172,"Causation is now commonly supposed to involve a succession that instantiates some law-like regularity. Efficient Causation: A History examines how our modern notion developed from a very different understanding of efficient causation. This volume begins with Aristotle's initial conception of efficient causation, and then considers the transformations and reconsiderations of this conception in late antiquity, medieval and modern philosophy, ending with contemporary accounts of causation. It includes four short ""Reflections"" that explore the significance of the concept for literature, the history of music, the history of science, and contemporary art theory.","Oxford University Press",2014-10-08,,,,,,,,,,,,,,,,,,2025-09-09,1
book,"Gravity and Grace","Simone Weil, Arthur Wills (Translator), Gustave Thibon (Introduction by), Thomas R. Nevin (Introduction by), Simone Weil",Simone,Weil,Philosophy,9780803298002,0803298005,"Simone Weil, the French philosopher, political activist, and religious mystic, was little known when she died young in 1943. Four years later the philosopher-farmer Gustave Thibon compiled La pesanteur et la grâce from the notebooks she left in his keeping. In 1952 this English translation accelerated the fame and influence of Simone Weil.   The striking aphorisms in Gravity and Grace reflect the religious philosophy of Weil's last years. Written at the onset of World War II, when her health was deteriorating and her left-wing social activism was giving way to spiritual introspection, this masterwork makes clear why critics have called Simone Weil ""a great soul who might have become a saint"" and ""the Outsider as saint, in an age of alienation.""","University of Nebraska Press",1997-11-01,,,,,236,,,,,,,,,,,,,2025-09-09,1
book,"Cybernetics or Control and Communication in the Animal and the Machine","Norbert Wiener",Norbert,Wiener,Philosophy,9780262730099,026273009X,"Acclaimed one of the ""seminal books...comparable in ultimate importance to...Galileo or Malthus or Rousseau or Mill,"" Cybernetics was judged by twenty-seven historians, economists, educators, and philosophers to be one of those books published during the ""past four decades,"" which may have a substantial impact on public thought and action in the years ahead. -- Saturday Review","MIT Press",1965-03-15,,,,,232,,,,,,,,,,,,,2025-09-09,1
book,"Making Things Happen","James Woodward",James,Woodward,Philosophy,9780195189537,0195189531,"Woodward's long awaited book is an attempt to construct a comprehensive account of causation explanation that applies to a wide variety of causal and explanatory claims in different areas of science and everyday life. The book engages some of the relevant literature from other disciplines, asWoodward weaves together examples, counterexamples, criticisms, defenses, objections, and replies into a convincing defense of the core of his theory, which is that we can analyze causation by appeal to the notion of manipulation.","Oxford University Press",2005-09-29,,,,,432,,,,,,,,,,,,,2025-09-09,1
book,"The Broken Middle: Out of Our Ancient Society","Gillian Rose",Gillian,Rose,Philosophy,9780631182214,0631182217,"The Broken Middle offers a startlingly original rethinking of the modern philosophical tradition and fundamentally rejects the anti-philosophy and anti-theory of post-modernity. Extending across the disciplines from philosophy to theology, Judaica, law, social and political theory, literary criticism, feminism and architecture, this book stakes itself on a renewed potential for sustained critique. Against the grain of much contemporary thought, this work of criticism offers the reader a way beyond the spurious alternatives of ""totalization"" or acknowledgement of the ""other"". The Broken Middle expounds the phenomenology of the diremption of law and ethics. By reconstructing the suppressed political history of modernity, it shows that contemporary thought belongs to a tradition which has become ancient. Following this drama in the configuration of anxiety of beginning, equivocation of the ethical, and agon of authorship, the logos opens out of the pathos of the concept.",Wiley-Blackwell,1992-04-08,,,,,356,,,,,,,,,,,,,2025-09-09,1
book,"After Utopia: The Decline of Political Faith","Judith N. Shklar, Samuel Moyn",Judith,Shklar,Philosophy,9780691200859,0691200858,"A political philosophy classic from one of the foremost political thinkers of the twentieth centuryAfter Utopia was Judith Shklar’s first book, a harbinger of her renowned career in political philosophy. Throughout the many changes in political thought during the last half century, this important work has withstood the test of time. In After Utopia, Shklar explores the decline of political philosophy, from Enlightenment optimism to modern cultural despair, and she offers a critical, creative analysis of this downward trend. She looks at Romantic and Christian social thought, and she shows that while the present political fatalism may be unavoidable, the prophets of despair have failed to explain the world they so dislike, leaving the possibility of a new and vigorous political philosophy. With a foreword by Samuel Moyn, examining After Utopia’s continued relevance, this current edition introduces a remarkable synthesis of ideas to a new generation of readers.","Princeton University Press",2020-04-07,,,,,,,,,,,,,,,,,,2025-09-09,1
book,"Ordinary Vices","Judith N. Shklar",Judith,Shklar,Philosophy,9780674641761,0674641760,,"Belknap Press",1985-07-01,,,,,278,,,,,,,,,,,,,2025-09-09,1
book,"⿻ 數位 Plurality","Audrey Tang, ⿻, Community (Contribution by), E. Weyl",Audrey,Tang,Philosophy,9798321247181,,"In the vast, boundless expanse of Plurality, each life is a unique and precious existence...Regardless of how perilous external circumstances may be...(l)et us take positive action to allow the seeds of shared goodness to break through the earth and blossom into flower of empathy, joy and harmony. -- His Holiness the Dalai Lama XIV of Tibet In a technologically advanced, politically challenging, and rapidly evolving 21st century, what does a free and open future look like? Glen, Audrey and their coauthors offer a compelling view of a way forward. -- Vitalik Buterin, Founder of Ethereum Democracy has been a confrontation between opposing values. In Taiwan, however, it has become a conversation among a diversity of values. Audrey Tang has shown us how to create a ""digital democracy"" that transcends the constraints of ideology - that is the major contribution of this book. -- Tsai Ing-wen, President of the ROC (Taiwan) They offer us a portal into a future where technology supports democracy, pluralism, and broad human flourishing. We know this future is possible because Tang has been building it in Taiwan. The conceptual foundations laid here usher in a much-needed paradigm change for modern life. -- Danielle S. Allen, political philosopher, James Bryant Conant University Professor at Harvard, MacArthur Fellow, and author of Our Declaration and Cuz Plurality reads like optimistic sci-fi, already happening in real life! Can democracies around the world follow in Taiwan's footsteps to upgrade free society for the digital age? Fingers crossed for a happy ending. -- Joseph Gordon-Levitt, Emmy-winning artist and founder of HITRECORD Digital technology threatens to tear free and open societies apart through polarization, inequality, and loneliness. But in the decade since the weekslong occupation of their parliament, a diverse island of resilience has shown another way is possible. Taiwan achieved inclusive, technology-fueled growth, overcame the pandemic without lockdowns and the infodemic without takedowns, entrusted its people to tackle shared challenges like environmental protection while capitalizing on a culture of innovation to ""hack the government."" Here, the architects of Taiwan's internationally acclaimed digital democracy share the secret of their success. Plurality (symbolized ⿻) harnesses digital tools not to replace humans or trust, but to channel the potential energy in social diversity that can erupt in conflict instead for progress, growth and beauty. From intimate digitally empowered telepathy to global trade running on social networks rather than money, ⿻ offers tools to radically enrich relationships while leaving no one behind. ⿻ thus promises to transform every sector from healthcare to media, as illustrated by the way it has been written: as a chorus of open, self-governing collaboration of voices from around the globe. Their work in public on this openly available text shows -- as well as tells -- how everyone from a devout African farmer to a Hollywood celebrity can help build a more dynamic, harmonious and inclusive world. E. Glen Weyl is Founder of RadicalxChange, Microsoft Research's Plural Technology Collaboratory, & Plurality Institute & co-author of Radical Markets. Audrey Tang is the inaugural Minister of Digital Affairs in Taiwan & the inaugural ⚧️ minister in the 🌐. A global ⿻ community of dozens collaborated to create this first-ever open-source self-governed book harnessing tools described within. You are invited to join us at https://www.plurality.net","Independently Published",2024-04-16,,,,,584,,,,,,,,,,,,,2025-09-09,1
book,"The Computer and the Brain","John von Neumann",John,Neumann,Philosophy,9780300181111,0300181116,,"Yale University Press",2012-08-28,,,,,136,,,,,,,,,,,,,2025-09-09,1
book,"Human Life, Action and Ethics","Mary Geach (Editor), Luke Gormally (Editor), G. E. M. Anscombe (Editor)",Mary,(Editor),Philosophy,9781845400613,1845400615,"This volume presents a collection of essays by the celebrated philosopher Elizabeth Anscombe. This collection includes papers on human nature and practical philosophy, together with the classic 'Modern Moral Philosophy'.","Imprint Academic",2006-04-01,,,,,300,,,,,,,,,,,,,2025-09-09,1
book,"The Mathematical Theory of Communication","Claude E. Shannon",Claude,Shannon,Philosophy,9780252725487,0252725484,"Scientific knowledge grows at a phenomenal pace--but few books have had as lasting an impact or played as important a role in our modern world as The Mathematical Theory of Communication, published originally as a paper on communication theory in the Bell System Technical Journal more than fifty years ago. Republished in book form shortly thereafter, it has since gone through four hardcover and sixteen paperback printings. It is a revolutionary work, astounding in its foresight and contemporaneity. The University of Illinois Press is pleased and honored to issue this commemorative reprinting of a classic.","University of Illinois Press",1971-01-01,,,,,144,,,,,,,,,,,,,2025-09-09,1
book,"The Embodied Mind","Francisco J. Varela, Eleanor Rosch, Evan T. Thompson",Francisco,Varela,Philosophy,9780262720212,0262720213,"The Embodied Mind provides a unique, sophisticated treatment of the spontaneous and reflective dimension of human experience. The authors argue that only by having a sense of common ground between mind in Science and mind in experience can our understanding of cognition be more complete. Toward that end, they develop a dialogue between cognitive science and Buddhist meditative psychology and situate it in relation to other traditions such as phenomenology and psychoanalysis.","MIT Press",1992-11-13,,,,,328,,,,,,,,,,,,,2025-09-09,1
book,"Birth of the Clinic, The: An Archaeology of Medical Perception","Michel Foucault",Michel,Foucault,Philosophy,9780679753346,0679753346,,Vintage,1994-01-01,,,,,,,,,,,,,,,,,,2025-09-09,1
book,"Discipline & Punish: The Birth of the Prison","Michel Foucault",Michel,Foucault,Philosophy,9780679752554,0679752552,"Beginning with the emergence of Western penal methods in the seventeenth century, the noted French philosopher explores the role of prisons in society and shows that prisons today, as always, simply define, refine, and perpetuate crime. Reprint.",Vintage,1995-04-25,,,,,352,,,,,,,,,,,,,2025-09-09,1
book,"As Gods Among Men: A History of the Rich in the West","Guido Alfani",Guido,Alfani,Philosophy,9780691215730,0691215731,"""In this masterly book, [Alfani] offers an insightful long-run perspective and fascinating lessons for the future. A must-read!""—Thomas Piketty, author of Capital in the Twenty-First CenturyA sweeping narrative that shows how the rich historically justified themselves by helping their societies in times of crisis, why they no longer do, and what that may mean for social stabilityThe rich have always fascinated, sometimes in problematic ways. Medieval thinkers feared that the super-rich would act 'as gods among men’; much more recently Thomas Piketty made wealth central to discussions of inequality. In this book, Guido Alfani offers a history of the rich and super-rich in the West, examining who they were, how they accumulated their wealth and what role they played in society. Covering the last thousand years, with frequent incursions into antiquity, and integrating recent research on economic inequality, Alfani finds—despite the different paths to wealth in different eras—fundamental continuities in the behaviour of the rich and public attitudes towards wealth across Western history. His account offers a novel perspective on current debates about wealth and income disparity.Alfani argues that the position of the rich and super-rich in Western society has always been intrinsically fragile; their very presence has inspired social unease. In the Middle Ages, an excessive accumulation of wealth was considered sinful; the rich were expected not to appear to be wealthy. Eventually, the rich were deemed useful when they used their wealth to help their communities in times of crisis. Yet in the twenty-first century, Alfani points out, the rich and the super-rich—their wealth largely preserved through the Great Recession and COVID-19—have been exceptionally reluctant to contribute to the common good in times of crisis, rejecting even such stopgap measures as temporary tax increases. History suggests that this is a troubling development—for the rich, and for everyone else.","Princeton University Press",2023-12-05,,,,,,,,,,,,,,,,,,2025-09-09,1
book,Propaganda,"Edward Bernays",Edward,Bernays,Philosophy,9780970312594,0970312598,"Reprint of a seminal 1928 work from the father of public relations and modern political spin","Ig Publishing",2004-09-01,,,,,175,,,,,,,,,,,,,2025-09-09,1
book,"The Extended Mind","Richard Menary",Richard,Menary,Philosophy,9780262518017,0262518015,"Leading scholars respond to the famous proposition by Andy Clark and David Chalmers that cognition and mind are not located exclusively in the head. Where does the mind stop and the rest of the world begin? In their famous 1998 paper ""The Extended Mind,"" philosophers Andy Clark and David J. Chalmers posed this question and answered it provocatively: cognitive processes ""ain't all in the head."" The environment has an active role in driving cognition; cognition is sometimes made up of neural, bodily, and environmental processes. Their argument excited a vigorous debate among philosophers, both supporters and detractors. This volume brings together for the first time the best responses to Clark and Chalmers's bold proposal. These responses, together with the original paper by Clark and Chalmers, offer a valuable overview of the latest research on the extended mind thesis. The contributors first discuss (and answer) objections raised to Clark and Chalmers's thesis. Clark himself responds to critics in an essay that uses the movie Memento's amnesia-aiding notes and tattoos to illustrate the workings of the extended mind. Contributors then consider the different directions in which the extended mind project might be taken, including the need for an approach that focuses on cognitive activity and practice.","A Bradford Book",2012-08-17,,,,,392,,,,,,,,,,,,,2025-09-09,1
book,Individuals,"P. F. Strawson",P.,Strawson,Philosophy,9780415051859,0415051851,"Since its publication in 1959, Individuals has become a modern philosophical classic. Bold in scope and ambition, it continues to influence debates in metaphysics, philosophy of logic and language, and epistemology. Peter Strawson's most famous work, it sets out to describe nothing less than the basic subject matter of our thought. It contains Strawson's now famous argument for descriptive metaphysics and his repudiation of revisionary metaphysics, in which reality is something beyond the world of appearances. Throughout, Individuals advances some highly influential and controversial ideas, such as 'non-solipsistic consciousness' and the concept of a person a 'primitive concept'","Routledge, Chapman & Hall, Incorporated",1959-01-01,,,,,260,,,,,,,,,,,,,2025-09-09,1
book,"Why War?","Richard Overy",Richard,Overy,Philosophy,9780241567616,0241567610,"A richly absorbing book... Overy is unquestionably one of our finest living historians - The Daily TelegraphWhy has warfare always been part of the human story?From biology to belief, what explains the persistence of violent conflict?What light can this shed on humanity’s past – and its future?There can be few more important but also more contentious issues than attempting to understand the human propensity for conflict. Our history is inextricably tangled in wave after wave of inter-human fighting from as far back as we have records.Repeatedly humans have foresworn war, have understood its appalling risks and have wished to create more pacific, productive societies. And yet almost inevitably circumstances emerge under which war once more seems inevitable or even desirableHow can we make sense of what Einstein called 'the dark places of human will and feeling'? Richard Overy draws on a lifetime's study of conflict to write this challenging account of how we can understand the causes of war. Looking at every facet of war from biology to belief, psychology to security, Overy allows readers to understand the many contradictory or self-reinforcing ways in which warfare can suddenly appear a legitimate option, and why it is likely to be part of our future as well as our past.",Pelican,2025-08-26,,,,,,,,,,,,,,,,,,2025-09-09,1
book,"Justice by Means of Democracy","Danielle Allen",Danielle,Allen,Philosophy,9780226777092,022677709X,"From leading thinker Danielle Allen, a bold and urgent articulation of a new political philosophy: power-sharing liberalism. At a time of great social and political turmoil, when many residents of the leading democracies question the ability of their governments to deal fairly and competently with serious public issues, and when power seems more and more to rest with the wealthy few, this book reconsiders the very foundations of democracy and justice. Scholar and writer Danielle Allen argues that the surest path to a just society in which all are given the support necessary to flourish is the protection of political equality; that justice is best achieved by means of democracy; and that the social ideals and organizational design principles that flow from recognizing political equality and democracy as fundamental to human well-being provide an alternative framework not only for justice but also for political economy. Allen identifies this paradigm-changing new framework as “power-sharing liberalism.” Liberalism more broadly is the philosophical commitment to a government grounded in rights that both protect people in their private lives and empower them to help govern public life. Power-sharing liberalism offers an innovative reconstruction of liberalism based on the principle of full inclusion and non-domination—in which no group has a monopoly on power—in politics, economy, and society. By showing how we all might fully share power and responsibility across all three sectors, Allen advances a culture of civic engagement and empowerment, revealing the universal benefits of an effective government in which all participate on equal terms.","University of Chicago Press",2023-04-28,,,,,,,,,,,,,,,,,,2025-09-09,1
book,"Consolationism and Comparative African Philosophy: Beyond Universalism and Particularism","Ada Agada",Ada,Agada,Philosophy,9780367776220,0367776227,"In a major challenge to African philosophy, this book demonstrates the importance of the universalisation question for every committed African philosopher. Rooted in Africa’s colonial legacy, the universalisation question challenges the African thinker to show how authentically African philosophical concepts and phenomena can be universally applicable in a globalising world.In this highly original book, the author inserts the philosophy of consolationism into African philosophical discourse, constructing a unique philosophical system that is at once African and universally relevant. The book engages major African and Western philosophers of diverse ideological leanings in a compelling dialogue that announces the future of world philosophy as one of interculturality, in which a common philosophical horizon is forged out of the cultural diversities of the world for the edification of humanity in a continually changing world.This book will be an important read for researchers in the fields of African Studies, intercultural philosophy, philosophy of mind, and existentialism.",Routledge,2023-05-31,,,,,,,,,,,,,,,,,,2025-09-09,1
book,"Meaning in Life and Why It Matters","Susan Wolf",Susan,Wolf,Philosophy,9780691145242,0691145245,,"Princeton University Press",2010-03-21,,,,,168,,,,,,,,,,,,,2025-09-09,1
book,"Caliban's Reason: Introducing Afro-Caribbean Philosophy","Paget Henry",Paget,Henry,Philosophy,9780415926461,0415926467,"Paget introduces the general reader to Afro-Caribbean philosophy in this ground-breaking work. Since Afro-Caribbean thought is inherently hybrid in nature, he traces the roots of this discourse in traditional African thought and in the Christian and Enlightenment traditions of Western Europe.",Routledge,2000-03-07,,,,,,,,,,,,,,,,,,2025-09-09,1
book,"Reimagining Capitalism in a World on Fire","Rebecca Henderson",Rebecca,Henderson,Philosophy,9781541730144,1541730143,"A renowned Harvard professor debunks prevailing orthodoxy with a new intellectual foundation and a practical pathway forward for a system that has lost its moral and ethical foundation.Free market capitalism is one of humanity's greatest inventions and the greatest source of prosperity the world has ever seen. But this success has been costly. Capitalism is on the verge of destroying the planet and destabilizing society as wealth rushes to the top. The time for action is running short.Rebecca Henderson's rigorous research in economics, psychology, and organizational behavior, as well as her many years of work with companies around the world, give us a path forward. She debunks the worldview that the only purpose of business is to make money and maximize shareholder value. She shows that we have failed to reimagine capitalism so that it is not only an engine of prosperity but also a system that is in harmony with environmental realities, the striving for social justice, and the demands of truly democratic institutions. Henderson's deep understanding of how change takes place, combined with fascinating in-depth stories of companies that have made the first steps towards reimagining capitalism, provide inspiring insight into what capitalism can be. Together with rich discussions of important role of government and how the worlds of finance, governance, and leadership must also evolve, Henderson provides the pragmatic foundation for navigating a world faced with unprecedented challenge, but also with extraordinary opportunity for those who can get it right.",PublicAffairs,2021-05-11,,,,,,,,,,,,,,,,,,2025-09-09,1
book,"Military History for the Modern Strategist: America's Major Wars Since 1861","Michael O'Hanlon",Michael,O'Hanlon,Philosophy,9780815739838,0815739834,"The recent conclusion to the war in Afghanistan - America's longest and one of its most frustrating - serves as a vivid reminder of the unpredictability and tragedy of war. In this timely book, esteemed military expert Michael O'Hanlon examines America's major conflicts since the mid-1800s: the Civil War, the two World Wars, Korea, Vietnam, Iraq, and Afghanistan. O'Hanlon addresses profound questions. How successful has the United States been when it waged these wars? Were the wars avoidable? Did America's leaders know what they were getting into when they committed to war? And what lessons does history offer for future leaders contemplating war?-including the prospects for avoiding war in the first place. Certainly, Vladimir Putin should have thought harder about some of these questions before invading Ukraine. O'Hanlon looks for overarching trends and themes, along with the lessons for the military strategists and political leaders of today and tomorrow. His main lessons include the observations that war is usually far more difficult than expected, and that its outcomes are rarely predictable. O'Hanlon's unique book - combining brevity and clarity with a broad conceptual approach -is an important for students of security studies at universities and war colleges as well as generalists.","Bloomsbury Academic",2023-01-24,,,,,,,,,,,,,,,,,,2025-09-09,1
book,"Introspection and Consciousness","Assistant Professor of Philosophy Declan Smithies, Professor of Philosophy Daniel Stoljar",Assistant,Smithies,Philosophy,9780199744794,0199744793,"The topic of introspection stands at the interface between questions in epistemology about the nature of self-knowledge and questions in the philosophy of mind about the nature of consciousness. What is the nature of introspection such that it provides us with a distinctive way of knowing about our own conscious mental states? And what is the nature of consciousness such that we can know about our own conscious mental states by introspection? How should we understand the relationship between consciousness and introspective self-knowledge? Should we explain consciousness in terms of introspective self-knowledge or vice versa? Until recently, questions in epistemology and the philosophy of mind were pursued largely in isolation from one another. This volume aims to integrate these two lines of research by bringing together fourteen new essays and one reprinted essay on the relationship between introspection, self-knowledge, and consciousness.","Oxford University Press, USA",2012-07-11,,,,,,,,,,,,,,,,,,2025-09-09,1
book,"Time and Free Will: An Essay on the Immediate Data of Consciousness","Henri Bergson",Henri,Bergson,Philosophy,9780486417677,0486417670,,"Dover Publications",2001-06-07,,,,,288,,,,,,,,,,,,,2025-09-09,1
book,"On Combat: The Psychology and Physiology of Deadly Conflict in War and in Peace","Dave Grossman, Loren W. Christensen",Dave,Grossman,Philosophy,9780964920545,0964920549,"On Combat, The Psychology and Physiology of Deadly Conflict in War and in Peace","Warrior Science Publications",2008-09-01,,,,,403,,,,,,,,,,,,,2025-09-09,1
book,Nietzsche,"Lou Andreas-Salomé",Lou,Andreas-Salomé,Philosophy,9780252070358,0252070356,"This English translation of Friedrich Nietzsche in seinen Werken offers a rare, intimate view of the philosopher by Lou Salomé, a free-thinking, Russian-born intellectual to whom Nietzsche proposed marriage at only their second meeting. Published in 1894 as its subject languished in madness, Salomé's book rode the crest of a surge of interest in Nietzsche's iconoclastic philosophy. She discusses his writings and such biographical events as his break with Wagner, attempting to ferret out the man in the midst of his works. Salomé's provocative conclusion -- that Nietzsche's madness was the inevitable result of his philosophical views -- generated considerable controversy. Nietzsche's sister, Elisabeth Förster-Nietzsche, dismissed the book as a work of fantasy. Yet the philosopher's longtime acquaintance Erwin Rohde wrote, ""Nothing better or more deeply experienced or perceived has ever been written about Nietzsche."" Siegfried Mandel's extensive introduction examines the circumstances that brought Lou Salomé and Nietzsche together and the ideological conflicts that drove them apart.","University of Illinois Press",2001-01-01,,,,,168,,,,,,,,,,,,,2026-03-03,1
book,"The Proper Study of Mankind: An Anthology of Essays","Isaiah Berlin, Roger Hausheer, Henry Hardy, Roger Hausneer",Isaiah,Berlin,Philosophy,9780374237509,0374237506,"The Proper Study of Mankind: An Anthology of Essays","Farrar Straus Giroux",1998-08-01,,,,,667,,,,,,,,,,,,,2026-03-03,1
book,"Feminist Epistemologies","Linda Alcoff (Editor, Introduction by), Elizabeth Gray Potter (Editor, Introduction by)",Linda,by),Philosophy,9780415904513,041590451X,"First published in 1993. Routledge is an imprint of Taylor & Francis, an informa company.","Routledge, Chapman & Hall, Incorporated",1992-01-01,,,,,324,,,,,,,,,,,,,2026-03-03,1
book,"Donald Davidson","Kirk Ludwig",Kirk,Ludwig,Philosophy,9780521793827,0521793823,"Written by a distinguished roster of philosophers, this volume includes chapters on truth and meaning; the philosophy of action; radical interpretation; philosophical psychology; knowledge of the external world; other minds and our own minds; and the implications of Davidson's work for literary theory. Donald Davidson has been one of the most influential figures in modern analytic philosophy and has made significant contributions to a wide range of subjects. Embodied in a series of landmark essays stretching over nearly 40 years, his principal work exhibits a unity rare among philosophers contributing on so many diverse fronts. Kirk Ludwig, the recipient of two grants from the National Endowment for the Humanities, has taught at the University of Florida's Department of Philosophy since 1995. His areas of research specialization include philosophy of language, epistemology, and philosophy of mind. He has contributed chapters to a number of volumes on these topics as well as published articles in Philosophical Quarterly, Philosophy and Phenomenological Research, Mind and Language, and elsewhere.","Cambridge University Press",2003-10-09,,,,,256,,,,,,,,,,,,,2026-03-03,1
book,"Animal Liberation: The Definitive Classic of the Animal Movement","Peter Singer",Peter,Singer,Philosophy,9780061711305,0061711306,,"HarperCollins Publishers Ltd",2009-02-05,,,,,368,,,,,,,,,,,,,2026-03-03,1
book,"Metaphysics as a Guide to Morals","Iris Murdoch",Iris,Murdoch,Philosophy,9780140172324,0140172327,,"Penguin Books",1994-03-01,,,,,528,,,,,,,,,,,,,2026-03-03,1
book,"The Big Fix","Denise Hearn, Vass Bednar",Denise,Hearn,Philosophy,9781998365227,1998365220,"More and more of the Canadian economy is dominated by a handful of huge companies that control what we buy, how we work, and which other businesses can or can't thrive. Beyond the obvious examples of airlines, telcos, grocery chains, and banks, The Big Fix: How Companies Capture Markets and Harm Canadians shows how corporate concentration is growing across many industries, leading to higher prices for consumers, lower worker's wages, more inequality, fewer startups, less innovation, and lower growth and productivity. In this galvanizing book, Hearn and Bednar show how companies perpetuate the illusion of rivalry to disguise their dominance, and how they've shifted from competing within industries to accumulating assets across industries, further entrenching their power. The authors coach readers on how to think about competition, how markets are made and remade, and how the right set of attitudes and policies reduce corporate power and rebalance it throughout the economy. The future of Canada's economy is up for grabs, and The Big Fix shows how the country can achieve a more innovative, productive, and livable economy for all Canadians.","Sutherland House Inc., The",2024-10-15,,,,,120,,,,,,,,,,,,,2026-03-03,1
book,"Time and narrative volume one","Aul recoeur",Aul,recoeur,Philosophy,,,,,,,,,,,,,,,,,,,,,,,2026-03-03,1
book,"Time and narrative volume two","Paul Ricouer",Paul,Ricouer,Philosophy,,,,,,,,,,,,,,,,,,,,,,,2026-03-03,1
book,"Time and Narrative volume three","Paul Ricouer",Paul,Ricouer,Philosophy,,,,,,,,,,,,,,,,,,,,,,,2026-03-03,1
