solid OpenSCAD_Model
  facet normal 1 -0 0
    outer loop
      vertex 33.2 0 12.8
      vertex 33.2 42.8 0
      vertex 33.2 42.8 12.8
    endloop
  endfacet
  facet normal 1 0 0
    outer loop
      vertex 33.2 42.8 0
      vertex 33.2 0 12.8
      vertex 33.2 0 0
    endloop
  endfacet
  facet normal -0 0 1
    outer loop
      vertex 1.6 25.2 12.8
      vertex 31.6 23.6 12.8
      vertex 31.6 25.2 12.8
    endloop
  endfacet
  facet normal 0 0 1
    outer loop
      vertex 31.6 23.6 12.8
      vertex 1.6 25.2 12.8
      vertex 1.6 23.6 12.8
    endloop
  endfacet
  facet normal 0 0 1
    outer loop
      vertex 31.6 25.2 12.8
      vertex 33.2 42.8 12.8
      vertex 31.6 41.2 12.8
    endloop
  endfacet
  facet normal 0 0 1
    outer loop
      vertex 33.2 42.8 12.8
      vertex 1.6 41.2 12.8
      vertex 31.6 41.2 12.8
    endloop
  endfacet
  facet normal 0 0 1
    outer loop
      vertex 0 42.8 12.8
      vertex 1.6 25.2 12.8
      vertex 1.6 41.2 12.8
    endloop
  endfacet
  facet normal 0 0 1
    outer loop
      vertex 1.6 25.2 12.8
      vertex 0 42.8 12.8
      vertex 1.6 23.6 12.8
    endloop
  endfacet
  facet normal 0 0 1
    outer loop
      vertex 0 0 12.8
      vertex 1.6 23.6 12.8
      vertex 0 42.8 12.8
    endloop
  endfacet
  facet normal -0 0 1
    outer loop
      vertex 0 42.8 12.8
      vertex 1.6 41.2 12.8
      vertex 33.2 42.8 12.8
    endloop
  endfacet
  facet normal 0 0 1
    outer loop
      vertex 31.6 23.6 12.8
      vertex 33.2 42.8 12.8
      vertex 31.6 25.2 12.8
    endloop
  endfacet
  facet normal 0 0 1
    outer loop
      vertex 33.2 42.8 12.8
      vertex 31.6 23.6 12.8
      vertex 33.2 0 12.8
    endloop
  endfacet
  facet normal -0 0 1
    outer loop
      vertex 31.6 1.6 12.8
      vertex 33.2 0 12.8
      vertex 31.6 23.6 12.8
    endloop
  endfacet
  facet normal -0 0 1
    outer loop
      vertex 1.6 1.6 12.8
      vertex 33.2 0 12.8
      vertex 31.6 1.6 12.8
    endloop
  endfacet
  facet normal 0 0 1
    outer loop
      vertex 1.6 1.6 12.8
      vertex 0 0 12.8
      vertex 33.2 0 12.8
    endloop
  endfacet
  facet normal 0 0 1
    outer loop
      vertex 1.6 23.6 12.8
      vertex 0 0 12.8
      vertex 1.6 1.6 12.8
    endloop
  endfacet
  facet normal 0 0 -1
    outer loop
      vertex 21.5005 30.7031 0
      vertex 33.2 42.8 0
      vertex 33.2 0 0
    endloop
  endfacet
  facet normal 0 0 -1
    outer loop
      vertex 33.2 42.8 0
      vertex 22.0323 32.3396 0
      vertex 22.1 33.2 0
    endloop
  endfacet
  facet normal 0 0 -1
    outer loop
      vertex 33.2 42.8 0
      vertex 21.8308 31.5004 0
      vertex 22.0323 32.3396 0
    endloop
  endfacet
  facet normal 0 0 -1
    outer loop
      vertex 33.2 42.8 0
      vertex 21.5005 30.7031 0
      vertex 21.8308 31.5004 0
    endloop
  endfacet
  facet normal 0 0 -1
    outer loop
      vertex 33.2 0 0
      vertex 21.0496 29.9672 0
      vertex 21.5005 30.7031 0
    endloop
  endfacet
  facet normal 0 0 -1
    outer loop
      vertex 33.2 0 0
      vertex 20.4891 29.3109 0
      vertex 21.0496 29.9672 0
    endloop
  endfacet
  facet normal 0 0 -1
    outer loop
      vertex 33.2 0 0
      vertex 19.8328 28.7504 0
      vertex 20.4891 29.3109 0
    endloop
  endfacet
  facet normal 0 0 -1
    outer loop
      vertex 33.2 0 0
      vertex 19.0969 28.2995 0
      vertex 19.8328 28.7504 0
    endloop
  endfacet
  facet normal 0 0 -1
    outer loop
      vertex 33.2 0 0
      vertex 18.2996 27.9692 0
      vertex 19.0969 28.2995 0
    endloop
  endfacet
  facet normal 0 0 -1
    outer loop
      vertex 33.2 0 0
      vertex 17.4604 27.7677 0
      vertex 18.2996 27.9692 0
    endloop
  endfacet
  facet normal 0 0 -1
    outer loop
      vertex 33.2 0 0
      vertex 16.6 27.7 0
      vertex 17.4604 27.7677 0
    endloop
  endfacet
  facet normal 0 0 -1
    outer loop
      vertex 0 0 0
      vertex 16.6 27.7 0
      vertex 33.2 0 0
    endloop
  endfacet
  facet normal -0 0 -1
    outer loop
      vertex 16.6 27.7 0
      vertex 0 0 0
      vertex 15.7396 27.7677 0
    endloop
  endfacet
  facet normal -0 0 -1
    outer loop
      vertex 15.7396 27.7677 0
      vertex 0 0 0
      vertex 14.9004 27.9692 0
    endloop
  endfacet
  facet normal -0 0 -1
    outer loop
      vertex 14.9004 27.9692 0
      vertex 0 0 0
      vertex 14.1031 28.2995 0
    endloop
  endfacet
  facet normal -0 0 -1
    outer loop
      vertex 14.1031 28.2995 0
      vertex 0 0 0
      vertex 13.3672 28.7504 0
    endloop
  endfacet
  facet normal -0 0 -1
    outer loop
      vertex 13.3672 28.7504 0
      vertex 0 0 0
      vertex 12.7109 29.3109 0
    endloop
  endfacet
  facet normal 0 0 -1
    outer loop
      vertex 11.3692 31.5004 0
      vertex 0 42.8 0
      vertex 11.1677 32.3396 0
    endloop
  endfacet
  facet normal 0 0 -1
    outer loop
      vertex 11.6995 30.7031 0
      vertex 0 42.8 0
      vertex 11.3692 31.5004 0
    endloop
  endfacet
  facet normal 0 0 -1
    outer loop
      vertex 0 42.8 0
      vertex 11.6995 30.7031 0
      vertex 0 0 0
    endloop
  endfacet
  facet normal -0 0 -1
    outer loop
      vertex 12.1504 29.9672 0
      vertex 0 0 0
      vertex 11.6995 30.7031 0
    endloop
  endfacet
  facet normal -0 0 -1
    outer loop
      vertex 12.7109 29.3109 0
      vertex 0 0 0
      vertex 12.1504 29.9672 0
    endloop
  endfacet
  facet normal 0 0 -1
    outer loop
      vertex 22.0323 34.0604 0
      vertex 33.2 42.8 0
      vertex 22.1 33.2 0
    endloop
  endfacet
  facet normal 0 0 -1
    outer loop
      vertex 21.8308 34.8996 0
      vertex 33.2 42.8 0
      vertex 22.0323 34.0604 0
    endloop
  endfacet
  facet normal 0 0 -1
    outer loop
      vertex 21.5005 35.6969 0
      vertex 33.2 42.8 0
      vertex 21.8308 34.8996 0
    endloop
  endfacet
  facet normal 0 0 -1
    outer loop
      vertex 21.0496 36.4328 0
      vertex 33.2 42.8 0
      vertex 21.5005 35.6969 0
    endloop
  endfacet
  facet normal 0 0 -1
    outer loop
      vertex 20.4891 37.0891 0
      vertex 33.2 42.8 0
      vertex 21.0496 36.4328 0
    endloop
  endfacet
  facet normal 0 0 -1
    outer loop
      vertex 19.8328 37.6496 0
      vertex 33.2 42.8 0
      vertex 20.4891 37.0891 0
    endloop
  endfacet
  facet normal 0 0 -1
    outer loop
      vertex 19.0969 38.1005 0
      vertex 33.2 42.8 0
      vertex 19.8328 37.6496 0
    endloop
  endfacet
  facet normal 0 0 -1
    outer loop
      vertex 18.2996 38.4308 0
      vertex 33.2 42.8 0
      vertex 19.0969 38.1005 0
    endloop
  endfacet
  facet normal 0 0 -1
    outer loop
      vertex 17.4604 38.6323 0
      vertex 33.2 42.8 0
      vertex 18.2996 38.4308 0
    endloop
  endfacet
  facet normal 0 0 -1
    outer loop
      vertex 16.6 38.7 0
      vertex 33.2 42.8 0
      vertex 17.4604 38.6323 0
    endloop
  endfacet
  facet normal 0 0 -1
    outer loop
      vertex 0 42.8 0
      vertex 16.6 38.7 0
      vertex 15.7396 38.6323 0
    endloop
  endfacet
  facet normal 0 0 -1
    outer loop
      vertex 11.1677 32.3396 0
      vertex 0 42.8 0
      vertex 11.1 33.2 0
    endloop
  endfacet
  facet normal 0 0 -1
    outer loop
      vertex 11.1 33.2 0
      vertex 0 42.8 0
      vertex 11.1677 34.0604 0
    endloop
  endfacet
  facet normal 0 0 -1
    outer loop
      vertex 16.6 38.7 0
      vertex 0 42.8 0
      vertex 33.2 42.8 0
    endloop
  endfacet
  facet normal 0 0 -1
    outer loop
      vertex 14.9004 38.4308 0
      vertex 0 42.8 0
      vertex 15.7396 38.6323 0
    endloop
  endfacet
  facet normal 0 0 -1
    outer loop
      vertex 14.1031 38.1005 0
      vertex 0 42.8 0
      vertex 14.9004 38.4308 0
    endloop
  endfacet
  facet normal 0 0 -1
    outer loop
      vertex 13.3672 37.6496 0
      vertex 0 42.8 0
      vertex 14.1031 38.1005 0
    endloop
  endfacet
  facet normal 0 0 -1
    outer loop
      vertex 12.7109 37.0891 0
      vertex 0 42.8 0
      vertex 13.3672 37.6496 0
    endloop
  endfacet
  facet normal 0 0 -1
    outer loop
      vertex 12.1504 36.4328 0
      vertex 0 42.8 0
      vertex 12.7109 37.0891 0
    endloop
  endfacet
  facet normal 0 0 -1
    outer loop
      vertex 11.6995 35.6969 0
      vertex 0 42.8 0
      vertex 12.1504 36.4328 0
    endloop
  endfacet
  facet normal 0 0 -1
    outer loop
      vertex 11.3692 34.8996 0
      vertex 0 42.8 0
      vertex 11.6995 35.6969 0
    endloop
  endfacet
  facet normal 0 0 -1
    outer loop
      vertex 11.1677 34.0604 0
      vertex 0 42.8 0
      vertex 11.3692 34.8996 0
    endloop
  endfacet
  facet normal -1 0 0
    outer loop
      vertex 0 42.8 0
      vertex 0 17.1 6.2
      vertex 0 42.8 12.8
    endloop
  endfacet
  facet normal -1 0 0
    outer loop
      vertex 0 42.8 0
      vertex 0 17.0815 5.96535
      vertex 0 17.1 6.2
    endloop
  endfacet
  facet normal -1 0 0
    outer loop
      vertex 0 42.8 0
      vertex 0 17.0266 5.73647
      vertex 0 17.0815 5.96535
    endloop
  endfacet
  facet normal -1 0 0
    outer loop
      vertex 0 42.8 0
      vertex 0 16.9365 5.51901
      vertex 0 17.0266 5.73647
    endloop
  endfacet
  facet normal -1 0 0
    outer loop
      vertex 0 42.8 0
      vertex 0 16.8135 5.31832
      vertex 0 16.9365 5.51901
    endloop
  endfacet
  facet normal -1 0 0
    outer loop
      vertex 0 42.8 0
      vertex 0 16.6607 5.13934
      vertex 0 16.8135 5.31832
    endloop
  endfacet
  facet normal -1 0 0
    outer loop
      vertex 0 42.8 0
      vertex 0 16.4817 4.98647
      vertex 0 16.6607 5.13934
    endloop
  endfacet
  facet normal -1 0 0
    outer loop
      vertex 0 42.8 0
      vertex 0 16.281 4.86349
      vertex 0 16.4817 4.98647
    endloop
  endfacet
  facet normal -1 0 0
    outer loop
      vertex 0 42.8 0
      vertex 0 16.0635 4.77341
      vertex 0 16.281 4.86349
    endloop
  endfacet
  facet normal -1 0 0
    outer loop
      vertex 0 42.8 0
      vertex 0 15.8347 4.71847
      vertex 0 16.0635 4.77341
    endloop
  endfacet
  facet normal -1 0 0
    outer loop
      vertex 0 0 0
      vertex 0 15.8347 4.71847
      vertex 0 42.8 0
    endloop
  endfacet
  facet normal -1 0 0
    outer loop
      vertex 0 15.8347 4.71847
      vertex 0 0 0
      vertex 0 15.6 4.7
    endloop
  endfacet
  facet normal -1 0 0
    outer loop
      vertex 0 14.1185 5.96535
      vertex 0 11.1 6.2
      vertex 0 14.1 6.2
    endloop
  endfacet
  facet normal -1 0 0
    outer loop
      vertex 0 11.0815 5.96535
      vertex 0 14.1185 5.96535
      vertex 0 14.1734 5.73647
    endloop
  endfacet
  facet normal -1 0 0
    outer loop
      vertex 0 11.0266 5.73647
      vertex 0 14.1734 5.73647
      vertex 0 14.2635 5.51901
    endloop
  endfacet
  facet normal -1 0 0
    outer loop
      vertex 0 10.9365 5.51901
      vertex 0 14.2635 5.51901
      vertex 0 14.3865 5.31832
    endloop
  endfacet
  facet normal -1 0 0
    outer loop
      vertex 0 10.8135 5.31832
      vertex 0 14.3865 5.31832
      vertex 0 14.5393 5.13934
    endloop
  endfacet
  facet normal -1 0 0
    outer loop
      vertex 0 10.6607 5.13934
      vertex 0 14.5393 5.13934
      vertex 0 14.7183 4.98647
    endloop
  endfacet
  facet normal -1 0 0
    outer loop
      vertex 0 10.4817 4.98647
      vertex 0 14.7183 4.98647
      vertex 0 14.919 4.86349
    endloop
  endfacet
  facet normal -1 0 0
    outer loop
      vertex 0 10.281 4.86349
      vertex 0 14.919 4.86349
      vertex 0 15.1365 4.77341
    endloop
  endfacet
  facet normal -1 0 0
    outer loop
      vertex 0 14.1185 5.96535
      vertex 0 11.0815 5.96535
      vertex 0 11.1 6.2
    endloop
  endfacet
  facet normal -1 0 0
    outer loop
      vertex 0 14.1734 5.73647
      vertex 0 11.0266 5.73647
      vertex 0 11.0815 5.96535
    endloop
  endfacet
  facet normal -1 0 0
    outer loop
      vertex 0 10.0635 4.77341
      vertex 0 15.1365 4.77341
      vertex 0 15.3653 4.71847
    endloop
  endfacet
  facet normal -1 0 0
    outer loop
      vertex 0 14.2635 5.51901
      vertex 0 10.9365 5.51901
      vertex 0 11.0266 5.73647
    endloop
  endfacet
  facet normal -1 0 0
    outer loop
      vertex 0 14.3865 5.31832
      vertex 0 10.8135 5.31832
      vertex 0 10.9365 5.51901
    endloop
  endfacet
  facet normal -1 -0 0
    outer loop
      vertex 0 15.6 4.7
      vertex 0 0 0
      vertex 0 15.3653 4.71847
    endloop
  endfacet
  facet normal -1 0 0
    outer loop
      vertex 0 14.5393 5.13934
      vertex 0 10.6607 5.13934
      vertex 0 10.8135 5.31832
    endloop
  endfacet
  facet normal -1 0 0
    outer loop
      vertex 0 14.7183 4.98647
      vertex 0 10.4817 4.98647
      vertex 0 10.6607 5.13934
    endloop
  endfacet
  facet normal -1 0 0
    outer loop
      vertex 0 14.919 4.86349
      vertex 0 10.281 4.86349
      vertex 0 10.4817 4.98647
    endloop
  endfacet
  facet normal -1 0 0
    outer loop
      vertex 0 15.1365 4.77341
      vertex 0 10.0635 4.77341
      vertex 0 10.281 4.86349
    endloop
  endfacet
  facet normal -1 0 -0
    outer loop
      vertex 0 9.83465 4.71847
      vertex 0 15.3653 4.71847
      vertex 0 0 0
    endloop
  endfacet
  facet normal -1 0 0
    outer loop
      vertex 0 15.3653 4.71847
      vertex 0 9.83465 4.71847
      vertex 0 10.0635 4.77341
    endloop
  endfacet
  facet normal -1 0 0
    outer loop
      vertex 0 9.83465 4.71847
      vertex 0 0 0
      vertex 0 9.6 4.7
    endloop
  endfacet
  facet normal -1 -0 0
    outer loop
      vertex 0 8.11847 5.96535
      vertex 0 0 0
      vertex 0 8.1 6.2
    endloop
  endfacet
  facet normal -1 -0 0
    outer loop
      vertex 0 8.17342 5.73647
      vertex 0 0 0
      vertex 0 8.11847 5.96535
    endloop
  endfacet
  facet normal -1 -0 0
    outer loop
      vertex 0 8.26349 5.51901
      vertex 0 0 0
      vertex 0 8.17342 5.73647
    endloop
  endfacet
  facet normal -1 -0 0
    outer loop
      vertex 0 8.38647 5.31832
      vertex 0 0 0
      vertex 0 8.26349 5.51901
    endloop
  endfacet
  facet normal -1 -0 0
    outer loop
      vertex 0 8.53934 5.13934
      vertex 0 0 0
      vertex 0 8.38647 5.31832
    endloop
  endfacet
  facet normal -1 -0 0
    outer loop
      vertex 0 8.71832 4.98647
      vertex 0 0 0
      vertex 0 8.53934 5.13934
    endloop
  endfacet
  facet normal -1 -0 0
    outer loop
      vertex 0 8.91901 4.86349
      vertex 0 0 0
      vertex 0 8.71832 4.98647
    endloop
  endfacet
  facet normal -1 -0 0
    outer loop
      vertex 0 9.13647 4.77341
      vertex 0 0 0
      vertex 0 8.91901 4.86349
    endloop
  endfacet
  facet normal -1 -0 0
    outer loop
      vertex 0 9.36535 4.71847
      vertex 0 0 0
      vertex 0 9.13647 4.77341
    endloop
  endfacet
  facet normal -1 -0 0
    outer loop
      vertex 0 9.6 4.7
      vertex 0 0 0
      vertex 0 9.36535 4.71847
    endloop
  endfacet
  facet normal -1 0 0
    outer loop
      vertex 0 17.0815 6.43465
      vertex 0 42.8 12.8
      vertex 0 17.1 6.2
    endloop
  endfacet
  facet normal -1 0 0
    outer loop
      vertex 0 17.0266 6.66352
      vertex 0 42.8 12.8
      vertex 0 17.0815 6.43465
    endloop
  endfacet
  facet normal -1 0 0
    outer loop
      vertex 0 16.9365 6.88099
      vertex 0 42.8 12.8
      vertex 0 17.0266 6.66352
    endloop
  endfacet
  facet normal -1 0 0
    outer loop
      vertex 0 16.8135 7.08168
      vertex 0 42.8 12.8
      vertex 0 16.9365 6.88099
    endloop
  endfacet
  facet normal -1 0 0
    outer loop
      vertex 0 16.6607 7.26066
      vertex 0 42.8 12.8
      vertex 0 16.8135 7.08168
    endloop
  endfacet
  facet normal -1 0 0
    outer loop
      vertex 0 16.4817 7.41352
      vertex 0 42.8 12.8
      vertex 0 16.6607 7.26066
    endloop
  endfacet
  facet normal -1 0 0
    outer loop
      vertex 0 16.281 7.53651
      vertex 0 42.8 12.8
      vertex 0 16.4817 7.41352
    endloop
  endfacet
  facet normal -1 0 0
    outer loop
      vertex 0 16.0635 7.62658
      vertex 0 42.8 12.8
      vertex 0 16.281 7.53651
    endloop
  endfacet
  facet normal -1 0 0
    outer loop
      vertex 0 15.8347 7.68153
      vertex 0 42.8 12.8
      vertex 0 16.0635 7.62658
    endloop
  endfacet
  facet normal -1 0 0
    outer loop
      vertex 0 0 12.8
      vertex 0 15.8347 7.68153
      vertex 0 15.6 7.7
    endloop
  endfacet
  facet normal -1 0 0
    outer loop
      vertex 0 0 12.8
      vertex 0 15.6 7.7
      vertex 0 15.3653 7.68153
    endloop
  endfacet
  facet normal -1 0 0
    outer loop
      vertex 0 11.1 6.2
      vertex 0 14.1185 6.43465
      vertex 0 14.1 6.2
    endloop
  endfacet
  facet normal -1 0 0
    outer loop
      vertex 0 11.0815 6.43465
      vertex 0 14.1185 6.43465
      vertex 0 11.1 6.2
    endloop
  endfacet
  facet normal -1 0 0
    outer loop
      vertex 0 14.1185 6.43465
      vertex 0 11.0815 6.43465
      vertex 0 14.1734 6.66352
    endloop
  endfacet
  facet normal -1 0 0
    outer loop
      vertex 0 11.0266 6.66352
      vertex 0 14.1734 6.66352
      vertex 0 11.0815 6.43465
    endloop
  endfacet
  facet normal -1 0 0
    outer loop
      vertex 0 14.1734 6.66352
      vertex 0 11.0266 6.66352
      vertex 0 14.2635 6.88099
    endloop
  endfacet
  facet normal -1 0 0
    outer loop
      vertex 0 10.9365 6.88099
      vertex 0 14.2635 6.88099
      vertex 0 11.0266 6.66352
    endloop
  endfacet
  facet normal -1 0 0
    outer loop
      vertex 0 14.2635 6.88099
      vertex 0 10.9365 6.88099
      vertex 0 14.3865 7.08168
    endloop
  endfacet
  facet normal -1 0 0
    outer loop
      vertex 0 10.8135 7.08168
      vertex 0 14.3865 7.08168
      vertex 0 10.9365 6.88099
    endloop
  endfacet
  facet normal -1 0 0
    outer loop
      vertex 0 14.3865 7.08168
      vertex 0 10.8135 7.08168
      vertex 0 14.5393 7.26066
    endloop
  endfacet
  facet normal -1 0 0
    outer loop
      vertex 0 10.6607 7.26066
      vertex 0 14.5393 7.26066
      vertex 0 10.8135 7.08168
    endloop
  endfacet
  facet normal -1 0 0
    outer loop
      vertex 0 14.5393 7.26066
      vertex 0 10.6607 7.26066
      vertex 0 14.7183 7.41352
    endloop
  endfacet
  facet normal -1 0 0
    outer loop
      vertex 0 10.4817 7.41352
      vertex 0 14.7183 7.41352
      vertex 0 10.6607 7.26066
    endloop
  endfacet
  facet normal -1 0 0
    outer loop
      vertex 0 14.7183 7.41352
      vertex 0 10.4817 7.41352
      vertex 0 14.919 7.53651
    endloop
  endfacet
  facet normal -1 0 0
    outer loop
      vertex 0 10.281 7.53651
      vertex 0 14.919 7.53651
      vertex 0 10.4817 7.41352
    endloop
  endfacet
  facet normal -1 0 0
    outer loop
      vertex 0 14.919 7.53651
      vertex 0 10.281 7.53651
      vertex 0 15.1365 7.62658
    endloop
  endfacet
  facet normal -1 0 0
    outer loop
      vertex 0 10.0635 7.62658
      vertex 0 15.1365 7.62658
      vertex 0 10.281 7.53651
    endloop
  endfacet
  facet normal -1 0 0
    outer loop
      vertex 0 15.1365 7.62658
      vertex 0 10.0635 7.62658
      vertex 0 15.3653 7.68153
    endloop
  endfacet
  facet normal -1 0 0
    outer loop
      vertex 0 9.83465 7.68153
      vertex 0 15.3653 7.68153
      vertex 0 10.0635 7.62658
    endloop
  endfacet
  facet normal -1 0 0
    outer loop
      vertex 0 15.3653 7.68153
      vertex 0 9.83465 7.68153
      vertex 0 0 12.8
    endloop
  endfacet
  facet normal -1 0 0
    outer loop
      vertex 0 0 12.8
      vertex 0 9.83465 7.68153
      vertex 0 9.6 7.7
    endloop
  endfacet
  facet normal -1 0 0
    outer loop
      vertex 0 0 12.8
      vertex 0 9.6 7.7
      vertex 0 9.36535 7.68153
    endloop
  endfacet
  facet normal -1 0 0
    outer loop
      vertex 0 0 12.8
      vertex 0 8.1 6.2
      vertex 0 0 0
    endloop
  endfacet
  facet normal -1 0 0
    outer loop
      vertex 0 8.1 6.2
      vertex 0 0 12.8
      vertex 0 8.11847 6.43465
    endloop
  endfacet
  facet normal -1 0 0
    outer loop
      vertex 0 8.11847 6.43465
      vertex 0 0 12.8
      vertex 0 8.17342 6.66352
    endloop
  endfacet
  facet normal -1 0 0
    outer loop
      vertex 0 8.17342 6.66352
      vertex 0 0 12.8
      vertex 0 8.26349 6.88099
    endloop
  endfacet
  facet normal -1 0 0
    outer loop
      vertex 0 8.26349 6.88099
      vertex 0 0 12.8
      vertex 0 8.38647 7.08168
    endloop
  endfacet
  facet normal -1 0 0
    outer loop
      vertex 0 8.38647 7.08168
      vertex 0 0 12.8
      vertex 0 8.53934 7.26066
    endloop
  endfacet
  facet normal -1 0 0
    outer loop
      vertex 0 15.8347 7.68153
      vertex 0 0 12.8
      vertex 0 42.8 12.8
    endloop
  endfacet
  facet normal -1 0 0
    outer loop
      vertex 0 9.13647 7.62658
      vertex 0 0 12.8
      vertex 0 9.36535 7.68153
    endloop
  endfacet
  facet normal -1 0 0
    outer loop
      vertex 0 8.91901 7.53651
      vertex 0 0 12.8
      vertex 0 9.13647 7.62658
    endloop
  endfacet
  facet normal -1 0 0
    outer loop
      vertex 0 8.71832 7.41352
      vertex 0 0 12.8
      vertex 0 8.91901 7.53651
    endloop
  endfacet
  facet normal -1 0 0
    outer loop
      vertex 0 8.53934 7.26066
      vertex 0 0 12.8
      vertex 0 8.71832 7.41352
    endloop
  endfacet
  facet normal 0 1 0
    outer loop
      vertex 33.2 42.8 12.8
      vertex 20.6 42.8 11.2
      vertex 0 42.8 12.8
    endloop
  endfacet
  facet normal 0 1 -0
    outer loop
      vertex 33.2 42.8 0
      vertex 20.6 42.8 11.2
      vertex 33.2 42.8 12.8
    endloop
  endfacet
  facet normal 0 1 0
    outer loop
      vertex 20.6 42.8 1.2
      vertex 33.2 42.8 0
      vertex 12.6 42.8 1.2
    endloop
  endfacet
  facet normal 0 1 0
    outer loop
      vertex 20.6 42.8 11.2
      vertex 33.2 42.8 0
      vertex 20.6 42.8 1.2
    endloop
  endfacet
  facet normal 0 1 -0
    outer loop
      vertex 12.6 42.8 11.2
      vertex 0 42.8 12.8
      vertex 20.6 42.8 11.2
    endloop
  endfacet
  facet normal 0 1 0
    outer loop
      vertex 0 42.8 0
      vertex 12.6 42.8 11.2
      vertex 12.6 42.8 1.2
    endloop
  endfacet
  facet normal 0 1 0
    outer loop
      vertex 12.6 42.8 11.2
      vertex 0 42.8 0
      vertex 0 42.8 12.8
    endloop
  endfacet
  facet normal 0 1 0
    outer loop
      vertex 0 42.8 0
      vertex 12.6 42.8 1.2
      vertex 33.2 42.8 0
    endloop
  endfacet
  facet normal 0 -1 0
    outer loop
      vertex 0 0 12.8
      vertex 12.6 0 11.2
      vertex 33.2 0 12.8
    endloop
  endfacet
  facet normal 0 -1 0
    outer loop
      vertex 0 0 0
      vertex 12.6 0 11.2
      vertex 0 0 12.8
    endloop
  endfacet
  facet normal 0 -1 -0
    outer loop
      vertex 12.6 0 1.2
      vertex 0 0 0
      vertex 20.6 0 1.2
    endloop
  endfacet
  facet normal 0 -1 -0
    outer loop
      vertex 12.6 0 11.2
      vertex 0 0 0
      vertex 12.6 0 1.2
    endloop
  endfacet
  facet normal 0 -1 0
    outer loop
      vertex 20.6 0 11.2
      vertex 33.2 0 12.8
      vertex 12.6 0 11.2
    endloop
  endfacet
  facet normal 0 -1 0
    outer loop
      vertex 33.2 0 0
      vertex 20.6 0 11.2
      vertex 20.6 0 1.2
    endloop
  endfacet
  facet normal 0 -1 0
    outer loop
      vertex 20.6 0 11.2
      vertex 33.2 0 0
      vertex 33.2 0 12.8
    endloop
  endfacet
  facet normal 0 -1 0
    outer loop
      vertex 33.2 0 0
      vertex 20.6 0 1.2
      vertex 0 0 0
    endloop
  endfacet
  facet normal 1 -0 0
    outer loop
      vertex 20.6 -1.9 11.2
      vertex 20.6 0 1.2
      vertex 20.6 0 11.2
    endloop
  endfacet
  facet normal 1 0 0
    outer loop
      vertex 20.6 0 1.2
      vertex 20.6 -1.9 11.2
      vertex 20.6 -1.9 1.2
    endloop
  endfacet
  facet normal -0 0 1
    outer loop
      vertex 12.6 0 11.2
      vertex 20.6 -1.9 11.2
      vertex 20.6 0 11.2
    endloop
  endfacet
  facet normal 0 0 1
    outer loop
      vertex 20.6 -1.9 11.2
      vertex 12.6 0 11.2
      vertex 12.6 -1.9 11.2
    endloop
  endfacet
  facet normal 0 0 -1
    outer loop
      vertex 12.6 -1.9 1.2
      vertex 20.6 0 1.2
      vertex 20.6 -1.9 1.2
    endloop
  endfacet
  facet normal -0 0 -1
    outer loop
      vertex 20.6 0 1.2
      vertex 12.6 -1.9 1.2
      vertex 12.6 0 1.2
    endloop
  endfacet
  facet normal -1 0 0
    outer loop
      vertex 12.6 -1.9 1.2
      vertex 12.6 0 11.2
      vertex 12.6 0 1.2
    endloop
  endfacet
  facet normal -1 -0 0
    outer loop
      vertex 12.6 0 11.2
      vertex 12.6 -1.9 1.2
      vertex 12.6 -1.9 11.2
    endloop
  endfacet
  facet normal 0 -1 0
    outer loop
      vertex 14.9405 -1.9 6.86825
      vertex 12.6 -1.9 11.2
      vertex 14.8318 -1.9 6.91329
    endloop
  endfacet
  facet normal 0 -1 0
    outer loop
      vertex 20.6 -1.9 11.2
      vertex 18.4827 -1.9 6.94077
      vertex 18.6 -1.9 6.95
    endloop
  endfacet
  facet normal 0 -1 0
    outer loop
      vertex 12.6 -1.9 11.2
      vertex 14.9405 -1.9 6.86825
      vertex 20.6 -1.9 11.2
    endloop
  endfacet
  facet normal 0 -1 0
    outer loop
      vertex 20.6 -1.9 11.2
      vertex 18.3682 -1.9 6.91329
      vertex 18.4827 -1.9 6.94077
    endloop
  endfacet
  facet normal 0 -1 0
    outer loop
      vertex 18.2595 -1.9 6.86825
      vertex 20.6 -1.9 11.2
      vertex 14.9405 -1.9 6.86825
    endloop
  endfacet
  facet normal 0 -1 0
    outer loop
      vertex 20.6 -1.9 11.2
      vertex 18.2595 -1.9 6.86825
      vertex 18.3682 -1.9 6.91329
    endloop
  endfacet
  facet normal 0 -1 0
    outer loop
      vertex 15.0408 -1.9 6.80676
      vertex 18.2595 -1.9 6.86825
      vertex 14.9405 -1.9 6.86825
    endloop
  endfacet
  facet normal 0 -1 0
    outer loop
      vertex 15.0408 -1.9 6.80676
      vertex 18.1592 -1.9 6.80676
      vertex 18.2595 -1.9 6.86825
    endloop
  endfacet
  facet normal 0 -1 0
    outer loop
      vertex 15.1303 -1.9 6.73033
      vertex 18.1592 -1.9 6.80676
      vertex 15.0408 -1.9 6.80676
    endloop
  endfacet
  facet normal 0 -1 0
    outer loop
      vertex 15.1303 -1.9 6.73033
      vertex 18.0697 -1.9 6.73033
      vertex 18.1592 -1.9 6.80676
    endloop
  endfacet
  facet normal 0 -1 0
    outer loop
      vertex 15.2068 -1.9 6.64084
      vertex 18.0697 -1.9 6.73033
      vertex 15.1303 -1.9 6.73033
    endloop
  endfacet
  facet normal 0 -1 0
    outer loop
      vertex 15.2068 -1.9 6.64084
      vertex 17.9932 -1.9 6.64084
      vertex 18.0697 -1.9 6.73033
    endloop
  endfacet
  facet normal 0 -1 0
    outer loop
      vertex 15.2683 -1.9 6.54049
      vertex 17.9932 -1.9 6.64084
      vertex 15.2068 -1.9 6.64084
    endloop
  endfacet
  facet normal 0 -1 0
    outer loop
      vertex 15.2683 -1.9 6.54049
      vertex 17.9317 -1.9 6.54049
      vertex 17.9932 -1.9 6.64084
    endloop
  endfacet
  facet normal 0 -1 0
    outer loop
      vertex 15.3133 -1.9 6.43176
      vertex 17.9317 -1.9 6.54049
      vertex 15.2683 -1.9 6.54049
    endloop
  endfacet
  facet normal 0 -1 0
    outer loop
      vertex 15.3133 -1.9 6.43176
      vertex 17.8867 -1.9 6.43176
      vertex 17.9317 -1.9 6.54049
    endloop
  endfacet
  facet normal 0 -1 0
    outer loop
      vertex 15.3408 -1.9 6.31733
      vertex 17.8867 -1.9 6.43176
      vertex 15.3133 -1.9 6.43176
    endloop
  endfacet
  facet normal 0 -1 0
    outer loop
      vertex 15.3408 -1.9 6.31733
      vertex 17.8592 -1.9 6.31733
      vertex 17.8867 -1.9 6.43176
    endloop
  endfacet
  facet normal 0 -1 0
    outer loop
      vertex 15.35 -1.9 6.2
      vertex 17.8592 -1.9 6.31733
      vertex 15.3408 -1.9 6.31733
    endloop
  endfacet
  facet normal 0 -1 0
    outer loop
      vertex 15.35 -1.9 6.2
      vertex 17.85 -1.9 6.2
      vertex 17.8592 -1.9 6.31733
    endloop
  endfacet
  facet normal 0 -1 0
    outer loop
      vertex 15.3408 -1.9 6.08267
      vertex 17.85 -1.9 6.2
      vertex 15.35 -1.9 6.2
    endloop
  endfacet
  facet normal 0 -1 0
    outer loop
      vertex 15.3408 -1.9 6.08267
      vertex 17.8592 -1.9 6.08267
      vertex 17.85 -1.9 6.2
    endloop
  endfacet
  facet normal 0 -1 0
    outer loop
      vertex 15.3133 -1.9 5.96824
      vertex 17.8592 -1.9 6.08267
      vertex 15.3408 -1.9 6.08267
    endloop
  endfacet
  facet normal 0 -1 0
    outer loop
      vertex 15.3133 -1.9 5.96824
      vertex 17.8867 -1.9 5.96824
      vertex 17.8592 -1.9 6.08267
    endloop
  endfacet
  facet normal 0 -1 0
    outer loop
      vertex 15.2683 -1.9 5.85951
      vertex 17.8867 -1.9 5.96824
      vertex 15.3133 -1.9 5.96824
    endloop
  endfacet
  facet normal 0 -1 0
    outer loop
      vertex 15.2683 -1.9 5.85951
      vertex 17.9317 -1.9 5.85951
      vertex 17.8867 -1.9 5.96824
    endloop
  endfacet
  facet normal 0 -1 0
    outer loop
      vertex 15.2068 -1.9 5.75916
      vertex 17.9317 -1.9 5.85951
      vertex 15.2683 -1.9 5.85951
    endloop
  endfacet
  facet normal 0 -1 0
    outer loop
      vertex 15.2068 -1.9 5.75916
      vertex 17.9932 -1.9 5.75916
      vertex 17.9317 -1.9 5.85951
    endloop
  endfacet
  facet normal 0 -1 0
    outer loop
      vertex 15.1303 -1.9 5.66967
      vertex 17.9932 -1.9 5.75916
      vertex 15.2068 -1.9 5.75916
    endloop
  endfacet
  facet normal 0 -1 0
    outer loop
      vertex 15.1303 -1.9 5.66967
      vertex 18.0697 -1.9 5.66967
      vertex 17.9932 -1.9 5.75916
    endloop
  endfacet
  facet normal 0 -1 0
    outer loop
      vertex 15.0408 -1.9 5.59324
      vertex 18.0697 -1.9 5.66967
      vertex 15.1303 -1.9 5.66967
    endloop
  endfacet
  facet normal 0 -1 0
    outer loop
      vertex 15.0408 -1.9 5.59324
      vertex 18.1592 -1.9 5.59324
      vertex 18.0697 -1.9 5.66967
    endloop
  endfacet
  facet normal 0 -1 0
    outer loop
      vertex 14.9405 -1.9 5.53174
      vertex 18.1592 -1.9 5.59324
      vertex 15.0408 -1.9 5.59324
    endloop
  endfacet
  facet normal 0 -1 0
    outer loop
      vertex 14.9405 -1.9 5.53174
      vertex 18.2595 -1.9 5.53174
      vertex 18.1592 -1.9 5.59324
    endloop
  endfacet
  facet normal 0 -1 0
    outer loop
      vertex 12.6 -1.9 1.2
      vertex 14.9405 -1.9 5.53174
      vertex 14.8318 -1.9 5.48671
    endloop
  endfacet
  facet normal 0 -1 -0
    outer loop
      vertex 14.9405 -1.9 5.53174
      vertex 12.6 -1.9 1.2
      vertex 18.2595 -1.9 5.53174
    endloop
  endfacet
  facet normal 0 -1 0
    outer loop
      vertex 12.6 -1.9 1.2
      vertex 14.8318 -1.9 5.48671
      vertex 14.7173 -1.9 5.45923
    endloop
  endfacet
  facet normal 0 -1 0
    outer loop
      vertex 20.6 -1.9 1.2
      vertex 18.2595 -1.9 5.53174
      vertex 12.6 -1.9 1.2
    endloop
  endfacet
  facet normal 0 -1 0
    outer loop
      vertex 12.6 -1.9 1.2
      vertex 14.7173 -1.9 5.45923
      vertex 14.6 -1.9 5.45
    endloop
  endfacet
  facet normal 0 -1 0
    outer loop
      vertex 18.2595 -1.9 5.53174
      vertex 20.6 -1.9 1.2
      vertex 18.3682 -1.9 5.48671
    endloop
  endfacet
  facet normal 0 -1 0
    outer loop
      vertex 14.7173 -1.9 6.94077
      vertex 12.6 -1.9 11.2
      vertex 14.6 -1.9 6.95
    endloop
  endfacet
  facet normal 0 -1 0
    outer loop
      vertex 12.6 -1.9 11.2
      vertex 14.4827 -1.9 6.94077
      vertex 14.6 -1.9 6.95
    endloop
  endfacet
  facet normal 0 -1 0
    outer loop
      vertex 12.6 -1.9 11.2
      vertex 14.3682 -1.9 6.91329
      vertex 14.4827 -1.9 6.94077
    endloop
  endfacet
  facet normal 0 -1 0
    outer loop
      vertex 12.6 -1.9 11.2
      vertex 14.2595 -1.9 6.86825
      vertex 14.3682 -1.9 6.91329
    endloop
  endfacet
  facet normal 0 -1 0
    outer loop
      vertex 12.6 -1.9 11.2
      vertex 14.1592 -1.9 6.80676
      vertex 14.2595 -1.9 6.86825
    endloop
  endfacet
  facet normal 0 -1 0
    outer loop
      vertex 12.6 -1.9 11.2
      vertex 14.0697 -1.9 6.73033
      vertex 14.1592 -1.9 6.80676
    endloop
  endfacet
  facet normal 0 -1 0
    outer loop
      vertex 12.6 -1.9 11.2
      vertex 13.9932 -1.9 6.64084
      vertex 14.0697 -1.9 6.73033
    endloop
  endfacet
  facet normal 0 -1 0
    outer loop
      vertex 12.6 -1.9 11.2
      vertex 13.9317 -1.9 6.54049
      vertex 13.9932 -1.9 6.64084
    endloop
  endfacet
  facet normal 0 -1 0
    outer loop
      vertex 12.6 -1.9 11.2
      vertex 13.8867 -1.9 6.43176
      vertex 13.9317 -1.9 6.54049
    endloop
  endfacet
  facet normal 0 -1 0
    outer loop
      vertex 12.6 -1.9 11.2
      vertex 13.8592 -1.9 6.31733
      vertex 13.8867 -1.9 6.43176
    endloop
  endfacet
  facet normal 0 -1 0
    outer loop
      vertex 12.6 -1.9 11.2
      vertex 13.85 -1.9 6.2
      vertex 13.8592 -1.9 6.31733
    endloop
  endfacet
  facet normal 0 -1 0
    outer loop
      vertex 12.6 -1.9 1.2
      vertex 13.85 -1.9 6.2
      vertex 12.6 -1.9 11.2
    endloop
  endfacet
  facet normal 0 -1 -0
    outer loop
      vertex 13.85 -1.9 6.2
      vertex 12.6 -1.9 1.2
      vertex 13.8592 -1.9 6.08267
    endloop
  endfacet
  facet normal 0 -1 0
    outer loop
      vertex 18.3682 -1.9 5.48671
      vertex 20.6 -1.9 1.2
      vertex 18.4827 -1.9 5.45923
    endloop
  endfacet
  facet normal 0 -1 -0
    outer loop
      vertex 14.4827 -1.9 5.45923
      vertex 12.6 -1.9 1.2
      vertex 14.6 -1.9 5.45
    endloop
  endfacet
  facet normal 0 -1 -0
    outer loop
      vertex 14.3682 -1.9 5.48671
      vertex 12.6 -1.9 1.2
      vertex 14.4827 -1.9 5.45923
    endloop
  endfacet
  facet normal 0 -1 -0
    outer loop
      vertex 14.2595 -1.9 5.53174
      vertex 12.6 -1.9 1.2
      vertex 14.3682 -1.9 5.48671
    endloop
  endfacet
  facet normal 0 -1 -0
    outer loop
      vertex 14.1592 -1.9 5.59324
      vertex 12.6 -1.9 1.2
      vertex 14.2595 -1.9 5.53174
    endloop
  endfacet
  facet normal 0 -1 -0
    outer loop
      vertex 14.0697 -1.9 5.66967
      vertex 12.6 -1.9 1.2
      vertex 14.1592 -1.9 5.59324
    endloop
  endfacet
  facet normal 0 -1 -0
    outer loop
      vertex 13.9932 -1.9 5.75916
      vertex 12.6 -1.9 1.2
      vertex 14.0697 -1.9 5.66967
    endloop
  endfacet
  facet normal 0 -1 -0
    outer loop
      vertex 13.9317 -1.9 5.85951
      vertex 12.6 -1.9 1.2
      vertex 13.9932 -1.9 5.75916
    endloop
  endfacet
  facet normal 0 -1 -0
    outer loop
      vertex 13.8867 -1.9 5.96824
      vertex 12.6 -1.9 1.2
      vertex 13.9317 -1.9 5.85951
    endloop
  endfacet
  facet normal 0 -1 -0
    outer loop
      vertex 13.8592 -1.9 6.08267
      vertex 12.6 -1.9 1.2
      vertex 13.8867 -1.9 5.96824
    endloop
  endfacet
  facet normal 0 -1 0
    outer loop
      vertex 14.8318 -1.9 6.91329
      vertex 12.6 -1.9 11.2
      vertex 14.7173 -1.9 6.94077
    endloop
  endfacet
  facet normal 0 -1 0
    outer loop
      vertex 18.7173 -1.9 6.94077
      vertex 20.6 -1.9 11.2
      vertex 18.6 -1.9 6.95
    endloop
  endfacet
  facet normal 0 -1 0
    outer loop
      vertex 18.8318 -1.9 6.91329
      vertex 20.6 -1.9 11.2
      vertex 18.7173 -1.9 6.94077
    endloop
  endfacet
  facet normal 0 -1 0
    outer loop
      vertex 18.9405 -1.9 6.86825
      vertex 20.6 -1.9 11.2
      vertex 18.8318 -1.9 6.91329
    endloop
  endfacet
  facet normal 0 -1 0
    outer loop
      vertex 19.0408 -1.9 6.80676
      vertex 20.6 -1.9 11.2
      vertex 18.9405 -1.9 6.86825
    endloop
  endfacet
  facet normal 0 -1 0
    outer loop
      vertex 19.1303 -1.9 6.73033
      vertex 20.6 -1.9 11.2
      vertex 19.0408 -1.9 6.80676
    endloop
  endfacet
  facet normal 0 -1 0
    outer loop
      vertex 19.2068 -1.9 6.64084
      vertex 20.6 -1.9 11.2
      vertex 19.1303 -1.9 6.73033
    endloop
  endfacet
  facet normal 0 -1 0
    outer loop
      vertex 19.2683 -1.9 6.54049
      vertex 20.6 -1.9 11.2
      vertex 19.2068 -1.9 6.64084
    endloop
  endfacet
  facet normal 0 -1 0
    outer loop
      vertex 19.3133 -1.9 6.43176
      vertex 20.6 -1.9 11.2
      vertex 19.2683 -1.9 6.54049
    endloop
  endfacet
  facet normal 0 -1 0
    outer loop
      vertex 19.3408 -1.9 6.31733
      vertex 20.6 -1.9 11.2
      vertex 19.3133 -1.9 6.43176
    endloop
  endfacet
  facet normal 0 -1 0
    outer loop
      vertex 19.35 -1.9 6.2
      vertex 20.6 -1.9 11.2
      vertex 19.3408 -1.9 6.31733
    endloop
  endfacet
  facet normal 0 -1 0
    outer loop
      vertex 20.6 -1.9 1.2
      vertex 19.35 -1.9 6.2
      vertex 19.3408 -1.9 6.08267
    endloop
  endfacet
  facet normal 0 -1 0
    outer loop
      vertex 20.6 -1.9 1.2
      vertex 19.3408 -1.9 6.08267
      vertex 19.3133 -1.9 5.96824
    endloop
  endfacet
  facet normal 0 -1 0
    outer loop
      vertex 18.4827 -1.9 5.45923
      vertex 20.6 -1.9 1.2
      vertex 18.6 -1.9 5.45
    endloop
  endfacet
  facet normal 0 -1 0
    outer loop
      vertex 18.6 -1.9 5.45
      vertex 20.6 -1.9 1.2
      vertex 18.7173 -1.9 5.45923
    endloop
  endfacet
  facet normal 0 -1 0
    outer loop
      vertex 18.7173 -1.9 5.45923
      vertex 20.6 -1.9 1.2
      vertex 18.8318 -1.9 5.48671
    endloop
  endfacet
  facet normal 0 -1 0
    outer loop
      vertex 18.8318 -1.9 5.48671
      vertex 20.6 -1.9 1.2
      vertex 18.9405 -1.9 5.53174
    endloop
  endfacet
  facet normal 0 -1 0
    outer loop
      vertex 19.35 -1.9 6.2
      vertex 20.6 -1.9 1.2
      vertex 20.6 -1.9 11.2
    endloop
  endfacet
  facet normal 0 -1 0
    outer loop
      vertex 19.2683 -1.9 5.85951
      vertex 20.6 -1.9 1.2
      vertex 19.3133 -1.9 5.96824
    endloop
  endfacet
  facet normal 0 -1 0
    outer loop
      vertex 19.2068 -1.9 5.75916
      vertex 20.6 -1.9 1.2
      vertex 19.2683 -1.9 5.85951
    endloop
  endfacet
  facet normal 0 -1 0
    outer loop
      vertex 19.1303 -1.9 5.66967
      vertex 20.6 -1.9 1.2
      vertex 19.2068 -1.9 5.75916
    endloop
  endfacet
  facet normal 0 -1 0
    outer loop
      vertex 19.0408 -1.9 5.59324
      vertex 20.6 -1.9 1.2
      vertex 19.1303 -1.9 5.66967
    endloop
  endfacet
  facet normal 0 -1 0
    outer loop
      vertex 18.9405 -1.9 5.53174
      vertex 20.6 -1.9 1.2
      vertex 19.0408 -1.9 5.59324
    endloop
  endfacet
  facet normal 1 -0 0
    outer loop
      vertex 20.6 42.8 11.2
      vertex 20.6 44.7 1.2
      vertex 20.6 44.7 11.2
    endloop
  endfacet
  facet normal 1 0 0
    outer loop
      vertex 20.6 44.7 1.2
      vertex 20.6 42.8 11.2
      vertex 20.6 42.8 1.2
    endloop
  endfacet
  facet normal -0 0 1
    outer loop
      vertex 12.6 44.7 11.2
      vertex 20.6 42.8 11.2
      vertex 20.6 44.7 11.2
    endloop
  endfacet
  facet normal 0 0 1
    outer loop
      vertex 20.6 42.8 11.2
      vertex 12.6 44.7 11.2
      vertex 12.6 42.8 11.2
    endloop
  endfacet
  facet normal 0 0 -1
    outer loop
      vertex 12.6 42.8 1.2
      vertex 20.6 44.7 1.2
      vertex 20.6 42.8 1.2
    endloop
  endfacet
  facet normal -0 0 -1
    outer loop
      vertex 20.6 44.7 1.2
      vertex 12.6 42.8 1.2
      vertex 12.6 44.7 1.2
    endloop
  endfacet
  facet normal -1 0 0
    outer loop
      vertex 12.6 42.8 1.2
      vertex 12.6 44.7 11.2
      vertex 12.6 44.7 1.2
    endloop
  endfacet
  facet normal -1 -0 0
    outer loop
      vertex 12.6 44.7 11.2
      vertex 12.6 42.8 1.2
      vertex 12.6 42.8 11.2
    endloop
  endfacet
  facet normal 0 1 0
    outer loop
      vertex 18.2595 44.7 6.86825
      vertex 20.6 44.7 11.2
      vertex 18.3682 44.7 6.91329
    endloop
  endfacet
  facet normal 0 1 0
    outer loop
      vertex 12.6 44.7 11.2
      vertex 14.7173 44.7 6.94077
      vertex 14.6 44.7 6.95
    endloop
  endfacet
  facet normal 0 1 0
    outer loop
      vertex 20.6 44.7 11.2
      vertex 18.2595 44.7 6.86825
      vertex 12.6 44.7 11.2
    endloop
  endfacet
  facet normal 0 1 0
    outer loop
      vertex 12.6 44.7 11.2
      vertex 14.8318 44.7 6.91329
      vertex 14.7173 44.7 6.94077
    endloop
  endfacet
  facet normal 0 1 -0
    outer loop
      vertex 14.9405 44.7 6.86825
      vertex 12.6 44.7 11.2
      vertex 18.2595 44.7 6.86825
    endloop
  endfacet
  facet normal 0 1 0
    outer loop
      vertex 12.6 44.7 11.2
      vertex 14.9405 44.7 6.86825
      vertex 14.8318 44.7 6.91329
    endloop
  endfacet
  facet normal 0 1 -0
    outer loop
      vertex 18.1592 44.7 6.80676
      vertex 14.9405 44.7 6.86825
      vertex 18.2595 44.7 6.86825
    endloop
  endfacet
  facet normal 0 1 0
    outer loop
      vertex 18.1592 44.7 6.80676
      vertex 15.0408 44.7 6.80676
      vertex 14.9405 44.7 6.86825
    endloop
  endfacet
  facet normal 0 1 -0
    outer loop
      vertex 18.0697 44.7 6.73033
      vertex 15.0408 44.7 6.80676
      vertex 18.1592 44.7 6.80676
    endloop
  endfacet
  facet normal 0 1 0
    outer loop
      vertex 18.0697 44.7 6.73033
      vertex 15.1303 44.7 6.73033
      vertex 15.0408 44.7 6.80676
    endloop
  endfacet
  facet normal 0 1 -0
    outer loop
      vertex 17.9932 44.7 6.64084
      vertex 15.1303 44.7 6.73033
      vertex 18.0697 44.7 6.73033
    endloop
  endfacet
  facet normal 0 1 0
    outer loop
      vertex 17.9932 44.7 6.64084
      vertex 15.2068 44.7 6.64084
      vertex 15.1303 44.7 6.73033
    endloop
  endfacet
  facet normal 0 1 -0
    outer loop
      vertex 17.9317 44.7 6.54049
      vertex 15.2068 44.7 6.64084
      vertex 17.9932 44.7 6.64084
    endloop
  endfacet
  facet normal 0 1 0
    outer loop
      vertex 17.9317 44.7 6.54049
      vertex 15.2683 44.7 6.54049
      vertex 15.2068 44.7 6.64084
    endloop
  endfacet
  facet normal 0 1 -0
    outer loop
      vertex 17.8867 44.7 6.43176
      vertex 15.2683 44.7 6.54049
      vertex 17.9317 44.7 6.54049
    endloop
  endfacet
  facet normal 0 1 0
    outer loop
      vertex 17.8867 44.7 6.43176
      vertex 15.3133 44.7 6.43176
      vertex 15.2683 44.7 6.54049
    endloop
  endfacet
  facet normal 0 1 -0
    outer loop
      vertex 17.8592 44.7 6.31733
      vertex 15.3133 44.7 6.43176
      vertex 17.8867 44.7 6.43176
    endloop
  endfacet
  facet normal 0 1 0
    outer loop
      vertex 17.8592 44.7 6.31733
      vertex 15.3408 44.7 6.31733
      vertex 15.3133 44.7 6.43176
    endloop
  endfacet
  facet normal 0 1 -0
    outer loop
      vertex 17.85 44.7 6.2
      vertex 15.3408 44.7 6.31733
      vertex 17.8592 44.7 6.31733
    endloop
  endfacet
  facet normal 0 1 0
    outer loop
      vertex 17.85 44.7 6.2
      vertex 15.35 44.7 6.2
      vertex 15.3408 44.7 6.31733
    endloop
  endfacet
  facet normal 0 1 0
    outer loop
      vertex 17.8592 44.7 6.08267
      vertex 15.35 44.7 6.2
      vertex 17.85 44.7 6.2
    endloop
  endfacet
  facet normal 0 1 0
    outer loop
      vertex 17.8592 44.7 6.08267
      vertex 15.3408 44.7 6.08267
      vertex 15.35 44.7 6.2
    endloop
  endfacet
  facet normal 0 1 0
    outer loop
      vertex 17.8867 44.7 5.96824
      vertex 15.3408 44.7 6.08267
      vertex 17.8592 44.7 6.08267
    endloop
  endfacet
  facet normal 0 1 0
    outer loop
      vertex 17.8867 44.7 5.96824
      vertex 15.3133 44.7 5.96824
      vertex 15.3408 44.7 6.08267
    endloop
  endfacet
  facet normal 0 1 0
    outer loop
      vertex 17.9317 44.7 5.85951
      vertex 15.3133 44.7 5.96824
      vertex 17.8867 44.7 5.96824
    endloop
  endfacet
  facet normal 0 1 0
    outer loop
      vertex 17.9317 44.7 5.85951
      vertex 15.2683 44.7 5.85951
      vertex 15.3133 44.7 5.96824
    endloop
  endfacet
  facet normal 0 1 0
    outer loop
      vertex 17.9932 44.7 5.75916
      vertex 15.2683 44.7 5.85951
      vertex 17.9317 44.7 5.85951
    endloop
  endfacet
  facet normal 0 1 0
    outer loop
      vertex 17.9932 44.7 5.75916
      vertex 15.2068 44.7 5.75916
      vertex 15.2683 44.7 5.85951
    endloop
  endfacet
  facet normal 0 1 0
    outer loop
      vertex 18.0697 44.7 5.66967
      vertex 15.2068 44.7 5.75916
      vertex 17.9932 44.7 5.75916
    endloop
  endfacet
  facet normal 0 1 0
    outer loop
      vertex 18.0697 44.7 5.66967
      vertex 15.1303 44.7 5.66967
      vertex 15.2068 44.7 5.75916
    endloop
  endfacet
  facet normal 0 1 0
    outer loop
      vertex 18.1592 44.7 5.59324
      vertex 15.1303 44.7 5.66967
      vertex 18.0697 44.7 5.66967
    endloop
  endfacet
  facet normal 0 1 0
    outer loop
      vertex 18.1592 44.7 5.59324
      vertex 15.0408 44.7 5.59324
      vertex 15.1303 44.7 5.66967
    endloop
  endfacet
  facet normal 0 1 0
    outer loop
      vertex 18.2595 44.7 5.53174
      vertex 15.0408 44.7 5.59324
      vertex 18.1592 44.7 5.59324
    endloop
  endfacet
  facet normal 0 1 0
    outer loop
      vertex 18.2595 44.7 5.53174
      vertex 14.9405 44.7 5.53174
      vertex 15.0408 44.7 5.59324
    endloop
  endfacet
  facet normal 0 1 0
    outer loop
      vertex 20.6 44.7 1.2
      vertex 18.2595 44.7 5.53174
      vertex 18.3682 44.7 5.48671
    endloop
  endfacet
  facet normal 0 1 0
    outer loop
      vertex 18.2595 44.7 5.53174
      vertex 20.6 44.7 1.2
      vertex 14.9405 44.7 5.53174
    endloop
  endfacet
  facet normal 0 1 0
    outer loop
      vertex 20.6 44.7 1.2
      vertex 18.3682 44.7 5.48671
      vertex 18.4827 44.7 5.45923
    endloop
  endfacet
  facet normal 0 1 0
    outer loop
      vertex 12.6 44.7 1.2
      vertex 14.9405 44.7 5.53174
      vertex 20.6 44.7 1.2
    endloop
  endfacet
  facet normal 0 1 0
    outer loop
      vertex 20.6 44.7 1.2
      vertex 18.4827 44.7 5.45923
      vertex 18.6 44.7 5.45
    endloop
  endfacet
  facet normal 0 1 0
    outer loop
      vertex 14.9405 44.7 5.53174
      vertex 12.6 44.7 1.2
      vertex 14.8318 44.7 5.48671
    endloop
  endfacet
  facet normal 0 1 0
    outer loop
      vertex 18.4827 44.7 6.94077
      vertex 20.6 44.7 11.2
      vertex 18.6 44.7 6.95
    endloop
  endfacet
  facet normal 0 1 0
    outer loop
      vertex 20.6 44.7 11.2
      vertex 18.7173 44.7 6.94077
      vertex 18.6 44.7 6.95
    endloop
  endfacet
  facet normal 0 1 0
    outer loop
      vertex 20.6 44.7 11.2
      vertex 18.8318 44.7 6.91329
      vertex 18.7173 44.7 6.94077
    endloop
  endfacet
  facet normal 0 1 0
    outer loop
      vertex 20.6 44.7 11.2
      vertex 18.9405 44.7 6.86825
      vertex 18.8318 44.7 6.91329
    endloop
  endfacet
  facet normal 0 1 0
    outer loop
      vertex 20.6 44.7 11.2
      vertex 19.0408 44.7 6.80676
      vertex 18.9405 44.7 6.86825
    endloop
  endfacet
  facet normal 0 1 0
    outer loop
      vertex 20.6 44.7 11.2
      vertex 19.1303 44.7 6.73033
      vertex 19.0408 44.7 6.80676
    endloop
  endfacet
  facet normal 0 1 0
    outer loop
      vertex 20.6 44.7 11.2
      vertex 19.2068 44.7 6.64084
      vertex 19.1303 44.7 6.73033
    endloop
  endfacet
  facet normal 0 1 0
    outer loop
      vertex 20.6 44.7 11.2
      vertex 19.2683 44.7 6.54049
      vertex 19.2068 44.7 6.64084
    endloop
  endfacet
  facet normal 0 1 0
    outer loop
      vertex 20.6 44.7 11.2
      vertex 19.3133 44.7 6.43176
      vertex 19.2683 44.7 6.54049
    endloop
  endfacet
  facet normal 0 1 0
    outer loop
      vertex 20.6 44.7 11.2
      vertex 19.3408 44.7 6.31733
      vertex 19.3133 44.7 6.43176
    endloop
  endfacet
  facet normal 0 1 0
    outer loop
      vertex 20.6 44.7 11.2
      vertex 19.35 44.7 6.2
      vertex 19.3408 44.7 6.31733
    endloop
  endfacet
  facet normal 0 1 -0
    outer loop
      vertex 20.6 44.7 1.2
      vertex 19.35 44.7 6.2
      vertex 20.6 44.7 11.2
    endloop
  endfacet
  facet normal 0 1 0
    outer loop
      vertex 19.35 44.7 6.2
      vertex 20.6 44.7 1.2
      vertex 19.3408 44.7 6.08267
    endloop
  endfacet
  facet normal 0 1 0
    outer loop
      vertex 14.8318 44.7 5.48671
      vertex 12.6 44.7 1.2
      vertex 14.7173 44.7 5.45923
    endloop
  endfacet
  facet normal 0 1 0
    outer loop
      vertex 18.7173 44.7 5.45923
      vertex 20.6 44.7 1.2
      vertex 18.6 44.7 5.45
    endloop
  endfacet
  facet normal 0 1 0
    outer loop
      vertex 18.8318 44.7 5.48671
      vertex 20.6 44.7 1.2
      vertex 18.7173 44.7 5.45923
    endloop
  endfacet
  facet normal 0 1 0
    outer loop
      vertex 18.9405 44.7 5.53174
      vertex 20.6 44.7 1.2
      vertex 18.8318 44.7 5.48671
    endloop
  endfacet
  facet normal 0 1 0
    outer loop
      vertex 19.0408 44.7 5.59324
      vertex 20.6 44.7 1.2
      vertex 18.9405 44.7 5.53174
    endloop
  endfacet
  facet normal 0 1 0
    outer loop
      vertex 19.1303 44.7 5.66967
      vertex 20.6 44.7 1.2
      vertex 19.0408 44.7 5.59324
    endloop
  endfacet
  facet normal 0 1 0
    outer loop
      vertex 19.2068 44.7 5.75916
      vertex 20.6 44.7 1.2
      vertex 19.1303 44.7 5.66967
    endloop
  endfacet
  facet normal 0 1 0
    outer loop
      vertex 19.2683 44.7 5.85951
      vertex 20.6 44.7 1.2
      vertex 19.2068 44.7 5.75916
    endloop
  endfacet
  facet normal 0 1 0
    outer loop
      vertex 19.3133 44.7 5.96824
      vertex 20.6 44.7 1.2
      vertex 19.2683 44.7 5.85951
    endloop
  endfacet
  facet normal 0 1 0
    outer loop
      vertex 19.3408 44.7 6.08267
      vertex 20.6 44.7 1.2
      vertex 19.3133 44.7 5.96824
    endloop
  endfacet
  facet normal 0 1 0
    outer loop
      vertex 18.3682 44.7 6.91329
      vertex 20.6 44.7 11.2
      vertex 18.4827 44.7 6.94077
    endloop
  endfacet
  facet normal 0 1 -0
    outer loop
      vertex 14.4827 44.7 6.94077
      vertex 12.6 44.7 11.2
      vertex 14.6 44.7 6.95
    endloop
  endfacet
  facet normal 0 1 -0
    outer loop
      vertex 14.3682 44.7 6.91329
      vertex 12.6 44.7 11.2
      vertex 14.4827 44.7 6.94077
    endloop
  endfacet
  facet normal 0 1 -0
    outer loop
      vertex 14.2595 44.7 6.86825
      vertex 12.6 44.7 11.2
      vertex 14.3682 44.7 6.91329
    endloop
  endfacet
  facet normal 0 1 -0
    outer loop
      vertex 14.1592 44.7 6.80676
      vertex 12.6 44.7 11.2
      vertex 14.2595 44.7 6.86825
    endloop
  endfacet
  facet normal 0 1 -0
    outer loop
      vertex 14.0697 44.7 6.73033
      vertex 12.6 44.7 11.2
      vertex 14.1592 44.7 6.80676
    endloop
  endfacet
  facet normal 0 1 -0
    outer loop
      vertex 13.9932 44.7 6.64084
      vertex 12.6 44.7 11.2
      vertex 14.0697 44.7 6.73033
    endloop
  endfacet
  facet normal 0 1 -0
    outer loop
      vertex 13.9317 44.7 6.54049
      vertex 12.6 44.7 11.2
      vertex 13.9932 44.7 6.64084
    endloop
  endfacet
  facet normal 0 1 -0
    outer loop
      vertex 13.8867 44.7 6.43176
      vertex 12.6 44.7 11.2
      vertex 13.9317 44.7 6.54049
    endloop
  endfacet
  facet normal 0 1 -0
    outer loop
      vertex 13.8592 44.7 6.31733
      vertex 12.6 44.7 11.2
      vertex 13.8867 44.7 6.43176
    endloop
  endfacet
  facet normal 0 1 -0
    outer loop
      vertex 13.85 44.7 6.2
      vertex 12.6 44.7 11.2
      vertex 13.8592 44.7 6.31733
    endloop
  endfacet
  facet normal 0 1 0
    outer loop
      vertex 12.6 44.7 1.2
      vertex 13.85 44.7 6.2
      vertex 13.8592 44.7 6.08267
    endloop
  endfacet
  facet normal 0 1 0
    outer loop
      vertex 12.6 44.7 1.2
      vertex 13.8592 44.7 6.08267
      vertex 13.8867 44.7 5.96824
    endloop
  endfacet
  facet normal 0 1 0
    outer loop
      vertex 14.7173 44.7 5.45923
      vertex 12.6 44.7 1.2
      vertex 14.6 44.7 5.45
    endloop
  endfacet
  facet normal 0 1 0
    outer loop
      vertex 14.6 44.7 5.45
      vertex 12.6 44.7 1.2
      vertex 14.4827 44.7 5.45923
    endloop
  endfacet
  facet normal 0 1 0
    outer loop
      vertex 14.4827 44.7 5.45923
      vertex 12.6 44.7 1.2
      vertex 14.3682 44.7 5.48671
    endloop
  endfacet
  facet normal 0 1 0
    outer loop
      vertex 14.3682 44.7 5.48671
      vertex 12.6 44.7 1.2
      vertex 14.2595 44.7 5.53174
    endloop
  endfacet
  facet normal 0 1 0
    outer loop
      vertex 13.85 44.7 6.2
      vertex 12.6 44.7 1.2
      vertex 12.6 44.7 11.2
    endloop
  endfacet
  facet normal 0 1 0
    outer loop
      vertex 13.9317 44.7 5.85951
      vertex 12.6 44.7 1.2
      vertex 13.8867 44.7 5.96824
    endloop
  endfacet
  facet normal 0 1 0
    outer loop
      vertex 13.9932 44.7 5.75916
      vertex 12.6 44.7 1.2
      vertex 13.9317 44.7 5.85951
    endloop
  endfacet
  facet normal 0 1 0
    outer loop
      vertex 14.0697 44.7 5.66967
      vertex 12.6 44.7 1.2
      vertex 13.9932 44.7 5.75916
    endloop
  endfacet
  facet normal 0 1 0
    outer loop
      vertex 14.1592 44.7 5.59324
      vertex 12.6 44.7 1.2
      vertex 14.0697 44.7 5.66967
    endloop
  endfacet
  facet normal 0 1 0
    outer loop
      vertex 14.2595 44.7 5.53174
      vertex 12.6 44.7 1.2
      vertex 14.1592 44.7 5.59324
    endloop
  endfacet
  facet normal -0.0784677 0.996917 0
    outer loop
      vertex 17.4995 27.5208 1.19
      vertex 16.6 27.45 1.2
      vertex 17.4995 27.5208 1.2
    endloop
  endfacet
  facet normal -0.0784677 0.996917 0
    outer loop
      vertex 16.6 27.45 1.2
      vertex 17.4995 27.5208 1.19
      vertex 16.6 27.45 1.19
    endloop
  endfacet
  facet normal -0.972375 -0.233423 0
    outer loop
      vertex 22.2792 34.0995 1.19
      vertex 22.0686 34.9768 1.2
      vertex 22.0686 34.9768 1.19
    endloop
  endfacet
  facet normal -0.972375 -0.233423 0
    outer loop
      vertex 22.0686 34.9768 1.2
      vertex 22.2792 34.0995 1.19
      vertex 22.2792 34.0995 1.2
    endloop
  endfacet
  facet normal -0.996917 -0.0784677 0
    outer loop
      vertex 22.35 33.2 1.19
      vertex 22.2792 34.0995 1.2
      vertex 22.2792 34.0995 1.19
    endloop
  endfacet
  facet normal -0.996917 -0.0784677 0
    outer loop
      vertex 22.2792 34.0995 1.2
      vertex 22.35 33.2 1.19
      vertex 22.35 33.2 1.2
    endloop
  endfacet
  facet normal 0.233423 0.972375 -0
    outer loop
      vertex 15.7005 27.5208 1.19
      vertex 14.8232 27.7314 1.2
      vertex 15.7005 27.5208 1.2
    endloop
  endfacet
  facet normal 0.233423 0.972375 0
    outer loop
      vertex 14.8232 27.7314 1.2
      vertex 15.7005 27.5208 1.19
      vertex 14.8232 27.7314 1.19
    endloop
  endfacet
  facet normal 0.972375 -0.233423 0
    outer loop
      vertex 10.9208 34.0995 1.2
      vertex 11.1314 34.9768 1.19
      vertex 11.1314 34.9768 1.2
    endloop
  endfacet
  facet normal 0.972375 -0.233423 0
    outer loop
      vertex 11.1314 34.9768 1.19
      vertex 10.9208 34.0995 1.2
      vertex 10.9208 34.0995 1.19
    endloop
  endfacet
  facet normal -0.760452 -0.649394 0
    outer loop
      vertex 21.2518 36.5798 1.19
      vertex 20.6659 37.2659 1.2
      vertex 20.6659 37.2659 1.19
    endloop
  endfacet
  facet normal -0.760452 -0.649394 0
    outer loop
      vertex 20.6659 37.2659 1.2
      vertex 21.2518 36.5798 1.19
      vertex 21.2518 36.5798 1.2
    endloop
  endfacet
  facet normal -0.649394 -0.760452 0
    outer loop
      vertex 19.9798 37.8518 1.19
      vertex 20.6659 37.2659 1.2
      vertex 19.9798 37.8518 1.2
    endloop
  endfacet
  facet normal -0.649394 -0.760452 -0
    outer loop
      vertex 20.6659 37.2659 1.2
      vertex 19.9798 37.8518 1.19
      vertex 20.6659 37.2659 1.19
    endloop
  endfacet
  facet normal 0.233423 -0.972375 0
    outer loop
      vertex 14.8232 38.6686 1.19
      vertex 15.7005 38.8792 1.2
      vertex 14.8232 38.6686 1.2
    endloop
  endfacet
  facet normal 0.233423 -0.972375 0
    outer loop
      vertex 15.7005 38.8792 1.2
      vertex 14.8232 38.6686 1.19
      vertex 15.7005 38.8792 1.19
    endloop
  endfacet
  facet normal -0.233423 0.972375 0
    outer loop
      vertex 18.3768 27.7314 1.19
      vertex 17.4995 27.5208 1.2
      vertex 18.3768 27.7314 1.2
    endloop
  endfacet
  facet normal -0.233423 0.972375 0
    outer loop
      vertex 17.4995 27.5208 1.2
      vertex 18.3768 27.7314 1.19
      vertex 17.4995 27.5208 1.19
    endloop
  endfacet
  facet normal -0.649394 0.760452 0
    outer loop
      vertex 20.6659 29.1341 1.19
      vertex 19.9798 28.5482 1.2
      vertex 20.6659 29.1341 1.2
    endloop
  endfacet
  facet normal -0.649394 0.760452 0
    outer loop
      vertex 19.9798 28.5482 1.2
      vertex 20.6659 29.1341 1.19
      vertex 19.9798 28.5482 1.19
    endloop
  endfacet
  facet normal 0.996917 -0.0784677 0
    outer loop
      vertex 10.85 33.2 1.2
      vertex 10.9208 34.0995 1.19
      vertex 10.9208 34.0995 1.2
    endloop
  endfacet
  facet normal 0.996917 -0.0784677 0
    outer loop
      vertex 10.9208 34.0995 1.19
      vertex 10.85 33.2 1.2
      vertex 10.85 33.2 1.19
    endloop
  endfacet
  facet normal 0.0784677 -0.996917 0
    outer loop
      vertex 15.7005 38.8792 1.19
      vertex 16.6 38.95 1.2
      vertex 15.7005 38.8792 1.2
    endloop
  endfacet
  facet normal 0.0784677 -0.996917 0
    outer loop
      vertex 16.6 38.95 1.2
      vertex 15.7005 38.8792 1.19
      vertex 16.6 38.95 1.19
    endloop
  endfacet
  facet normal 0.996917 0.0784677 0
    outer loop
      vertex 10.9208 32.3005 1.2
      vertex 10.85 33.2 1.19
      vertex 10.85 33.2 1.2
    endloop
  endfacet
  facet normal 0.996917 0.0784677 0
    outer loop
      vertex 10.85 33.2 1.19
      vertex 10.9208 32.3005 1.2
      vertex 10.9208 32.3005 1.19
    endloop
  endfacet
  facet normal -0.760452 0.649394 0
    outer loop
      vertex 20.6659 29.1341 1.19
      vertex 21.2518 29.8202 1.2
      vertex 21.2518 29.8202 1.19
    endloop
  endfacet
  facet normal -0.760452 0.649394 0
    outer loop
      vertex 21.2518 29.8202 1.2
      vertex 20.6659 29.1341 1.19
      vertex 20.6659 29.1341 1.2
    endloop
  endfacet
  facet normal 0.923875 -0.382694 0
    outer loop
      vertex 11.1314 34.9768 1.2
      vertex 11.4767 35.8104 1.19
      vertex 11.4767 35.8104 1.2
    endloop
  endfacet
  facet normal 0.923875 -0.382694 0
    outer loop
      vertex 11.4767 35.8104 1.19
      vertex 11.1314 34.9768 1.2
      vertex 11.1314 34.9768 1.19
    endloop
  endfacet
  facet normal 0.382694 -0.923875 0
    outer loop
      vertex 13.9896 38.3233 1.19
      vertex 14.8232 38.6686 1.2
      vertex 13.9896 38.3233 1.2
    endloop
  endfacet
  facet normal 0.382694 -0.923875 0
    outer loop
      vertex 14.8232 38.6686 1.2
      vertex 13.9896 38.3233 1.19
      vertex 14.8232 38.6686 1.19
    endloop
  endfacet
  facet normal -0.382694 -0.923875 0
    outer loop
      vertex 18.3768 38.6686 1.19
      vertex 19.2104 38.3233 1.2
      vertex 18.3768 38.6686 1.2
    endloop
  endfacet
  facet normal -0.382694 -0.923875 -0
    outer loop
      vertex 19.2104 38.3233 1.2
      vertex 18.3768 38.6686 1.19
      vertex 19.2104 38.3233 1.19
    endloop
  endfacet
  facet normal 0.852635 -0.522507 0
    outer loop
      vertex 11.4767 35.8104 1.2
      vertex 11.9482 36.5798 1.19
      vertex 11.9482 36.5798 1.2
    endloop
  endfacet
  facet normal 0.852635 -0.522507 0
    outer loop
      vertex 11.9482 36.5798 1.19
      vertex 11.4767 35.8104 1.2
      vertex 11.4767 35.8104 1.19
    endloop
  endfacet
  facet normal 0.0784677 0.996917 -0
    outer loop
      vertex 16.6 27.45 1.19
      vertex 15.7005 27.5208 1.2
      vertex 16.6 27.45 1.2
    endloop
  endfacet
  facet normal 0.0784677 0.996917 0
    outer loop
      vertex 15.7005 27.5208 1.2
      vertex 16.6 27.45 1.19
      vertex 15.7005 27.5208 1.19
    endloop
  endfacet
  facet normal 0.972375 0.233423 0
    outer loop
      vertex 11.1314 31.4232 1.2
      vertex 10.9208 32.3005 1.19
      vertex 10.9208 32.3005 1.2
    endloop
  endfacet
  facet normal 0.972375 0.233423 0
    outer loop
      vertex 10.9208 32.3005 1.19
      vertex 11.1314 31.4232 1.2
      vertex 11.1314 31.4232 1.19
    endloop
  endfacet
  facet normal 0.522507 0.852635 -0
    outer loop
      vertex 13.9896 28.0767 1.19
      vertex 13.2202 28.5482 1.2
      vertex 13.9896 28.0767 1.2
    endloop
  endfacet
  facet normal 0.522507 0.852635 0
    outer loop
      vertex 13.2202 28.5482 1.2
      vertex 13.9896 28.0767 1.19
      vertex 13.2202 28.5482 1.19
    endloop
  endfacet
  facet normal -0.923875 -0.382694 0
    outer loop
      vertex 22.0686 34.9768 1.19
      vertex 21.7233 35.8104 1.2
      vertex 21.7233 35.8104 1.19
    endloop
  endfacet
  facet normal -0.923875 -0.382694 0
    outer loop
      vertex 21.7233 35.8104 1.2
      vertex 22.0686 34.9768 1.19
      vertex 22.0686 34.9768 1.2
    endloop
  endfacet
  facet normal 0.649394 -0.760452 0
    outer loop
      vertex 12.5341 37.2659 1.19
      vertex 13.2202 37.8518 1.2
      vertex 12.5341 37.2659 1.2
    endloop
  endfacet
  facet normal 0.649394 -0.760452 0
    outer loop
      vertex 13.2202 37.8518 1.2
      vertex 12.5341 37.2659 1.19
      vertex 13.2202 37.8518 1.19
    endloop
  endfacet
  facet normal 0.522507 -0.852635 0
    outer loop
      vertex 13.2202 37.8518 1.19
      vertex 13.9896 38.3233 1.2
      vertex 13.2202 37.8518 1.2
    endloop
  endfacet
  facet normal 0.522507 -0.852635 0
    outer loop
      vertex 13.9896 38.3233 1.2
      vertex 13.2202 37.8518 1.19
      vertex 13.9896 38.3233 1.19
    endloop
  endfacet
  facet normal -0.522507 -0.852635 0
    outer loop
      vertex 19.2104 38.3233 1.19
      vertex 19.9798 37.8518 1.2
      vertex 19.2104 38.3233 1.2
    endloop
  endfacet
  facet normal -0.522507 -0.852635 -0
    outer loop
      vertex 19.9798 37.8518 1.2
      vertex 19.2104 38.3233 1.19
      vertex 19.9798 37.8518 1.19
    endloop
  endfacet
  facet normal -0.996917 0.0784677 0
    outer loop
      vertex 22.2792 32.3005 1.19
      vertex 22.35 33.2 1.2
      vertex 22.35 33.2 1.19
    endloop
  endfacet
  facet normal -0.996917 0.0784677 0
    outer loop
      vertex 22.35 33.2 1.2
      vertex 22.2792 32.3005 1.19
      vertex 22.2792 32.3005 1.2
    endloop
  endfacet
  facet normal -0.972375 0.233423 0
    outer loop
      vertex 22.0686 31.4232 1.19
      vertex 22.2792 32.3005 1.2
      vertex 22.2792 32.3005 1.19
    endloop
  endfacet
  facet normal -0.972375 0.233423 0
    outer loop
      vertex 22.2792 32.3005 1.2
      vertex 22.0686 31.4232 1.19
      vertex 22.0686 31.4232 1.2
    endloop
  endfacet
  facet normal 0.760452 -0.649394 0
    outer loop
      vertex 11.9482 36.5798 1.2
      vertex 12.5341 37.2659 1.19
      vertex 12.5341 37.2659 1.2
    endloop
  endfacet
  facet normal 0.760452 -0.649394 0
    outer loop
      vertex 12.5341 37.2659 1.19
      vertex 11.9482 36.5798 1.2
      vertex 11.9482 36.5798 1.19
    endloop
  endfacet
  facet normal 0.382694 0.923875 -0
    outer loop
      vertex 14.8232 27.7314 1.19
      vertex 13.9896 28.0767 1.2
      vertex 14.8232 27.7314 1.2
    endloop
  endfacet
  facet normal 0.382694 0.923875 0
    outer loop
      vertex 13.9896 28.0767 1.2
      vertex 14.8232 27.7314 1.19
      vertex 13.9896 28.0767 1.19
    endloop
  endfacet
  facet normal -0.852635 -0.522507 0
    outer loop
      vertex 21.7233 35.8104 1.19
      vertex 21.2518 36.5798 1.2
      vertex 21.2518 36.5798 1.19
    endloop
  endfacet
  facet normal -0.852635 -0.522507 0
    outer loop
      vertex 21.2518 36.5798 1.2
      vertex 21.7233 35.8104 1.19
      vertex 21.7233 35.8104 1.2
    endloop
  endfacet
  facet normal 0.852635 0.522507 0
    outer loop
      vertex 11.9482 29.8202 1.2
      vertex 11.4767 30.5896 1.19
      vertex 11.4767 30.5896 1.2
    endloop
  endfacet
  facet normal 0.852635 0.522507 0
    outer loop
      vertex 11.4767 30.5896 1.19
      vertex 11.9482 29.8202 1.2
      vertex 11.9482 29.8202 1.19
    endloop
  endfacet
  facet normal 0.760452 0.649394 0
    outer loop
      vertex 12.5341 29.1341 1.2
      vertex 11.9482 29.8202 1.19
      vertex 11.9482 29.8202 1.2
    endloop
  endfacet
  facet normal 0.760452 0.649394 0
    outer loop
      vertex 11.9482 29.8202 1.19
      vertex 12.5341 29.1341 1.2
      vertex 12.5341 29.1341 1.19
    endloop
  endfacet
  facet normal -0.852635 0.522507 0
    outer loop
      vertex 21.2518 29.8202 1.19
      vertex 21.7233 30.5896 1.2
      vertex 21.7233 30.5896 1.19
    endloop
  endfacet
  facet normal -0.852635 0.522507 0
    outer loop
      vertex 21.7233 30.5896 1.2
      vertex 21.2518 29.8202 1.19
      vertex 21.2518 29.8202 1.2
    endloop
  endfacet
  facet normal -0.382694 0.923875 0
    outer loop
      vertex 19.2104 28.0767 1.19
      vertex 18.3768 27.7314 1.2
      vertex 19.2104 28.0767 1.2
    endloop
  endfacet
  facet normal -0.382694 0.923875 0
    outer loop
      vertex 18.3768 27.7314 1.2
      vertex 19.2104 28.0767 1.19
      vertex 18.3768 27.7314 1.19
    endloop
  endfacet
  facet normal -0.233423 -0.972375 0
    outer loop
      vertex 17.4995 38.8792 1.19
      vertex 18.3768 38.6686 1.2
      vertex 17.4995 38.8792 1.2
    endloop
  endfacet
  facet normal -0.233423 -0.972375 -0
    outer loop
      vertex 18.3768 38.6686 1.2
      vertex 17.4995 38.8792 1.19
      vertex 18.3768 38.6686 1.19
    endloop
  endfacet
  facet normal 0.923875 0.382694 0
    outer loop
      vertex 11.4767 30.5896 1.2
      vertex 11.1314 31.4232 1.19
      vertex 11.1314 31.4232 1.2
    endloop
  endfacet
  facet normal 0.923875 0.382694 0
    outer loop
      vertex 11.1314 31.4232 1.19
      vertex 11.4767 30.5896 1.2
      vertex 11.4767 30.5896 1.19
    endloop
  endfacet
  facet normal -0.0784677 -0.996917 0
    outer loop
      vertex 16.6 38.95 1.19
      vertex 17.4995 38.8792 1.2
      vertex 16.6 38.95 1.2
    endloop
  endfacet
  facet normal -0.0784677 -0.996917 -0
    outer loop
      vertex 17.4995 38.8792 1.2
      vertex 16.6 38.95 1.19
      vertex 17.4995 38.8792 1.19
    endloop
  endfacet
  facet normal -0.923875 0.382694 0
    outer loop
      vertex 21.7233 30.5896 1.19
      vertex 22.0686 31.4232 1.2
      vertex 22.0686 31.4232 1.19
    endloop
  endfacet
  facet normal -0.923875 0.382694 0
    outer loop
      vertex 22.0686 31.4232 1.2
      vertex 21.7233 30.5896 1.19
      vertex 21.7233 30.5896 1.2
    endloop
  endfacet
  facet normal -0.522507 0.852635 0
    outer loop
      vertex 19.9798 28.5482 1.19
      vertex 19.2104 28.0767 1.2
      vertex 19.9798 28.5482 1.2
    endloop
  endfacet
  facet normal -0.522507 0.852635 0
    outer loop
      vertex 19.2104 28.0767 1.2
      vertex 19.9798 28.5482 1.19
      vertex 19.2104 28.0767 1.19
    endloop
  endfacet
  facet normal 0.649394 0.760452 -0
    outer loop
      vertex 13.2202 28.5482 1.19
      vertex 12.5341 29.1341 1.2
      vertex 13.2202 28.5482 1.2
    endloop
  endfacet
  facet normal 0.649394 0.760452 0
    outer loop
      vertex 12.5341 29.1341 1.2
      vertex 13.2202 28.5482 1.19
      vertex 12.5341 29.1341 1.19
    endloop
  endfacet
  facet normal 0 0 1
    outer loop
      vertex 22.1 33.2 1.19
      vertex 22.35 33.2 1.19
      vertex 22.2792 34.0995 1.19
    endloop
  endfacet
  facet normal 0 0 1
    outer loop
      vertex 22.35 33.2 1.19
      vertex 22.1 33.2 1.19
      vertex 22.2792 32.3005 1.19
    endloop
  endfacet
  facet normal 0 0 1
    outer loop
      vertex 22.0323 34.0604 1.19
      vertex 22.2792 34.0995 1.19
      vertex 22.0686 34.9768 1.19
    endloop
  endfacet
  facet normal 0 0 1
    outer loop
      vertex 22.2792 34.0995 1.19
      vertex 22.0323 34.0604 1.19
      vertex 22.1 33.2 1.19
    endloop
  endfacet
  facet normal 0 0 1
    outer loop
      vertex 22.0686 34.9768 1.19
      vertex 21.8308 34.8996 1.19
      vertex 22.0323 34.0604 1.19
    endloop
  endfacet
  facet normal 0 0 1
    outer loop
      vertex 21.7233 35.8104 1.19
      vertex 21.8308 34.8996 1.19
      vertex 22.0686 34.9768 1.19
    endloop
  endfacet
  facet normal 0 0 1
    outer loop
      vertex 21.7233 35.8104 1.19
      vertex 21.5005 35.6969 1.19
      vertex 21.8308 34.8996 1.19
    endloop
  endfacet
  facet normal 0 0 1
    outer loop
      vertex 21.2518 36.5798 1.19
      vertex 21.5005 35.6969 1.19
      vertex 21.7233 35.8104 1.19
    endloop
  endfacet
  facet normal 0 0 1
    outer loop
      vertex 21.2518 36.5798 1.19
      vertex 21.0496 36.4328 1.19
      vertex 21.5005 35.6969 1.19
    endloop
  endfacet
  facet normal 0 0 1
    outer loop
      vertex 20.6659 37.2659 1.19
      vertex 21.0496 36.4328 1.19
      vertex 21.2518 36.5798 1.19
    endloop
  endfacet
  facet normal 0 0 1
    outer loop
      vertex 20.6659 37.2659 1.19
      vertex 20.4891 37.0891 1.19
      vertex 21.0496 36.4328 1.19
    endloop
  endfacet
  facet normal 0 0 1
    outer loop
      vertex 19.9798 37.8518 1.19
      vertex 20.4891 37.0891 1.19
      vertex 20.6659 37.2659 1.19
    endloop
  endfacet
  facet normal 0 0 1
    outer loop
      vertex 19.9798 37.8518 1.19
      vertex 19.8328 37.6496 1.19
      vertex 20.4891 37.0891 1.19
    endloop
  endfacet
  facet normal 0 0 1
    outer loop
      vertex 19.2104 38.3233 1.19
      vertex 19.8328 37.6496 1.19
      vertex 19.9798 37.8518 1.19
    endloop
  endfacet
  facet normal 0 0 1
    outer loop
      vertex 19.2104 38.3233 1.19
      vertex 19.0969 38.1005 1.19
      vertex 19.8328 37.6496 1.19
    endloop
  endfacet
  facet normal 0 0 1
    outer loop
      vertex 18.3768 38.6686 1.19
      vertex 19.0969 38.1005 1.19
      vertex 19.2104 38.3233 1.19
    endloop
  endfacet
  facet normal 0 0 1
    outer loop
      vertex 18.3768 38.6686 1.19
      vertex 18.2996 38.4308 1.19
      vertex 19.0969 38.1005 1.19
    endloop
  endfacet
  facet normal 0 0 1
    outer loop
      vertex 17.4995 38.8792 1.19
      vertex 18.2996 38.4308 1.19
      vertex 18.3768 38.6686 1.19
    endloop
  endfacet
  facet normal 0 0 1
    outer loop
      vertex 17.4995 38.8792 1.19
      vertex 17.4604 38.6323 1.19
      vertex 18.2996 38.4308 1.19
    endloop
  endfacet
  facet normal 0 0 1
    outer loop
      vertex 16.6 38.95 1.19
      vertex 17.4604 38.6323 1.19
      vertex 17.4995 38.8792 1.19
    endloop
  endfacet
  facet normal 0 0 1
    outer loop
      vertex 16.6 38.95 1.19
      vertex 16.6 38.7 1.19
      vertex 17.4604 38.6323 1.19
    endloop
  endfacet
  facet normal 0 0 1
    outer loop
      vertex 16.6 38.95 1.19
      vertex 15.7396 38.6323 1.19
      vertex 16.6 38.7 1.19
    endloop
  endfacet
  facet normal -0 0 1
    outer loop
      vertex 15.7005 38.8792 1.19
      vertex 15.7396 38.6323 1.19
      vertex 16.6 38.95 1.19
    endloop
  endfacet
  facet normal 0 0 1
    outer loop
      vertex 15.7005 38.8792 1.19
      vertex 14.9004 38.4308 1.19
      vertex 15.7396 38.6323 1.19
    endloop
  endfacet
  facet normal -0 0 1
    outer loop
      vertex 14.8232 38.6686 1.19
      vertex 14.9004 38.4308 1.19
      vertex 15.7005 38.8792 1.19
    endloop
  endfacet
  facet normal 0 0 1
    outer loop
      vertex 14.8232 38.6686 1.19
      vertex 14.1031 38.1005 1.19
      vertex 14.9004 38.4308 1.19
    endloop
  endfacet
  facet normal -0 0 1
    outer loop
      vertex 13.9896 38.3233 1.19
      vertex 14.1031 38.1005 1.19
      vertex 14.8232 38.6686 1.19
    endloop
  endfacet
  facet normal 0 0 1
    outer loop
      vertex 13.9896 38.3233 1.19
      vertex 13.3672 37.6496 1.19
      vertex 14.1031 38.1005 1.19
    endloop
  endfacet
  facet normal -0 0 1
    outer loop
      vertex 13.2202 37.8518 1.19
      vertex 13.3672 37.6496 1.19
      vertex 13.9896 38.3233 1.19
    endloop
  endfacet
  facet normal 0 0 1
    outer loop
      vertex 13.2202 37.8518 1.19
      vertex 12.7109 37.0891 1.19
      vertex 13.3672 37.6496 1.19
    endloop
  endfacet
  facet normal -0 0 1
    outer loop
      vertex 12.5341 37.2659 1.19
      vertex 12.7109 37.0891 1.19
      vertex 13.2202 37.8518 1.19
    endloop
  endfacet
  facet normal 0 0 1
    outer loop
      vertex 12.5341 37.2659 1.19
      vertex 12.1504 36.4328 1.19
      vertex 12.7109 37.0891 1.19
    endloop
  endfacet
  facet normal -0 0 1
    outer loop
      vertex 11.9482 36.5798 1.19
      vertex 12.1504 36.4328 1.19
      vertex 12.5341 37.2659 1.19
    endloop
  endfacet
  facet normal 0 0 1
    outer loop
      vertex 11.9482 36.5798 1.19
      vertex 11.6995 35.6969 1.19
      vertex 12.1504 36.4328 1.19
    endloop
  endfacet
  facet normal -0 0 1
    outer loop
      vertex 11.4767 35.8104 1.19
      vertex 11.6995 35.6969 1.19
      vertex 11.9482 36.5798 1.19
    endloop
  endfacet
  facet normal 0 0 1
    outer loop
      vertex 11.4767 35.8104 1.19
      vertex 11.3692 34.8996 1.19
      vertex 11.6995 35.6969 1.19
    endloop
  endfacet
  facet normal -0 0 1
    outer loop
      vertex 11.1314 34.9768 1.19
      vertex 11.3692 34.8996 1.19
      vertex 11.4767 35.8104 1.19
    endloop
  endfacet
  facet normal 0 0 1
    outer loop
      vertex 11.3692 34.8996 1.19
      vertex 11.1314 34.9768 1.19
      vertex 11.1677 34.0604 1.19
    endloop
  endfacet
  facet normal -0 0 1
    outer loop
      vertex 10.9208 34.0995 1.19
      vertex 11.1677 34.0604 1.19
      vertex 11.1314 34.9768 1.19
    endloop
  endfacet
  facet normal 0 0 1
    outer loop
      vertex 11.1677 34.0604 1.19
      vertex 10.9208 34.0995 1.19
      vertex 11.1 33.2 1.19
    endloop
  endfacet
  facet normal -0 0 1
    outer loop
      vertex 22.0323 32.3396 1.19
      vertex 22.2792 32.3005 1.19
      vertex 22.1 33.2 1.19
    endloop
  endfacet
  facet normal 0 0 1
    outer loop
      vertex 22.2792 32.3005 1.19
      vertex 22.0323 32.3396 1.19
      vertex 22.0686 31.4232 1.19
    endloop
  endfacet
  facet normal -0 0 1
    outer loop
      vertex 21.8308 31.5004 1.19
      vertex 22.0686 31.4232 1.19
      vertex 22.0323 32.3396 1.19
    endloop
  endfacet
  facet normal 0 0 1
    outer loop
      vertex 21.8308 31.5004 1.19
      vertex 21.7233 30.5896 1.19
      vertex 22.0686 31.4232 1.19
    endloop
  endfacet
  facet normal -0 0 1
    outer loop
      vertex 21.5005 30.7031 1.19
      vertex 21.7233 30.5896 1.19
      vertex 21.8308 31.5004 1.19
    endloop
  endfacet
  facet normal 0 0 1
    outer loop
      vertex 21.5005 30.7031 1.19
      vertex 21.2518 29.8202 1.19
      vertex 21.7233 30.5896 1.19
    endloop
  endfacet
  facet normal -0 0 1
    outer loop
      vertex 21.0496 29.9672 1.19
      vertex 21.2518 29.8202 1.19
      vertex 21.5005 30.7031 1.19
    endloop
  endfacet
  facet normal 0 0 1
    outer loop
      vertex 21.0496 29.9672 1.19
      vertex 20.6659 29.1341 1.19
      vertex 21.2518 29.8202 1.19
    endloop
  endfacet
  facet normal -0 0 1
    outer loop
      vertex 20.4891 29.3109 1.19
      vertex 20.6659 29.1341 1.19
      vertex 21.0496 29.9672 1.19
    endloop
  endfacet
  facet normal 0 0 1
    outer loop
      vertex 20.4891 29.3109 1.19
      vertex 19.9798 28.5482 1.19
      vertex 20.6659 29.1341 1.19
    endloop
  endfacet
  facet normal -0 0 1
    outer loop
      vertex 19.8328 28.7504 1.19
      vertex 19.9798 28.5482 1.19
      vertex 20.4891 29.3109 1.19
    endloop
  endfacet
  facet normal 0 0 1
    outer loop
      vertex 19.8328 28.7504 1.19
      vertex 19.2104 28.0767 1.19
      vertex 19.9798 28.5482 1.19
    endloop
  endfacet
  facet normal -0 0 1
    outer loop
      vertex 19.0969 28.2995 1.19
      vertex 19.2104 28.0767 1.19
      vertex 19.8328 28.7504 1.19
    endloop
  endfacet
  facet normal 0 0 1
    outer loop
      vertex 19.0969 28.2995 1.19
      vertex 18.3768 27.7314 1.19
      vertex 19.2104 28.0767 1.19
    endloop
  endfacet
  facet normal -0 0 1
    outer loop
      vertex 18.2996 27.9692 1.19
      vertex 18.3768 27.7314 1.19
      vertex 19.0969 28.2995 1.19
    endloop
  endfacet
  facet normal 0 0 1
    outer loop
      vertex 18.2996 27.9692 1.19
      vertex 17.4995 27.5208 1.19
      vertex 18.3768 27.7314 1.19
    endloop
  endfacet
  facet normal -0 0 1
    outer loop
      vertex 17.4604 27.7677 1.19
      vertex 17.4995 27.5208 1.19
      vertex 18.2996 27.9692 1.19
    endloop
  endfacet
  facet normal -0 0 1
    outer loop
      vertex 16.6 27.7 1.19
      vertex 17.4995 27.5208 1.19
      vertex 17.4604 27.7677 1.19
    endloop
  endfacet
  facet normal 0 0 1
    outer loop
      vertex 16.6 27.7 1.19
      vertex 16.6 27.45 1.19
      vertex 17.4995 27.5208 1.19
    endloop
  endfacet
  facet normal 0 0 1
    outer loop
      vertex 15.7396 27.7677 1.19
      vertex 16.6 27.45 1.19
      vertex 16.6 27.7 1.19
    endloop
  endfacet
  facet normal 0 0 1
    outer loop
      vertex 15.7396 27.7677 1.19
      vertex 15.7005 27.5208 1.19
      vertex 16.6 27.45 1.19
    endloop
  endfacet
  facet normal 0 0 1
    outer loop
      vertex 14.9004 27.9692 1.19
      vertex 15.7005 27.5208 1.19
      vertex 15.7396 27.7677 1.19
    endloop
  endfacet
  facet normal 0 0 1
    outer loop
      vertex 14.9004 27.9692 1.19
      vertex 14.8232 27.7314 1.19
      vertex 15.7005 27.5208 1.19
    endloop
  endfacet
  facet normal 0 0 1
    outer loop
      vertex 14.1031 28.2995 1.19
      vertex 14.8232 27.7314 1.19
      vertex 14.9004 27.9692 1.19
    endloop
  endfacet
  facet normal 0 0 1
    outer loop
      vertex 14.1031 28.2995 1.19
      vertex 13.9896 28.0767 1.19
      vertex 14.8232 27.7314 1.19
    endloop
  endfacet
  facet normal 0 0 1
    outer loop
      vertex 13.3672 28.7504 1.19
      vertex 13.9896 28.0767 1.19
      vertex 14.1031 28.2995 1.19
    endloop
  endfacet
  facet normal 0 0 1
    outer loop
      vertex 13.3672 28.7504 1.19
      vertex 13.2202 28.5482 1.19
      vertex 13.9896 28.0767 1.19
    endloop
  endfacet
  facet normal 0 0 1
    outer loop
      vertex 12.7109 29.3109 1.19
      vertex 13.2202 28.5482 1.19
      vertex 13.3672 28.7504 1.19
    endloop
  endfacet
  facet normal 0 0 1
    outer loop
      vertex 12.7109 29.3109 1.19
      vertex 12.5341 29.1341 1.19
      vertex 13.2202 28.5482 1.19
    endloop
  endfacet
  facet normal 0 0 1
    outer loop
      vertex 12.1504 29.9672 1.19
      vertex 12.5341 29.1341 1.19
      vertex 12.7109 29.3109 1.19
    endloop
  endfacet
  facet normal 0 0 1
    outer loop
      vertex 12.1504 29.9672 1.19
      vertex 11.9482 29.8202 1.19
      vertex 12.5341 29.1341 1.19
    endloop
  endfacet
  facet normal 0 0 1
    outer loop
      vertex 11.6995 30.7031 1.19
      vertex 11.9482 29.8202 1.19
      vertex 12.1504 29.9672 1.19
    endloop
  endfacet
  facet normal 0 0 1
    outer loop
      vertex 11.6995 30.7031 1.19
      vertex 11.4767 30.5896 1.19
      vertex 11.9482 29.8202 1.19
    endloop
  endfacet
  facet normal 0 0 1
    outer loop
      vertex 11.3692 31.5004 1.19
      vertex 11.4767 30.5896 1.19
      vertex 11.6995 30.7031 1.19
    endloop
  endfacet
  facet normal 0 0 1
    outer loop
      vertex 11.1314 31.4232 1.19
      vertex 11.3692 31.5004 1.19
      vertex 11.1677 32.3396 1.19
    endloop
  endfacet
  facet normal 0 0 1
    outer loop
      vertex 11.3692 31.5004 1.19
      vertex 11.1314 31.4232 1.19
      vertex 11.4767 30.5896 1.19
    endloop
  endfacet
  facet normal 0 0 1
    outer loop
      vertex 10.9208 32.3005 1.19
      vertex 11.1677 32.3396 1.19
      vertex 11.1 33.2 1.19
    endloop
  endfacet
  facet normal 0 0 1
    outer loop
      vertex 10.85 33.2 1.19
      vertex 11.1 33.2 1.19
      vertex 10.9208 34.0995 1.19
    endloop
  endfacet
  facet normal 0 0 1
    outer loop
      vertex 11.1677 32.3396 1.19
      vertex 10.9208 32.3005 1.19
      vertex 11.1314 31.4232 1.19
    endloop
  endfacet
  facet normal 0 0 1
    outer loop
      vertex 11.1 33.2 1.19
      vertex 10.85 33.2 1.19
      vertex 10.9208 32.3005 1.19
    endloop
  endfacet
  facet normal -0.972363 -0.233474 0
    outer loop
      vertex 22.0323 34.0604 0
      vertex 21.8308 34.8996 1.19
      vertex 21.8308 34.8996 0
    endloop
  endfacet
  facet normal -0.972363 -0.233474 0
    outer loop
      vertex 21.8308 34.8996 1.19
      vertex 22.0323 34.0604 0
      vertex 22.0323 34.0604 1.19
    endloop
  endfacet
  facet normal -0.996919 -0.0784419 0
    outer loop
      vertex 22.1 33.2 0
      vertex 22.0323 34.0604 1.19
      vertex 22.0323 34.0604 0
    endloop
  endfacet
  facet normal -0.996919 -0.0784419 0
    outer loop
      vertex 22.0323 34.0604 1.19
      vertex 22.1 33.2 0
      vertex 22.1 33.2 1.19
    endloop
  endfacet
  facet normal -0.996919 0.0784419 0
    outer loop
      vertex 22.0323 32.3396 0
      vertex 22.1 33.2 1.19
      vertex 22.1 33.2 0
    endloop
  endfacet
  facet normal -0.996919 0.0784419 0
    outer loop
      vertex 22.1 33.2 1.19
      vertex 22.0323 32.3396 0
      vertex 22.0323 32.3396 1.19
    endloop
  endfacet
  facet normal -0.760425 -0.649426 0
    outer loop
      vertex 21.0496 36.4328 0
      vertex 20.4891 37.0891 1.19
      vertex 20.4891 37.0891 0
    endloop
  endfacet
  facet normal -0.760425 -0.649426 0
    outer loop
      vertex 20.4891 37.0891 1.19
      vertex 21.0496 36.4328 0
      vertex 21.0496 36.4328 1.19
    endloop
  endfacet
  facet normal 0.996919 0.0784419 0
    outer loop
      vertex 11.1677 32.3396 1.19
      vertex 11.1 33.2 0
      vertex 11.1 33.2 1.19
    endloop
  endfacet
  facet normal 0.996919 0.0784419 0
    outer loop
      vertex 11.1 33.2 0
      vertex 11.1677 32.3396 1.19
      vertex 11.1677 32.3396 0
    endloop
  endfacet
  facet normal 0.649426 -0.760425 0
    outer loop
      vertex 12.7109 37.0891 0
      vertex 13.3672 37.6496 1.19
      vertex 12.7109 37.0891 1.19
    endloop
  endfacet
  facet normal 0.649426 -0.760425 0
    outer loop
      vertex 13.3672 37.6496 1.19
      vertex 12.7109 37.0891 0
      vertex 13.3672 37.6496 0
    endloop
  endfacet
  facet normal -0.233474 0.972363 0
    outer loop
      vertex 18.2996 27.9692 0
      vertex 17.4604 27.7677 1.19
      vertex 18.2996 27.9692 1.19
    endloop
  endfacet
  facet normal -0.233474 0.972363 0
    outer loop
      vertex 17.4604 27.7677 1.19
      vertex 18.2996 27.9692 0
      vertex 17.4604 27.7677 0
    endloop
  endfacet
  facet normal -0.972363 0.233474 0
    outer loop
      vertex 21.8308 31.5004 0
      vertex 22.0323 32.3396 1.19
      vertex 22.0323 32.3396 0
    endloop
  endfacet
  facet normal -0.972363 0.233474 0
    outer loop
      vertex 22.0323 32.3396 1.19
      vertex 21.8308 31.5004 0
      vertex 21.8308 31.5004 1.19
    endloop
  endfacet
  facet normal 0.522448 -0.852671 0
    outer loop
      vertex 13.3672 37.6496 0
      vertex 14.1031 38.1005 1.19
      vertex 13.3672 37.6496 1.19
    endloop
  endfacet
  facet normal 0.522448 -0.852671 0
    outer loop
      vertex 14.1031 38.1005 1.19
      vertex 13.3672 37.6496 0
      vertex 14.1031 38.1005 0
    endloop
  endfacet
  facet normal 0.522448 0.852671 -0
    outer loop
      vertex 14.1031 28.2995 0
      vertex 13.3672 28.7504 1.19
      vertex 14.1031 28.2995 1.19
    endloop
  endfacet
  facet normal 0.522448 0.852671 0
    outer loop
      vertex 13.3672 28.7504 1.19
      vertex 14.1031 28.2995 0
      vertex 13.3672 28.7504 0
    endloop
  endfacet
  facet normal 0.996919 -0.0784419 0
    outer loop
      vertex 11.1 33.2 1.19
      vertex 11.1677 34.0604 0
      vertex 11.1677 34.0604 1.19
    endloop
  endfacet
  facet normal 0.996919 -0.0784419 0
    outer loop
      vertex 11.1677 34.0604 0
      vertex 11.1 33.2 1.19
      vertex 11.1 33.2 0
    endloop
  endfacet
  facet normal 0.649426 0.760425 -0
    outer loop
      vertex 13.3672 28.7504 0
      vertex 12.7109 29.3109 1.19
      vertex 13.3672 28.7504 1.19
    endloop
  endfacet
  facet normal 0.649426 0.760425 0
    outer loop
      vertex 12.7109 29.3109 1.19
      vertex 13.3672 28.7504 0
      vertex 12.7109 29.3109 0
    endloop
  endfacet
  facet normal 0.852671 -0.522448 0
    outer loop
      vertex 11.6995 35.6969 1.19
      vertex 12.1504 36.4328 0
      vertex 12.1504 36.4328 1.19
    endloop
  endfacet
  facet normal 0.852671 -0.522448 0
    outer loop
      vertex 12.1504 36.4328 0
      vertex 11.6995 35.6969 1.19
      vertex 11.6995 35.6969 0
    endloop
  endfacet
  facet normal -0.649426 0.760425 0
    outer loop
      vertex 20.4891 29.3109 0
      vertex 19.8328 28.7504 1.19
      vertex 20.4891 29.3109 1.19
    endloop
  endfacet
  facet normal -0.649426 0.760425 0
    outer loop
      vertex 19.8328 28.7504 1.19
      vertex 20.4891 29.3109 0
      vertex 19.8328 28.7504 0
    endloop
  endfacet
  facet normal -0.38273 0.92386 0
    outer loop
      vertex 19.0969 28.2995 0
      vertex 18.2996 27.9692 1.19
      vertex 19.0969 28.2995 1.19
    endloop
  endfacet
  facet normal -0.38273 0.92386 0
    outer loop
      vertex 18.2996 27.9692 1.19
      vertex 19.0969 28.2995 0
      vertex 18.2996 27.9692 0
    endloop
  endfacet
  facet normal 0.972363 0.233474 0
    outer loop
      vertex 11.3692 31.5004 1.19
      vertex 11.1677 32.3396 0
      vertex 11.1677 32.3396 1.19
    endloop
  endfacet
  facet normal 0.972363 0.233474 0
    outer loop
      vertex 11.1677 32.3396 0
      vertex 11.3692 31.5004 1.19
      vertex 11.3692 31.5004 0
    endloop
  endfacet
  facet normal 0.38273 -0.92386 0
    outer loop
      vertex 14.1031 38.1005 0
      vertex 14.9004 38.4308 1.19
      vertex 14.1031 38.1005 1.19
    endloop
  endfacet
  facet normal 0.38273 -0.92386 0
    outer loop
      vertex 14.9004 38.4308 1.19
      vertex 14.1031 38.1005 0
      vertex 14.9004 38.4308 0
    endloop
  endfacet
  facet normal -0.38273 -0.92386 0
    outer loop
      vertex 18.2996 38.4308 0
      vertex 19.0969 38.1005 1.19
      vertex 18.2996 38.4308 1.19
    endloop
  endfacet
  facet normal -0.38273 -0.92386 -0
    outer loop
      vertex 19.0969 38.1005 1.19
      vertex 18.2996 38.4308 0
      vertex 19.0969 38.1005 0
    endloop
  endfacet
  facet normal -0.760425 0.649426 0
    outer loop
      vertex 20.4891 29.3109 0
      vertex 21.0496 29.9672 1.19
      vertex 21.0496 29.9672 0
    endloop
  endfacet
  facet normal -0.760425 0.649426 0
    outer loop
      vertex 21.0496 29.9672 1.19
      vertex 20.4891 29.3109 0
      vertex 20.4891 29.3109 1.19
    endloop
  endfacet
  facet normal -0.0784419 0.996919 0
    outer loop
      vertex 17.4604 27.7677 0
      vertex 16.6 27.7 1.19
      vertex 17.4604 27.7677 1.19
    endloop
  endfacet
  facet normal -0.0784419 0.996919 0
    outer loop
      vertex 16.6 27.7 1.19
      vertex 17.4604 27.7677 0
      vertex 16.6 27.7 0
    endloop
  endfacet
  facet normal 0.92386 0.38273 0
    outer loop
      vertex 11.6995 30.7031 1.19
      vertex 11.3692 31.5004 0
      vertex 11.3692 31.5004 1.19
    endloop
  endfacet
  facet normal 0.92386 0.38273 0
    outer loop
      vertex 11.3692 31.5004 0
      vertex 11.6995 30.7031 1.19
      vertex 11.6995 30.7031 0
    endloop
  endfacet
  facet normal 0.0784419 -0.996919 0
    outer loop
      vertex 15.7396 38.6323 0
      vertex 16.6 38.7 1.19
      vertex 15.7396 38.6323 1.19
    endloop
  endfacet
  facet normal 0.0784419 -0.996919 0
    outer loop
      vertex 16.6 38.7 1.19
      vertex 15.7396 38.6323 0
      vertex 16.6 38.7 0
    endloop
  endfacet
  facet normal -0.649426 -0.760425 0
    outer loop
      vertex 19.8328 37.6496 0
      vertex 20.4891 37.0891 1.19
      vertex 19.8328 37.6496 1.19
    endloop
  endfacet
  facet normal -0.649426 -0.760425 -0
    outer loop
      vertex 20.4891 37.0891 1.19
      vertex 19.8328 37.6496 0
      vertex 20.4891 37.0891 0
    endloop
  endfacet
  facet normal 0.233474 -0.972363 0
    outer loop
      vertex 14.9004 38.4308 0
      vertex 15.7396 38.6323 1.19
      vertex 14.9004 38.4308 1.19
    endloop
  endfacet
  facet normal 0.233474 -0.972363 0
    outer loop
      vertex 15.7396 38.6323 1.19
      vertex 14.9004 38.4308 0
      vertex 15.7396 38.6323 0
    endloop
  endfacet
  facet normal -0.522448 -0.852671 0
    outer loop
      vertex 19.0969 38.1005 0
      vertex 19.8328 37.6496 1.19
      vertex 19.0969 38.1005 1.19
    endloop
  endfacet
  facet normal -0.522448 -0.852671 -0
    outer loop
      vertex 19.8328 37.6496 1.19
      vertex 19.0969 38.1005 0
      vertex 19.8328 37.6496 0
    endloop
  endfacet
  facet normal 0.760425 0.649426 0
    outer loop
      vertex 12.7109 29.3109 1.19
      vertex 12.1504 29.9672 0
      vertex 12.1504 29.9672 1.19
    endloop
  endfacet
  facet normal 0.760425 0.649426 0
    outer loop
      vertex 12.1504 29.9672 0
      vertex 12.7109 29.3109 1.19
      vertex 12.7109 29.3109 0
    endloop
  endfacet
  facet normal -0.852671 0.522448 0
    outer loop
      vertex 21.0496 29.9672 0
      vertex 21.5005 30.7031 1.19
      vertex 21.5005 30.7031 0
    endloop
  endfacet
  facet normal -0.852671 0.522448 0
    outer loop
      vertex 21.5005 30.7031 1.19
      vertex 21.0496 29.9672 0
      vertex 21.0496 29.9672 1.19
    endloop
  endfacet
  facet normal -0.852671 -0.522448 0
    outer loop
      vertex 21.5005 35.6969 0
      vertex 21.0496 36.4328 1.19
      vertex 21.0496 36.4328 0
    endloop
  endfacet
  facet normal -0.852671 -0.522448 0
    outer loop
      vertex 21.0496 36.4328 1.19
      vertex 21.5005 35.6969 0
      vertex 21.5005 35.6969 1.19
    endloop
  endfacet
  facet normal 0.92386 -0.38273 0
    outer loop
      vertex 11.3692 34.8996 1.19
      vertex 11.6995 35.6969 0
      vertex 11.6995 35.6969 1.19
    endloop
  endfacet
  facet normal 0.92386 -0.38273 0
    outer loop
      vertex 11.6995 35.6969 0
      vertex 11.3692 34.8996 1.19
      vertex 11.3692 34.8996 0
    endloop
  endfacet
  facet normal -0.0784419 -0.996919 0
    outer loop
      vertex 16.6 38.7 0
      vertex 17.4604 38.6323 1.19
      vertex 16.6 38.7 1.19
    endloop
  endfacet
  facet normal -0.0784419 -0.996919 -0
    outer loop
      vertex 17.4604 38.6323 1.19
      vertex 16.6 38.7 0
      vertex 17.4604 38.6323 0
    endloop
  endfacet
  facet normal -0.233474 -0.972363 0
    outer loop
      vertex 17.4604 38.6323 0
      vertex 18.2996 38.4308 1.19
      vertex 17.4604 38.6323 1.19
    endloop
  endfacet
  facet normal -0.233474 -0.972363 -0
    outer loop
      vertex 18.2996 38.4308 1.19
      vertex 17.4604 38.6323 0
      vertex 18.2996 38.4308 0
    endloop
  endfacet
  facet normal 0.852671 0.522448 0
    outer loop
      vertex 12.1504 29.9672 1.19
      vertex 11.6995 30.7031 0
      vertex 11.6995 30.7031 1.19
    endloop
  endfacet
  facet normal 0.852671 0.522448 0
    outer loop
      vertex 11.6995 30.7031 0
      vertex 12.1504 29.9672 1.19
      vertex 12.1504 29.9672 0
    endloop
  endfacet
  facet normal -0.92386 -0.38273 0
    outer loop
      vertex 21.8308 34.8996 0
      vertex 21.5005 35.6969 1.19
      vertex 21.5005 35.6969 0
    endloop
  endfacet
  facet normal -0.92386 -0.38273 0
    outer loop
      vertex 21.5005 35.6969 1.19
      vertex 21.8308 34.8996 0
      vertex 21.8308 34.8996 1.19
    endloop
  endfacet
  facet normal -0.92386 0.38273 0
    outer loop
      vertex 21.5005 30.7031 0
      vertex 21.8308 31.5004 1.19
      vertex 21.8308 31.5004 0
    endloop
  endfacet
  facet normal -0.92386 0.38273 0
    outer loop
      vertex 21.8308 31.5004 1.19
      vertex 21.5005 30.7031 0
      vertex 21.5005 30.7031 1.19
    endloop
  endfacet
  facet normal 0.972363 -0.233474 0
    outer loop
      vertex 11.1677 34.0604 1.19
      vertex 11.3692 34.8996 0
      vertex 11.3692 34.8996 1.19
    endloop
  endfacet
  facet normal 0.972363 -0.233474 0
    outer loop
      vertex 11.3692 34.8996 0
      vertex 11.1677 34.0604 1.19
      vertex 11.1677 34.0604 0
    endloop
  endfacet
  facet normal 0.38273 0.92386 -0
    outer loop
      vertex 14.9004 27.9692 0
      vertex 14.1031 28.2995 1.19
      vertex 14.9004 27.9692 1.19
    endloop
  endfacet
  facet normal 0.38273 0.92386 0
    outer loop
      vertex 14.1031 28.2995 1.19
      vertex 14.9004 27.9692 0
      vertex 14.1031 28.2995 0
    endloop
  endfacet
  facet normal 0.760425 -0.649426 0
    outer loop
      vertex 12.1504 36.4328 1.19
      vertex 12.7109 37.0891 0
      vertex 12.7109 37.0891 1.19
    endloop
  endfacet
  facet normal 0.760425 -0.649426 0
    outer loop
      vertex 12.7109 37.0891 0
      vertex 12.1504 36.4328 1.19
      vertex 12.1504 36.4328 0
    endloop
  endfacet
  facet normal 0.233474 0.972363 -0
    outer loop
      vertex 15.7396 27.7677 0
      vertex 14.9004 27.9692 1.19
      vertex 15.7396 27.7677 1.19
    endloop
  endfacet
  facet normal 0.233474 0.972363 0
    outer loop
      vertex 14.9004 27.9692 1.19
      vertex 15.7396 27.7677 0
      vertex 14.9004 27.9692 0
    endloop
  endfacet
  facet normal 0.0784419 0.996919 -0
    outer loop
      vertex 16.6 27.7 0
      vertex 15.7396 27.7677 1.19
      vertex 16.6 27.7 1.19
    endloop
  endfacet
  facet normal 0.0784419 0.996919 0
    outer loop
      vertex 15.7396 27.7677 1.19
      vertex 16.6 27.7 0
      vertex 15.7396 27.7677 0
    endloop
  endfacet
  facet normal -0.522448 0.852671 0
    outer loop
      vertex 19.8328 28.7504 0
      vertex 19.0969 28.2995 1.19
      vertex 19.8328 28.7504 1.19
    endloop
  endfacet
  facet normal -0.522448 0.852671 0
    outer loop
      vertex 19.0969 28.2995 1.19
      vertex 19.8328 28.7504 0
      vertex 19.0969 28.2995 0
    endloop
  endfacet
  facet normal 0 0.233448 -0.972369
    outer loop
      vertex 0 9.13647 7.62658
      vertex 1.6 9.36535 7.68153
      vertex 1.6 9.13647 7.62658
    endloop
  endfacet
  facet normal 0 0.233448 -0.972369
    outer loop
      vertex 1.6 9.36535 7.68153
      vertex 0 9.13647 7.62658
      vertex 0 9.36535 7.68153
    endloop
  endfacet
  facet normal 0 -0.233437 0.972372
    outer loop
      vertex 0 10.0635 4.77341
      vertex 1.6 9.83465 4.71847
      vertex 1.6 10.0635 4.77341
    endloop
  endfacet
  facet normal 0 -0.233437 0.972372
    outer loop
      vertex 1.6 9.83465 4.71847
      vertex 0 10.0635 4.77341
      vertex 0 9.83465 4.71847
    endloop
  endfacet
  facet normal 0 -0.382606 -0.923912
    outer loop
      vertex 0 10.0635 7.62658
      vertex 1.6 10.281 7.53651
      vertex 1.6 10.0635 7.62658
    endloop
  endfacet
  facet normal -0 -0.382606 -0.923912
    outer loop
      vertex 1.6 10.281 7.53651
      vertex 0 10.0635 7.62658
      vertex 0 10.281 7.53651
    endloop
  endfacet
  facet normal 0 -0.0784703 0.996916
    outer loop
      vertex 0 9.83465 4.71847
      vertex 1.6 9.6 4.7
      vertex 1.6 9.83465 4.71847
    endloop
  endfacet
  facet normal 0 -0.0784703 0.996916
    outer loop
      vertex 1.6 9.6 4.7
      vertex 0 9.83465 4.71847
      vertex 0 9.6 4.7
    endloop
  endfacet
  facet normal 0 0.996916 0.0784703
    outer loop
      vertex 1.6 8.11847 5.96535
      vertex 0 8.1 6.2
      vertex 1.6 8.1 6.2
    endloop
  endfacet
  facet normal 0 0.996916 0.0784703
    outer loop
      vertex 0 8.1 6.2
      vertex 1.6 8.11847 5.96535
      vertex 0 8.11847 5.96535
    endloop
  endfacet
  facet normal 0 -0.382642 0.923897
    outer loop
      vertex 0 10.281 4.86349
      vertex 1.6 10.0635 4.77341
      vertex 1.6 10.281 4.86349
    endloop
  endfacet
  facet normal 0 -0.382642 0.923897
    outer loop
      vertex 1.6 10.0635 4.77341
      vertex 0 10.281 4.86349
      vertex 0 10.0635 4.77341
    endloop
  endfacet
  facet normal 0 -0.852608 -0.522551
    outer loop
      vertex 0 10.9365 6.88099
      vertex 1.6 10.8135 7.08168
      vertex 0 10.8135 7.08168
    endloop
  endfacet
  facet normal 0 -0.852608 -0.522551
    outer loop
      vertex 1.6 10.8135 7.08168
      vertex 0 10.9365 6.88099
      vertex 1.6 10.9365 6.88099
    endloop
  endfacet
  facet normal -0 0.649464 0.760392
    outer loop
      vertex 0 8.71832 4.98647
      vertex 1.6 8.53934 5.13934
      vertex 1.6 8.71832 4.98647
    endloop
  endfacet
  facet normal 0 0.649464 0.760392
    outer loop
      vertex 1.6 8.53934 5.13934
      vertex 0 8.71832 4.98647
      vertex 0 8.53934 5.13934
    endloop
  endfacet
  facet normal 0 -0.522501 -0.852638
    outer loop
      vertex 0 10.281 7.53651
      vertex 1.6 10.4817 7.41352
      vertex 1.6 10.281 7.53651
    endloop
  endfacet
  facet normal -0 -0.522501 -0.852638
    outer loop
      vertex 1.6 10.4817 7.41352
      vertex 0 10.281 7.53651
      vertex 0 10.4817 7.41352
    endloop
  endfacet
  facet normal 0 0.760392 0.649464
    outer loop
      vertex 1.6 8.53934 5.13934
      vertex 0 8.38647 5.31832
      vertex 1.6 8.38647 5.31832
    endloop
  endfacet
  facet normal 0 0.760392 0.649464
    outer loop
      vertex 0 8.38647 5.31832
      vertex 1.6 8.53934 5.13934
      vertex 0 8.53934 5.13934
    endloop
  endfacet
  facet normal 0 0.760392 -0.649464
    outer loop
      vertex 1.6 8.38647 7.08168
      vertex 0 8.53934 7.26066
      vertex 1.6 8.53934 7.26066
    endloop
  endfacet
  facet normal 0 0.760392 -0.649464
    outer loop
      vertex 0 8.53934 7.26066
      vertex 1.6 8.38647 7.08168
      vertex 0 8.38647 7.08168
    endloop
  endfacet
  facet normal -0 0.522489 0.852646
    outer loop
      vertex 0 8.91901 4.86349
      vertex 1.6 8.71832 4.98647
      vertex 1.6 8.91901 4.86349
    endloop
  endfacet
  facet normal 0 0.522489 0.852646
    outer loop
      vertex 1.6 8.71832 4.98647
      vertex 0 8.91901 4.86349
      vertex 0 8.71832 4.98647
    endloop
  endfacet
  facet normal 0 0.382666 -0.923887
    outer loop
      vertex 0 8.91901 7.53651
      vertex 1.6 9.13647 7.62658
      vertex 1.6 8.91901 7.53651
    endloop
  endfacet
  facet normal 0 0.382666 -0.923887
    outer loop
      vertex 1.6 9.13647 7.62658
      vertex 0 8.91901 7.53651
      vertex 0 9.13647 7.62658
    endloop
  endfacet
  facet normal 0 -0.760539 0.649292
    outer loop
      vertex 0 10.6607 5.13934
      vertex 1.6 10.8135 5.31832
      vertex 0 10.8135 5.31832
    endloop
  endfacet
  facet normal 0 -0.760539 0.649292
    outer loop
      vertex 1.6 10.8135 5.31832
      vertex 0 10.6607 5.13934
      vertex 1.6 10.6607 5.13934
    endloop
  endfacet
  facet normal 0 -0.852608 0.522551
    outer loop
      vertex 0 10.8135 5.31832
      vertex 1.6 10.9365 5.51901
      vertex 0 10.9365 5.51901
    endloop
  endfacet
  facet normal 0 -0.852608 0.522551
    outer loop
      vertex 1.6 10.9365 5.51901
      vertex 0 10.8135 5.31832
      vertex 1.6 10.8135 5.31832
    endloop
  endfacet
  facet normal 0 -0.923842 0.382775
    outer loop
      vertex 0 10.9365 5.51901
      vertex 1.6 11.0266 5.73647
      vertex 0 11.0266 5.73647
    endloop
  endfacet
  facet normal 0 -0.923842 0.382775
    outer loop
      vertex 1.6 11.0266 5.73647
      vertex 0 10.9365 5.51901
      vertex 1.6 10.9365 5.51901
    endloop
  endfacet
  facet normal 0 -0.972415 -0.233257
    outer loop
      vertex 0 11.0815 6.43465
      vertex 1.6 11.0266 6.66352
      vertex 0 11.0266 6.66352
    endloop
  endfacet
  facet normal 0 -0.972415 -0.233257
    outer loop
      vertex 1.6 11.0266 6.66352
      vertex 0 11.0815 6.43465
      vertex 1.6 11.0815 6.43465
    endloop
  endfacet
  facet normal 0 0.852646 -0.522489
    outer loop
      vertex 1.6 8.26349 6.88099
      vertex 0 8.38647 7.08168
      vertex 1.6 8.38647 7.08168
    endloop
  endfacet
  facet normal 0 0.852646 -0.522489
    outer loop
      vertex 0 8.38647 7.08168
      vertex 1.6 8.26349 6.88099
      vertex 0 8.26349 6.88099
    endloop
  endfacet
  facet normal -0 0.0784703 0.996916
    outer loop
      vertex 0 9.6 4.7
      vertex 1.6 9.36535 4.71847
      vertex 1.6 9.6 4.7
    endloop
  endfacet
  facet normal 0 0.0784703 0.996916
    outer loop
      vertex 1.6 9.36535 4.71847
      vertex 0 9.6 4.7
      vertex 0 9.36535 4.71847
    endloop
  endfacet
  facet normal 0 -0.233477 -0.972362
    outer loop
      vertex 0 9.83465 7.68153
      vertex 1.6 10.0635 7.62658
      vertex 1.6 9.83465 7.68153
    endloop
  endfacet
  facet normal -0 -0.233477 -0.972362
    outer loop
      vertex 1.6 10.0635 7.62658
      vertex 0 9.83465 7.68153
      vertex 0 10.0635 7.62658
    endloop
  endfacet
  facet normal 0 0.852646 0.522489
    outer loop
      vertex 1.6 8.38647 5.31832
      vertex 0 8.26349 5.51901
      vertex 1.6 8.26349 5.51901
    endloop
  endfacet
  facet normal 0 0.852646 0.522489
    outer loop
      vertex 0 8.26349 5.51901
      vertex 1.6 8.38647 5.31832
      vertex 0 8.38647 5.31832
    endloop
  endfacet
  facet normal 0 -0.972417 0.233248
    outer loop
      vertex 0 11.0266 5.73647
      vertex 1.6 11.0815 5.96535
      vertex 0 11.0815 5.96535
    endloop
  endfacet
  facet normal 0 -0.972417 0.233248
    outer loop
      vertex 1.6 11.0815 5.96535
      vertex 0 11.0266 5.73647
      vertex 1.6 11.0266 5.73647
    endloop
  endfacet
  facet normal 0 -0.760539 -0.649292
    outer loop
      vertex 0 10.8135 7.08168
      vertex 1.6 10.6607 7.26066
      vertex 0 10.6607 7.26066
    endloop
  endfacet
  facet normal 0 -0.760539 -0.649292
    outer loop
      vertex 1.6 10.6607 7.26066
      vertex 0 10.8135 7.08168
      vertex 1.6 10.8135 7.08168
    endloop
  endfacet
  facet normal 0 -0.649422 0.760428
    outer loop
      vertex 0 10.6607 5.13934
      vertex 1.6 10.4817 4.98647
      vertex 1.6 10.6607 5.13934
    endloop
  endfacet
  facet normal 0 -0.649422 0.760428
    outer loop
      vertex 1.6 10.4817 4.98647
      vertex 0 10.6607 5.13934
      vertex 0 10.4817 4.98647
    endloop
  endfacet
  facet normal -0 0.233408 0.972379
    outer loop
      vertex 0 9.36535 4.71847
      vertex 1.6 9.13647 4.77341
      vertex 1.6 9.36535 4.71847
    endloop
  endfacet
  facet normal 0 0.233408 0.972379
    outer loop
      vertex 1.6 9.13647 4.77341
      vertex 0 9.36535 4.71847
      vertex 0 9.13647 4.77341
    endloop
  endfacet
  facet normal 0 -0.52247 0.852657
    outer loop
      vertex 0 10.4817 4.98647
      vertex 1.6 10.281 4.86349
      vertex 1.6 10.4817 4.98647
    endloop
  endfacet
  facet normal 0 -0.52247 0.852657
    outer loop
      vertex 1.6 10.281 4.86349
      vertex 0 10.4817 4.98647
      vertex 0 10.281 4.86349
    endloop
  endfacet
  facet normal 0 0.64944 -0.760413
    outer loop
      vertex 0 8.53934 7.26066
      vertex 1.6 8.71832 7.41352
      vertex 1.6 8.53934 7.26066
    endloop
  endfacet
  facet normal 0 0.64944 -0.760413
    outer loop
      vertex 1.6 8.71832 7.41352
      vertex 0 8.53934 7.26066
      vertex 0 8.71832 7.41352
    endloop
  endfacet
  facet normal 0 0.923893 -0.382651
    outer loop
      vertex 1.6 8.17342 6.66352
      vertex 0 8.26349 6.88099
      vertex 1.6 8.26349 6.88099
    endloop
  endfacet
  facet normal 0 0.923893 -0.382651
    outer loop
      vertex 0 8.26349 6.88099
      vertex 1.6 8.17342 6.66352
      vertex 0 8.17342 6.66352
    endloop
  endfacet
  facet normal 0 -0.923848 -0.382759
    outer loop
      vertex 0 11.0266 6.66352
      vertex 1.6 10.9365 6.88099
      vertex 0 10.9365 6.88099
    endloop
  endfacet
  facet normal 0 -0.923848 -0.382759
    outer loop
      vertex 1.6 10.9365 6.88099
      vertex 0 11.0266 6.66352
      vertex 1.6 11.0266 6.66352
    endloop
  endfacet
  facet normal 0 0.52252 -0.852627
    outer loop
      vertex 0 8.71832 7.41352
      vertex 1.6 8.91901 7.53651
      vertex 1.6 8.71832 7.41352
    endloop
  endfacet
  facet normal 0 0.52252 -0.852627
    outer loop
      vertex 1.6 8.91901 7.53651
      vertex 0 8.71832 7.41352
      vertex 0 8.91901 7.53651
    endloop
  endfacet
  facet normal 0 -0.0784703 -0.996916
    outer loop
      vertex 0 9.6 7.7
      vertex 1.6 9.83465 7.68153
      vertex 1.6 9.6 7.7
    endloop
  endfacet
  facet normal -0 -0.0784703 -0.996916
    outer loop
      vertex 1.6 9.83465 7.68153
      vertex 0 9.6 7.7
      vertex 0 9.83465 7.68153
    endloop
  endfacet
  facet normal 0 -0.649398 -0.760449
    outer loop
      vertex 0 10.4817 7.41352
      vertex 1.6 10.6607 7.26066
      vertex 1.6 10.4817 7.41352
    endloop
  endfacet
  facet normal -0 -0.649398 -0.760449
    outer loop
      vertex 1.6 10.6607 7.26066
      vertex 0 10.4817 7.41352
      vertex 0 10.6607 7.26066
    endloop
  endfacet
  facet normal 0 0.972367 -0.233458
    outer loop
      vertex 1.6 8.11847 6.43465
      vertex 0 8.17342 6.66352
      vertex 1.6 8.17342 6.66352
    endloop
  endfacet
  facet normal 0 0.972367 -0.233458
    outer loop
      vertex 0 8.17342 6.66352
      vertex 1.6 8.11847 6.43465
      vertex 0 8.11847 6.43465
    endloop
  endfacet
  facet normal -0 0.382702 0.923872
    outer loop
      vertex 0 9.13647 4.77341
      vertex 1.6 8.91901 4.86349
      vertex 1.6 9.13647 4.77341
    endloop
  endfacet
  facet normal 0 0.382702 0.923872
    outer loop
      vertex 1.6 8.91901 4.86349
      vertex 0 9.13647 4.77341
      vertex 0 8.91901 4.86349
    endloop
  endfacet
  facet normal 0 0.923887 0.382666
    outer loop
      vertex 1.6 8.26349 5.51901
      vertex 0 8.17342 5.73647
      vertex 1.6 8.17342 5.73647
    endloop
  endfacet
  facet normal 0 0.923887 0.382666
    outer loop
      vertex 0 8.17342 5.73647
      vertex 1.6 8.26349 5.51901
      vertex 0 8.26349 5.51901
    endloop
  endfacet
  facet normal 0 0.0784703 -0.996916
    outer loop
      vertex 0 9.36535 7.68153
      vertex 1.6 9.6 7.7
      vertex 1.6 9.36535 7.68153
    endloop
  endfacet
  facet normal 0 0.0784703 -0.996916
    outer loop
      vertex 1.6 9.6 7.7
      vertex 0 9.36535 7.68153
      vertex 0 9.6 7.7
    endloop
  endfacet
  facet normal 0 0.972369 0.233448
    outer loop
      vertex 1.6 8.17342 5.73647
      vertex 0 8.11847 5.96535
      vertex 1.6 8.11847 5.96535
    endloop
  endfacet
  facet normal 0 0.972369 0.233448
    outer loop
      vertex 0 8.11847 5.96535
      vertex 1.6 8.17342 5.73647
      vertex 0 8.17342 5.73647
    endloop
  endfacet
  facet normal 0 -0.996906 -0.0785969
    outer loop
      vertex 0 11.1 6.2
      vertex 1.6 11.0815 6.43465
      vertex 0 11.0815 6.43465
    endloop
  endfacet
  facet normal 0 -0.996906 -0.0785969
    outer loop
      vertex 1.6 11.0815 6.43465
      vertex 0 11.1 6.2
      vertex 1.6 11.1 6.2
    endloop
  endfacet
  facet normal 0 -0.996906 0.0785969
    outer loop
      vertex 0 11.0815 5.96535
      vertex 1.6 11.1 6.2
      vertex 0 11.1 6.2
    endloop
  endfacet
  facet normal 0 -0.996906 0.0785969
    outer loop
      vertex 1.6 11.1 6.2
      vertex 0 11.0815 5.96535
      vertex 1.6 11.0815 5.96535
    endloop
  endfacet
  facet normal 0 0.996916 -0.0784703
    outer loop
      vertex 1.6 8.1 6.2
      vertex 0 8.11847 6.43465
      vertex 1.6 8.11847 6.43465
    endloop
  endfacet
  facet normal 0 0.996916 -0.0784703
    outer loop
      vertex 0 8.11847 6.43465
      vertex 1.6 8.1 6.2
      vertex 0 8.1 6.2
    endloop
  endfacet
  facet normal 0 0.972415 -0.233257
    outer loop
      vertex 1.6 14.1185 6.43465
      vertex 0 14.1734 6.66352
      vertex 1.6 14.1734 6.66352
    endloop
  endfacet
  facet normal 0 0.972415 -0.233257
    outer loop
      vertex 0 14.1734 6.66352
      vertex 1.6 14.1185 6.43465
      vertex 0 14.1185 6.43465
    endloop
  endfacet
  facet normal 0 0.996906 0.0785969
    outer loop
      vertex 1.6 14.1185 5.96535
      vertex 0 14.1 6.2
      vertex 1.6 14.1 6.2
    endloop
  endfacet
  facet normal 0 0.996906 0.0785969
    outer loop
      vertex 0 14.1 6.2
      vertex 1.6 14.1185 5.96535
      vertex 0 14.1185 5.96535
    endloop
  endfacet
  facet normal 0 0.852608 -0.522551
    outer loop
      vertex 1.6 14.2635 6.88099
      vertex 0 14.3865 7.08168
      vertex 1.6 14.3865 7.08168
    endloop
  endfacet
  facet normal 0 0.852608 -0.522551
    outer loop
      vertex 0 14.3865 7.08168
      vertex 1.6 14.2635 6.88099
      vertex 0 14.2635 6.88099
    endloop
  endfacet
  facet normal 0 0.923848 -0.382759
    outer loop
      vertex 1.6 14.1734 6.66352
      vertex 0 14.2635 6.88099
      vertex 1.6 14.2635 6.88099
    endloop
  endfacet
  facet normal 0 0.923848 -0.382759
    outer loop
      vertex 0 14.2635 6.88099
      vertex 1.6 14.1734 6.66352
      vertex 0 14.1734 6.66352
    endloop
  endfacet
  facet normal 0 -0.0784536 0.996918
    outer loop
      vertex 0 15.8347 4.71847
      vertex 1.6 15.6 4.7
      vertex 1.6 15.8347 4.71847
    endloop
  endfacet
  facet normal 0 -0.0784536 0.996918
    outer loop
      vertex 1.6 15.6 4.7
      vertex 0 15.8347 4.71847
      vertex 0 15.6 4.7
    endloop
  endfacet
  facet normal 0 -0.760539 0.649292
    outer loop
      vertex 0 16.6607 5.13934
      vertex 1.6 16.8135 5.31832
      vertex 0 16.8135 5.31832
    endloop
  endfacet
  facet normal 0 -0.760539 0.649292
    outer loop
      vertex 1.6 16.8135 5.31832
      vertex 0 16.6607 5.13934
      vertex 1.6 16.6607 5.13934
    endloop
  endfacet
  facet normal -0 0.233485 0.97236
    outer loop
      vertex 0 15.3653 4.71847
      vertex 1.6 15.1365 4.77341
      vertex 1.6 15.3653 4.71847
    endloop
  endfacet
  facet normal 0 0.233485 0.97236
    outer loop
      vertex 1.6 15.1365 4.77341
      vertex 0 15.3653 4.71847
      vertex 0 15.1365 4.77341
    endloop
  endfacet
  facet normal 0 -0.760539 -0.649292
    outer loop
      vertex 0 16.8135 7.08168
      vertex 1.6 16.6607 7.26066
      vertex 0 16.6607 7.26066
    endloop
  endfacet
  facet normal 0 -0.760539 -0.649292
    outer loop
      vertex 1.6 16.6607 7.26066
      vertex 0 16.8135 7.08168
      vertex 1.6 16.8135 7.08168
    endloop
  endfacet
  facet normal 0 -0.923842 0.382775
    outer loop
      vertex 0 16.9365 5.51901
      vertex 1.6 17.0266 5.73647
      vertex 0 17.0266 5.73647
    endloop
  endfacet
  facet normal 0 -0.923842 0.382775
    outer loop
      vertex 1.6 17.0266 5.73647
      vertex 0 16.9365 5.51901
      vertex 1.6 16.9365 5.51901
    endloop
  endfacet
  facet normal 0 -0.996906 0.0785969
    outer loop
      vertex 0 17.0815 5.96535
      vertex 1.6 17.1 6.2
      vertex 0 17.1 6.2
    endloop
  endfacet
  facet normal 0 -0.996906 0.0785969
    outer loop
      vertex 1.6 17.1 6.2
      vertex 0 17.0815 5.96535
      vertex 1.6 17.0815 5.96535
    endloop
  endfacet
  facet normal 0 -0.972417 0.233248
    outer loop
      vertex 0 17.0266 5.73647
      vertex 1.6 17.0815 5.96535
      vertex 0 17.0815 5.96535
    endloop
  endfacet
  facet normal 0 -0.972417 0.233248
    outer loop
      vertex 1.6 17.0815 5.96535
      vertex 0 17.0266 5.73647
      vertex 1.6 17.0266 5.73647
    endloop
  endfacet
  facet normal -0 0.649422 0.760428
    outer loop
      vertex 0 14.7183 4.98647
      vertex 1.6 14.5393 5.13934
      vertex 1.6 14.7183 4.98647
    endloop
  endfacet
  facet normal 0 0.649422 0.760428
    outer loop
      vertex 1.6 14.5393 5.13934
      vertex 0 14.7183 4.98647
      vertex 0 14.5393 5.13934
    endloop
  endfacet
  facet normal 0 -0.996906 -0.0785969
    outer loop
      vertex 0 17.1 6.2
      vertex 1.6 17.0815 6.43465
      vertex 0 17.0815 6.43465
    endloop
  endfacet
  facet normal 0 -0.996906 -0.0785969
    outer loop
      vertex 1.6 17.0815 6.43465
      vertex 0 17.1 6.2
      vertex 1.6 17.1 6.2
    endloop
  endfacet
  facet normal 0 -0.522501 -0.852638
    outer loop
      vertex 0 16.281 7.53651
      vertex 1.6 16.4817 7.41352
      vertex 1.6 16.281 7.53651
    endloop
  endfacet
  facet normal -0 -0.522501 -0.852638
    outer loop
      vertex 1.6 16.4817 7.41352
      vertex 0 16.281 7.53651
      vertex 0 16.4817 7.41352
    endloop
  endfacet
  facet normal 0 -0.233485 0.97236
    outer loop
      vertex 0 16.0635 4.77341
      vertex 1.6 15.8347 4.71847
      vertex 1.6 16.0635 4.77341
    endloop
  endfacet
  facet normal 0 -0.233485 0.97236
    outer loop
      vertex 1.6 15.8347 4.71847
      vertex 0 16.0635 4.77341
      vertex 0 15.8347 4.71847
    endloop
  endfacet
  facet normal 0 -0.852608 -0.522551
    outer loop
      vertex 0 16.9365 6.88099
      vertex 1.6 16.8135 7.08168
      vertex 0 16.8135 7.08168
    endloop
  endfacet
  facet normal 0 -0.852608 -0.522551
    outer loop
      vertex 1.6 16.8135 7.08168
      vertex 0 16.9365 6.88099
      vertex 1.6 16.9365 6.88099
    endloop
  endfacet
  facet normal 0 -0.52247 0.852657
    outer loop
      vertex 0 16.4817 4.98647
      vertex 1.6 16.281 4.86349
      vertex 1.6 16.4817 4.98647
    endloop
  endfacet
  facet normal 0 -0.52247 0.852657
    outer loop
      vertex 1.6 16.281 4.86349
      vertex 0 16.4817 4.98647
      vertex 0 16.281 4.86349
    endloop
  endfacet
  facet normal 0 -0.649422 0.760428
    outer loop
      vertex 0 16.6607 5.13934
      vertex 1.6 16.4817 4.98647
      vertex 1.6 16.6607 5.13934
    endloop
  endfacet
  facet normal 0 -0.649422 0.760428
    outer loop
      vertex 1.6 16.4817 4.98647
      vertex 0 16.6607 5.13934
      vertex 0 16.4817 4.98647
    endloop
  endfacet
  facet normal 0 0.760539 -0.649292
    outer loop
      vertex 1.6 14.3865 7.08168
      vertex 0 14.5393 7.26066
      vertex 1.6 14.5393 7.26066
    endloop
  endfacet
  facet normal 0 0.760539 -0.649292
    outer loop
      vertex 0 14.5393 7.26066
      vertex 1.6 14.3865 7.08168
      vertex 0 14.3865 7.08168
    endloop
  endfacet
  facet normal 0 0.972417 0.233248
    outer loop
      vertex 1.6 14.1734 5.73647
      vertex 0 14.1185 5.96535
      vertex 1.6 14.1185 5.96535
    endloop
  endfacet
  facet normal 0 0.972417 0.233248
    outer loop
      vertex 0 14.1185 5.96535
      vertex 1.6 14.1734 5.73647
      vertex 0 14.1734 5.73647
    endloop
  endfacet
  facet normal -0 0.0784536 0.996918
    outer loop
      vertex 0 15.6 4.7
      vertex 1.6 15.3653 4.71847
      vertex 1.6 15.6 4.7
    endloop
  endfacet
  facet normal 0 0.0784536 0.996918
    outer loop
      vertex 1.6 15.3653 4.71847
      vertex 0 15.6 4.7
      vertex 0 15.3653 4.71847
    endloop
  endfacet
  facet normal -0 0.382642 0.923897
    outer loop
      vertex 0 15.1365 4.77341
      vertex 1.6 14.919 4.86349
      vertex 1.6 15.1365 4.77341
    endloop
  endfacet
  facet normal 0 0.382642 0.923897
    outer loop
      vertex 1.6 14.919 4.86349
      vertex 0 15.1365 4.77341
      vertex 0 14.919 4.86349
    endloop
  endfacet
  facet normal 0 -0.852608 0.522551
    outer loop
      vertex 0 16.8135 5.31832
      vertex 1.6 16.9365 5.51901
      vertex 0 16.9365 5.51901
    endloop
  endfacet
  facet normal 0 -0.852608 0.522551
    outer loop
      vertex 1.6 16.9365 5.51901
      vertex 0 16.8135 5.31832
      vertex 1.6 16.8135 5.31832
    endloop
  endfacet
  facet normal 0 -0.233526 -0.972351
    outer loop
      vertex 0 15.8347 7.68153
      vertex 1.6 16.0635 7.62658
      vertex 1.6 15.8347 7.68153
    endloop
  endfacet
  facet normal -0 -0.233526 -0.972351
    outer loop
      vertex 1.6 16.0635 7.62658
      vertex 0 15.8347 7.68153
      vertex 0 16.0635 7.62658
    endloop
  endfacet
  facet normal 0 0.996906 -0.0785969
    outer loop
      vertex 1.6 14.1 6.2
      vertex 0 14.1185 6.43465
      vertex 1.6 14.1185 6.43465
    endloop
  endfacet
  facet normal 0 0.996906 -0.0785969
    outer loop
      vertex 0 14.1185 6.43465
      vertex 1.6 14.1 6.2
      vertex 0 14.1 6.2
    endloop
  endfacet
  facet normal 0 -0.923848 -0.382759
    outer loop
      vertex 0 17.0266 6.66352
      vertex 1.6 16.9365 6.88099
      vertex 0 16.9365 6.88099
    endloop
  endfacet
  facet normal 0 -0.923848 -0.382759
    outer loop
      vertex 1.6 16.9365 6.88099
      vertex 0 17.0266 6.66352
      vertex 1.6 17.0266 6.66352
    endloop
  endfacet
  facet normal 0 -0.972415 -0.233257
    outer loop
      vertex 0 17.0815 6.43465
      vertex 1.6 17.0266 6.66352
      vertex 0 17.0266 6.66352
    endloop
  endfacet
  facet normal 0 -0.972415 -0.233257
    outer loop
      vertex 1.6 17.0266 6.66352
      vertex 0 17.0815 6.43465
      vertex 1.6 17.0815 6.43465
    endloop
  endfacet
  facet normal 0 0.522501 -0.852638
    outer loop
      vertex 0 14.7183 7.41352
      vertex 1.6 14.919 7.53651
      vertex 1.6 14.7183 7.41352
    endloop
  endfacet
  facet normal 0 0.522501 -0.852638
    outer loop
      vertex 1.6 14.919 7.53651
      vertex 0 14.7183 7.41352
      vertex 0 14.919 7.53651
    endloop
  endfacet
  facet normal 0 -0.649398 -0.760449
    outer loop
      vertex 0 16.4817 7.41352
      vertex 1.6 16.6607 7.26066
      vertex 1.6 16.4817 7.41352
    endloop
  endfacet
  facet normal -0 -0.649398 -0.760449
    outer loop
      vertex 1.6 16.6607 7.26066
      vertex 0 16.4817 7.41352
      vertex 0 16.6607 7.26066
    endloop
  endfacet
  facet normal 0 0.382606 -0.923912
    outer loop
      vertex 0 14.919 7.53651
      vertex 1.6 15.1365 7.62658
      vertex 1.6 14.919 7.53651
    endloop
  endfacet
  facet normal 0 0.382606 -0.923912
    outer loop
      vertex 1.6 15.1365 7.62658
      vertex 0 14.919 7.53651
      vertex 0 15.1365 7.62658
    endloop
  endfacet
  facet normal 0 0.649398 -0.760449
    outer loop
      vertex 0 14.5393 7.26066
      vertex 1.6 14.7183 7.41352
      vertex 1.6 14.5393 7.26066
    endloop
  endfacet
  facet normal 0 0.649398 -0.760449
    outer loop
      vertex 1.6 14.7183 7.41352
      vertex 0 14.5393 7.26066
      vertex 0 14.7183 7.41352
    endloop
  endfacet
  facet normal 0 0.760539 0.649292
    outer loop
      vertex 1.6 14.5393 5.13934
      vertex 0 14.3865 5.31832
      vertex 1.6 14.3865 5.31832
    endloop
  endfacet
  facet normal 0 0.760539 0.649292
    outer loop
      vertex 0 14.3865 5.31832
      vertex 1.6 14.5393 5.13934
      vertex 0 14.5393 5.13934
    endloop
  endfacet
  facet normal 0 0.852608 0.522551
    outer loop
      vertex 1.6 14.3865 5.31832
      vertex 0 14.2635 5.51901
      vertex 1.6 14.2635 5.51901
    endloop
  endfacet
  facet normal 0 0.852608 0.522551
    outer loop
      vertex 0 14.2635 5.51901
      vertex 1.6 14.3865 5.31832
      vertex 0 14.3865 5.31832
    endloop
  endfacet
  facet normal 0 0.0784536 -0.996918
    outer loop
      vertex 0 15.3653 7.68153
      vertex 1.6 15.6 7.7
      vertex 1.6 15.3653 7.68153
    endloop
  endfacet
  facet normal 0 0.0784536 -0.996918
    outer loop
      vertex 1.6 15.6 7.7
      vertex 0 15.3653 7.68153
      vertex 0 15.6 7.7
    endloop
  endfacet
  facet normal 0 -0.382606 -0.923912
    outer loop
      vertex 0 16.0635 7.62658
      vertex 1.6 16.281 7.53651
      vertex 1.6 16.0635 7.62658
    endloop
  endfacet
  facet normal -0 -0.382606 -0.923912
    outer loop
      vertex 1.6 16.281 7.53651
      vertex 0 16.0635 7.62658
      vertex 0 16.281 7.53651
    endloop
  endfacet
  facet normal 0 0.923842 0.382775
    outer loop
      vertex 1.6 14.2635 5.51901
      vertex 0 14.1734 5.73647
      vertex 1.6 14.1734 5.73647
    endloop
  endfacet
  facet normal 0 0.923842 0.382775
    outer loop
      vertex 0 14.1734 5.73647
      vertex 1.6 14.2635 5.51901
      vertex 0 14.2635 5.51901
    endloop
  endfacet
  facet normal 0 -0.382642 0.923897
    outer loop
      vertex 0 16.281 4.86349
      vertex 1.6 16.0635 4.77341
      vertex 1.6 16.281 4.86349
    endloop
  endfacet
  facet normal 0 -0.382642 0.923897
    outer loop
      vertex 1.6 16.0635 4.77341
      vertex 0 16.281 4.86349
      vertex 0 16.0635 4.77341
    endloop
  endfacet
  facet normal 0 0.233526 -0.972351
    outer loop
      vertex 0 15.1365 7.62658
      vertex 1.6 15.3653 7.68153
      vertex 1.6 15.1365 7.62658
    endloop
  endfacet
  facet normal 0 0.233526 -0.972351
    outer loop
      vertex 1.6 15.3653 7.68153
      vertex 0 15.1365 7.62658
      vertex 0 15.3653 7.68153
    endloop
  endfacet
  facet normal -0 0.52247 0.852657
    outer loop
      vertex 0 14.919 4.86349
      vertex 1.6 14.7183 4.98647
      vertex 1.6 14.919 4.86349
    endloop
  endfacet
  facet normal 0 0.52247 0.852657
    outer loop
      vertex 1.6 14.7183 4.98647
      vertex 0 14.919 4.86349
      vertex 0 14.7183 4.98647
    endloop
  endfacet
  facet normal 0 -0.0784536 -0.996918
    outer loop
      vertex 0 15.6 7.7
      vertex 1.6 15.8347 7.68153
      vertex 1.6 15.6 7.7
    endloop
  endfacet
  facet normal -0 -0.0784536 -0.996918
    outer loop
      vertex 1.6 15.8347 7.68153
      vertex 0 15.6 7.7
      vertex 0 15.8347 7.68153
    endloop
  endfacet
  facet normal -0.972316 0 -0.233669
    outer loop
      vertex 15.3408 -1.9 6.31733
      vertex 15.3133 0.5 6.43176
      vertex 15.3408 0.5 6.31733
    endloop
  endfacet
  facet normal -0.972316 -0 -0.233669
    outer loop
      vertex 15.3133 0.5 6.43176
      vertex 15.3408 -1.9 6.31733
      vertex 15.3133 -1.9 6.43176
    endloop
  endfacet
  facet normal -0.99694 0 -0.0781714
    outer loop
      vertex 15.35 -1.9 6.2
      vertex 15.3408 0.5 6.31733
      vertex 15.35 0.5 6.2
    endloop
  endfacet
  facet normal -0.99694 -0 -0.0781714
    outer loop
      vertex 15.3408 0.5 6.31733
      vertex 15.35 -1.9 6.2
      vertex 15.3408 -1.9 6.31733
    endloop
  endfacet
  facet normal 0.0784447 0 0.996918
    outer loop
      vertex 14.4827 0.5 5.45923
      vertex 14.6 -1.9 5.45
      vertex 14.6 0.5 5.45
    endloop
  endfacet
  facet normal 0.0784447 0 0.996918
    outer loop
      vertex 14.6 -1.9 5.45
      vertex 14.4827 0.5 5.45923
      vertex 14.4827 -1.9 5.45923
    endloop
  endfacet
  facet normal -0.649398 0 0.760449
    outer loop
      vertex 15.0408 0.5 5.59324
      vertex 15.1303 -1.9 5.66967
      vertex 15.1303 0.5 5.66967
    endloop
  endfacet
  facet normal -0.649398 0 0.760449
    outer loop
      vertex 15.1303 -1.9 5.66967
      vertex 15.0408 0.5 5.59324
      vertex 15.0408 -1.9 5.59324
    endloop
  endfacet
  facet normal -0.760119 0 0.649784
    outer loop
      vertex 15.1303 -1.9 5.66967
      vertex 15.2068 0.5 5.75916
      vertex 15.1303 0.5 5.66967
    endloop
  endfacet
  facet normal -0.760119 0 0.649784
    outer loop
      vertex 15.2068 0.5 5.75916
      vertex 15.1303 -1.9 5.66967
      vertex 15.2068 -1.9 5.75916
    endloop
  endfacet
  facet normal -0.85262 0 -0.522532
    outer loop
      vertex 15.2683 -1.9 6.54049
      vertex 15.2068 0.5 6.64084
      vertex 15.2683 0.5 6.54049
    endloop
  endfacet
  facet normal -0.85262 -0 -0.522532
    outer loop
      vertex 15.2068 0.5 6.64084
      vertex 15.2683 -1.9 6.54049
      vertex 15.2068 -1.9 6.64084
    endloop
  endfacet
  facet normal -0.923992 0 -0.382412
    outer loop
      vertex 15.3133 -1.9 6.43176
      vertex 15.2683 0.5 6.54049
      vertex 15.3133 0.5 6.43176
    endloop
  endfacet
  facet normal -0.923992 -0 -0.382412
    outer loop
      vertex 15.2683 0.5 6.54049
      vertex 15.3133 -1.9 6.43176
      vertex 15.2683 -1.9 6.54049
    endloop
  endfacet
  facet normal 0.99694 0 -0.0781714
    outer loop
      vertex 13.8592 -1.9 6.31733
      vertex 13.85 0.5 6.2
      vertex 13.8592 0.5 6.31733
    endloop
  endfacet
  facet normal 0.99694 0 -0.0781714
    outer loop
      vertex 13.85 0.5 6.2
      vertex 13.8592 -1.9 6.31733
      vertex 13.85 -1.9 6.2
    endloop
  endfacet
  facet normal 0.649398 0 -0.760449
    outer loop
      vertex 14.0697 -1.9 6.73033
      vertex 14.1592 0.5 6.80676
      vertex 14.1592 -1.9 6.80676
    endloop
  endfacet
  facet normal 0.649398 0 -0.760449
    outer loop
      vertex 14.1592 0.5 6.80676
      vertex 14.0697 -1.9 6.73033
      vertex 14.0697 0.5 6.73033
    endloop
  endfacet
  facet normal -0.0784447 0 0.996918
    outer loop
      vertex 14.6 0.5 5.45
      vertex 14.7173 -1.9 5.45923
      vertex 14.7173 0.5 5.45923
    endloop
  endfacet
  facet normal -0.0784447 0 0.996918
    outer loop
      vertex 14.7173 -1.9 5.45923
      vertex 14.6 0.5 5.45
      vertex 14.6 -1.9 5.45
    endloop
  endfacet
  facet normal -0.649398 0 -0.760449
    outer loop
      vertex 15.0408 -1.9 6.80676
      vertex 15.1303 0.5 6.73033
      vertex 15.1303 -1.9 6.73033
    endloop
  endfacet
  facet normal -0.649398 0 -0.760449
    outer loop
      vertex 15.1303 0.5 6.73033
      vertex 15.0408 -1.9 6.80676
      vertex 15.0408 0.5 6.80676
    endloop
  endfacet
  facet normal 0.85262 0 -0.522532
    outer loop
      vertex 13.9932 -1.9 6.64084
      vertex 13.9317 0.5 6.54049
      vertex 13.9932 0.5 6.64084
    endloop
  endfacet
  facet normal 0.85262 0 -0.522532
    outer loop
      vertex 13.9317 0.5 6.54049
      vertex 13.9932 -1.9 6.64084
      vertex 13.9317 -1.9 6.54049
    endloop
  endfacet
  facet normal 0.923992 0 -0.382412
    outer loop
      vertex 13.9317 -1.9 6.54049
      vertex 13.8867 0.5 6.43176
      vertex 13.9317 0.5 6.54049
    endloop
  endfacet
  facet normal 0.923992 0 -0.382412
    outer loop
      vertex 13.8867 0.5 6.43176
      vertex 13.9317 -1.9 6.54049
      vertex 13.8867 -1.9 6.43176
    endloop
  endfacet
  facet normal 0.233373 0 0.972387
    outer loop
      vertex 14.3682 0.5 5.48671
      vertex 14.4827 -1.9 5.45923
      vertex 14.4827 0.5 5.45923
    endloop
  endfacet
  facet normal 0.233373 0 0.972387
    outer loop
      vertex 14.4827 -1.9 5.45923
      vertex 14.3682 0.5 5.48671
      vertex 14.3682 -1.9 5.48671
    endloop
  endfacet
  facet normal -0.972316 0 0.233669
    outer loop
      vertex 15.3133 -1.9 5.96824
      vertex 15.3408 0.5 6.08267
      vertex 15.3133 0.5 5.96824
    endloop
  endfacet
  facet normal -0.972316 0 0.233669
    outer loop
      vertex 15.3408 0.5 6.08267
      vertex 15.3133 -1.9 5.96824
      vertex 15.3408 -1.9 6.08267
    endloop
  endfacet
  facet normal 0.923992 -0 0.382412
    outer loop
      vertex 13.8867 -1.9 5.96824
      vertex 13.9317 0.5 5.85951
      vertex 13.8867 0.5 5.96824
    endloop
  endfacet
  facet normal 0.923992 0 0.382412
    outer loop
      vertex 13.9317 0.5 5.85951
      vertex 13.8867 -1.9 5.96824
      vertex 13.9317 -1.9 5.85951
    endloop
  endfacet
  facet normal -0.233373 0 0.972387
    outer loop
      vertex 14.7173 0.5 5.45923
      vertex 14.8318 -1.9 5.48671
      vertex 14.8318 0.5 5.48671
    endloop
  endfacet
  facet normal -0.233373 0 0.972387
    outer loop
      vertex 14.8318 -1.9 5.48671
      vertex 14.7173 0.5 5.45923
      vertex 14.7173 -1.9 5.45923
    endloop
  endfacet
  facet normal -0.52266 0 -0.852541
    outer loop
      vertex 14.9405 -1.9 6.86825
      vertex 15.0408 0.5 6.80676
      vertex 15.0408 -1.9 6.80676
    endloop
  endfacet
  facet normal -0.52266 0 -0.852541
    outer loop
      vertex 15.0408 0.5 6.80676
      vertex 14.9405 -1.9 6.86825
      vertex 14.9405 0.5 6.86825
    endloop
  endfacet
  facet normal -0.522721 0 0.852504
    outer loop
      vertex 14.9405 0.5 5.53174
      vertex 15.0408 -1.9 5.59324
      vertex 15.0408 0.5 5.59324
    endloop
  endfacet
  facet normal -0.522721 0 0.852504
    outer loop
      vertex 15.0408 -1.9 5.59324
      vertex 14.9405 0.5 5.53174
      vertex 14.9405 -1.9 5.53174
    endloop
  endfacet
  facet normal -0.85262 0 0.522532
    outer loop
      vertex 15.2068 -1.9 5.75916
      vertex 15.2683 0.5 5.85951
      vertex 15.2068 0.5 5.75916
    endloop
  endfacet
  facet normal -0.85262 0 0.522532
    outer loop
      vertex 15.2683 0.5 5.85951
      vertex 15.2068 -1.9 5.75916
      vertex 15.2683 -1.9 5.85951
    endloop
  endfacet
  facet normal -0.38272 0 0.923865
    outer loop
      vertex 14.8318 0.5 5.48671
      vertex 14.9405 -1.9 5.53174
      vertex 14.9405 0.5 5.53174
    endloop
  endfacet
  facet normal -0.38272 0 0.923865
    outer loop
      vertex 14.9405 -1.9 5.53174
      vertex 14.8318 0.5 5.48671
      vertex 14.8318 -1.9 5.48671
    endloop
  endfacet
  facet normal -0.99694 0 0.0781714
    outer loop
      vertex 15.3408 -1.9 6.08267
      vertex 15.35 0.5 6.2
      vertex 15.3408 0.5 6.08267
    endloop
  endfacet
  facet normal -0.99694 0 0.0781714
    outer loop
      vertex 15.35 0.5 6.2
      vertex 15.3408 -1.9 6.08267
      vertex 15.35 -1.9 6.2
    endloop
  endfacet
  facet normal 0.52266 0 -0.852541
    outer loop
      vertex 14.1592 -1.9 6.80676
      vertex 14.2595 0.5 6.86825
      vertex 14.2595 -1.9 6.86825
    endloop
  endfacet
  facet normal 0.52266 0 -0.852541
    outer loop
      vertex 14.2595 0.5 6.86825
      vertex 14.1592 -1.9 6.80676
      vertex 14.1592 0.5 6.80676
    endloop
  endfacet
  facet normal 0.972316 -0 0.233669
    outer loop
      vertex 13.8592 -1.9 6.08267
      vertex 13.8867 0.5 5.96824
      vertex 13.8592 0.5 6.08267
    endloop
  endfacet
  facet normal 0.972316 0 0.233669
    outer loop
      vertex 13.8867 0.5 5.96824
      vertex 13.8592 -1.9 6.08267
      vertex 13.8867 -1.9 5.96824
    endloop
  endfacet
  facet normal -0.760119 0 -0.649784
    outer loop
      vertex 15.2068 -1.9 6.64084
      vertex 15.1303 0.5 6.73033
      vertex 15.2068 0.5 6.64084
    endloop
  endfacet
  facet normal -0.760119 -0 -0.649784
    outer loop
      vertex 15.1303 0.5 6.73033
      vertex 15.2068 -1.9 6.64084
      vertex 15.1303 -1.9 6.73033
    endloop
  endfacet
  facet normal 0.382792 0 -0.923834
    outer loop
      vertex 14.2595 -1.9 6.86825
      vertex 14.3682 0.5 6.91329
      vertex 14.3682 -1.9 6.91329
    endloop
  endfacet
  facet normal 0.382792 0 -0.923834
    outer loop
      vertex 14.3682 0.5 6.91329
      vertex 14.2595 -1.9 6.86825
      vertex 14.2595 0.5 6.86825
    endloop
  endfacet
  facet normal 0.760119 -0 0.649784
    outer loop
      vertex 13.9932 -1.9 5.75916
      vertex 14.0697 0.5 5.66967
      vertex 13.9932 0.5 5.75916
    endloop
  endfacet
  facet normal 0.760119 0 0.649784
    outer loop
      vertex 14.0697 0.5 5.66967
      vertex 13.9932 -1.9 5.75916
      vertex 14.0697 -1.9 5.66967
    endloop
  endfacet
  facet normal -0.923992 0 0.382412
    outer loop
      vertex 15.2683 -1.9 5.85951
      vertex 15.3133 0.5 5.96824
      vertex 15.2683 0.5 5.85951
    endloop
  endfacet
  facet normal -0.923992 0 0.382412
    outer loop
      vertex 15.3133 0.5 5.96824
      vertex 15.2683 -1.9 5.85951
      vertex 15.3133 -1.9 5.96824
    endloop
  endfacet
  facet normal 0.99694 -0 0.0781714
    outer loop
      vertex 13.85 -1.9 6.2
      vertex 13.8592 0.5 6.08267
      vertex 13.85 0.5 6.2
    endloop
  endfacet
  facet normal 0.99694 0 0.0781714
    outer loop
      vertex 13.8592 0.5 6.08267
      vertex 13.85 -1.9 6.2
      vertex 13.8592 -1.9 6.08267
    endloop
  endfacet
  facet normal -0.382792 0 -0.923834
    outer loop
      vertex 14.8318 -1.9 6.91329
      vertex 14.9405 0.5 6.86825
      vertex 14.9405 -1.9 6.86825
    endloop
  endfacet
  facet normal -0.382792 0 -0.923834
    outer loop
      vertex 14.9405 0.5 6.86825
      vertex 14.8318 -1.9 6.91329
      vertex 14.8318 0.5 6.91329
    endloop
  endfacet
  facet normal 0.85262 -0 0.522532
    outer loop
      vertex 13.9317 -1.9 5.85951
      vertex 13.9932 0.5 5.75916
      vertex 13.9317 0.5 5.85951
    endloop
  endfacet
  facet normal 0.85262 0 0.522532
    outer loop
      vertex 13.9932 0.5 5.75916
      vertex 13.9317 -1.9 5.85951
      vertex 13.9932 -1.9 5.75916
    endloop
  endfacet
  facet normal -0.233373 0 -0.972387
    outer loop
      vertex 14.7173 -1.9 6.94077
      vertex 14.8318 0.5 6.91329
      vertex 14.8318 -1.9 6.91329
    endloop
  endfacet
  facet normal -0.233373 0 -0.972387
    outer loop
      vertex 14.8318 0.5 6.91329
      vertex 14.7173 -1.9 6.94077
      vertex 14.7173 0.5 6.94077
    endloop
  endfacet
  facet normal 0.522721 0 0.852504
    outer loop
      vertex 14.1592 0.5 5.59324
      vertex 14.2595 -1.9 5.53174
      vertex 14.2595 0.5 5.53174
    endloop
  endfacet
  facet normal 0.522721 0 0.852504
    outer loop
      vertex 14.2595 -1.9 5.53174
      vertex 14.1592 0.5 5.59324
      vertex 14.1592 -1.9 5.59324
    endloop
  endfacet
  facet normal 0.0784447 0 -0.996918
    outer loop
      vertex 14.4827 -1.9 6.94077
      vertex 14.6 0.5 6.95
      vertex 14.6 -1.9 6.95
    endloop
  endfacet
  facet normal 0.0784447 0 -0.996918
    outer loop
      vertex 14.6 0.5 6.95
      vertex 14.4827 -1.9 6.94077
      vertex 14.4827 0.5 6.94077
    endloop
  endfacet
  facet normal 0.233373 0 -0.972387
    outer loop
      vertex 14.3682 -1.9 6.91329
      vertex 14.4827 0.5 6.94077
      vertex 14.4827 -1.9 6.94077
    endloop
  endfacet
  facet normal 0.233373 0 -0.972387
    outer loop
      vertex 14.4827 0.5 6.94077
      vertex 14.3682 -1.9 6.91329
      vertex 14.3682 0.5 6.91329
    endloop
  endfacet
  facet normal 0 -1 0
    outer loop
      vertex 14.4827 0.5 6.94077
      vertex 14.7173 0.5 6.94077
      vertex 14.6 0.5 6.95
    endloop
  endfacet
  facet normal 0 -1 0
    outer loop
      vertex 14.3682 0.5 6.91329
      vertex 14.7173 0.5 6.94077
      vertex 14.4827 0.5 6.94077
    endloop
  endfacet
  facet normal 0 -1 0
    outer loop
      vertex 14.3682 0.5 6.91329
      vertex 14.8318 0.5 6.91329
      vertex 14.7173 0.5 6.94077
    endloop
  endfacet
  facet normal 0 -1 0
    outer loop
      vertex 14.2595 0.5 6.86825
      vertex 14.8318 0.5 6.91329
      vertex 14.3682 0.5 6.91329
    endloop
  endfacet
  facet normal 0 -1 0
    outer loop
      vertex 14.2595 0.5 6.86825
      vertex 14.9405 0.5 6.86825
      vertex 14.8318 0.5 6.91329
    endloop
  endfacet
  facet normal 0 -1 0
    outer loop
      vertex 14.1592 0.5 6.80676
      vertex 14.9405 0.5 6.86825
      vertex 14.2595 0.5 6.86825
    endloop
  endfacet
  facet normal 0 -1 0
    outer loop
      vertex 14.1592 0.5 6.80676
      vertex 15.0408 0.5 6.80676
      vertex 14.9405 0.5 6.86825
    endloop
  endfacet
  facet normal 0 -1 0
    outer loop
      vertex 14.0697 0.5 6.73033
      vertex 15.0408 0.5 6.80676
      vertex 14.1592 0.5 6.80676
    endloop
  endfacet
  facet normal 0 -1 0
    outer loop
      vertex 14.0697 0.5 6.73033
      vertex 15.1303 0.5 6.73033
      vertex 15.0408 0.5 6.80676
    endloop
  endfacet
  facet normal 0 -1 0
    outer loop
      vertex 13.9932 0.5 6.64084
      vertex 15.1303 0.5 6.73033
      vertex 14.0697 0.5 6.73033
    endloop
  endfacet
  facet normal 0 -1 0
    outer loop
      vertex 13.9932 0.5 6.64084
      vertex 15.2068 0.5 6.64084
      vertex 15.1303 0.5 6.73033
    endloop
  endfacet
  facet normal 0 -1 0
    outer loop
      vertex 13.9317 0.5 6.54049
      vertex 15.2068 0.5 6.64084
      vertex 13.9932 0.5 6.64084
    endloop
  endfacet
  facet normal 0 -1 0
    outer loop
      vertex 13.9317 0.5 6.54049
      vertex 15.2683 0.5 6.54049
      vertex 15.2068 0.5 6.64084
    endloop
  endfacet
  facet normal 0 -1 0
    outer loop
      vertex 13.8867 0.5 6.43176
      vertex 15.2683 0.5 6.54049
      vertex 13.9317 0.5 6.54049
    endloop
  endfacet
  facet normal 0 -1 0
    outer loop
      vertex 13.8867 0.5 6.43176
      vertex 15.3133 0.5 6.43176
      vertex 15.2683 0.5 6.54049
    endloop
  endfacet
  facet normal 0 -1 0
    outer loop
      vertex 13.8592 0.5 6.31733
      vertex 15.3133 0.5 6.43176
      vertex 13.8867 0.5 6.43176
    endloop
  endfacet
  facet normal 0 -1 0
    outer loop
      vertex 13.8592 0.5 6.31733
      vertex 15.3408 0.5 6.31733
      vertex 15.3133 0.5 6.43176
    endloop
  endfacet
  facet normal 0 -1 0
    outer loop
      vertex 13.85 0.5 6.2
      vertex 15.3408 0.5 6.31733
      vertex 13.8592 0.5 6.31733
    endloop
  endfacet
  facet normal 0 -1 0
    outer loop
      vertex 13.85 0.5 6.2
      vertex 15.35 0.5 6.2
      vertex 15.3408 0.5 6.31733
    endloop
  endfacet
  facet normal 0 -1 0
    outer loop
      vertex 13.8592 0.5 6.08267
      vertex 15.35 0.5 6.2
      vertex 13.85 0.5 6.2
    endloop
  endfacet
  facet normal 0 -1 0
    outer loop
      vertex 13.8592 0.5 6.08267
      vertex 15.3408 0.5 6.08267
      vertex 15.35 0.5 6.2
    endloop
  endfacet
  facet normal 0 -1 0
    outer loop
      vertex 13.8867 0.5 5.96824
      vertex 15.3408 0.5 6.08267
      vertex 13.8592 0.5 6.08267
    endloop
  endfacet
  facet normal 0 -1 0
    outer loop
      vertex 13.8867 0.5 5.96824
      vertex 15.3133 0.5 5.96824
      vertex 15.3408 0.5 6.08267
    endloop
  endfacet
  facet normal 0 -1 0
    outer loop
      vertex 13.9317 0.5 5.85951
      vertex 15.3133 0.5 5.96824
      vertex 13.8867 0.5 5.96824
    endloop
  endfacet
  facet normal 0 -1 0
    outer loop
      vertex 13.9317 0.5 5.85951
      vertex 15.2683 0.5 5.85951
      vertex 15.3133 0.5 5.96824
    endloop
  endfacet
  facet normal 0 -1 0
    outer loop
      vertex 13.9932 0.5 5.75916
      vertex 15.2683 0.5 5.85951
      vertex 13.9317 0.5 5.85951
    endloop
  endfacet
  facet normal 0 -1 0
    outer loop
      vertex 13.9932 0.5 5.75916
      vertex 15.2068 0.5 5.75916
      vertex 15.2683 0.5 5.85951
    endloop
  endfacet
  facet normal 0 -1 0
    outer loop
      vertex 14.0697 0.5 5.66967
      vertex 15.2068 0.5 5.75916
      vertex 13.9932 0.5 5.75916
    endloop
  endfacet
  facet normal 0 -1 0
    outer loop
      vertex 14.0697 0.5 5.66967
      vertex 15.1303 0.5 5.66967
      vertex 15.2068 0.5 5.75916
    endloop
  endfacet
  facet normal 0 -1 0
    outer loop
      vertex 14.1592 0.5 5.59324
      vertex 15.1303 0.5 5.66967
      vertex 14.0697 0.5 5.66967
    endloop
  endfacet
  facet normal 0 -1 0
    outer loop
      vertex 14.1592 0.5 5.59324
      vertex 15.0408 0.5 5.59324
      vertex 15.1303 0.5 5.66967
    endloop
  endfacet
  facet normal 0 -1 0
    outer loop
      vertex 14.2595 0.5 5.53174
      vertex 15.0408 0.5 5.59324
      vertex 14.1592 0.5 5.59324
    endloop
  endfacet
  facet normal 0 -1 0
    outer loop
      vertex 14.2595 0.5 5.53174
      vertex 14.9405 0.5 5.53174
      vertex 15.0408 0.5 5.59324
    endloop
  endfacet
  facet normal 0 -1 0
    outer loop
      vertex 14.3682 0.5 5.48671
      vertex 14.9405 0.5 5.53174
      vertex 14.2595 0.5 5.53174
    endloop
  endfacet
  facet normal 0 -1 0
    outer loop
      vertex 14.3682 0.5 5.48671
      vertex 14.8318 0.5 5.48671
      vertex 14.9405 0.5 5.53174
    endloop
  endfacet
  facet normal 0 -1 0
    outer loop
      vertex 14.4827 0.5 5.45923
      vertex 14.8318 0.5 5.48671
      vertex 14.3682 0.5 5.48671
    endloop
  endfacet
  facet normal 0 -1 0
    outer loop
      vertex 14.4827 0.5 5.45923
      vertex 14.7173 0.5 5.45923
      vertex 14.8318 0.5 5.48671
    endloop
  endfacet
  facet normal -0 -1 0
    outer loop
      vertex 14.7173 0.5 5.45923
      vertex 14.4827 0.5 5.45923
      vertex 14.6 0.5 5.45
    endloop
  endfacet
  facet normal -0.0784447 0 -0.996918
    outer loop
      vertex 14.6 -1.9 6.95
      vertex 14.7173 0.5 6.94077
      vertex 14.7173 -1.9 6.94077
    endloop
  endfacet
  facet normal -0.0784447 0 -0.996918
    outer loop
      vertex 14.7173 0.5 6.94077
      vertex 14.6 -1.9 6.95
      vertex 14.6 0.5 6.95
    endloop
  endfacet
  facet normal 0.760119 0 -0.649784
    outer loop
      vertex 14.0697 -1.9 6.73033
      vertex 13.9932 0.5 6.64084
      vertex 14.0697 0.5 6.73033
    endloop
  endfacet
  facet normal 0.760119 0 -0.649784
    outer loop
      vertex 13.9932 0.5 6.64084
      vertex 14.0697 -1.9 6.73033
      vertex 13.9932 -1.9 6.64084
    endloop
  endfacet
  facet normal 0.972316 0 -0.233669
    outer loop
      vertex 13.8867 -1.9 6.43176
      vertex 13.8592 0.5 6.31733
      vertex 13.8867 0.5 6.43176
    endloop
  endfacet
  facet normal 0.972316 0 -0.233669
    outer loop
      vertex 13.8592 0.5 6.31733
      vertex 13.8867 -1.9 6.43176
      vertex 13.8592 -1.9 6.31733
    endloop
  endfacet
  facet normal 0.649398 0 0.760449
    outer loop
      vertex 14.0697 0.5 5.66967
      vertex 14.1592 -1.9 5.59324
      vertex 14.1592 0.5 5.59324
    endloop
  endfacet
  facet normal 0.649398 0 0.760449
    outer loop
      vertex 14.1592 -1.9 5.59324
      vertex 14.0697 0.5 5.66967
      vertex 14.0697 -1.9 5.66967
    endloop
  endfacet
  facet normal 0.38272 0 0.923865
    outer loop
      vertex 14.2595 0.5 5.53174
      vertex 14.3682 -1.9 5.48671
      vertex 14.3682 0.5 5.48671
    endloop
  endfacet
  facet normal 0.38272 0 0.923865
    outer loop
      vertex 14.3682 -1.9 5.48671
      vertex 14.2595 0.5 5.53174
      vertex 14.2595 -1.9 5.53174
    endloop
  endfacet
  facet normal -0.972316 0 -0.233669
    outer loop
      vertex 19.3408 -1.9 6.31733
      vertex 19.3133 0.5 6.43176
      vertex 19.3408 0.5 6.31733
    endloop
  endfacet
  facet normal -0.972316 -0 -0.233669
    outer loop
      vertex 19.3133 0.5 6.43176
      vertex 19.3408 -1.9 6.31733
      vertex 19.3133 -1.9 6.43176
    endloop
  endfacet
  facet normal -0.99694 0 -0.0781714
    outer loop
      vertex 19.35 -1.9 6.2
      vertex 19.3408 0.5 6.31733
      vertex 19.35 0.5 6.2
    endloop
  endfacet
  facet normal -0.99694 -0 -0.0781714
    outer loop
      vertex 19.3408 0.5 6.31733
      vertex 19.35 -1.9 6.2
      vertex 19.3408 -1.9 6.31733
    endloop
  endfacet
  facet normal 0.0784447 0 0.996918
    outer loop
      vertex 18.4827 0.5 5.45923
      vertex 18.6 -1.9 5.45
      vertex 18.6 0.5 5.45
    endloop
  endfacet
  facet normal 0.0784447 0 0.996918
    outer loop
      vertex 18.6 -1.9 5.45
      vertex 18.4827 0.5 5.45923
      vertex 18.4827 -1.9 5.45923
    endloop
  endfacet
  facet normal -0.649398 0 0.760449
    outer loop
      vertex 19.0408 0.5 5.59324
      vertex 19.1303 -1.9 5.66967
      vertex 19.1303 0.5 5.66967
    endloop
  endfacet
  facet normal -0.649398 0 0.760449
    outer loop
      vertex 19.1303 -1.9 5.66967
      vertex 19.0408 0.5 5.59324
      vertex 19.0408 -1.9 5.59324
    endloop
  endfacet
  facet normal 0 -1 0
    outer loop
      vertex 18.4827 0.5 6.94077
      vertex 18.7173 0.5 6.94077
      vertex 18.6 0.5 6.95
    endloop
  endfacet
  facet normal 0 -1 0
    outer loop
      vertex 18.3682 0.5 6.91329
      vertex 18.7173 0.5 6.94077
      vertex 18.4827 0.5 6.94077
    endloop
  endfacet
  facet normal 0 -1 0
    outer loop
      vertex 18.3682 0.5 6.91329
      vertex 18.8318 0.5 6.91329
      vertex 18.7173 0.5 6.94077
    endloop
  endfacet
  facet normal 0 -1 0
    outer loop
      vertex 18.2595 0.5 6.86825
      vertex 18.8318 0.5 6.91329
      vertex 18.3682 0.5 6.91329
    endloop
  endfacet
  facet normal 0 -1 0
    outer loop
      vertex 18.2595 0.5 6.86825
      vertex 18.9405 0.5 6.86825
      vertex 18.8318 0.5 6.91329
    endloop
  endfacet
  facet normal 0 -1 0
    outer loop
      vertex 18.1592 0.5 6.80676
      vertex 18.9405 0.5 6.86825
      vertex 18.2595 0.5 6.86825
    endloop
  endfacet
  facet normal 0 -1 0
    outer loop
      vertex 18.1592 0.5 6.80676
      vertex 19.0408 0.5 6.80676
      vertex 18.9405 0.5 6.86825
    endloop
  endfacet
  facet normal 0 -1 0
    outer loop
      vertex 18.0697 0.5 6.73033
      vertex 19.0408 0.5 6.80676
      vertex 18.1592 0.5 6.80676
    endloop
  endfacet
  facet normal 0 -1 0
    outer loop
      vertex 18.0697 0.5 6.73033
      vertex 19.1303 0.5 6.73033
      vertex 19.0408 0.5 6.80676
    endloop
  endfacet
  facet normal 0 -1 0
    outer loop
      vertex 17.9932 0.5 6.64084
      vertex 19.1303 0.5 6.73033
      vertex 18.0697 0.5 6.73033
    endloop
  endfacet
  facet normal 0 -1 0
    outer loop
      vertex 17.9932 0.5 6.64084
      vertex 19.2068 0.5 6.64084
      vertex 19.1303 0.5 6.73033
    endloop
  endfacet
  facet normal 0 -1 0
    outer loop
      vertex 17.9317 0.5 6.54049
      vertex 19.2068 0.5 6.64084
      vertex 17.9932 0.5 6.64084
    endloop
  endfacet
  facet normal 0 -1 0
    outer loop
      vertex 17.9317 0.5 6.54049
      vertex 19.2683 0.5 6.54049
      vertex 19.2068 0.5 6.64084
    endloop
  endfacet
  facet normal 0 -1 0
    outer loop
      vertex 17.8867 0.5 6.43176
      vertex 19.2683 0.5 6.54049
      vertex 17.9317 0.5 6.54049
    endloop
  endfacet
  facet normal 0 -1 0
    outer loop
      vertex 17.8867 0.5 6.43176
      vertex 19.3133 0.5 6.43176
      vertex 19.2683 0.5 6.54049
    endloop
  endfacet
  facet normal 0 -1 0
    outer loop
      vertex 17.8592 0.5 6.31733
      vertex 19.3133 0.5 6.43176
      vertex 17.8867 0.5 6.43176
    endloop
  endfacet
  facet normal 0 -1 0
    outer loop
      vertex 17.8592 0.5 6.31733
      vertex 19.3408 0.5 6.31733
      vertex 19.3133 0.5 6.43176
    endloop
  endfacet
  facet normal 0 -1 0
    outer loop
      vertex 17.85 0.5 6.2
      vertex 19.3408 0.5 6.31733
      vertex 17.8592 0.5 6.31733
    endloop
  endfacet
  facet normal 0 -1 0
    outer loop
      vertex 17.85 0.5 6.2
      vertex 19.35 0.5 6.2
      vertex 19.3408 0.5 6.31733
    endloop
  endfacet
  facet normal 0 -1 0
    outer loop
      vertex 17.8592 0.5 6.08267
      vertex 19.35 0.5 6.2
      vertex 17.85 0.5 6.2
    endloop
  endfacet
  facet normal 0 -1 0
    outer loop
      vertex 17.8592 0.5 6.08267
      vertex 19.3408 0.5 6.08267
      vertex 19.35 0.5 6.2
    endloop
  endfacet
  facet normal 0 -1 0
    outer loop
      vertex 17.8867 0.5 5.96824
      vertex 19.3408 0.5 6.08267
      vertex 17.8592 0.5 6.08267
    endloop
  endfacet
  facet normal 0 -1 0
    outer loop
      vertex 17.8867 0.5 5.96824
      vertex 19.3133 0.5 5.96824
      vertex 19.3408 0.5 6.08267
    endloop
  endfacet
  facet normal 0 -1 0
    outer loop
      vertex 17.9317 0.5 5.85951
      vertex 19.3133 0.5 5.96824
      vertex 17.8867 0.5 5.96824
    endloop
  endfacet
  facet normal 0 -1 0
    outer loop
      vertex 17.9317 0.5 5.85951
      vertex 19.2683 0.5 5.85951
      vertex 19.3133 0.5 5.96824
    endloop
  endfacet
  facet normal 0 -1 0
    outer loop
      vertex 17.9932 0.5 5.75916
      vertex 19.2683 0.5 5.85951
      vertex 17.9317 0.5 5.85951
    endloop
  endfacet
  facet normal 0 -1 0
    outer loop
      vertex 17.9932 0.5 5.75916
      vertex 19.2068 0.5 5.75916
      vertex 19.2683 0.5 5.85951
    endloop
  endfacet
  facet normal 0 -1 0
    outer loop
      vertex 18.0697 0.5 5.66967
      vertex 19.2068 0.5 5.75916
      vertex 17.9932 0.5 5.75916
    endloop
  endfacet
  facet normal 0 -1 0
    outer loop
      vertex 18.0697 0.5 5.66967
      vertex 19.1303 0.5 5.66967
      vertex 19.2068 0.5 5.75916
    endloop
  endfacet
  facet normal 0 -1 0
    outer loop
      vertex 18.1592 0.5 5.59324
      vertex 19.1303 0.5 5.66967
      vertex 18.0697 0.5 5.66967
    endloop
  endfacet
  facet normal 0 -1 0
    outer loop
      vertex 18.1592 0.5 5.59324
      vertex 19.0408 0.5 5.59324
      vertex 19.1303 0.5 5.66967
    endloop
  endfacet
  facet normal 0 -1 0
    outer loop
      vertex 18.2595 0.5 5.53174
      vertex 19.0408 0.5 5.59324
      vertex 18.1592 0.5 5.59324
    endloop
  endfacet
  facet normal 0 -1 0
    outer loop
      vertex 18.2595 0.5 5.53174
      vertex 18.9405 0.5 5.53174
      vertex 19.0408 0.5 5.59324
    endloop
  endfacet
  facet normal 0 -1 0
    outer loop
      vertex 18.3682 0.5 5.48671
      vertex 18.9405 0.5 5.53174
      vertex 18.2595 0.5 5.53174
    endloop
  endfacet
  facet normal 0 -1 0
    outer loop
      vertex 18.3682 0.5 5.48671
      vertex 18.8318 0.5 5.48671
      vertex 18.9405 0.5 5.53174
    endloop
  endfacet
  facet normal 0 -1 0
    outer loop
      vertex 18.4827 0.5 5.45923
      vertex 18.8318 0.5 5.48671
      vertex 18.3682 0.5 5.48671
    endloop
  endfacet
  facet normal 0 -1 0
    outer loop
      vertex 18.4827 0.5 5.45923
      vertex 18.7173 0.5 5.45923
      vertex 18.8318 0.5 5.48671
    endloop
  endfacet
  facet normal -0 -1 0
    outer loop
      vertex 18.7173 0.5 5.45923
      vertex 18.4827 0.5 5.45923
      vertex 18.6 0.5 5.45
    endloop
  endfacet
  facet normal -0.760119 0 0.649784
    outer loop
      vertex 19.1303 -1.9 5.66967
      vertex 19.2068 0.5 5.75916
      vertex 19.1303 0.5 5.66967
    endloop
  endfacet
  facet normal -0.760119 0 0.649784
    outer loop
      vertex 19.2068 0.5 5.75916
      vertex 19.1303 -1.9 5.66967
      vertex 19.2068 -1.9 5.75916
    endloop
  endfacet
  facet normal -0.85262 0 -0.522532
    outer loop
      vertex 19.2683 -1.9 6.54049
      vertex 19.2068 0.5 6.64084
      vertex 19.2683 0.5 6.54049
    endloop
  endfacet
  facet normal -0.85262 -0 -0.522532
    outer loop
      vertex 19.2068 0.5 6.64084
      vertex 19.2683 -1.9 6.54049
      vertex 19.2068 -1.9 6.64084
    endloop
  endfacet
  facet normal -0.923992 0 -0.382412
    outer loop
      vertex 19.3133 -1.9 6.43176
      vertex 19.2683 0.5 6.54049
      vertex 19.3133 0.5 6.43176
    endloop
  endfacet
  facet normal -0.923992 -0 -0.382412
    outer loop
      vertex 19.2683 0.5 6.54049
      vertex 19.3133 -1.9 6.43176
      vertex 19.2683 -1.9 6.54049
    endloop
  endfacet
  facet normal 0.99694 0 -0.0781714
    outer loop
      vertex 17.8592 -1.9 6.31733
      vertex 17.85 0.5 6.2
      vertex 17.8592 0.5 6.31733
    endloop
  endfacet
  facet normal 0.99694 0 -0.0781714
    outer loop
      vertex 17.85 0.5 6.2
      vertex 17.8592 -1.9 6.31733
      vertex 17.85 -1.9 6.2
    endloop
  endfacet
  facet normal 0.649398 0 -0.760449
    outer loop
      vertex 18.0697 -1.9 6.73033
      vertex 18.1592 0.5 6.80676
      vertex 18.1592 -1.9 6.80676
    endloop
  endfacet
  facet normal 0.649398 0 -0.760449
    outer loop
      vertex 18.1592 0.5 6.80676
      vertex 18.0697 -1.9 6.73033
      vertex 18.0697 0.5 6.73033
    endloop
  endfacet
  facet normal -0.0784447 0 0.996918
    outer loop
      vertex 18.6 0.5 5.45
      vertex 18.7173 -1.9 5.45923
      vertex 18.7173 0.5 5.45923
    endloop
  endfacet
  facet normal -0.0784447 0 0.996918
    outer loop
      vertex 18.7173 -1.9 5.45923
      vertex 18.6 0.5 5.45
      vertex 18.6 -1.9 5.45
    endloop
  endfacet
  facet normal -0.649398 0 -0.760449
    outer loop
      vertex 19.0408 -1.9 6.80676
      vertex 19.1303 0.5 6.73033
      vertex 19.1303 -1.9 6.73033
    endloop
  endfacet
  facet normal -0.649398 0 -0.760449
    outer loop
      vertex 19.1303 0.5 6.73033
      vertex 19.0408 -1.9 6.80676
      vertex 19.0408 0.5 6.80676
    endloop
  endfacet
  facet normal 0.85262 0 -0.522532
    outer loop
      vertex 17.9932 -1.9 6.64084
      vertex 17.9317 0.5 6.54049
      vertex 17.9932 0.5 6.64084
    endloop
  endfacet
  facet normal 0.85262 0 -0.522532
    outer loop
      vertex 17.9317 0.5 6.54049
      vertex 17.9932 -1.9 6.64084
      vertex 17.9317 -1.9 6.54049
    endloop
  endfacet
  facet normal 0.923992 0 -0.382412
    outer loop
      vertex 17.9317 -1.9 6.54049
      vertex 17.8867 0.5 6.43176
      vertex 17.9317 0.5 6.54049
    endloop
  endfacet
  facet normal 0.923992 0 -0.382412
    outer loop
      vertex 17.8867 0.5 6.43176
      vertex 17.9317 -1.9 6.54049
      vertex 17.8867 -1.9 6.43176
    endloop
  endfacet
  facet normal 0.233373 0 0.972387
    outer loop
      vertex 18.3682 0.5 5.48671
      vertex 18.4827 -1.9 5.45923
      vertex 18.4827 0.5 5.45923
    endloop
  endfacet
  facet normal 0.233373 0 0.972387
    outer loop
      vertex 18.4827 -1.9 5.45923
      vertex 18.3682 0.5 5.48671
      vertex 18.3682 -1.9 5.48671
    endloop
  endfacet
  facet normal -0.972316 0 0.233669
    outer loop
      vertex 19.3133 -1.9 5.96824
      vertex 19.3408 0.5 6.08267
      vertex 19.3133 0.5 5.96824
    endloop
  endfacet
  facet normal -0.972316 0 0.233669
    outer loop
      vertex 19.3408 0.5 6.08267
      vertex 19.3133 -1.9 5.96824
      vertex 19.3408 -1.9 6.08267
    endloop
  endfacet
  facet normal 0.923992 -0 0.382412
    outer loop
      vertex 17.8867 -1.9 5.96824
      vertex 17.9317 0.5 5.85951
      vertex 17.8867 0.5 5.96824
    endloop
  endfacet
  facet normal 0.923992 0 0.382412
    outer loop
      vertex 17.9317 0.5 5.85951
      vertex 17.8867 -1.9 5.96824
      vertex 17.9317 -1.9 5.85951
    endloop
  endfacet
  facet normal -0.233373 0 0.972387
    outer loop
      vertex 18.7173 0.5 5.45923
      vertex 18.8318 -1.9 5.48671
      vertex 18.8318 0.5 5.48671
    endloop
  endfacet
  facet normal -0.233373 0 0.972387
    outer loop
      vertex 18.8318 -1.9 5.48671
      vertex 18.7173 0.5 5.45923
      vertex 18.7173 -1.9 5.45923
    endloop
  endfacet
  facet normal -0.52266 0 -0.852541
    outer loop
      vertex 18.9405 -1.9 6.86825
      vertex 19.0408 0.5 6.80676
      vertex 19.0408 -1.9 6.80676
    endloop
  endfacet
  facet normal -0.52266 0 -0.852541
    outer loop
      vertex 19.0408 0.5 6.80676
      vertex 18.9405 -1.9 6.86825
      vertex 18.9405 0.5 6.86825
    endloop
  endfacet
  facet normal -0.522721 0 0.852504
    outer loop
      vertex 18.9405 0.5 5.53174
      vertex 19.0408 -1.9 5.59324
      vertex 19.0408 0.5 5.59324
    endloop
  endfacet
  facet normal -0.522721 0 0.852504
    outer loop
      vertex 19.0408 -1.9 5.59324
      vertex 18.9405 0.5 5.53174
      vertex 18.9405 -1.9 5.53174
    endloop
  endfacet
  facet normal 0.38272 0 0.923865
    outer loop
      vertex 18.2595 0.5 5.53174
      vertex 18.3682 -1.9 5.48671
      vertex 18.3682 0.5 5.48671
    endloop
  endfacet
  facet normal 0.38272 0 0.923865
    outer loop
      vertex 18.3682 -1.9 5.48671
      vertex 18.2595 0.5 5.53174
      vertex 18.2595 -1.9 5.53174
    endloop
  endfacet
  facet normal -0.85262 0 0.522532
    outer loop
      vertex 19.2068 -1.9 5.75916
      vertex 19.2683 0.5 5.85951
      vertex 19.2068 0.5 5.75916
    endloop
  endfacet
  facet normal -0.85262 0 0.522532
    outer loop
      vertex 19.2683 0.5 5.85951
      vertex 19.2068 -1.9 5.75916
      vertex 19.2683 -1.9 5.85951
    endloop
  endfacet
  facet normal -0.38272 0 0.923865
    outer loop
      vertex 18.8318 0.5 5.48671
      vertex 18.9405 -1.9 5.53174
      vertex 18.9405 0.5 5.53174
    endloop
  endfacet
  facet normal -0.38272 0 0.923865
    outer loop
      vertex 18.9405 -1.9 5.53174
      vertex 18.8318 0.5 5.48671
      vertex 18.8318 -1.9 5.48671
    endloop
  endfacet
  facet normal -0.99694 0 0.0781714
    outer loop
      vertex 19.3408 -1.9 6.08267
      vertex 19.35 0.5 6.2
      vertex 19.3408 0.5 6.08267
    endloop
  endfacet
  facet normal -0.99694 0 0.0781714
    outer loop
      vertex 19.35 0.5 6.2
      vertex 19.3408 -1.9 6.08267
      vertex 19.35 -1.9 6.2
    endloop
  endfacet
  facet normal 0.52266 0 -0.852541
    outer loop
      vertex 18.1592 -1.9 6.80676
      vertex 18.2595 0.5 6.86825
      vertex 18.2595 -1.9 6.86825
    endloop
  endfacet
  facet normal 0.52266 0 -0.852541
    outer loop
      vertex 18.2595 0.5 6.86825
      vertex 18.1592 -1.9 6.80676
      vertex 18.1592 0.5 6.80676
    endloop
  endfacet
  facet normal 0.972316 -0 0.233669
    outer loop
      vertex 17.8592 -1.9 6.08267
      vertex 17.8867 0.5 5.96824
      vertex 17.8592 0.5 6.08267
    endloop
  endfacet
  facet normal 0.972316 0 0.233669
    outer loop
      vertex 17.8867 0.5 5.96824
      vertex 17.8592 -1.9 6.08267
      vertex 17.8867 -1.9 5.96824
    endloop
  endfacet
  facet normal -0.760119 0 -0.649784
    outer loop
      vertex 19.2068 -1.9 6.64084
      vertex 19.1303 0.5 6.73033
      vertex 19.2068 0.5 6.64084
    endloop
  endfacet
  facet normal -0.760119 -0 -0.649784
    outer loop
      vertex 19.1303 0.5 6.73033
      vertex 19.2068 -1.9 6.64084
      vertex 19.1303 -1.9 6.73033
    endloop
  endfacet
  facet normal 0.382792 0 -0.923834
    outer loop
      vertex 18.2595 -1.9 6.86825
      vertex 18.3682 0.5 6.91329
      vertex 18.3682 -1.9 6.91329
    endloop
  endfacet
  facet normal 0.382792 0 -0.923834
    outer loop
      vertex 18.3682 0.5 6.91329
      vertex 18.2595 -1.9 6.86825
      vertex 18.2595 0.5 6.86825
    endloop
  endfacet
  facet normal 0.760119 -0 0.649784
    outer loop
      vertex 17.9932 -1.9 5.75916
      vertex 18.0697 0.5 5.66967
      vertex 17.9932 0.5 5.75916
    endloop
  endfacet
  facet normal 0.760119 0 0.649784
    outer loop
      vertex 18.0697 0.5 5.66967
      vertex 17.9932 -1.9 5.75916
      vertex 18.0697 -1.9 5.66967
    endloop
  endfacet
  facet normal -0.923992 0 0.382412
    outer loop
      vertex 19.2683 -1.9 5.85951
      vertex 19.3133 0.5 5.96824
      vertex 19.2683 0.5 5.85951
    endloop
  endfacet
  facet normal -0.923992 0 0.382412
    outer loop
      vertex 19.3133 0.5 5.96824
      vertex 19.2683 -1.9 5.85951
      vertex 19.3133 -1.9 5.96824
    endloop
  endfacet
  facet normal 0.99694 -0 0.0781714
    outer loop
      vertex 17.85 -1.9 6.2
      vertex 17.8592 0.5 6.08267
      vertex 17.85 0.5 6.2
    endloop
  endfacet
  facet normal 0.99694 0 0.0781714
    outer loop
      vertex 17.8592 0.5 6.08267
      vertex 17.85 -1.9 6.2
      vertex 17.8592 -1.9 6.08267
    endloop
  endfacet
  facet normal -0.382792 0 -0.923834
    outer loop
      vertex 18.8318 -1.9 6.91329
      vertex 18.9405 0.5 6.86825
      vertex 18.9405 -1.9 6.86825
    endloop
  endfacet
  facet normal -0.382792 0 -0.923834
    outer loop
      vertex 18.9405 0.5 6.86825
      vertex 18.8318 -1.9 6.91329
      vertex 18.8318 0.5 6.91329
    endloop
  endfacet
  facet normal 0.85262 -0 0.522532
    outer loop
      vertex 17.9317 -1.9 5.85951
      vertex 17.9932 0.5 5.75916
      vertex 17.9317 0.5 5.85951
    endloop
  endfacet
  facet normal 0.85262 0 0.522532
    outer loop
      vertex 17.9932 0.5 5.75916
      vertex 17.9317 -1.9 5.85951
      vertex 17.9932 -1.9 5.75916
    endloop
  endfacet
  facet normal -0.233373 0 -0.972387
    outer loop
      vertex 18.7173 -1.9 6.94077
      vertex 18.8318 0.5 6.91329
      vertex 18.8318 -1.9 6.91329
    endloop
  endfacet
  facet normal -0.233373 0 -0.972387
    outer loop
      vertex 18.8318 0.5 6.91329
      vertex 18.7173 -1.9 6.94077
      vertex 18.7173 0.5 6.94077
    endloop
  endfacet
  facet normal 0.522721 0 0.852504
    outer loop
      vertex 18.1592 0.5 5.59324
      vertex 18.2595 -1.9 5.53174
      vertex 18.2595 0.5 5.53174
    endloop
  endfacet
  facet normal 0.522721 0 0.852504
    outer loop
      vertex 18.2595 -1.9 5.53174
      vertex 18.1592 0.5 5.59324
      vertex 18.1592 -1.9 5.59324
    endloop
  endfacet
  facet normal 0.0784447 0 -0.996918
    outer loop
      vertex 18.4827 -1.9 6.94077
      vertex 18.6 0.5 6.95
      vertex 18.6 -1.9 6.95
    endloop
  endfacet
  facet normal 0.0784447 0 -0.996918
    outer loop
      vertex 18.6 0.5 6.95
      vertex 18.4827 -1.9 6.94077
      vertex 18.4827 0.5 6.94077
    endloop
  endfacet
  facet normal 0.233373 0 -0.972387
    outer loop
      vertex 18.3682 -1.9 6.91329
      vertex 18.4827 0.5 6.94077
      vertex 18.4827 -1.9 6.94077
    endloop
  endfacet
  facet normal 0.233373 0 -0.972387
    outer loop
      vertex 18.4827 0.5 6.94077
      vertex 18.3682 -1.9 6.91329
      vertex 18.3682 0.5 6.91329
    endloop
  endfacet
  facet normal -0.0784447 0 -0.996918
    outer loop
      vertex 18.6 -1.9 6.95
      vertex 18.7173 0.5 6.94077
      vertex 18.7173 -1.9 6.94077
    endloop
  endfacet
  facet normal -0.0784447 0 -0.996918
    outer loop
      vertex 18.7173 0.5 6.94077
      vertex 18.6 -1.9 6.95
      vertex 18.6 0.5 6.95
    endloop
  endfacet
  facet normal 0.760119 0 -0.649784
    outer loop
      vertex 18.0697 -1.9 6.73033
      vertex 17.9932 0.5 6.64084
      vertex 18.0697 0.5 6.73033
    endloop
  endfacet
  facet normal 0.760119 0 -0.649784
    outer loop
      vertex 17.9932 0.5 6.64084
      vertex 18.0697 -1.9 6.73033
      vertex 17.9932 -1.9 6.64084
    endloop
  endfacet
  facet normal 0.972316 0 -0.233669
    outer loop
      vertex 17.8867 -1.9 6.43176
      vertex 17.8592 0.5 6.31733
      vertex 17.8867 0.5 6.43176
    endloop
  endfacet
  facet normal 0.972316 0 -0.233669
    outer loop
      vertex 17.8592 0.5 6.31733
      vertex 17.8867 -1.9 6.43176
      vertex 17.8592 -1.9 6.31733
    endloop
  endfacet
  facet normal 0.649398 0 0.760449
    outer loop
      vertex 18.0697 0.5 5.66967
      vertex 18.1592 -1.9 5.59324
      vertex 18.1592 0.5 5.59324
    endloop
  endfacet
  facet normal 0.649398 0 0.760449
    outer loop
      vertex 18.1592 -1.9 5.59324
      vertex 18.0697 0.5 5.66967
      vertex 18.0697 -1.9 5.66967
    endloop
  endfacet
  facet normal -0.972316 0 -0.233669
    outer loop
      vertex 15.3408 42.3 6.31733
      vertex 15.3133 44.7 6.43176
      vertex 15.3408 44.7 6.31733
    endloop
  endfacet
  facet normal -0.972316 -0 -0.233669
    outer loop
      vertex 15.3133 44.7 6.43176
      vertex 15.3408 42.3 6.31733
      vertex 15.3133 42.3 6.43176
    endloop
  endfacet
  facet normal -0.99694 0 -0.0781714
    outer loop
      vertex 15.35 42.3 6.2
      vertex 15.3408 44.7 6.31733
      vertex 15.35 44.7 6.2
    endloop
  endfacet
  facet normal -0.99694 -0 -0.0781714
    outer loop
      vertex 15.3408 44.7 6.31733
      vertex 15.35 42.3 6.2
      vertex 15.3408 42.3 6.31733
    endloop
  endfacet
  facet normal -0.923992 0 0.382412
    outer loop
      vertex 15.2683 42.3 5.85951
      vertex 15.3133 44.7 5.96824
      vertex 15.2683 44.7 5.85951
    endloop
  endfacet
  facet normal -0.923992 0 0.382412
    outer loop
      vertex 15.3133 44.7 5.96824
      vertex 15.2683 42.3 5.85951
      vertex 15.3133 42.3 5.96824
    endloop
  endfacet
  facet normal 0.0784447 0 0.996918
    outer loop
      vertex 14.4827 44.7 5.45923
      vertex 14.6 42.3 5.45
      vertex 14.6 44.7 5.45
    endloop
  endfacet
  facet normal 0.0784447 0 0.996918
    outer loop
      vertex 14.6 42.3 5.45
      vertex 14.4827 44.7 5.45923
      vertex 14.4827 42.3 5.45923
    endloop
  endfacet
  facet normal -0.649398 0 0.760449
    outer loop
      vertex 15.0408 44.7 5.59324
      vertex 15.1303 42.3 5.66967
      vertex 15.1303 44.7 5.66967
    endloop
  endfacet
  facet normal -0.649398 0 0.760449
    outer loop
      vertex 15.1303 42.3 5.66967
      vertex 15.0408 44.7 5.59324
      vertex 15.0408 42.3 5.59324
    endloop
  endfacet
  facet normal 0 1 0
    outer loop
      vertex 14.7173 42.3 6.94077
      vertex 14.4827 42.3 6.94077
      vertex 14.6 42.3 6.95
    endloop
  endfacet
  facet normal 0 1 0
    outer loop
      vertex 14.8318 42.3 6.91329
      vertex 14.4827 42.3 6.94077
      vertex 14.7173 42.3 6.94077
    endloop
  endfacet
  facet normal 0 1 0
    outer loop
      vertex 14.8318 42.3 6.91329
      vertex 14.3682 42.3 6.91329
      vertex 14.4827 42.3 6.94077
    endloop
  endfacet
  facet normal 0 1 0
    outer loop
      vertex 14.9405 42.3 6.86825
      vertex 14.3682 42.3 6.91329
      vertex 14.8318 42.3 6.91329
    endloop
  endfacet
  facet normal 0 1 0
    outer loop
      vertex 14.9405 42.3 6.86825
      vertex 14.2595 42.3 6.86825
      vertex 14.3682 42.3 6.91329
    endloop
  endfacet
  facet normal 0 1 0
    outer loop
      vertex 15.0408 42.3 6.80676
      vertex 14.2595 42.3 6.86825
      vertex 14.9405 42.3 6.86825
    endloop
  endfacet
  facet normal 0 1 0
    outer loop
      vertex 15.0408 42.3 6.80676
      vertex 14.1592 42.3 6.80676
      vertex 14.2595 42.3 6.86825
    endloop
  endfacet
  facet normal 0 1 0
    outer loop
      vertex 15.1303 42.3 6.73033
      vertex 14.1592 42.3 6.80676
      vertex 15.0408 42.3 6.80676
    endloop
  endfacet
  facet normal 0 1 0
    outer loop
      vertex 15.1303 42.3 6.73033
      vertex 14.0697 42.3 6.73033
      vertex 14.1592 42.3 6.80676
    endloop
  endfacet
  facet normal 0 1 0
    outer loop
      vertex 15.2068 42.3 6.64084
      vertex 14.0697 42.3 6.73033
      vertex 15.1303 42.3 6.73033
    endloop
  endfacet
  facet normal 0 1 0
    outer loop
      vertex 15.2068 42.3 6.64084
      vertex 13.9932 42.3 6.64084
      vertex 14.0697 42.3 6.73033
    endloop
  endfacet
  facet normal 0 1 0
    outer loop
      vertex 15.2683 42.3 6.54049
      vertex 13.9932 42.3 6.64084
      vertex 15.2068 42.3 6.64084
    endloop
  endfacet
  facet normal 0 1 0
    outer loop
      vertex 15.2683 42.3 6.54049
      vertex 13.9317 42.3 6.54049
      vertex 13.9932 42.3 6.64084
    endloop
  endfacet
  facet normal 0 1 0
    outer loop
      vertex 15.3133 42.3 6.43176
      vertex 13.9317 42.3 6.54049
      vertex 15.2683 42.3 6.54049
    endloop
  endfacet
  facet normal 0 1 0
    outer loop
      vertex 15.3133 42.3 6.43176
      vertex 13.8867 42.3 6.43176
      vertex 13.9317 42.3 6.54049
    endloop
  endfacet
  facet normal 0 1 0
    outer loop
      vertex 15.3408 42.3 6.31733
      vertex 13.8867 42.3 6.43176
      vertex 15.3133 42.3 6.43176
    endloop
  endfacet
  facet normal 0 1 0
    outer loop
      vertex 15.3408 42.3 6.31733
      vertex 13.8592 42.3 6.31733
      vertex 13.8867 42.3 6.43176
    endloop
  endfacet
  facet normal 0 1 0
    outer loop
      vertex 15.35 42.3 6.2
      vertex 13.8592 42.3 6.31733
      vertex 15.3408 42.3 6.31733
    endloop
  endfacet
  facet normal 0 1 0
    outer loop
      vertex 15.35 42.3 6.2
      vertex 13.85 42.3 6.2
      vertex 13.8592 42.3 6.31733
    endloop
  endfacet
  facet normal 0 1 -0
    outer loop
      vertex 15.3408 42.3 6.08267
      vertex 13.85 42.3 6.2
      vertex 15.35 42.3 6.2
    endloop
  endfacet
  facet normal 0 1 0
    outer loop
      vertex 15.3408 42.3 6.08267
      vertex 13.8592 42.3 6.08267
      vertex 13.85 42.3 6.2
    endloop
  endfacet
  facet normal 0 1 -0
    outer loop
      vertex 15.3133 42.3 5.96824
      vertex 13.8592 42.3 6.08267
      vertex 15.3408 42.3 6.08267
    endloop
  endfacet
  facet normal 0 1 0
    outer loop
      vertex 15.3133 42.3 5.96824
      vertex 13.8867 42.3 5.96824
      vertex 13.8592 42.3 6.08267
    endloop
  endfacet
  facet normal 0 1 -0
    outer loop
      vertex 15.2683 42.3 5.85951
      vertex 13.8867 42.3 5.96824
      vertex 15.3133 42.3 5.96824
    endloop
  endfacet
  facet normal 0 1 0
    outer loop
      vertex 15.2683 42.3 5.85951
      vertex 13.9317 42.3 5.85951
      vertex 13.8867 42.3 5.96824
    endloop
  endfacet
  facet normal 0 1 -0
    outer loop
      vertex 15.2068 42.3 5.75916
      vertex 13.9317 42.3 5.85951
      vertex 15.2683 42.3 5.85951
    endloop
  endfacet
  facet normal 0 1 0
    outer loop
      vertex 15.2068 42.3 5.75916
      vertex 13.9932 42.3 5.75916
      vertex 13.9317 42.3 5.85951
    endloop
  endfacet
  facet normal 0 1 -0
    outer loop
      vertex 15.1303 42.3 5.66967
      vertex 13.9932 42.3 5.75916
      vertex 15.2068 42.3 5.75916
    endloop
  endfacet
  facet normal 0 1 0
    outer loop
      vertex 15.1303 42.3 5.66967
      vertex 14.0697 42.3 5.66967
      vertex 13.9932 42.3 5.75916
    endloop
  endfacet
  facet normal 0 1 -0
    outer loop
      vertex 15.0408 42.3 5.59324
      vertex 14.0697 42.3 5.66967
      vertex 15.1303 42.3 5.66967
    endloop
  endfacet
  facet normal 0 1 0
    outer loop
      vertex 15.0408 42.3 5.59324
      vertex 14.1592 42.3 5.59324
      vertex 14.0697 42.3 5.66967
    endloop
  endfacet
  facet normal 0 1 -0
    outer loop
      vertex 14.9405 42.3 5.53174
      vertex 14.1592 42.3 5.59324
      vertex 15.0408 42.3 5.59324
    endloop
  endfacet
  facet normal 0 1 0
    outer loop
      vertex 14.9405 42.3 5.53174
      vertex 14.2595 42.3 5.53174
      vertex 14.1592 42.3 5.59324
    endloop
  endfacet
  facet normal 0 1 -0
    outer loop
      vertex 14.8318 42.3 5.48671
      vertex 14.2595 42.3 5.53174
      vertex 14.9405 42.3 5.53174
    endloop
  endfacet
  facet normal 0 1 0
    outer loop
      vertex 14.8318 42.3 5.48671
      vertex 14.3682 42.3 5.48671
      vertex 14.2595 42.3 5.53174
    endloop
  endfacet
  facet normal 0 1 -0
    outer loop
      vertex 14.7173 42.3 5.45923
      vertex 14.3682 42.3 5.48671
      vertex 14.8318 42.3 5.48671
    endloop
  endfacet
  facet normal 0 1 0
    outer loop
      vertex 14.7173 42.3 5.45923
      vertex 14.4827 42.3 5.45923
      vertex 14.3682 42.3 5.48671
    endloop
  endfacet
  facet normal -0 1 0
    outer loop
      vertex 14.4827 42.3 5.45923
      vertex 14.7173 42.3 5.45923
      vertex 14.6 42.3 5.45
    endloop
  endfacet
  facet normal -0.760119 0 0.649784
    outer loop
      vertex 15.1303 42.3 5.66967
      vertex 15.2068 44.7 5.75916
      vertex 15.1303 44.7 5.66967
    endloop
  endfacet
  facet normal -0.760119 0 0.649784
    outer loop
      vertex 15.2068 44.7 5.75916
      vertex 15.1303 42.3 5.66967
      vertex 15.2068 42.3 5.75916
    endloop
  endfacet
  facet normal -0.85262 0 -0.522532
    outer loop
      vertex 15.2683 42.3 6.54049
      vertex 15.2068 44.7 6.64084
      vertex 15.2683 44.7 6.54049
    endloop
  endfacet
  facet normal -0.85262 -0 -0.522532
    outer loop
      vertex 15.2068 44.7 6.64084
      vertex 15.2683 42.3 6.54049
      vertex 15.2068 42.3 6.64084
    endloop
  endfacet
  facet normal -0.923992 0 -0.382412
    outer loop
      vertex 15.3133 42.3 6.43176
      vertex 15.2683 44.7 6.54049
      vertex 15.3133 44.7 6.43176
    endloop
  endfacet
  facet normal -0.923992 -0 -0.382412
    outer loop
      vertex 15.2683 44.7 6.54049
      vertex 15.3133 42.3 6.43176
      vertex 15.2683 42.3 6.54049
    endloop
  endfacet
  facet normal 0.99694 0 -0.0781714
    outer loop
      vertex 13.8592 42.3 6.31733
      vertex 13.85 44.7 6.2
      vertex 13.8592 44.7 6.31733
    endloop
  endfacet
  facet normal 0.99694 0 -0.0781714
    outer loop
      vertex 13.85 44.7 6.2
      vertex 13.8592 42.3 6.31733
      vertex 13.85 42.3 6.2
    endloop
  endfacet
  facet normal 0.649398 0 -0.760449
    outer loop
      vertex 14.0697 42.3 6.73033
      vertex 14.1592 44.7 6.80676
      vertex 14.1592 42.3 6.80676
    endloop
  endfacet
  facet normal 0.649398 0 -0.760449
    outer loop
      vertex 14.1592 44.7 6.80676
      vertex 14.0697 42.3 6.73033
      vertex 14.0697 44.7 6.73033
    endloop
  endfacet
  facet normal -0.0784447 0 0.996918
    outer loop
      vertex 14.6 44.7 5.45
      vertex 14.7173 42.3 5.45923
      vertex 14.7173 44.7 5.45923
    endloop
  endfacet
  facet normal -0.0784447 0 0.996918
    outer loop
      vertex 14.7173 42.3 5.45923
      vertex 14.6 44.7 5.45
      vertex 14.6 42.3 5.45
    endloop
  endfacet
  facet normal -0.649398 0 -0.760449
    outer loop
      vertex 15.0408 42.3 6.80676
      vertex 15.1303 44.7 6.73033
      vertex 15.1303 42.3 6.73033
    endloop
  endfacet
  facet normal -0.649398 0 -0.760449
    outer loop
      vertex 15.1303 44.7 6.73033
      vertex 15.0408 42.3 6.80676
      vertex 15.0408 44.7 6.80676
    endloop
  endfacet
  facet normal 0.85262 0 -0.522532
    outer loop
      vertex 13.9932 42.3 6.64084
      vertex 13.9317 44.7 6.54049
      vertex 13.9932 44.7 6.64084
    endloop
  endfacet
  facet normal 0.85262 0 -0.522532
    outer loop
      vertex 13.9317 44.7 6.54049
      vertex 13.9932 42.3 6.64084
      vertex 13.9317 42.3 6.54049
    endloop
  endfacet
  facet normal 0.923992 0 -0.382412
    outer loop
      vertex 13.9317 42.3 6.54049
      vertex 13.8867 44.7 6.43176
      vertex 13.9317 44.7 6.54049
    endloop
  endfacet
  facet normal 0.923992 0 -0.382412
    outer loop
      vertex 13.8867 44.7 6.43176
      vertex 13.9317 42.3 6.54049
      vertex 13.8867 42.3 6.43176
    endloop
  endfacet
  facet normal 0.233373 0 0.972387
    outer loop
      vertex 14.3682 44.7 5.48671
      vertex 14.4827 42.3 5.45923
      vertex 14.4827 44.7 5.45923
    endloop
  endfacet
  facet normal 0.233373 0 0.972387
    outer loop
      vertex 14.4827 42.3 5.45923
      vertex 14.3682 44.7 5.48671
      vertex 14.3682 42.3 5.48671
    endloop
  endfacet
  facet normal -0.972316 0 0.233669
    outer loop
      vertex 15.3133 42.3 5.96824
      vertex 15.3408 44.7 6.08267
      vertex 15.3133 44.7 5.96824
    endloop
  endfacet
  facet normal -0.972316 0 0.233669
    outer loop
      vertex 15.3408 44.7 6.08267
      vertex 15.3133 42.3 5.96824
      vertex 15.3408 42.3 6.08267
    endloop
  endfacet
  facet normal 0.923992 -0 0.382412
    outer loop
      vertex 13.8867 42.3 5.96824
      vertex 13.9317 44.7 5.85951
      vertex 13.8867 44.7 5.96824
    endloop
  endfacet
  facet normal 0.923992 0 0.382412
    outer loop
      vertex 13.9317 44.7 5.85951
      vertex 13.8867 42.3 5.96824
      vertex 13.9317 42.3 5.85951
    endloop
  endfacet
  facet normal -0.233373 0 0.972387
    outer loop
      vertex 14.7173 44.7 5.45923
      vertex 14.8318 42.3 5.48671
      vertex 14.8318 44.7 5.48671
    endloop
  endfacet
  facet normal -0.233373 0 0.972387
    outer loop
      vertex 14.8318 42.3 5.48671
      vertex 14.7173 44.7 5.45923
      vertex 14.7173 42.3 5.45923
    endloop
  endfacet
  facet normal -0.52266 0 -0.852541
    outer loop
      vertex 14.9405 42.3 6.86825
      vertex 15.0408 44.7 6.80676
      vertex 15.0408 42.3 6.80676
    endloop
  endfacet
  facet normal -0.52266 0 -0.852541
    outer loop
      vertex 15.0408 44.7 6.80676
      vertex 14.9405 42.3 6.86825
      vertex 14.9405 44.7 6.86825
    endloop
  endfacet
  facet normal -0.522721 0 0.852504
    outer loop
      vertex 14.9405 44.7 5.53174
      vertex 15.0408 42.3 5.59324
      vertex 15.0408 44.7 5.59324
    endloop
  endfacet
  facet normal -0.522721 0 0.852504
    outer loop
      vertex 15.0408 42.3 5.59324
      vertex 14.9405 44.7 5.53174
      vertex 14.9405 42.3 5.53174
    endloop
  endfacet
  facet normal 0.38272 0 0.923865
    outer loop
      vertex 14.2595 44.7 5.53174
      vertex 14.3682 42.3 5.48671
      vertex 14.3682 44.7 5.48671
    endloop
  endfacet
  facet normal 0.38272 0 0.923865
    outer loop
      vertex 14.3682 42.3 5.48671
      vertex 14.2595 44.7 5.53174
      vertex 14.2595 42.3 5.53174
    endloop
  endfacet
  facet normal -0.85262 0 0.522532
    outer loop
      vertex 15.2068 42.3 5.75916
      vertex 15.2683 44.7 5.85951
      vertex 15.2068 44.7 5.75916
    endloop
  endfacet
  facet normal -0.85262 0 0.522532
    outer loop
      vertex 15.2683 44.7 5.85951
      vertex 15.2068 42.3 5.75916
      vertex 15.2683 42.3 5.85951
    endloop
  endfacet
  facet normal -0.38272 0 0.923865
    outer loop
      vertex 14.8318 44.7 5.48671
      vertex 14.9405 42.3 5.53174
      vertex 14.9405 44.7 5.53174
    endloop
  endfacet
  facet normal -0.38272 0 0.923865
    outer loop
      vertex 14.9405 42.3 5.53174
      vertex 14.8318 44.7 5.48671
      vertex 14.8318 42.3 5.48671
    endloop
  endfacet
  facet normal -0.99694 0 0.0781714
    outer loop
      vertex 15.3408 42.3 6.08267
      vertex 15.35 44.7 6.2
      vertex 15.3408 44.7 6.08267
    endloop
  endfacet
  facet normal -0.99694 0 0.0781714
    outer loop
      vertex 15.35 44.7 6.2
      vertex 15.3408 42.3 6.08267
      vertex 15.35 42.3 6.2
    endloop
  endfacet
  facet normal 0.52266 0 -0.852541
    outer loop
      vertex 14.1592 42.3 6.80676
      vertex 14.2595 44.7 6.86825
      vertex 14.2595 42.3 6.86825
    endloop
  endfacet
  facet normal 0.52266 0 -0.852541
    outer loop
      vertex 14.2595 44.7 6.86825
      vertex 14.1592 42.3 6.80676
      vertex 14.1592 44.7 6.80676
    endloop
  endfacet
  facet normal 0.972316 -0 0.233669
    outer loop
      vertex 13.8592 42.3 6.08267
      vertex 13.8867 44.7 5.96824
      vertex 13.8592 44.7 6.08267
    endloop
  endfacet
  facet normal 0.972316 0 0.233669
    outer loop
      vertex 13.8867 44.7 5.96824
      vertex 13.8592 42.3 6.08267
      vertex 13.8867 42.3 5.96824
    endloop
  endfacet
  facet normal -0.760119 0 -0.649784
    outer loop
      vertex 15.2068 42.3 6.64084
      vertex 15.1303 44.7 6.73033
      vertex 15.2068 44.7 6.64084
    endloop
  endfacet
  facet normal -0.760119 -0 -0.649784
    outer loop
      vertex 15.1303 44.7 6.73033
      vertex 15.2068 42.3 6.64084
      vertex 15.1303 42.3 6.73033
    endloop
  endfacet
  facet normal 0.382792 0 -0.923834
    outer loop
      vertex 14.2595 42.3 6.86825
      vertex 14.3682 44.7 6.91329
      vertex 14.3682 42.3 6.91329
    endloop
  endfacet
  facet normal 0.382792 0 -0.923834
    outer loop
      vertex 14.3682 44.7 6.91329
      vertex 14.2595 42.3 6.86825
      vertex 14.2595 44.7 6.86825
    endloop
  endfacet
  facet normal 0.760119 -0 0.649784
    outer loop
      vertex 13.9932 42.3 5.75916
      vertex 14.0697 44.7 5.66967
      vertex 13.9932 44.7 5.75916
    endloop
  endfacet
  facet normal 0.760119 0 0.649784
    outer loop
      vertex 14.0697 44.7 5.66967
      vertex 13.9932 42.3 5.75916
      vertex 14.0697 42.3 5.66967
    endloop
  endfacet
  facet normal 0.99694 -0 0.0781714
    outer loop
      vertex 13.85 42.3 6.2
      vertex 13.8592 44.7 6.08267
      vertex 13.85 44.7 6.2
    endloop
  endfacet
  facet normal 0.99694 0 0.0781714
    outer loop
      vertex 13.8592 44.7 6.08267
      vertex 13.85 42.3 6.2
      vertex 13.8592 42.3 6.08267
    endloop
  endfacet
  facet normal -0.382792 0 -0.923834
    outer loop
      vertex 14.8318 42.3 6.91329
      vertex 14.9405 44.7 6.86825
      vertex 14.9405 42.3 6.86825
    endloop
  endfacet
  facet normal -0.382792 0 -0.923834
    outer loop
      vertex 14.9405 44.7 6.86825
      vertex 14.8318 42.3 6.91329
      vertex 14.8318 44.7 6.91329
    endloop
  endfacet
  facet normal 0.85262 -0 0.522532
    outer loop
      vertex 13.9317 42.3 5.85951
      vertex 13.9932 44.7 5.75916
      vertex 13.9317 44.7 5.85951
    endloop
  endfacet
  facet normal 0.85262 0 0.522532
    outer loop
      vertex 13.9932 44.7 5.75916
      vertex 13.9317 42.3 5.85951
      vertex 13.9932 42.3 5.75916
    endloop
  endfacet
  facet normal -0.233373 0 -0.972387
    outer loop
      vertex 14.7173 42.3 6.94077
      vertex 14.8318 44.7 6.91329
      vertex 14.8318 42.3 6.91329
    endloop
  endfacet
  facet normal -0.233373 0 -0.972387
    outer loop
      vertex 14.8318 44.7 6.91329
      vertex 14.7173 42.3 6.94077
      vertex 14.7173 44.7 6.94077
    endloop
  endfacet
  facet normal 0.522721 0 0.852504
    outer loop
      vertex 14.1592 44.7 5.59324
      vertex 14.2595 42.3 5.53174
      vertex 14.2595 44.7 5.53174
    endloop
  endfacet
  facet normal 0.522721 0 0.852504
    outer loop
      vertex 14.2595 42.3 5.53174
      vertex 14.1592 44.7 5.59324
      vertex 14.1592 42.3 5.59324
    endloop
  endfacet
  facet normal 0.0784447 0 -0.996918
    outer loop
      vertex 14.4827 42.3 6.94077
      vertex 14.6 44.7 6.95
      vertex 14.6 42.3 6.95
    endloop
  endfacet
  facet normal 0.0784447 0 -0.996918
    outer loop
      vertex 14.6 44.7 6.95
      vertex 14.4827 42.3 6.94077
      vertex 14.4827 44.7 6.94077
    endloop
  endfacet
  facet normal 0.233373 0 -0.972387
    outer loop
      vertex 14.3682 42.3 6.91329
      vertex 14.4827 44.7 6.94077
      vertex 14.4827 42.3 6.94077
    endloop
  endfacet
  facet normal 0.233373 0 -0.972387
    outer loop
      vertex 14.4827 44.7 6.94077
      vertex 14.3682 42.3 6.91329
      vertex 14.3682 44.7 6.91329
    endloop
  endfacet
  facet normal -0.0784447 0 -0.996918
    outer loop
      vertex 14.6 42.3 6.95
      vertex 14.7173 44.7 6.94077
      vertex 14.7173 42.3 6.94077
    endloop
  endfacet
  facet normal -0.0784447 0 -0.996918
    outer loop
      vertex 14.7173 44.7 6.94077
      vertex 14.6 42.3 6.95
      vertex 14.6 44.7 6.95
    endloop
  endfacet
  facet normal 0.760119 0 -0.649784
    outer loop
      vertex 14.0697 42.3 6.73033
      vertex 13.9932 44.7 6.64084
      vertex 14.0697 44.7 6.73033
    endloop
  endfacet
  facet normal 0.760119 0 -0.649784
    outer loop
      vertex 13.9932 44.7 6.64084
      vertex 14.0697 42.3 6.73033
      vertex 13.9932 42.3 6.64084
    endloop
  endfacet
  facet normal 0.972316 0 -0.233669
    outer loop
      vertex 13.8867 42.3 6.43176
      vertex 13.8592 44.7 6.31733
      vertex 13.8867 44.7 6.43176
    endloop
  endfacet
  facet normal 0.972316 0 -0.233669
    outer loop
      vertex 13.8592 44.7 6.31733
      vertex 13.8867 42.3 6.43176
      vertex 13.8592 42.3 6.31733
    endloop
  endfacet
  facet normal 0.649398 0 0.760449
    outer loop
      vertex 14.0697 44.7 5.66967
      vertex 14.1592 42.3 5.59324
      vertex 14.1592 44.7 5.59324
    endloop
  endfacet
  facet normal 0.649398 0 0.760449
    outer loop
      vertex 14.1592 42.3 5.59324
      vertex 14.0697 44.7 5.66967
      vertex 14.0697 42.3 5.66967
    endloop
  endfacet
  facet normal -0.972316 0 -0.233669
    outer loop
      vertex 19.3408 42.3 6.31733
      vertex 19.3133 44.7 6.43176
      vertex 19.3408 44.7 6.31733
    endloop
  endfacet
  facet normal -0.972316 -0 -0.233669
    outer loop
      vertex 19.3133 44.7 6.43176
      vertex 19.3408 42.3 6.31733
      vertex 19.3133 42.3 6.43176
    endloop
  endfacet
  facet normal -0.99694 0 -0.0781714
    outer loop
      vertex 19.35 42.3 6.2
      vertex 19.3408 44.7 6.31733
      vertex 19.35 44.7 6.2
    endloop
  endfacet
  facet normal -0.99694 -0 -0.0781714
    outer loop
      vertex 19.3408 44.7 6.31733
      vertex 19.35 42.3 6.2
      vertex 19.3408 42.3 6.31733
    endloop
  endfacet
  facet normal 0.0784447 0 0.996918
    outer loop
      vertex 18.4827 44.7 5.45923
      vertex 18.6 42.3 5.45
      vertex 18.6 44.7 5.45
    endloop
  endfacet
  facet normal 0.0784447 0 0.996918
    outer loop
      vertex 18.6 42.3 5.45
      vertex 18.4827 44.7 5.45923
      vertex 18.4827 42.3 5.45923
    endloop
  endfacet
  facet normal -0.649398 0 0.760449
    outer loop
      vertex 19.0408 44.7 5.59324
      vertex 19.1303 42.3 5.66967
      vertex 19.1303 44.7 5.66967
    endloop
  endfacet
  facet normal -0.649398 0 0.760449
    outer loop
      vertex 19.1303 42.3 5.66967
      vertex 19.0408 44.7 5.59324
      vertex 19.0408 42.3 5.59324
    endloop
  endfacet
  facet normal 0 1 0
    outer loop
      vertex 18.7173 42.3 6.94077
      vertex 18.4827 42.3 6.94077
      vertex 18.6 42.3 6.95
    endloop
  endfacet
  facet normal 0 1 0
    outer loop
      vertex 18.8318 42.3 6.91329
      vertex 18.4827 42.3 6.94077
      vertex 18.7173 42.3 6.94077
    endloop
  endfacet
  facet normal 0 1 0
    outer loop
      vertex 18.8318 42.3 6.91329
      vertex 18.3682 42.3 6.91329
      vertex 18.4827 42.3 6.94077
    endloop
  endfacet
  facet normal 0 1 0
    outer loop
      vertex 18.9405 42.3 6.86825
      vertex 18.3682 42.3 6.91329
      vertex 18.8318 42.3 6.91329
    endloop
  endfacet
  facet normal 0 1 0
    outer loop
      vertex 18.9405 42.3 6.86825
      vertex 18.2595 42.3 6.86825
      vertex 18.3682 42.3 6.91329
    endloop
  endfacet
  facet normal 0 1 0
    outer loop
      vertex 19.0408 42.3 6.80676
      vertex 18.2595 42.3 6.86825
      vertex 18.9405 42.3 6.86825
    endloop
  endfacet
  facet normal 0 1 0
    outer loop
      vertex 19.0408 42.3 6.80676
      vertex 18.1592 42.3 6.80676
      vertex 18.2595 42.3 6.86825
    endloop
  endfacet
  facet normal 0 1 0
    outer loop
      vertex 19.1303 42.3 6.73033
      vertex 18.1592 42.3 6.80676
      vertex 19.0408 42.3 6.80676
    endloop
  endfacet
  facet normal 0 1 0
    outer loop
      vertex 19.1303 42.3 6.73033
      vertex 18.0697 42.3 6.73033
      vertex 18.1592 42.3 6.80676
    endloop
  endfacet
  facet normal 0 1 0
    outer loop
      vertex 19.2068 42.3 6.64084
      vertex 18.0697 42.3 6.73033
      vertex 19.1303 42.3 6.73033
    endloop
  endfacet
  facet normal 0 1 0
    outer loop
      vertex 19.2068 42.3 6.64084
      vertex 17.9932 42.3 6.64084
      vertex 18.0697 42.3 6.73033
    endloop
  endfacet
  facet normal 0 1 0
    outer loop
      vertex 19.2683 42.3 6.54049
      vertex 17.9932 42.3 6.64084
      vertex 19.2068 42.3 6.64084
    endloop
  endfacet
  facet normal 0 1 0
    outer loop
      vertex 19.2683 42.3 6.54049
      vertex 17.9317 42.3 6.54049
      vertex 17.9932 42.3 6.64084
    endloop
  endfacet
  facet normal 0 1 0
    outer loop
      vertex 19.3133 42.3 6.43176
      vertex 17.9317 42.3 6.54049
      vertex 19.2683 42.3 6.54049
    endloop
  endfacet
  facet normal 0 1 0
    outer loop
      vertex 19.3133 42.3 6.43176
      vertex 17.8867 42.3 6.43176
      vertex 17.9317 42.3 6.54049
    endloop
  endfacet
  facet normal 0 1 0
    outer loop
      vertex 19.3408 42.3 6.31733
      vertex 17.8867 42.3 6.43176
      vertex 19.3133 42.3 6.43176
    endloop
  endfacet
  facet normal 0 1 0
    outer loop
      vertex 19.3408 42.3 6.31733
      vertex 17.8592 42.3 6.31733
      vertex 17.8867 42.3 6.43176
    endloop
  endfacet
  facet normal 0 1 0
    outer loop
      vertex 19.35 42.3 6.2
      vertex 17.8592 42.3 6.31733
      vertex 19.3408 42.3 6.31733
    endloop
  endfacet
  facet normal 0 1 0
    outer loop
      vertex 19.35 42.3 6.2
      vertex 17.85 42.3 6.2
      vertex 17.8592 42.3 6.31733
    endloop
  endfacet
  facet normal 0 1 -0
    outer loop
      vertex 19.3408 42.3 6.08267
      vertex 17.85 42.3 6.2
      vertex 19.35 42.3 6.2
    endloop
  endfacet
  facet normal 0 1 0
    outer loop
      vertex 19.3408 42.3 6.08267
      vertex 17.8592 42.3 6.08267
      vertex 17.85 42.3 6.2
    endloop
  endfacet
  facet normal 0 1 -0
    outer loop
      vertex 19.3133 42.3 5.96824
      vertex 17.8592 42.3 6.08267
      vertex 19.3408 42.3 6.08267
    endloop
  endfacet
  facet normal 0 1 0
    outer loop
      vertex 19.3133 42.3 5.96824
      vertex 17.8867 42.3 5.96824
      vertex 17.8592 42.3 6.08267
    endloop
  endfacet
  facet normal 0 1 -0
    outer loop
      vertex 19.2683 42.3 5.85951
      vertex 17.8867 42.3 5.96824
      vertex 19.3133 42.3 5.96824
    endloop
  endfacet
  facet normal 0 1 0
    outer loop
      vertex 19.2683 42.3 5.85951
      vertex 17.9317 42.3 5.85951
      vertex 17.8867 42.3 5.96824
    endloop
  endfacet
  facet normal 0 1 -0
    outer loop
      vertex 19.2068 42.3 5.75916
      vertex 17.9317 42.3 5.85951
      vertex 19.2683 42.3 5.85951
    endloop
  endfacet
  facet normal 0 1 0
    outer loop
      vertex 19.2068 42.3 5.75916
      vertex 17.9932 42.3 5.75916
      vertex 17.9317 42.3 5.85951
    endloop
  endfacet
  facet normal 0 1 -0
    outer loop
      vertex 19.1303 42.3 5.66967
      vertex 17.9932 42.3 5.75916
      vertex 19.2068 42.3 5.75916
    endloop
  endfacet
  facet normal 0 1 0
    outer loop
      vertex 19.1303 42.3 5.66967
      vertex 18.0697 42.3 5.66967
      vertex 17.9932 42.3 5.75916
    endloop
  endfacet
  facet normal 0 1 -0
    outer loop
      vertex 19.0408 42.3 5.59324
      vertex 18.0697 42.3 5.66967
      vertex 19.1303 42.3 5.66967
    endloop
  endfacet
  facet normal 0 1 0
    outer loop
      vertex 19.0408 42.3 5.59324
      vertex 18.1592 42.3 5.59324
      vertex 18.0697 42.3 5.66967
    endloop
  endfacet
  facet normal 0 1 -0
    outer loop
      vertex 18.9405 42.3 5.53174
      vertex 18.1592 42.3 5.59324
      vertex 19.0408 42.3 5.59324
    endloop
  endfacet
  facet normal 0 1 0
    outer loop
      vertex 18.9405 42.3 5.53174
      vertex 18.2595 42.3 5.53174
      vertex 18.1592 42.3 5.59324
    endloop
  endfacet
  facet normal 0 1 -0
    outer loop
      vertex 18.8318 42.3 5.48671
      vertex 18.2595 42.3 5.53174
      vertex 18.9405 42.3 5.53174
    endloop
  endfacet
  facet normal 0 1 0
    outer loop
      vertex 18.8318 42.3 5.48671
      vertex 18.3682 42.3 5.48671
      vertex 18.2595 42.3 5.53174
    endloop
  endfacet
  facet normal 0 1 -0
    outer loop
      vertex 18.7173 42.3 5.45923
      vertex 18.3682 42.3 5.48671
      vertex 18.8318 42.3 5.48671
    endloop
  endfacet
  facet normal 0 1 0
    outer loop
      vertex 18.7173 42.3 5.45923
      vertex 18.4827 42.3 5.45923
      vertex 18.3682 42.3 5.48671
    endloop
  endfacet
  facet normal -0 1 0
    outer loop
      vertex 18.4827 42.3 5.45923
      vertex 18.7173 42.3 5.45923
      vertex 18.6 42.3 5.45
    endloop
  endfacet
  facet normal -0.760119 0 0.649784
    outer loop
      vertex 19.1303 42.3 5.66967
      vertex 19.2068 44.7 5.75916
      vertex 19.1303 44.7 5.66967
    endloop
  endfacet
  facet normal -0.760119 0 0.649784
    outer loop
      vertex 19.2068 44.7 5.75916
      vertex 19.1303 42.3 5.66967
      vertex 19.2068 42.3 5.75916
    endloop
  endfacet
  facet normal -0.85262 0 -0.522532
    outer loop
      vertex 19.2683 42.3 6.54049
      vertex 19.2068 44.7 6.64084
      vertex 19.2683 44.7 6.54049
    endloop
  endfacet
  facet normal -0.85262 -0 -0.522532
    outer loop
      vertex 19.2068 44.7 6.64084
      vertex 19.2683 42.3 6.54049
      vertex 19.2068 42.3 6.64084
    endloop
  endfacet
  facet normal -0.923992 0 -0.382412
    outer loop
      vertex 19.3133 42.3 6.43176
      vertex 19.2683 44.7 6.54049
      vertex 19.3133 44.7 6.43176
    endloop
  endfacet
  facet normal -0.923992 -0 -0.382412
    outer loop
      vertex 19.2683 44.7 6.54049
      vertex 19.3133 42.3 6.43176
      vertex 19.2683 42.3 6.54049
    endloop
  endfacet
  facet normal 0.99694 0 -0.0781714
    outer loop
      vertex 17.8592 42.3 6.31733
      vertex 17.85 44.7 6.2
      vertex 17.8592 44.7 6.31733
    endloop
  endfacet
  facet normal 0.99694 0 -0.0781714
    outer loop
      vertex 17.85 44.7 6.2
      vertex 17.8592 42.3 6.31733
      vertex 17.85 42.3 6.2
    endloop
  endfacet
  facet normal 0.649398 0 -0.760449
    outer loop
      vertex 18.0697 42.3 6.73033
      vertex 18.1592 44.7 6.80676
      vertex 18.1592 42.3 6.80676
    endloop
  endfacet
  facet normal 0.649398 0 -0.760449
    outer loop
      vertex 18.1592 44.7 6.80676
      vertex 18.0697 42.3 6.73033
      vertex 18.0697 44.7 6.73033
    endloop
  endfacet
  facet normal -0.0784447 0 0.996918
    outer loop
      vertex 18.6 44.7 5.45
      vertex 18.7173 42.3 5.45923
      vertex 18.7173 44.7 5.45923
    endloop
  endfacet
  facet normal -0.0784447 0 0.996918
    outer loop
      vertex 18.7173 42.3 5.45923
      vertex 18.6 44.7 5.45
      vertex 18.6 42.3 5.45
    endloop
  endfacet
  facet normal -0.649398 0 -0.760449
    outer loop
      vertex 19.0408 42.3 6.80676
      vertex 19.1303 44.7 6.73033
      vertex 19.1303 42.3 6.73033
    endloop
  endfacet
  facet normal -0.649398 0 -0.760449
    outer loop
      vertex 19.1303 44.7 6.73033
      vertex 19.0408 42.3 6.80676
      vertex 19.0408 44.7 6.80676
    endloop
  endfacet
  facet normal 0.85262 0 -0.522532
    outer loop
      vertex 17.9932 42.3 6.64084
      vertex 17.9317 44.7 6.54049
      vertex 17.9932 44.7 6.64084
    endloop
  endfacet
  facet normal 0.85262 0 -0.522532
    outer loop
      vertex 17.9317 44.7 6.54049
      vertex 17.9932 42.3 6.64084
      vertex 17.9317 42.3 6.54049
    endloop
  endfacet
  facet normal 0.923992 0 -0.382412
    outer loop
      vertex 17.9317 42.3 6.54049
      vertex 17.8867 44.7 6.43176
      vertex 17.9317 44.7 6.54049
    endloop
  endfacet
  facet normal 0.923992 0 -0.382412
    outer loop
      vertex 17.8867 44.7 6.43176
      vertex 17.9317 42.3 6.54049
      vertex 17.8867 42.3 6.43176
    endloop
  endfacet
  facet normal 0.233373 0 0.972387
    outer loop
      vertex 18.3682 44.7 5.48671
      vertex 18.4827 42.3 5.45923
      vertex 18.4827 44.7 5.45923
    endloop
  endfacet
  facet normal 0.233373 0 0.972387
    outer loop
      vertex 18.4827 42.3 5.45923
      vertex 18.3682 44.7 5.48671
      vertex 18.3682 42.3 5.48671
    endloop
  endfacet
  facet normal -0.972316 0 0.233669
    outer loop
      vertex 19.3133 42.3 5.96824
      vertex 19.3408 44.7 6.08267
      vertex 19.3133 44.7 5.96824
    endloop
  endfacet
  facet normal -0.972316 0 0.233669
    outer loop
      vertex 19.3408 44.7 6.08267
      vertex 19.3133 42.3 5.96824
      vertex 19.3408 42.3 6.08267
    endloop
  endfacet
  facet normal 0.923992 -0 0.382412
    outer loop
      vertex 17.8867 42.3 5.96824
      vertex 17.9317 44.7 5.85951
      vertex 17.8867 44.7 5.96824
    endloop
  endfacet
  facet normal 0.923992 0 0.382412
    outer loop
      vertex 17.9317 44.7 5.85951
      vertex 17.8867 42.3 5.96824
      vertex 17.9317 42.3 5.85951
    endloop
  endfacet
  facet normal -0.233373 0 0.972387
    outer loop
      vertex 18.7173 44.7 5.45923
      vertex 18.8318 42.3 5.48671
      vertex 18.8318 44.7 5.48671
    endloop
  endfacet
  facet normal -0.233373 0 0.972387
    outer loop
      vertex 18.8318 42.3 5.48671
      vertex 18.7173 44.7 5.45923
      vertex 18.7173 42.3 5.45923
    endloop
  endfacet
  facet normal -0.52266 0 -0.852541
    outer loop
      vertex 18.9405 42.3 6.86825
      vertex 19.0408 44.7 6.80676
      vertex 19.0408 42.3 6.80676
    endloop
  endfacet
  facet normal -0.52266 0 -0.852541
    outer loop
      vertex 19.0408 44.7 6.80676
      vertex 18.9405 42.3 6.86825
      vertex 18.9405 44.7 6.86825
    endloop
  endfacet
  facet normal -0.522721 0 0.852504
    outer loop
      vertex 18.9405 44.7 5.53174
      vertex 19.0408 42.3 5.59324
      vertex 19.0408 44.7 5.59324
    endloop
  endfacet
  facet normal -0.522721 0 0.852504
    outer loop
      vertex 19.0408 42.3 5.59324
      vertex 18.9405 44.7 5.53174
      vertex 18.9405 42.3 5.53174
    endloop
  endfacet
  facet normal 0.38272 0 0.923865
    outer loop
      vertex 18.2595 44.7 5.53174
      vertex 18.3682 42.3 5.48671
      vertex 18.3682 44.7 5.48671
    endloop
  endfacet
  facet normal 0.38272 0 0.923865
    outer loop
      vertex 18.3682 42.3 5.48671
      vertex 18.2595 44.7 5.53174
      vertex 18.2595 42.3 5.53174
    endloop
  endfacet
  facet normal -0.85262 0 0.522532
    outer loop
      vertex 19.2068 42.3 5.75916
      vertex 19.2683 44.7 5.85951
      vertex 19.2068 44.7 5.75916
    endloop
  endfacet
  facet normal -0.85262 0 0.522532
    outer loop
      vertex 19.2683 44.7 5.85951
      vertex 19.2068 42.3 5.75916
      vertex 19.2683 42.3 5.85951
    endloop
  endfacet
  facet normal -0.38272 0 0.923865
    outer loop
      vertex 18.8318 44.7 5.48671
      vertex 18.9405 42.3 5.53174
      vertex 18.9405 44.7 5.53174
    endloop
  endfacet
  facet normal -0.38272 0 0.923865
    outer loop
      vertex 18.9405 42.3 5.53174
      vertex 18.8318 44.7 5.48671
      vertex 18.8318 42.3 5.48671
    endloop
  endfacet
  facet normal -0.99694 0 0.0781714
    outer loop
      vertex 19.3408 42.3 6.08267
      vertex 19.35 44.7 6.2
      vertex 19.3408 44.7 6.08267
    endloop
  endfacet
  facet normal -0.99694 0 0.0781714
    outer loop
      vertex 19.35 44.7 6.2
      vertex 19.3408 42.3 6.08267
      vertex 19.35 42.3 6.2
    endloop
  endfacet
  facet normal 0.52266 0 -0.852541
    outer loop
      vertex 18.1592 42.3 6.80676
      vertex 18.2595 44.7 6.86825
      vertex 18.2595 42.3 6.86825
    endloop
  endfacet
  facet normal 0.52266 0 -0.852541
    outer loop
      vertex 18.2595 44.7 6.86825
      vertex 18.1592 42.3 6.80676
      vertex 18.1592 44.7 6.80676
    endloop
  endfacet
  facet normal 0.972316 -0 0.233669
    outer loop
      vertex 17.8592 42.3 6.08267
      vertex 17.8867 44.7 5.96824
      vertex 17.8592 44.7 6.08267
    endloop
  endfacet
  facet normal 0.972316 0 0.233669
    outer loop
      vertex 17.8867 44.7 5.96824
      vertex 17.8592 42.3 6.08267
      vertex 17.8867 42.3 5.96824
    endloop
  endfacet
  facet normal -0.760119 0 -0.649784
    outer loop
      vertex 19.2068 42.3 6.64084
      vertex 19.1303 44.7 6.73033
      vertex 19.2068 44.7 6.64084
    endloop
  endfacet
  facet normal -0.760119 -0 -0.649784
    outer loop
      vertex 19.1303 44.7 6.73033
      vertex 19.2068 42.3 6.64084
      vertex 19.1303 42.3 6.73033
    endloop
  endfacet
  facet normal 0.382792 0 -0.923834
    outer loop
      vertex 18.2595 42.3 6.86825
      vertex 18.3682 44.7 6.91329
      vertex 18.3682 42.3 6.91329
    endloop
  endfacet
  facet normal 0.382792 0 -0.923834
    outer loop
      vertex 18.3682 44.7 6.91329
      vertex 18.2595 42.3 6.86825
      vertex 18.2595 44.7 6.86825
    endloop
  endfacet
  facet normal 0.760119 -0 0.649784
    outer loop
      vertex 17.9932 42.3 5.75916
      vertex 18.0697 44.7 5.66967
      vertex 17.9932 44.7 5.75916
    endloop
  endfacet
  facet normal 0.760119 0 0.649784
    outer loop
      vertex 18.0697 44.7 5.66967
      vertex 17.9932 42.3 5.75916
      vertex 18.0697 42.3 5.66967
    endloop
  endfacet
  facet normal -0.923992 0 0.382412
    outer loop
      vertex 19.2683 42.3 5.85951
      vertex 19.3133 44.7 5.96824
      vertex 19.2683 44.7 5.85951
    endloop
  endfacet
  facet normal -0.923992 0 0.382412
    outer loop
      vertex 19.3133 44.7 5.96824
      vertex 19.2683 42.3 5.85951
      vertex 19.3133 42.3 5.96824
    endloop
  endfacet
  facet normal 0.99694 -0 0.0781714
    outer loop
      vertex 17.85 42.3 6.2
      vertex 17.8592 44.7 6.08267
      vertex 17.85 44.7 6.2
    endloop
  endfacet
  facet normal 0.99694 0 0.0781714
    outer loop
      vertex 17.8592 44.7 6.08267
      vertex 17.85 42.3 6.2
      vertex 17.8592 42.3 6.08267
    endloop
  endfacet
  facet normal -0.382792 0 -0.923834
    outer loop
      vertex 18.8318 42.3 6.91329
      vertex 18.9405 44.7 6.86825
      vertex 18.9405 42.3 6.86825
    endloop
  endfacet
  facet normal -0.382792 0 -0.923834
    outer loop
      vertex 18.9405 44.7 6.86825
      vertex 18.8318 42.3 6.91329
      vertex 18.8318 44.7 6.91329
    endloop
  endfacet
  facet normal 0.85262 -0 0.522532
    outer loop
      vertex 17.9317 42.3 5.85951
      vertex 17.9932 44.7 5.75916
      vertex 17.9317 44.7 5.85951
    endloop
  endfacet
  facet normal 0.85262 0 0.522532
    outer loop
      vertex 17.9932 44.7 5.75916
      vertex 17.9317 42.3 5.85951
      vertex 17.9932 42.3 5.75916
    endloop
  endfacet
  facet normal -0.233373 0 -0.972387
    outer loop
      vertex 18.7173 42.3 6.94077
      vertex 18.8318 44.7 6.91329
      vertex 18.8318 42.3 6.91329
    endloop
  endfacet
  facet normal -0.233373 0 -0.972387
    outer loop
      vertex 18.8318 44.7 6.91329
      vertex 18.7173 42.3 6.94077
      vertex 18.7173 44.7 6.94077
    endloop
  endfacet
  facet normal 0.522721 0 0.852504
    outer loop
      vertex 18.1592 44.7 5.59324
      vertex 18.2595 42.3 5.53174
      vertex 18.2595 44.7 5.53174
    endloop
  endfacet
  facet normal 0.522721 0 0.852504
    outer loop
      vertex 18.2595 42.3 5.53174
      vertex 18.1592 44.7 5.59324
      vertex 18.1592 42.3 5.59324
    endloop
  endfacet
  facet normal 0.0784447 0 -0.996918
    outer loop
      vertex 18.4827 42.3 6.94077
      vertex 18.6 44.7 6.95
      vertex 18.6 42.3 6.95
    endloop
  endfacet
  facet normal 0.0784447 0 -0.996918
    outer loop
      vertex 18.6 44.7 6.95
      vertex 18.4827 42.3 6.94077
      vertex 18.4827 44.7 6.94077
    endloop
  endfacet
  facet normal 0.233373 0 -0.972387
    outer loop
      vertex 18.3682 42.3 6.91329
      vertex 18.4827 44.7 6.94077
      vertex 18.4827 42.3 6.94077
    endloop
  endfacet
  facet normal 0.233373 0 -0.972387
    outer loop
      vertex 18.4827 44.7 6.94077
      vertex 18.3682 42.3 6.91329
      vertex 18.3682 44.7 6.91329
    endloop
  endfacet
  facet normal -0.0784447 0 -0.996918
    outer loop
      vertex 18.6 42.3 6.95
      vertex 18.7173 44.7 6.94077
      vertex 18.7173 42.3 6.94077
    endloop
  endfacet
  facet normal -0.0784447 0 -0.996918
    outer loop
      vertex 18.7173 44.7 6.94077
      vertex 18.6 42.3 6.95
      vertex 18.6 44.7 6.95
    endloop
  endfacet
  facet normal 0.760119 0 -0.649784
    outer loop
      vertex 18.0697 42.3 6.73033
      vertex 17.9932 44.7 6.64084
      vertex 18.0697 44.7 6.73033
    endloop
  endfacet
  facet normal 0.760119 0 -0.649784
    outer loop
      vertex 17.9932 44.7 6.64084
      vertex 18.0697 42.3 6.73033
      vertex 17.9932 42.3 6.64084
    endloop
  endfacet
  facet normal 0.972316 0 -0.233669
    outer loop
      vertex 17.8867 42.3 6.43176
      vertex 17.8592 44.7 6.31733
      vertex 17.8867 44.7 6.43176
    endloop
  endfacet
  facet normal 0.972316 0 -0.233669
    outer loop
      vertex 17.8592 44.7 6.31733
      vertex 17.8867 42.3 6.43176
      vertex 17.8592 42.3 6.31733
    endloop
  endfacet
  facet normal 0.649398 0 0.760449
    outer loop
      vertex 18.0697 44.7 5.66967
      vertex 18.1592 42.3 5.59324
      vertex 18.1592 44.7 5.59324
    endloop
  endfacet
  facet normal 0.649398 0 0.760449
    outer loop
      vertex 18.1592 42.3 5.59324
      vertex 18.0697 44.7 5.66967
      vertex 18.0697 42.3 5.66967
    endloop
  endfacet
  facet normal 0.522532 0.85262 -0
    outer loop
      vertex 4.71411 4.34264 1.2
      vertex 4.60038 4.41234 11.2
      vertex 4.71411 4.34264 11.2
    endloop
  endfacet
  facet normal 0.522532 0.85262 0
    outer loop
      vertex 4.71411 4.34264 1.2
      vertex 4.60038 4.41234 1.2
      vertex 4.60038 4.41234 11.2
    endloop
  endfacet
  facet normal 0.522532 0.85262 -0
    outer loop
      vertex 4.71411 4.34264 0.7
      vertex 4.60038 4.41234 1.2
      vertex 4.71411 4.34264 1.2
    endloop
  endfacet
  facet normal 0.522532 0.85262 0
    outer loop
      vertex 4.60038 4.41234 1.2
      vertex 4.71411 4.34264 0.7
      vertex 4.60038 4.41234 0.7
    endloop
  endfacet
  facet normal -0.233475 0.972363 0
    outer loop
      vertex 5.36266 4.2916 1.2
      vertex 5.23297 4.26046 11.2
      vertex 5.36266 4.2916 11.2
    endloop
  endfacet
  facet normal -0.233475 0.972363 0
    outer loop
      vertex 5.36266 4.2916 1.2
      vertex 5.23297 4.26046 1.2
      vertex 5.23297 4.26046 11.2
    endloop
  endfacet
  facet normal -0.233475 0.972363 0
    outer loop
      vertex 5.36266 4.2916 0.7
      vertex 5.23297 4.26046 1.2
      vertex 5.36266 4.2916 1.2
    endloop
  endfacet
  facet normal -0.233475 0.972363 0
    outer loop
      vertex 5.23297 4.26046 1.2
      vertex 5.36266 4.2916 0.7
      vertex 5.23297 4.26046 0.7
    endloop
  endfacet
  facet normal -0.97238 -0.233404 0
    outer loop
      vertex 5.93953 5.23297 1.2
      vertex 5.9084 5.36266 1.2
      vertex 5.9084 5.36266 0.7
    endloop
  endfacet
  facet normal -0.97238 -0.233404 -0
    outer loop
      vertex 5.93953 5.23297 1.2
      vertex 5.9084 5.36266 0.7
      vertex 5.93953 5.23297 0.7
    endloop
  endfacet
  facet normal -0.97238 -0.233404 0
    outer loop
      vertex 5.9084 5.36266 1.2
      vertex 5.93953 5.23297 1.2
      vertex 5.9084 5.36266 11.2
    endloop
  endfacet
  facet normal -0.97238 -0.233404 0
    outer loop
      vertex 5.9084 5.36266 11.2
      vertex 5.93953 5.23297 1.2
      vertex 5.93953 5.23297 11.2
    endloop
  endfacet
  facet normal -0.996914 -0.0784966 0
    outer loop
      vertex 5.95 5.1 1.2
      vertex 5.93953 5.23297 1.2
      vertex 5.93953 5.23297 0.7
    endloop
  endfacet
  facet normal -0.996914 -0.0784966 -0
    outer loop
      vertex 5.95 5.1 1.2
      vertex 5.93953 5.23297 0.7
      vertex 5.95 5.1 0.7
    endloop
  endfacet
  facet normal -0.996914 -0.0784966 0
    outer loop
      vertex 5.93953 5.23297 1.2
      vertex 5.95 5.1 1.2
      vertex 5.93953 5.23297 11.2
    endloop
  endfacet
  facet normal -0.996914 -0.0784966 0
    outer loop
      vertex 5.93953 5.23297 11.2
      vertex 5.95 5.1 1.2
      vertex 5.95 5.1 11.2
    endloop
  endfacet
  facet normal -0.972384 0.233387 0
    outer loop
      vertex 5.9084 4.83733 1.2
      vertex 5.93953 4.96703 1.2
      vertex 5.93953 4.96703 0.7
    endloop
  endfacet
  facet normal -0.972384 0.233387 0
    outer loop
      vertex 5.9084 4.83733 1.2
      vertex 5.93953 4.96703 0.7
      vertex 5.9084 4.83733 0.7
    endloop
  endfacet
  facet normal -0.972384 0.233387 0
    outer loop
      vertex 5.93953 4.96703 1.2
      vertex 5.9084 4.83733 1.2
      vertex 5.93953 4.96703 11.2
    endloop
  endfacet
  facet normal -0.972384 0.233387 0
    outer loop
      vertex 5.93953 4.96703 11.2
      vertex 5.9084 4.83733 1.2
      vertex 5.9084 4.83733 11.2
    endloop
  endfacet
  facet normal 0.233458 0.972367 -0
    outer loop
      vertex 4.96703 4.26046 1.2
      vertex 4.83733 4.2916 11.2
      vertex 4.96703 4.26046 11.2
    endloop
  endfacet
  facet normal 0.233458 0.972367 0
    outer loop
      vertex 4.96703 4.26046 1.2
      vertex 4.83733 4.2916 1.2
      vertex 4.83733 4.2916 11.2
    endloop
  endfacet
  facet normal 0.233458 0.972367 -0
    outer loop
      vertex 4.96703 4.26046 0.7
      vertex 4.83733 4.2916 1.2
      vertex 4.96703 4.26046 1.2
    endloop
  endfacet
  facet normal 0.233458 0.972367 0
    outer loop
      vertex 4.83733 4.2916 1.2
      vertex 4.96703 4.26046 0.7
      vertex 4.83733 4.2916 0.7
    endloop
  endfacet
  facet normal -0.760409 -0.649444 0
    outer loop
      vertex 5.78766 5.59962 1.2
      vertex 5.70104 5.70104 1.2
      vertex 5.70104 5.70104 0.7
    endloop
  endfacet
  facet normal -0.760409 -0.649444 -0
    outer loop
      vertex 5.78766 5.59962 1.2
      vertex 5.70104 5.70104 0.7
      vertex 5.78766 5.59962 0.7
    endloop
  endfacet
  facet normal -0.760409 -0.649444 0
    outer loop
      vertex 5.70104 5.70104 1.2
      vertex 5.78766 5.59962 1.2
      vertex 5.70104 5.70104 11.2
    endloop
  endfacet
  facet normal -0.760409 -0.649444 0
    outer loop
      vertex 5.70104 5.70104 11.2
      vertex 5.78766 5.59962 1.2
      vertex 5.78766 5.59962 11.2
    endloop
  endfacet
  facet normal -0.649444 -0.760409 0
    outer loop
      vertex 5.59962 5.78766 1.2
      vertex 5.70104 5.70104 11.2
      vertex 5.59962 5.78766 11.2
    endloop
  endfacet
  facet normal -0.649444 -0.760409 0
    outer loop
      vertex 5.59962 5.78766 1.2
      vertex 5.70104 5.70104 1.2
      vertex 5.70104 5.70104 11.2
    endloop
  endfacet
  facet normal -0.649444 -0.760409 0
    outer loop
      vertex 5.59962 5.78766 0.7
      vertex 5.70104 5.70104 1.2
      vertex 5.59962 5.78766 1.2
    endloop
  endfacet
  facet normal -0.649444 -0.760409 -0
    outer loop
      vertex 5.70104 5.70104 1.2
      vertex 5.59962 5.78766 0.7
      vertex 5.70104 5.70104 0.7
    endloop
  endfacet
  facet normal -0.760409 0.649444 0
    outer loop
      vertex 5.70104 4.49896 1.2
      vertex 5.78766 4.60038 1.2
      vertex 5.78766 4.60038 0.7
    endloop
  endfacet
  facet normal -0.760409 0.649444 0
    outer loop
      vertex 5.70104 4.49896 1.2
      vertex 5.78766 4.60038 0.7
      vertex 5.70104 4.49896 0.7
    endloop
  endfacet
  facet normal -0.760409 0.649444 0
    outer loop
      vertex 5.78766 4.60038 1.2
      vertex 5.70104 4.49896 1.2
      vertex 5.78766 4.60038 11.2
    endloop
  endfacet
  facet normal -0.760409 0.649444 0
    outer loop
      vertex 5.78766 4.60038 11.2
      vertex 5.70104 4.49896 1.2
      vertex 5.70104 4.49896 11.2
    endloop
  endfacet
  facet normal -0.382661 0.923889 0
    outer loop
      vertex 5.48589 4.34264 1.2
      vertex 5.36266 4.2916 11.2
      vertex 5.48589 4.34264 11.2
    endloop
  endfacet
  facet normal -0.382661 0.923889 0
    outer loop
      vertex 5.48589 4.34264 1.2
      vertex 5.36266 4.2916 1.2
      vertex 5.36266 4.2916 11.2
    endloop
  endfacet
  facet normal -0.382661 0.923889 0
    outer loop
      vertex 5.48589 4.34264 0.7
      vertex 5.36266 4.2916 1.2
      vertex 5.48589 4.34264 1.2
    endloop
  endfacet
  facet normal -0.382661 0.923889 0
    outer loop
      vertex 5.36266 4.2916 1.2
      vertex 5.48589 4.34264 0.7
      vertex 5.36266 4.2916 0.7
    endloop
  endfacet
  facet normal 0.760409 0.649444 0
    outer loop
      vertex 4.49896 4.49896 1.2
      vertex 4.41234 4.60038 1.2
      vertex 4.41234 4.60038 11.2
    endloop
  endfacet
  facet normal 0.760409 0.649444 -0
    outer loop
      vertex 4.49896 4.49896 1.2
      vertex 4.41234 4.60038 11.2
      vertex 4.49896 4.49896 11.2
    endloop
  endfacet
  facet normal 0.760409 0.649444 0
    outer loop
      vertex 4.41234 4.60038 1.2
      vertex 4.49896 4.49896 1.2
      vertex 4.41234 4.60038 0.7
    endloop
  endfacet
  facet normal 0.760409 0.649444 0
    outer loop
      vertex 4.41234 4.60038 0.7
      vertex 4.49896 4.49896 1.2
      vertex 4.49896 4.49896 0.7
    endloop
  endfacet
  facet normal 0.85262 0.522532 0
    outer loop
      vertex 4.41234 4.60038 1.2
      vertex 4.34264 4.71411 1.2
      vertex 4.34264 4.71411 11.2
    endloop
  endfacet
  facet normal 0.85262 0.522532 -0
    outer loop
      vertex 4.41234 4.60038 1.2
      vertex 4.34264 4.71411 11.2
      vertex 4.41234 4.60038 11.2
    endloop
  endfacet
  facet normal 0.85262 0.522532 0
    outer loop
      vertex 4.34264 4.71411 1.2
      vertex 4.41234 4.60038 1.2
      vertex 4.34264 4.71411 0.7
    endloop
  endfacet
  facet normal 0.85262 0.522532 0
    outer loop
      vertex 4.34264 4.71411 0.7
      vertex 4.41234 4.60038 1.2
      vertex 4.41234 4.60038 0.7
    endloop
  endfacet
  facet normal 0.923889 -0.382661 0
    outer loop
      vertex 4.2916 5.36266 1.2
      vertex 4.34264 5.48589 1.2
      vertex 4.34264 5.48589 11.2
    endloop
  endfacet
  facet normal 0.923889 -0.382661 0
    outer loop
      vertex 4.2916 5.36266 1.2
      vertex 4.34264 5.48589 11.2
      vertex 4.2916 5.36266 11.2
    endloop
  endfacet
  facet normal 0.923889 -0.382661 0
    outer loop
      vertex 4.34264 5.48589 1.2
      vertex 4.2916 5.36266 1.2
      vertex 4.34264 5.48589 0.7
    endloop
  endfacet
  facet normal 0.923889 -0.382661 0
    outer loop
      vertex 4.34264 5.48589 0.7
      vertex 4.2916 5.36266 1.2
      vertex 4.2916 5.36266 0.7
    endloop
  endfacet
  facet normal 0.972367 0.233458 0
    outer loop
      vertex 4.2916 4.83733 1.2
      vertex 4.26046 4.96703 1.2
      vertex 4.26046 4.96703 11.2
    endloop
  endfacet
  facet normal 0.972367 0.233458 -0
    outer loop
      vertex 4.2916 4.83733 1.2
      vertex 4.26046 4.96703 11.2
      vertex 4.2916 4.83733 11.2
    endloop
  endfacet
  facet normal 0.972367 0.233458 0
    outer loop
      vertex 4.26046 4.96703 1.2
      vertex 4.2916 4.83733 1.2
      vertex 4.26046 4.96703 0.7
    endloop
  endfacet
  facet normal 0.972367 0.233458 0
    outer loop
      vertex 4.26046 4.96703 0.7
      vertex 4.2916 4.83733 1.2
      vertex 4.2916 4.83733 0.7
    endloop
  endfacet
  facet normal -0.85262 0.522532 0
    outer loop
      vertex 5.78766 4.60038 1.2
      vertex 5.85736 4.71411 1.2
      vertex 5.85736 4.71411 0.7
    endloop
  endfacet
  facet normal -0.85262 0.522532 0
    outer loop
      vertex 5.78766 4.60038 1.2
      vertex 5.85736 4.71411 0.7
      vertex 5.78766 4.60038 0.7
    endloop
  endfacet
  facet normal -0.85262 0.522532 0
    outer loop
      vertex 5.85736 4.71411 1.2
      vertex 5.78766 4.60038 1.2
      vertex 5.85736 4.71411 11.2
    endloop
  endfacet
  facet normal -0.85262 0.522532 0
    outer loop
      vertex 5.85736 4.71411 11.2
      vertex 5.78766 4.60038 1.2
      vertex 5.78766 4.60038 11.2
    endloop
  endfacet
  facet normal 0.382687 0.923878 -0
    outer loop
      vertex 4.83733 4.2916 1.2
      vertex 4.71411 4.34264 11.2
      vertex 4.83733 4.2916 11.2
    endloop
  endfacet
  facet normal 0.382687 0.923878 0
    outer loop
      vertex 4.83733 4.2916 1.2
      vertex 4.71411 4.34264 1.2
      vertex 4.71411 4.34264 11.2
    endloop
  endfacet
  facet normal 0.382687 0.923878 -0
    outer loop
      vertex 4.83733 4.2916 0.7
      vertex 4.71411 4.34264 1.2
      vertex 4.83733 4.2916 1.2
    endloop
  endfacet
  facet normal 0.382687 0.923878 0
    outer loop
      vertex 4.71411 4.34264 1.2
      vertex 4.83733 4.2916 0.7
      vertex 4.71411 4.34264 0.7
    endloop
  endfacet
  facet normal 0.382687 -0.923878 0
    outer loop
      vertex 4.71411 5.85736 1.2
      vertex 4.83733 5.9084 11.2
      vertex 4.71411 5.85736 11.2
    endloop
  endfacet
  facet normal 0.382687 -0.923878 0
    outer loop
      vertex 4.71411 5.85736 1.2
      vertex 4.83733 5.9084 1.2
      vertex 4.83733 5.9084 11.2
    endloop
  endfacet
  facet normal 0.382687 -0.923878 0
    outer loop
      vertex 4.71411 5.85736 0.7
      vertex 4.83733 5.9084 1.2
      vertex 4.71411 5.85736 1.2
    endloop
  endfacet
  facet normal 0.382687 -0.923878 0
    outer loop
      vertex 4.83733 5.9084 1.2
      vertex 4.71411 5.85736 0.7
      vertex 4.83733 5.9084 0.7
    endloop
  endfacet
  facet normal -0.923878 0.382687 0
    outer loop
      vertex 5.85736 4.71411 1.2
      vertex 5.9084 4.83733 1.2
      vertex 5.9084 4.83733 0.7
    endloop
  endfacet
  facet normal -0.923878 0.382687 0
    outer loop
      vertex 5.85736 4.71411 1.2
      vertex 5.9084 4.83733 0.7
      vertex 5.85736 4.71411 0.7
    endloop
  endfacet
  facet normal -0.923878 0.382687 0
    outer loop
      vertex 5.9084 4.83733 1.2
      vertex 5.85736 4.71411 1.2
      vertex 5.9084 4.83733 11.2
    endloop
  endfacet
  facet normal -0.923878 0.382687 0
    outer loop
      vertex 5.9084 4.83733 11.2
      vertex 5.85736 4.71411 1.2
      vertex 5.85736 4.71411 11.2
    endloop
  endfacet
  facet normal -0.382661 -0.923889 0
    outer loop
      vertex 5.36266 5.9084 1.2
      vertex 5.48589 5.85736 11.2
      vertex 5.36266 5.9084 11.2
    endloop
  endfacet
  facet normal -0.382661 -0.923889 0
    outer loop
      vertex 5.36266 5.9084 1.2
      vertex 5.48589 5.85736 1.2
      vertex 5.48589 5.85736 11.2
    endloop
  endfacet
  facet normal -0.382661 -0.923889 0
    outer loop
      vertex 5.36266 5.9084 0.7
      vertex 5.48589 5.85736 1.2
      vertex 5.36266 5.9084 1.2
    endloop
  endfacet
  facet normal -0.382661 -0.923889 -0
    outer loop
      vertex 5.48589 5.85736 1.2
      vertex 5.36266 5.9084 0.7
      vertex 5.48589 5.85736 0.7
    endloop
  endfacet
  facet normal 0.923878 0.382687 0
    outer loop
      vertex 4.34264 4.71411 1.2
      vertex 4.2916 4.83733 1.2
      vertex 4.2916 4.83733 11.2
    endloop
  endfacet
  facet normal 0.923878 0.382687 -0
    outer loop
      vertex 4.34264 4.71411 1.2
      vertex 4.2916 4.83733 11.2
      vertex 4.34264 4.71411 11.2
    endloop
  endfacet
  facet normal 0.923878 0.382687 0
    outer loop
      vertex 4.2916 4.83733 1.2
      vertex 4.34264 4.71411 1.2
      vertex 4.2916 4.83733 0.7
    endloop
  endfacet
  facet normal 0.923878 0.382687 0
    outer loop
      vertex 4.2916 4.83733 0.7
      vertex 4.34264 4.71411 1.2
      vertex 4.34264 4.71411 0.7
    endloop
  endfacet
  facet normal 0 0 1
    outer loop
      vertex 5.93953 5.23297 0.7
      vertex 5.93953 4.96703 0.7
      vertex 5.95 5.1 0.7
    endloop
  endfacet
  facet normal 0 0 1
    outer loop
      vertex 5.9084 5.36266 0.7
      vertex 5.93953 4.96703 0.7
      vertex 5.93953 5.23297 0.7
    endloop
  endfacet
  facet normal 0 0 1
    outer loop
      vertex 5.9084 5.36266 0.7
      vertex 5.9084 4.83733 0.7
      vertex 5.93953 4.96703 0.7
    endloop
  endfacet
  facet normal 0 0 1
    outer loop
      vertex 5.85736 5.48589 0.7
      vertex 5.9084 4.83733 0.7
      vertex 5.9084 5.36266 0.7
    endloop
  endfacet
  facet normal 0 0 1
    outer loop
      vertex 5.85736 5.48589 0.7
      vertex 5.85736 4.71411 0.7
      vertex 5.9084 4.83733 0.7
    endloop
  endfacet
  facet normal 0 0 1
    outer loop
      vertex 5.78766 5.59962 0.7
      vertex 5.85736 4.71411 0.7
      vertex 5.85736 5.48589 0.7
    endloop
  endfacet
  facet normal 0 0 1
    outer loop
      vertex 5.78766 5.59962 0.7
      vertex 5.78766 4.60038 0.7
      vertex 5.85736 4.71411 0.7
    endloop
  endfacet
  facet normal 0 0 1
    outer loop
      vertex 5.70104 5.70104 0.7
      vertex 5.78766 4.60038 0.7
      vertex 5.78766 5.59962 0.7
    endloop
  endfacet
  facet normal 0 0 1
    outer loop
      vertex 5.70104 5.70104 0.7
      vertex 5.70104 4.49896 0.7
      vertex 5.78766 4.60038 0.7
    endloop
  endfacet
  facet normal 0 0 1
    outer loop
      vertex 5.59962 5.78766 0.7
      vertex 5.70104 4.49896 0.7
      vertex 5.70104 5.70104 0.7
    endloop
  endfacet
  facet normal 0 0 1
    outer loop
      vertex 5.59962 5.78766 0.7
      vertex 5.59962 4.41234 0.7
      vertex 5.70104 4.49896 0.7
    endloop
  endfacet
  facet normal 0 0 1
    outer loop
      vertex 5.48589 5.85736 0.7
      vertex 5.59962 4.41234 0.7
      vertex 5.59962 5.78766 0.7
    endloop
  endfacet
  facet normal 0 0 1
    outer loop
      vertex 5.48589 5.85736 0.7
      vertex 5.48589 4.34264 0.7
      vertex 5.59962 4.41234 0.7
    endloop
  endfacet
  facet normal 0 0 1
    outer loop
      vertex 5.36266 5.9084 0.7
      vertex 5.48589 4.34264 0.7
      vertex 5.48589 5.85736 0.7
    endloop
  endfacet
  facet normal 0 0 1
    outer loop
      vertex 5.36266 5.9084 0.7
      vertex 5.36266 4.2916 0.7
      vertex 5.48589 4.34264 0.7
    endloop
  endfacet
  facet normal 0 0 1
    outer loop
      vertex 5.23297 5.93953 0.7
      vertex 5.36266 4.2916 0.7
      vertex 5.36266 5.9084 0.7
    endloop
  endfacet
  facet normal 0 0 1
    outer loop
      vertex 5.23297 5.93953 0.7
      vertex 5.23297 4.26046 0.7
      vertex 5.36266 4.2916 0.7
    endloop
  endfacet
  facet normal 0 0 1
    outer loop
      vertex 5.1 5.95 0.7
      vertex 5.23297 4.26046 0.7
      vertex 5.23297 5.93953 0.7
    endloop
  endfacet
  facet normal 0 0 1
    outer loop
      vertex 5.1 5.95 0.7
      vertex 5.1 4.25 0.7
      vertex 5.23297 4.26046 0.7
    endloop
  endfacet
  facet normal -0 0 1
    outer loop
      vertex 4.96703 5.93953 0.7
      vertex 5.1 4.25 0.7
      vertex 5.1 5.95 0.7
    endloop
  endfacet
  facet normal 0 0 1
    outer loop
      vertex 4.96703 5.93953 0.7
      vertex 4.96703 4.26046 0.7
      vertex 5.1 4.25 0.7
    endloop
  endfacet
  facet normal -0 0 1
    outer loop
      vertex 4.83733 5.9084 0.7
      vertex 4.96703 4.26046 0.7
      vertex 4.96703 5.93953 0.7
    endloop
  endfacet
  facet normal 0 0 1
    outer loop
      vertex 4.83733 5.9084 0.7
      vertex 4.83733 4.2916 0.7
      vertex 4.96703 4.26046 0.7
    endloop
  endfacet
  facet normal -0 0 1
    outer loop
      vertex 4.71411 5.85736 0.7
      vertex 4.83733 4.2916 0.7
      vertex 4.83733 5.9084 0.7
    endloop
  endfacet
  facet normal 0 0 1
    outer loop
      vertex 4.71411 5.85736 0.7
      vertex 4.71411 4.34264 0.7
      vertex 4.83733 4.2916 0.7
    endloop
  endfacet
  facet normal -0 0 1
    outer loop
      vertex 4.60038 5.78766 0.7
      vertex 4.71411 4.34264 0.7
      vertex 4.71411 5.85736 0.7
    endloop
  endfacet
  facet normal 0 0 1
    outer loop
      vertex 4.60038 5.78766 0.7
      vertex 4.60038 4.41234 0.7
      vertex 4.71411 4.34264 0.7
    endloop
  endfacet
  facet normal -0 0 1
    outer loop
      vertex 4.49896 5.70104 0.7
      vertex 4.60038 4.41234 0.7
      vertex 4.60038 5.78766 0.7
    endloop
  endfacet
  facet normal 0 0 1
    outer loop
      vertex 4.49896 5.70104 0.7
      vertex 4.49896 4.49896 0.7
      vertex 4.60038 4.41234 0.7
    endloop
  endfacet
  facet normal -0 0 1
    outer loop
      vertex 4.41234 5.59962 0.7
      vertex 4.49896 4.49896 0.7
      vertex 4.49896 5.70104 0.7
    endloop
  endfacet
  facet normal 0 0 1
    outer loop
      vertex 4.41234 5.59962 0.7
      vertex 4.41234 4.60038 0.7
      vertex 4.49896 4.49896 0.7
    endloop
  endfacet
  facet normal -0 0 1
    outer loop
      vertex 4.34264 5.48589 0.7
      vertex 4.41234 4.60038 0.7
      vertex 4.41234 5.59962 0.7
    endloop
  endfacet
  facet normal 0 0 1
    outer loop
      vertex 4.34264 5.48589 0.7
      vertex 4.34264 4.71411 0.7
      vertex 4.41234 4.60038 0.7
    endloop
  endfacet
  facet normal -0 0 1
    outer loop
      vertex 4.2916 5.36266 0.7
      vertex 4.34264 4.71411 0.7
      vertex 4.34264 5.48589 0.7
    endloop
  endfacet
  facet normal 0 0 1
    outer loop
      vertex 4.2916 5.36266 0.7
      vertex 4.2916 4.83733 0.7
      vertex 4.34264 4.71411 0.7
    endloop
  endfacet
  facet normal -0 0 1
    outer loop
      vertex 4.26046 5.23297 0.7
      vertex 4.2916 4.83733 0.7
      vertex 4.2916 5.36266 0.7
    endloop
  endfacet
  facet normal 0 0 1
    outer loop
      vertex 4.26046 5.23297 0.7
      vertex 4.26046 4.96703 0.7
      vertex 4.2916 4.83733 0.7
    endloop
  endfacet
  facet normal 0 -0 1
    outer loop
      vertex 4.26046 4.96703 0.7
      vertex 4.26046 5.23297 0.7
      vertex 4.25 5.1 0.7
    endloop
  endfacet
  facet normal -0.0784221 0.99692 0
    outer loop
      vertex 5.23297 4.26046 1.2
      vertex 5.1 4.25 11.2
      vertex 5.23297 4.26046 11.2
    endloop
  endfacet
  facet normal -0.0784221 0.99692 0
    outer loop
      vertex 5.23297 4.26046 1.2
      vertex 5.1 4.25 1.2
      vertex 5.1 4.25 11.2
    endloop
  endfacet
  facet normal -0.0784221 0.99692 0
    outer loop
      vertex 5.23297 4.26046 0.7
      vertex 5.1 4.25 1.2
      vertex 5.23297 4.26046 1.2
    endloop
  endfacet
  facet normal -0.0784221 0.99692 0
    outer loop
      vertex 5.1 4.25 1.2
      vertex 5.23297 4.26046 0.7
      vertex 5.1 4.25 0.7
    endloop
  endfacet
  facet normal -0.923889 -0.382661 0
    outer loop
      vertex 5.9084 5.36266 1.2
      vertex 5.85736 5.48589 1.2
      vertex 5.85736 5.48589 0.7
    endloop
  endfacet
  facet normal -0.923889 -0.382661 -0
    outer loop
      vertex 5.9084 5.36266 1.2
      vertex 5.85736 5.48589 0.7
      vertex 5.9084 5.36266 0.7
    endloop
  endfacet
  facet normal -0.923889 -0.382661 0
    outer loop
      vertex 5.85736 5.48589 1.2
      vertex 5.9084 5.36266 1.2
      vertex 5.85736 5.48589 11.2
    endloop
  endfacet
  facet normal -0.923889 -0.382661 0
    outer loop
      vertex 5.85736 5.48589 11.2
      vertex 5.9084 5.36266 1.2
      vertex 5.9084 5.36266 11.2
    endloop
  endfacet
  facet normal -0.522532 0.85262 0
    outer loop
      vertex 5.59962 4.41234 1.2
      vertex 5.48589 4.34264 11.2
      vertex 5.59962 4.41234 11.2
    endloop
  endfacet
  facet normal -0.522532 0.85262 0
    outer loop
      vertex 5.59962 4.41234 1.2
      vertex 5.48589 4.34264 1.2
      vertex 5.48589 4.34264 11.2
    endloop
  endfacet
  facet normal -0.522532 0.85262 0
    outer loop
      vertex 5.59962 4.41234 0.7
      vertex 5.48589 4.34264 1.2
      vertex 5.59962 4.41234 1.2
    endloop
  endfacet
  facet normal -0.522532 0.85262 0
    outer loop
      vertex 5.48589 4.34264 1.2
      vertex 5.59962 4.41234 0.7
      vertex 5.48589 4.34264 0.7
    endloop
  endfacet
  facet normal 0.760409 -0.649444 0
    outer loop
      vertex 4.41234 5.59962 1.2
      vertex 4.49896 5.70104 1.2
      vertex 4.49896 5.70104 11.2
    endloop
  endfacet
  facet normal 0.760409 -0.649444 0
    outer loop
      vertex 4.41234 5.59962 1.2
      vertex 4.49896 5.70104 11.2
      vertex 4.41234 5.59962 11.2
    endloop
  endfacet
  facet normal 0.760409 -0.649444 0
    outer loop
      vertex 4.49896 5.70104 1.2
      vertex 4.41234 5.59962 1.2
      vertex 4.49896 5.70104 0.7
    endloop
  endfacet
  facet normal 0.760409 -0.649444 0
    outer loop
      vertex 4.49896 5.70104 0.7
      vertex 4.41234 5.59962 1.2
      vertex 4.41234 5.59962 0.7
    endloop
  endfacet
  facet normal 0.649444 -0.760409 0
    outer loop
      vertex 4.49896 5.70104 1.2
      vertex 4.60038 5.78766 11.2
      vertex 4.49896 5.70104 11.2
    endloop
  endfacet
  facet normal 0.649444 -0.760409 0
    outer loop
      vertex 4.49896 5.70104 1.2
      vertex 4.60038 5.78766 1.2
      vertex 4.60038 5.78766 11.2
    endloop
  endfacet
  facet normal 0.649444 -0.760409 0
    outer loop
      vertex 4.49896 5.70104 0.7
      vertex 4.60038 5.78766 1.2
      vertex 4.49896 5.70104 1.2
    endloop
  endfacet
  facet normal 0.649444 -0.760409 0
    outer loop
      vertex 4.60038 5.78766 1.2
      vertex 4.49896 5.70104 0.7
      vertex 4.60038 5.78766 0.7
    endloop
  endfacet
  facet normal 0.522532 -0.85262 0
    outer loop
      vertex 4.60038 5.78766 1.2
      vertex 4.71411 5.85736 11.2
      vertex 4.60038 5.78766 11.2
    endloop
  endfacet
  facet normal 0.522532 -0.85262 0
    outer loop
      vertex 4.60038 5.78766 1.2
      vertex 4.71411 5.85736 1.2
      vertex 4.71411 5.85736 11.2
    endloop
  endfacet
  facet normal 0.522532 -0.85262 0
    outer loop
      vertex 4.60038 5.78766 0.7
      vertex 4.71411 5.85736 1.2
      vertex 4.60038 5.78766 1.2
    endloop
  endfacet
  facet normal 0.522532 -0.85262 0
    outer loop
      vertex 4.71411 5.85736 1.2
      vertex 4.60038 5.78766 0.7
      vertex 4.71411 5.85736 0.7
    endloop
  endfacet
  facet normal 0.99692 0.0784221 0
    outer loop
      vertex 4.26046 4.96703 1.2
      vertex 4.25 5.1 1.2
      vertex 4.25 5.1 11.2
    endloop
  endfacet
  facet normal 0.99692 0.0784221 -0
    outer loop
      vertex 4.26046 4.96703 1.2
      vertex 4.25 5.1 11.2
      vertex 4.26046 4.96703 11.2
    endloop
  endfacet
  facet normal 0.99692 0.0784221 0
    outer loop
      vertex 4.25 5.1 1.2
      vertex 4.26046 4.96703 1.2
      vertex 4.25 5.1 0.7
    endloop
  endfacet
  facet normal 0.99692 0.0784221 0
    outer loop
      vertex 4.25 5.1 0.7
      vertex 4.26046 4.96703 1.2
      vertex 4.26046 4.96703 0.7
    endloop
  endfacet
  facet normal -0.233404 -0.97238 0
    outer loop
      vertex 5.23297 5.93953 1.2
      vertex 5.36266 5.9084 11.2
      vertex 5.23297 5.93953 11.2
    endloop
  endfacet
  facet normal -0.233404 -0.97238 0
    outer loop
      vertex 5.23297 5.93953 1.2
      vertex 5.36266 5.9084 1.2
      vertex 5.36266 5.9084 11.2
    endloop
  endfacet
  facet normal -0.233404 -0.97238 0
    outer loop
      vertex 5.23297 5.93953 0.7
      vertex 5.36266 5.9084 1.2
      vertex 5.23297 5.93953 1.2
    endloop
  endfacet
  facet normal -0.233404 -0.97238 -0
    outer loop
      vertex 5.36266 5.9084 1.2
      vertex 5.23297 5.93953 0.7
      vertex 5.36266 5.9084 0.7
    endloop
  endfacet
  facet normal -0.522532 -0.85262 0
    outer loop
      vertex 5.48589 5.85736 1.2
      vertex 5.59962 5.78766 11.2
      vertex 5.48589 5.85736 11.2
    endloop
  endfacet
  facet normal -0.522532 -0.85262 0
    outer loop
      vertex 5.48589 5.85736 1.2
      vertex 5.59962 5.78766 1.2
      vertex 5.59962 5.78766 11.2
    endloop
  endfacet
  facet normal -0.522532 -0.85262 0
    outer loop
      vertex 5.48589 5.85736 0.7
      vertex 5.59962 5.78766 1.2
      vertex 5.48589 5.85736 1.2
    endloop
  endfacet
  facet normal -0.522532 -0.85262 -0
    outer loop
      vertex 5.59962 5.78766 1.2
      vertex 5.48589 5.85736 0.7
      vertex 5.59962 5.78766 0.7
    endloop
  endfacet
  facet normal -0.649444 0.760409 0
    outer loop
      vertex 5.70104 4.49896 1.2
      vertex 5.59962 4.41234 11.2
      vertex 5.70104 4.49896 11.2
    endloop
  endfacet
  facet normal -0.649444 0.760409 0
    outer loop
      vertex 5.70104 4.49896 1.2
      vertex 5.59962 4.41234 1.2
      vertex 5.59962 4.41234 11.2
    endloop
  endfacet
  facet normal -0.649444 0.760409 0
    outer loop
      vertex 5.70104 4.49896 0.7
      vertex 5.59962 4.41234 1.2
      vertex 5.70104 4.49896 1.2
    endloop
  endfacet
  facet normal -0.649444 0.760409 0
    outer loop
      vertex 5.59962 4.41234 1.2
      vertex 5.70104 4.49896 0.7
      vertex 5.59962 4.41234 0.7
    endloop
  endfacet
  facet normal 0.233387 -0.972384 0
    outer loop
      vertex 4.83733 5.9084 1.2
      vertex 4.96703 5.93953 11.2
      vertex 4.83733 5.9084 11.2
    endloop
  endfacet
  facet normal 0.233387 -0.972384 0
    outer loop
      vertex 4.83733 5.9084 1.2
      vertex 4.96703 5.93953 1.2
      vertex 4.96703 5.93953 11.2
    endloop
  endfacet
  facet normal 0.233387 -0.972384 0
    outer loop
      vertex 4.83733 5.9084 0.7
      vertex 4.96703 5.93953 1.2
      vertex 4.83733 5.9084 1.2
    endloop
  endfacet
  facet normal 0.233387 -0.972384 0
    outer loop
      vertex 4.96703 5.93953 1.2
      vertex 4.83733 5.9084 0.7
      vertex 4.96703 5.93953 0.7
    endloop
  endfacet
  facet normal -0.85262 -0.522532 0
    outer loop
      vertex 5.85736 5.48589 1.2
      vertex 5.78766 5.59962 1.2
      vertex 5.78766 5.59962 0.7
    endloop
  endfacet
  facet normal -0.85262 -0.522532 -0
    outer loop
      vertex 5.85736 5.48589 1.2
      vertex 5.78766 5.59962 0.7
      vertex 5.85736 5.48589 0.7
    endloop
  endfacet
  facet normal -0.85262 -0.522532 0
    outer loop
      vertex 5.78766 5.59962 1.2
      vertex 5.85736 5.48589 1.2
      vertex 5.78766 5.59962 11.2
    endloop
  endfacet
  facet normal -0.85262 -0.522532 0
    outer loop
      vertex 5.78766 5.59962 11.2
      vertex 5.85736 5.48589 1.2
      vertex 5.85736 5.48589 11.2
    endloop
  endfacet
  facet normal 0.85262 -0.522532 0
    outer loop
      vertex 4.34264 5.48589 1.2
      vertex 4.41234 5.59962 1.2
      vertex 4.41234 5.59962 11.2
    endloop
  endfacet
  facet normal 0.85262 -0.522532 0
    outer loop
      vertex 4.34264 5.48589 1.2
      vertex 4.41234 5.59962 11.2
      vertex 4.34264 5.48589 11.2
    endloop
  endfacet
  facet normal 0.85262 -0.522532 0
    outer loop
      vertex 4.41234 5.59962 1.2
      vertex 4.34264 5.48589 1.2
      vertex 4.41234 5.59962 0.7
    endloop
  endfacet
  facet normal 0.85262 -0.522532 0
    outer loop
      vertex 4.41234 5.59962 0.7
      vertex 4.34264 5.48589 1.2
      vertex 4.34264 5.48589 0.7
    endloop
  endfacet
  facet normal -0.996914 0.0784966 0
    outer loop
      vertex 5.93953 4.96703 1.2
      vertex 5.95 5.1 1.2
      vertex 5.95 5.1 0.7
    endloop
  endfacet
  facet normal -0.996914 0.0784966 0
    outer loop
      vertex 5.93953 4.96703 1.2
      vertex 5.95 5.1 0.7
      vertex 5.93953 4.96703 0.7
    endloop
  endfacet
  facet normal -0.996914 0.0784966 0
    outer loop
      vertex 5.95 5.1 1.2
      vertex 5.93953 4.96703 1.2
      vertex 5.95 5.1 11.2
    endloop
  endfacet
  facet normal -0.996914 0.0784966 0
    outer loop
      vertex 5.95 5.1 11.2
      vertex 5.93953 4.96703 1.2
      vertex 5.93953 4.96703 11.2
    endloop
  endfacet
  facet normal 0.972363 -0.233475 0
    outer loop
      vertex 4.26046 5.23297 1.2
      vertex 4.2916 5.36266 1.2
      vertex 4.2916 5.36266 11.2
    endloop
  endfacet
  facet normal 0.972363 -0.233475 0
    outer loop
      vertex 4.26046 5.23297 1.2
      vertex 4.2916 5.36266 11.2
      vertex 4.26046 5.23297 11.2
    endloop
  endfacet
  facet normal 0.972363 -0.233475 0
    outer loop
      vertex 4.2916 5.36266 1.2
      vertex 4.26046 5.23297 1.2
      vertex 4.2916 5.36266 0.7
    endloop
  endfacet
  facet normal 0.972363 -0.233475 0
    outer loop
      vertex 4.2916 5.36266 0.7
      vertex 4.26046 5.23297 1.2
      vertex 4.26046 5.23297 0.7
    endloop
  endfacet
  facet normal 0.649444 0.760409 -0
    outer loop
      vertex 4.60038 4.41234 1.2
      vertex 4.49896 4.49896 11.2
      vertex 4.60038 4.41234 11.2
    endloop
  endfacet
  facet normal 0.649444 0.760409 0
    outer loop
      vertex 4.60038 4.41234 1.2
      vertex 4.49896 4.49896 1.2
      vertex 4.49896 4.49896 11.2
    endloop
  endfacet
  facet normal 0.649444 0.760409 -0
    outer loop
      vertex 4.60038 4.41234 0.7
      vertex 4.49896 4.49896 1.2
      vertex 4.60038 4.41234 1.2
    endloop
  endfacet
  facet normal 0.649444 0.760409 0
    outer loop
      vertex 4.49896 4.49896 1.2
      vertex 4.60038 4.41234 0.7
      vertex 4.49896 4.49896 0.7
    endloop
  endfacet
  facet normal 0.0784221 0.99692 -0
    outer loop
      vertex 5.1 4.25 1.2
      vertex 4.96703 4.26046 11.2
      vertex 5.1 4.25 11.2
    endloop
  endfacet
  facet normal 0.0784221 0.99692 0
    outer loop
      vertex 5.1 4.25 1.2
      vertex 4.96703 4.26046 1.2
      vertex 4.96703 4.26046 11.2
    endloop
  endfacet
  facet normal 0.0784221 0.99692 -0
    outer loop
      vertex 5.1 4.25 0.7
      vertex 4.96703 4.26046 1.2
      vertex 5.1 4.25 1.2
    endloop
  endfacet
  facet normal 0.0784221 0.99692 0
    outer loop
      vertex 4.96703 4.26046 1.2
      vertex 5.1 4.25 0.7
      vertex 4.96703 4.26046 0.7
    endloop
  endfacet
  facet normal -0.0784966 -0.996914 0
    outer loop
      vertex 5.1 5.95 1.2
      vertex 5.23297 5.93953 11.2
      vertex 5.1 5.95 11.2
    endloop
  endfacet
  facet normal -0.0784966 -0.996914 0
    outer loop
      vertex 5.1 5.95 1.2
      vertex 5.23297 5.93953 1.2
      vertex 5.23297 5.93953 11.2
    endloop
  endfacet
  facet normal -0.0784966 -0.996914 0
    outer loop
      vertex 5.1 5.95 0.7
      vertex 5.23297 5.93953 1.2
      vertex 5.1 5.95 1.2
    endloop
  endfacet
  facet normal -0.0784966 -0.996914 -0
    outer loop
      vertex 5.23297 5.93953 1.2
      vertex 5.1 5.95 0.7
      vertex 5.23297 5.93953 0.7
    endloop
  endfacet
  facet normal 0.0784966 -0.996914 0
    outer loop
      vertex 4.96703 5.93953 1.2
      vertex 5.1 5.95 11.2
      vertex 4.96703 5.93953 11.2
    endloop
  endfacet
  facet normal 0.0784966 -0.996914 0
    outer loop
      vertex 4.96703 5.93953 1.2
      vertex 5.1 5.95 1.2
      vertex 5.1 5.95 11.2
    endloop
  endfacet
  facet normal 0.0784966 -0.996914 0
    outer loop
      vertex 4.96703 5.93953 0.7
      vertex 5.1 5.95 1.2
      vertex 4.96703 5.93953 1.2
    endloop
  endfacet
  facet normal 0.0784966 -0.996914 0
    outer loop
      vertex 5.1 5.95 1.2
      vertex 4.96703 5.93953 0.7
      vertex 5.1 5.95 0.7
    endloop
  endfacet
  facet normal 0.99692 -0.0784221 0
    outer loop
      vertex 4.25 5.1 1.2
      vertex 4.26046 5.23297 1.2
      vertex 4.26046 5.23297 11.2
    endloop
  endfacet
  facet normal 0.99692 -0.0784221 0
    outer loop
      vertex 4.25 5.1 1.2
      vertex 4.26046 5.23297 11.2
      vertex 4.25 5.1 11.2
    endloop
  endfacet
  facet normal 0.99692 -0.0784221 0
    outer loop
      vertex 4.26046 5.23297 1.2
      vertex 4.25 5.1 1.2
      vertex 4.26046 5.23297 0.7
    endloop
  endfacet
  facet normal 0.99692 -0.0784221 0
    outer loop
      vertex 4.26046 5.23297 0.7
      vertex 4.25 5.1 1.2
      vertex 4.25 5.1 0.7
    endloop
  endfacet
  facet normal -0.233174 0.972435 0
    outer loop
      vertex 28.3627 36.8916 1.2
      vertex 28.233 36.8605 11.2
      vertex 28.3627 36.8916 11.2
    endloop
  endfacet
  facet normal -0.233174 0.972435 0
    outer loop
      vertex 28.3627 36.8916 1.2
      vertex 28.233 36.8605 1.2
      vertex 28.233 36.8605 11.2
    endloop
  endfacet
  facet normal -0.233174 0.972435 0
    outer loop
      vertex 28.3627 36.8916 0.7
      vertex 28.233 36.8605 1.2
      vertex 28.3627 36.8916 1.2
    endloop
  endfacet
  facet normal -0.233174 0.972435 0
    outer loop
      vertex 28.233 36.8605 1.2
      vertex 28.3627 36.8916 0.7
      vertex 28.233 36.8605 0.7
    endloop
  endfacet
  facet normal -0.972435 -0.233174 0
    outer loop
      vertex 28.9395 37.833 1.2
      vertex 28.9084 37.9627 1.2
      vertex 28.9084 37.9627 0.7
    endloop
  endfacet
  facet normal -0.972435 -0.233174 -0
    outer loop
      vertex 28.9395 37.833 1.2
      vertex 28.9084 37.9627 0.7
      vertex 28.9395 37.833 0.7
    endloop
  endfacet
  facet normal -0.972435 -0.233174 0
    outer loop
      vertex 28.9084 37.9627 1.2
      vertex 28.9395 37.833 1.2
      vertex 28.9084 37.9627 11.2
    endloop
  endfacet
  facet normal -0.972435 -0.233174 0
    outer loop
      vertex 28.9084 37.9627 11.2
      vertex 28.9395 37.833 1.2
      vertex 28.9395 37.833 11.2
    endloop
  endfacet
  facet normal -0.996898 -0.0787025 0
    outer loop
      vertex 28.95 37.7 1.2
      vertex 28.9395 37.833 1.2
      vertex 28.9395 37.833 0.7
    endloop
  endfacet
  facet normal -0.996898 -0.0787025 -0
    outer loop
      vertex 28.95 37.7 1.2
      vertex 28.9395 37.833 0.7
      vertex 28.95 37.7 0.7
    endloop
  endfacet
  facet normal -0.996898 -0.0787025 0
    outer loop
      vertex 28.9395 37.833 1.2
      vertex 28.95 37.7 1.2
      vertex 28.9395 37.833 11.2
    endloop
  endfacet
  facet normal -0.996898 -0.0787025 0
    outer loop
      vertex 28.9395 37.833 11.2
      vertex 28.95 37.7 1.2
      vertex 28.95 37.7 11.2
    endloop
  endfacet
  facet normal 0.852558 -0.522632 0
    outer loop
      vertex 27.3426 38.0859 1.2
      vertex 27.4123 38.1996 1.2
      vertex 27.4123 38.1996 11.2
    endloop
  endfacet
  facet normal 0.852558 -0.522632 0
    outer loop
      vertex 27.3426 38.0859 1.2
      vertex 27.4123 38.1996 11.2
      vertex 27.3426 38.0859 11.2
    endloop
  endfacet
  facet normal 0.852558 -0.522632 0
    outer loop
      vertex 27.4123 38.1996 1.2
      vertex 27.3426 38.0859 1.2
      vertex 27.4123 38.1996 0.7
    endloop
  endfacet
  facet normal 0.852558 -0.522632 0
    outer loop
      vertex 27.4123 38.1996 0.7
      vertex 27.3426 38.0859 1.2
      vertex 27.3426 38.0859 0.7
    endloop
  endfacet
  facet normal 0.0787025 0.996898 -0
    outer loop
      vertex 28.1 36.85 1.2
      vertex 27.967 36.8605 11.2
      vertex 28.1 36.85 11.2
    endloop
  endfacet
  facet normal 0.0787025 0.996898 0
    outer loop
      vertex 28.1 36.85 1.2
      vertex 27.967 36.8605 1.2
      vertex 27.967 36.8605 11.2
    endloop
  endfacet
  facet normal 0.0787025 0.996898 -0
    outer loop
      vertex 28.1 36.85 0.7
      vertex 27.967 36.8605 1.2
      vertex 28.1 36.85 1.2
    endloop
  endfacet
  facet normal 0.0787025 0.996898 0
    outer loop
      vertex 27.967 36.8605 1.2
      vertex 28.1 36.85 0.7
      vertex 27.967 36.8605 0.7
    endloop
  endfacet
  facet normal -0.233174 -0.972435 0
    outer loop
      vertex 28.233 38.5395 1.2
      vertex 28.3627 38.5084 11.2
      vertex 28.233 38.5395 11.2
    endloop
  endfacet
  facet normal -0.233174 -0.972435 0
    outer loop
      vertex 28.233 38.5395 1.2
      vertex 28.3627 38.5084 1.2
      vertex 28.3627 38.5084 11.2
    endloop
  endfacet
  facet normal -0.233174 -0.972435 0
    outer loop
      vertex 28.233 38.5395 0.7
      vertex 28.3627 38.5084 1.2
      vertex 28.233 38.5395 1.2
    endloop
  endfacet
  facet normal -0.233174 -0.972435 -0
    outer loop
      vertex 28.3627 38.5084 1.2
      vertex 28.233 38.5395 0.7
      vertex 28.3627 38.5084 0.7
    endloop
  endfacet
  facet normal -0.76005 -0.649865 0
    outer loop
      vertex 28.7877 38.1996 1.2
      vertex 28.701 38.301 1.2
      vertex 28.701 38.301 0.7
    endloop
  endfacet
  facet normal -0.76005 -0.649865 -0
    outer loop
      vertex 28.7877 38.1996 1.2
      vertex 28.701 38.301 0.7
      vertex 28.7877 38.1996 0.7
    endloop
  endfacet
  facet normal -0.76005 -0.649865 0
    outer loop
      vertex 28.701 38.301 1.2
      vertex 28.7877 38.1996 1.2
      vertex 28.701 38.301 11.2
    endloop
  endfacet
  facet normal -0.76005 -0.649865 0
    outer loop
      vertex 28.701 38.301 11.2
      vertex 28.7877 38.1996 1.2
      vertex 28.7877 38.1996 11.2
    endloop
  endfacet
  facet normal -0.649865 -0.76005 0
    outer loop
      vertex 28.5996 38.3877 1.2
      vertex 28.701 38.301 11.2
      vertex 28.5996 38.3877 11.2
    endloop
  endfacet
  facet normal -0.649865 -0.76005 0
    outer loop
      vertex 28.5996 38.3877 1.2
      vertex 28.701 38.301 1.2
      vertex 28.701 38.301 11.2
    endloop
  endfacet
  facet normal -0.649865 -0.76005 0
    outer loop
      vertex 28.5996 38.3877 0.7
      vertex 28.701 38.301 1.2
      vertex 28.5996 38.3877 1.2
    endloop
  endfacet
  facet normal -0.649865 -0.76005 -0
    outer loop
      vertex 28.701 38.301 1.2
      vertex 28.5996 38.3877 0.7
      vertex 28.701 38.301 0.7
    endloop
  endfacet
  facet normal 0.76005 0.649865 0
    outer loop
      vertex 27.499 37.099 1.2
      vertex 27.4123 37.2004 1.2
      vertex 27.4123 37.2004 11.2
    endloop
  endfacet
  facet normal 0.76005 0.649865 -0
    outer loop
      vertex 27.499 37.099 1.2
      vertex 27.4123 37.2004 11.2
      vertex 27.499 37.099 11.2
    endloop
  endfacet
  facet normal 0.76005 0.649865 0
    outer loop
      vertex 27.4123 37.2004 1.2
      vertex 27.499 37.099 1.2
      vertex 27.4123 37.2004 0.7
    endloop
  endfacet
  facet normal 0.76005 0.649865 0
    outer loop
      vertex 27.4123 37.2004 0.7
      vertex 27.499 37.099 1.2
      vertex 27.499 37.099 0.7
    endloop
  endfacet
  facet normal 0.972435 -0.233174 0
    outer loop
      vertex 27.2605 37.833 1.2
      vertex 27.2916 37.9627 1.2
      vertex 27.2916 37.9627 11.2
    endloop
  endfacet
  facet normal 0.972435 -0.233174 0
    outer loop
      vertex 27.2605 37.833 1.2
      vertex 27.2916 37.9627 11.2
      vertex 27.2605 37.833 11.2
    endloop
  endfacet
  facet normal 0.972435 -0.233174 0
    outer loop
      vertex 27.2916 37.9627 1.2
      vertex 27.2605 37.833 1.2
      vertex 27.2916 37.9627 0.7
    endloop
  endfacet
  facet normal 0.972435 -0.233174 0
    outer loop
      vertex 27.2916 37.9627 0.7
      vertex 27.2605 37.833 1.2
      vertex 27.2605 37.833 0.7
    endloop
  endfacet
  facet normal 0.996898 -0.0787025 0
    outer loop
      vertex 27.25 37.7 1.2
      vertex 27.2605 37.833 1.2
      vertex 27.2605 37.833 11.2
    endloop
  endfacet
  facet normal 0.996898 -0.0787025 0
    outer loop
      vertex 27.25 37.7 1.2
      vertex 27.2605 37.833 11.2
      vertex 27.25 37.7 11.2
    endloop
  endfacet
  facet normal 0.996898 -0.0787025 0
    outer loop
      vertex 27.2605 37.833 1.2
      vertex 27.25 37.7 1.2
      vertex 27.2605 37.833 0.7
    endloop
  endfacet
  facet normal 0.996898 -0.0787025 0
    outer loop
      vertex 27.2605 37.833 0.7
      vertex 27.25 37.7 1.2
      vertex 27.25 37.7 0.7
    endloop
  endfacet
  facet normal 0.972435 0.233174 0
    outer loop
      vertex 27.2916 37.4373 1.2
      vertex 27.2605 37.567 1.2
      vertex 27.2605 37.567 11.2
    endloop
  endfacet
  facet normal 0.972435 0.233174 -0
    outer loop
      vertex 27.2916 37.4373 1.2
      vertex 27.2605 37.567 11.2
      vertex 27.2916 37.4373 11.2
    endloop
  endfacet
  facet normal 0.972435 0.233174 0
    outer loop
      vertex 27.2605 37.567 1.2
      vertex 27.2916 37.4373 1.2
      vertex 27.2605 37.567 0.7
    endloop
  endfacet
  facet normal 0.972435 0.233174 0
    outer loop
      vertex 27.2605 37.567 0.7
      vertex 27.2916 37.4373 1.2
      vertex 27.2916 37.4373 0.7
    endloop
  endfacet
  facet normal -0.852558 0.522632 0
    outer loop
      vertex 28.7877 37.2004 1.2
      vertex 28.8574 37.3141 1.2
      vertex 28.8574 37.3141 0.7
    endloop
  endfacet
  facet normal -0.852558 0.522632 0
    outer loop
      vertex 28.7877 37.2004 1.2
      vertex 28.8574 37.3141 0.7
      vertex 28.7877 37.2004 0.7
    endloop
  endfacet
  facet normal -0.852558 0.522632 0
    outer loop
      vertex 28.8574 37.3141 1.2
      vertex 28.7877 37.2004 1.2
      vertex 28.8574 37.3141 11.2
    endloop
  endfacet
  facet normal -0.852558 0.522632 0
    outer loop
      vertex 28.8574 37.3141 11.2
      vertex 28.7877 37.2004 1.2
      vertex 28.7877 37.2004 11.2
    endloop
  endfacet
  facet normal 0.649865 -0.76005 0
    outer loop
      vertex 27.499 38.301 1.2
      vertex 27.6004 38.3877 11.2
      vertex 27.499 38.301 11.2
    endloop
  endfacet
  facet normal 0.649865 -0.76005 0
    outer loop
      vertex 27.499 38.301 1.2
      vertex 27.6004 38.3877 1.2
      vertex 27.6004 38.3877 11.2
    endloop
  endfacet
  facet normal 0.649865 -0.76005 0
    outer loop
      vertex 27.499 38.301 0.7
      vertex 27.6004 38.3877 1.2
      vertex 27.499 38.301 1.2
    endloop
  endfacet
  facet normal 0.649865 -0.76005 0
    outer loop
      vertex 27.6004 38.3877 1.2
      vertex 27.499 38.301 0.7
      vertex 27.6004 38.3877 0.7
    endloop
  endfacet
  facet normal 0.996898 0.0787025 0
    outer loop
      vertex 27.2605 37.567 1.2
      vertex 27.25 37.7 1.2
      vertex 27.25 37.7 11.2
    endloop
  endfacet
  facet normal 0.996898 0.0787025 -0
    outer loop
      vertex 27.2605 37.567 1.2
      vertex 27.25 37.7 11.2
      vertex 27.2605 37.567 11.2
    endloop
  endfacet
  facet normal 0.996898 0.0787025 0
    outer loop
      vertex 27.25 37.7 1.2
      vertex 27.2605 37.567 1.2
      vertex 27.25 37.7 0.7
    endloop
  endfacet
  facet normal 0.996898 0.0787025 0
    outer loop
      vertex 27.25 37.7 0.7
      vertex 27.2605 37.567 1.2
      vertex 27.2605 37.567 0.7
    endloop
  endfacet
  facet normal -0.923962 0.382484 0
    outer loop
      vertex 28.8574 37.3141 1.2
      vertex 28.9084 37.4373 1.2
      vertex 28.9084 37.4373 0.7
    endloop
  endfacet
  facet normal -0.923962 0.382484 0
    outer loop
      vertex 28.8574 37.3141 1.2
      vertex 28.9084 37.4373 0.7
      vertex 28.8574 37.3141 0.7
    endloop
  endfacet
  facet normal -0.923962 0.382484 0
    outer loop
      vertex 28.9084 37.4373 1.2
      vertex 28.8574 37.3141 1.2
      vertex 28.9084 37.4373 11.2
    endloop
  endfacet
  facet normal -0.923962 0.382484 0
    outer loop
      vertex 28.9084 37.4373 11.2
      vertex 28.8574 37.3141 1.2
      vertex 28.8574 37.3141 11.2
    endloop
  endfacet
  facet normal -0.522632 0.852558 0
    outer loop
      vertex 28.5996 37.0123 1.2
      vertex 28.4859 36.9426 11.2
      vertex 28.5996 37.0123 11.2
    endloop
  endfacet
  facet normal -0.522632 0.852558 0
    outer loop
      vertex 28.5996 37.0123 1.2
      vertex 28.4859 36.9426 1.2
      vertex 28.4859 36.9426 11.2
    endloop
  endfacet
  facet normal -0.522632 0.852558 0
    outer loop
      vertex 28.5996 37.0123 0.7
      vertex 28.4859 36.9426 1.2
      vertex 28.5996 37.0123 1.2
    endloop
  endfacet
  facet normal -0.522632 0.852558 0
    outer loop
      vertex 28.4859 36.9426 1.2
      vertex 28.5996 37.0123 0.7
      vertex 28.4859 36.9426 0.7
    endloop
  endfacet
  facet normal 0.923962 0.382484 0
    outer loop
      vertex 27.3426 37.3141 1.2
      vertex 27.2916 37.4373 1.2
      vertex 27.2916 37.4373 11.2
    endloop
  endfacet
  facet normal 0.923962 0.382484 -0
    outer loop
      vertex 27.3426 37.3141 1.2
      vertex 27.2916 37.4373 11.2
      vertex 27.3426 37.3141 11.2
    endloop
  endfacet
  facet normal 0.923962 0.382484 0
    outer loop
      vertex 27.2916 37.4373 1.2
      vertex 27.3426 37.3141 1.2
      vertex 27.2916 37.4373 0.7
    endloop
  endfacet
  facet normal 0.923962 0.382484 0
    outer loop
      vertex 27.2916 37.4373 0.7
      vertex 27.3426 37.3141 1.2
      vertex 27.3426 37.3141 0.7
    endloop
  endfacet
  facet normal 0.233174 0.972435 -0
    outer loop
      vertex 27.967 36.8605 1.2
      vertex 27.8373 36.8916 11.2
      vertex 27.967 36.8605 11.2
    endloop
  endfacet
  facet normal 0.233174 0.972435 0
    outer loop
      vertex 27.967 36.8605 1.2
      vertex 27.8373 36.8916 1.2
      vertex 27.8373 36.8916 11.2
    endloop
  endfacet
  facet normal 0.233174 0.972435 -0
    outer loop
      vertex 27.967 36.8605 0.7
      vertex 27.8373 36.8916 1.2
      vertex 27.967 36.8605 1.2
    endloop
  endfacet
  facet normal 0.233174 0.972435 0
    outer loop
      vertex 27.8373 36.8916 1.2
      vertex 27.967 36.8605 0.7
      vertex 27.8373 36.8916 0.7
    endloop
  endfacet
  facet normal 0.522632 -0.852558 0
    outer loop
      vertex 27.6004 38.3877 1.2
      vertex 27.7141 38.4574 11.2
      vertex 27.6004 38.3877 11.2
    endloop
  endfacet
  facet normal 0.522632 -0.852558 0
    outer loop
      vertex 27.6004 38.3877 1.2
      vertex 27.7141 38.4574 1.2
      vertex 27.7141 38.4574 11.2
    endloop
  endfacet
  facet normal 0.522632 -0.852558 0
    outer loop
      vertex 27.6004 38.3877 0.7
      vertex 27.7141 38.4574 1.2
      vertex 27.6004 38.3877 1.2
    endloop
  endfacet
  facet normal 0.522632 -0.852558 0
    outer loop
      vertex 27.7141 38.4574 1.2
      vertex 27.6004 38.3877 0.7
      vertex 27.7141 38.4574 0.7
    endloop
  endfacet
  facet normal -0.923962 -0.382484 0
    outer loop
      vertex 28.9084 37.9627 1.2
      vertex 28.8574 38.0859 1.2
      vertex 28.8574 38.0859 0.7
    endloop
  endfacet
  facet normal -0.923962 -0.382484 -0
    outer loop
      vertex 28.9084 37.9627 1.2
      vertex 28.8574 38.0859 0.7
      vertex 28.9084 37.9627 0.7
    endloop
  endfacet
  facet normal -0.923962 -0.382484 0
    outer loop
      vertex 28.8574 38.0859 1.2
      vertex 28.9084 37.9627 1.2
      vertex 28.8574 38.0859 11.2
    endloop
  endfacet
  facet normal -0.923962 -0.382484 0
    outer loop
      vertex 28.8574 38.0859 11.2
      vertex 28.9084 37.9627 1.2
      vertex 28.9084 37.9627 11.2
    endloop
  endfacet
  facet normal 0 0 1
    outer loop
      vertex 28.9395 37.833 0.7
      vertex 28.9395 37.567 0.7
      vertex 28.95 37.7 0.7
    endloop
  endfacet
  facet normal 0 0 1
    outer loop
      vertex 28.9084 37.9627 0.7
      vertex 28.9395 37.567 0.7
      vertex 28.9395 37.833 0.7
    endloop
  endfacet
  facet normal 0 0 1
    outer loop
      vertex 28.9084 37.9627 0.7
      vertex 28.9084 37.4373 0.7
      vertex 28.9395 37.567 0.7
    endloop
  endfacet
  facet normal 0 0 1
    outer loop
      vertex 28.8574 38.0859 0.7
      vertex 28.9084 37.4373 0.7
      vertex 28.9084 37.9627 0.7
    endloop
  endfacet
  facet normal 0 0 1
    outer loop
      vertex 28.8574 38.0859 0.7
      vertex 28.8574 37.3141 0.7
      vertex 28.9084 37.4373 0.7
    endloop
  endfacet
  facet normal 0 0 1
    outer loop
      vertex 28.7877 38.1996 0.7
      vertex 28.8574 37.3141 0.7
      vertex 28.8574 38.0859 0.7
    endloop
  endfacet
  facet normal 0 0 1
    outer loop
      vertex 28.7877 38.1996 0.7
      vertex 28.7877 37.2004 0.7
      vertex 28.8574 37.3141 0.7
    endloop
  endfacet
  facet normal 0 0 1
    outer loop
      vertex 28.701 38.301 0.7
      vertex 28.7877 37.2004 0.7
      vertex 28.7877 38.1996 0.7
    endloop
  endfacet
  facet normal 0 0 1
    outer loop
      vertex 28.701 38.301 0.7
      vertex 28.701 37.099 0.7
      vertex 28.7877 37.2004 0.7
    endloop
  endfacet
  facet normal 0 0 1
    outer loop
      vertex 28.5996 38.3877 0.7
      vertex 28.701 37.099 0.7
      vertex 28.701 38.301 0.7
    endloop
  endfacet
  facet normal 0 0 1
    outer loop
      vertex 28.5996 38.3877 0.7
      vertex 28.5996 37.0123 0.7
      vertex 28.701 37.099 0.7
    endloop
  endfacet
  facet normal 0 0 1
    outer loop
      vertex 28.4859 38.4574 0.7
      vertex 28.5996 37.0123 0.7
      vertex 28.5996 38.3877 0.7
    endloop
  endfacet
  facet normal 0 0 1
    outer loop
      vertex 28.4859 38.4574 0.7
      vertex 28.4859 36.9426 0.7
      vertex 28.5996 37.0123 0.7
    endloop
  endfacet
  facet normal 0 0 1
    outer loop
      vertex 28.3627 38.5084 0.7
      vertex 28.4859 36.9426 0.7
      vertex 28.4859 38.4574 0.7
    endloop
  endfacet
  facet normal 0 0 1
    outer loop
      vertex 28.3627 38.5084 0.7
      vertex 28.3627 36.8916 0.7
      vertex 28.4859 36.9426 0.7
    endloop
  endfacet
  facet normal 0 0 1
    outer loop
      vertex 28.233 38.5395 0.7
      vertex 28.3627 36.8916 0.7
      vertex 28.3627 38.5084 0.7
    endloop
  endfacet
  facet normal 0 0 1
    outer loop
      vertex 28.233 38.5395 0.7
      vertex 28.233 36.8605 0.7
      vertex 28.3627 36.8916 0.7
    endloop
  endfacet
  facet normal 0 0 1
    outer loop
      vertex 28.1 38.55 0.7
      vertex 28.233 36.8605 0.7
      vertex 28.233 38.5395 0.7
    endloop
  endfacet
  facet normal 0 0 1
    outer loop
      vertex 28.1 38.55 0.7
      vertex 28.1 36.85 0.7
      vertex 28.233 36.8605 0.7
    endloop
  endfacet
  facet normal -0 0 1
    outer loop
      vertex 27.967 38.5395 0.7
      vertex 28.1 36.85 0.7
      vertex 28.1 38.55 0.7
    endloop
  endfacet
  facet normal 0 0 1
    outer loop
      vertex 27.967 38.5395 0.7
      vertex 27.967 36.8605 0.7
      vertex 28.1 36.85 0.7
    endloop
  endfacet
  facet normal -0 0 1
    outer loop
      vertex 27.8373 38.5084 0.7
      vertex 27.967 36.8605 0.7
      vertex 27.967 38.5395 0.7
    endloop
  endfacet
  facet normal 0 0 1
    outer loop
      vertex 27.8373 38.5084 0.7
      vertex 27.8373 36.8916 0.7
      vertex 27.967 36.8605 0.7
    endloop
  endfacet
  facet normal -0 0 1
    outer loop
      vertex 27.7141 38.4574 0.7
      vertex 27.8373 36.8916 0.7
      vertex 27.8373 38.5084 0.7
    endloop
  endfacet
  facet normal 0 0 1
    outer loop
      vertex 27.7141 38.4574 0.7
      vertex 27.7141 36.9426 0.7
      vertex 27.8373 36.8916 0.7
    endloop
  endfacet
  facet normal -0 0 1
    outer loop
      vertex 27.6004 38.3877 0.7
      vertex 27.7141 36.9426 0.7
      vertex 27.7141 38.4574 0.7
    endloop
  endfacet
  facet normal 0 0 1
    outer loop
      vertex 27.6004 38.3877 0.7
      vertex 27.6004 37.0123 0.7
      vertex 27.7141 36.9426 0.7
    endloop
  endfacet
  facet normal -0 0 1
    outer loop
      vertex 27.499 38.301 0.7
      vertex 27.6004 37.0123 0.7
      vertex 27.6004 38.3877 0.7
    endloop
  endfacet
  facet normal 0 0 1
    outer loop
      vertex 27.499 38.301 0.7
      vertex 27.499 37.099 0.7
      vertex 27.6004 37.0123 0.7
    endloop
  endfacet
  facet normal -0 0 1
    outer loop
      vertex 27.4123 38.1996 0.7
      vertex 27.499 37.099 0.7
      vertex 27.499 38.301 0.7
    endloop
  endfacet
  facet normal 0 0 1
    outer loop
      vertex 27.4123 38.1996 0.7
      vertex 27.4123 37.2004 0.7
      vertex 27.499 37.099 0.7
    endloop
  endfacet
  facet normal -0 0 1
    outer loop
      vertex 27.3426 38.0859 0.7
      vertex 27.4123 37.2004 0.7
      vertex 27.4123 38.1996 0.7
    endloop
  endfacet
  facet normal 0 0 1
    outer loop
      vertex 27.3426 38.0859 0.7
      vertex 27.3426 37.3141 0.7
      vertex 27.4123 37.2004 0.7
    endloop
  endfacet
  facet normal -0 0 1
    outer loop
      vertex 27.2916 37.9627 0.7
      vertex 27.3426 37.3141 0.7
      vertex 27.3426 38.0859 0.7
    endloop
  endfacet
  facet normal 0 0 1
    outer loop
      vertex 27.2916 37.9627 0.7
      vertex 27.2916 37.4373 0.7
      vertex 27.3426 37.3141 0.7
    endloop
  endfacet
  facet normal -0 0 1
    outer loop
      vertex 27.2605 37.833 0.7
      vertex 27.2916 37.4373 0.7
      vertex 27.2916 37.9627 0.7
    endloop
  endfacet
  facet normal 0 0 1
    outer loop
      vertex 27.2605 37.833 0.7
      vertex 27.2605 37.567 0.7
      vertex 27.2916 37.4373 0.7
    endloop
  endfacet
  facet normal 0 -0 1
    outer loop
      vertex 27.2605 37.567 0.7
      vertex 27.2605 37.833 0.7
      vertex 27.25 37.7 0.7
    endloop
  endfacet
  facet normal 0.852558 0.522632 0
    outer loop
      vertex 27.4123 37.2004 1.2
      vertex 27.3426 37.3141 1.2
      vertex 27.3426 37.3141 11.2
    endloop
  endfacet
  facet normal 0.852558 0.522632 -0
    outer loop
      vertex 27.4123 37.2004 1.2
      vertex 27.3426 37.3141 11.2
      vertex 27.4123 37.2004 11.2
    endloop
  endfacet
  facet normal 0.852558 0.522632 0
    outer loop
      vertex 27.3426 37.3141 1.2
      vertex 27.4123 37.2004 1.2
      vertex 27.3426 37.3141 0.7
    endloop
  endfacet
  facet normal 0.852558 0.522632 0
    outer loop
      vertex 27.3426 37.3141 0.7
      vertex 27.4123 37.2004 1.2
      vertex 27.4123 37.2004 0.7
    endloop
  endfacet
  facet normal 0.76005 -0.649865 0
    outer loop
      vertex 27.4123 38.1996 1.2
      vertex 27.499 38.301 1.2
      vertex 27.499 38.301 11.2
    endloop
  endfacet
  facet normal 0.76005 -0.649865 0
    outer loop
      vertex 27.4123 38.1996 1.2
      vertex 27.499 38.301 11.2
      vertex 27.4123 38.1996 11.2
    endloop
  endfacet
  facet normal 0.76005 -0.649865 0
    outer loop
      vertex 27.499 38.301 1.2
      vertex 27.4123 38.1996 1.2
      vertex 27.499 38.301 0.7
    endloop
  endfacet
  facet normal 0.76005 -0.649865 0
    outer loop
      vertex 27.499 38.301 0.7
      vertex 27.4123 38.1996 1.2
      vertex 27.4123 38.1996 0.7
    endloop
  endfacet
  facet normal 0.0787025 -0.996898 0
    outer loop
      vertex 27.967 38.5395 1.2
      vertex 28.1 38.55 11.2
      vertex 27.967 38.5395 11.2
    endloop
  endfacet
  facet normal 0.0787025 -0.996898 0
    outer loop
      vertex 27.967 38.5395 1.2
      vertex 28.1 38.55 1.2
      vertex 28.1 38.55 11.2
    endloop
  endfacet
  facet normal 0.0787025 -0.996898 0
    outer loop
      vertex 27.967 38.5395 0.7
      vertex 28.1 38.55 1.2
      vertex 27.967 38.5395 1.2
    endloop
  endfacet
  facet normal 0.0787025 -0.996898 0
    outer loop
      vertex 28.1 38.55 1.2
      vertex 27.967 38.5395 0.7
      vertex 28.1 38.55 0.7
    endloop
  endfacet
  facet normal -0.0787025 0.996898 0
    outer loop
      vertex 28.233 36.8605 1.2
      vertex 28.1 36.85 11.2
      vertex 28.233 36.8605 11.2
    endloop
  endfacet
  facet normal -0.0787025 0.996898 0
    outer loop
      vertex 28.233 36.8605 1.2
      vertex 28.1 36.85 1.2
      vertex 28.1 36.85 11.2
    endloop
  endfacet
  facet normal -0.0787025 0.996898 0
    outer loop
      vertex 28.233 36.8605 0.7
      vertex 28.1 36.85 1.2
      vertex 28.233 36.8605 1.2
    endloop
  endfacet
  facet normal -0.0787025 0.996898 0
    outer loop
      vertex 28.1 36.85 1.2
      vertex 28.233 36.8605 0.7
      vertex 28.1 36.85 0.7
    endloop
  endfacet
  facet normal -0.522632 -0.852558 0
    outer loop
      vertex 28.4859 38.4574 1.2
      vertex 28.5996 38.3877 11.2
      vertex 28.4859 38.4574 11.2
    endloop
  endfacet
  facet normal -0.522632 -0.852558 0
    outer loop
      vertex 28.4859 38.4574 1.2
      vertex 28.5996 38.3877 1.2
      vertex 28.5996 38.3877 11.2
    endloop
  endfacet
  facet normal -0.522632 -0.852558 0
    outer loop
      vertex 28.4859 38.4574 0.7
      vertex 28.5996 38.3877 1.2
      vertex 28.4859 38.4574 1.2
    endloop
  endfacet
  facet normal -0.522632 -0.852558 -0
    outer loop
      vertex 28.5996 38.3877 1.2
      vertex 28.4859 38.4574 0.7
      vertex 28.5996 38.3877 0.7
    endloop
  endfacet
  facet normal -0.996898 0.0787025 0
    outer loop
      vertex 28.9395 37.567 1.2
      vertex 28.95 37.7 1.2
      vertex 28.95 37.7 0.7
    endloop
  endfacet
  facet normal -0.996898 0.0787025 0
    outer loop
      vertex 28.9395 37.567 1.2
      vertex 28.95 37.7 0.7
      vertex 28.9395 37.567 0.7
    endloop
  endfacet
  facet normal -0.996898 0.0787025 0
    outer loop
      vertex 28.95 37.7 1.2
      vertex 28.9395 37.567 1.2
      vertex 28.95 37.7 11.2
    endloop
  endfacet
  facet normal -0.996898 0.0787025 0
    outer loop
      vertex 28.95 37.7 11.2
      vertex 28.9395 37.567 1.2
      vertex 28.9395 37.567 11.2
    endloop
  endfacet
  facet normal -0.972435 0.233174 0
    outer loop
      vertex 28.9084 37.4373 1.2
      vertex 28.9395 37.567 1.2
      vertex 28.9395 37.567 0.7
    endloop
  endfacet
  facet normal -0.972435 0.233174 0
    outer loop
      vertex 28.9084 37.4373 1.2
      vertex 28.9395 37.567 0.7
      vertex 28.9084 37.4373 0.7
    endloop
  endfacet
  facet normal -0.972435 0.233174 0
    outer loop
      vertex 28.9395 37.567 1.2
      vertex 28.9084 37.4373 1.2
      vertex 28.9395 37.567 11.2
    endloop
  endfacet
  facet normal -0.972435 0.233174 0
    outer loop
      vertex 28.9395 37.567 11.2
      vertex 28.9084 37.4373 1.2
      vertex 28.9084 37.4373 11.2
    endloop
  endfacet
  facet normal -0.0787025 -0.996898 0
    outer loop
      vertex 28.1 38.55 1.2
      vertex 28.233 38.5395 11.2
      vertex 28.1 38.55 11.2
    endloop
  endfacet
  facet normal -0.0787025 -0.996898 0
    outer loop
      vertex 28.1 38.55 1.2
      vertex 28.233 38.5395 1.2
      vertex 28.233 38.5395 11.2
    endloop
  endfacet
  facet normal -0.0787025 -0.996898 0
    outer loop
      vertex 28.1 38.55 0.7
      vertex 28.233 38.5395 1.2
      vertex 28.1 38.55 1.2
    endloop
  endfacet
  facet normal -0.0787025 -0.996898 -0
    outer loop
      vertex 28.233 38.5395 1.2
      vertex 28.1 38.55 0.7
      vertex 28.233 38.5395 0.7
    endloop
  endfacet
  facet normal 0.382484 -0.923962 0
    outer loop
      vertex 27.7141 38.4574 1.2
      vertex 27.8373 38.5084 11.2
      vertex 27.7141 38.4574 11.2
    endloop
  endfacet
  facet normal 0.382484 -0.923962 0
    outer loop
      vertex 27.7141 38.4574 1.2
      vertex 27.8373 38.5084 1.2
      vertex 27.8373 38.5084 11.2
    endloop
  endfacet
  facet normal 0.382484 -0.923962 0
    outer loop
      vertex 27.7141 38.4574 0.7
      vertex 27.8373 38.5084 1.2
      vertex 27.7141 38.4574 1.2
    endloop
  endfacet
  facet normal 0.382484 -0.923962 0
    outer loop
      vertex 27.8373 38.5084 1.2
      vertex 27.7141 38.4574 0.7
      vertex 27.8373 38.5084 0.7
    endloop
  endfacet
  facet normal -0.382484 0.923962 0
    outer loop
      vertex 28.4859 36.9426 1.2
      vertex 28.3627 36.8916 11.2
      vertex 28.4859 36.9426 11.2
    endloop
  endfacet
  facet normal -0.382484 0.923962 0
    outer loop
      vertex 28.4859 36.9426 1.2
      vertex 28.3627 36.8916 1.2
      vertex 28.3627 36.8916 11.2
    endloop
  endfacet
  facet normal -0.382484 0.923962 0
    outer loop
      vertex 28.4859 36.9426 0.7
      vertex 28.3627 36.8916 1.2
      vertex 28.4859 36.9426 1.2
    endloop
  endfacet
  facet normal -0.382484 0.923962 0
    outer loop
      vertex 28.3627 36.8916 1.2
      vertex 28.4859 36.9426 0.7
      vertex 28.3627 36.8916 0.7
    endloop
  endfacet
  facet normal 0.233174 -0.972435 0
    outer loop
      vertex 27.8373 38.5084 1.2
      vertex 27.967 38.5395 11.2
      vertex 27.8373 38.5084 11.2
    endloop
  endfacet
  facet normal 0.233174 -0.972435 0
    outer loop
      vertex 27.8373 38.5084 1.2
      vertex 27.967 38.5395 1.2
      vertex 27.967 38.5395 11.2
    endloop
  endfacet
  facet normal 0.233174 -0.972435 0
    outer loop
      vertex 27.8373 38.5084 0.7
      vertex 27.967 38.5395 1.2
      vertex 27.8373 38.5084 1.2
    endloop
  endfacet
  facet normal 0.233174 -0.972435 0
    outer loop
      vertex 27.967 38.5395 1.2
      vertex 27.8373 38.5084 0.7
      vertex 27.967 38.5395 0.7
    endloop
  endfacet
  facet normal -0.852558 -0.522632 0
    outer loop
      vertex 28.8574 38.0859 1.2
      vertex 28.7877 38.1996 1.2
      vertex 28.7877 38.1996 0.7
    endloop
  endfacet
  facet normal -0.852558 -0.522632 -0
    outer loop
      vertex 28.8574 38.0859 1.2
      vertex 28.7877 38.1996 0.7
      vertex 28.8574 38.0859 0.7
    endloop
  endfacet
  facet normal -0.852558 -0.522632 0
    outer loop
      vertex 28.7877 38.1996 1.2
      vertex 28.8574 38.0859 1.2
      vertex 28.7877 38.1996 11.2
    endloop
  endfacet
  facet normal -0.852558 -0.522632 0
    outer loop
      vertex 28.7877 38.1996 11.2
      vertex 28.8574 38.0859 1.2
      vertex 28.8574 38.0859 11.2
    endloop
  endfacet
  facet normal 0.923962 -0.382484 0
    outer loop
      vertex 27.2916 37.9627 1.2
      vertex 27.3426 38.0859 1.2
      vertex 27.3426 38.0859 11.2
    endloop
  endfacet
  facet normal 0.923962 -0.382484 0
    outer loop
      vertex 27.2916 37.9627 1.2
      vertex 27.3426 38.0859 11.2
      vertex 27.2916 37.9627 11.2
    endloop
  endfacet
  facet normal 0.923962 -0.382484 0
    outer loop
      vertex 27.3426 38.0859 1.2
      vertex 27.2916 37.9627 1.2
      vertex 27.3426 38.0859 0.7
    endloop
  endfacet
  facet normal 0.923962 -0.382484 0
    outer loop
      vertex 27.3426 38.0859 0.7
      vertex 27.2916 37.9627 1.2
      vertex 27.2916 37.9627 0.7
    endloop
  endfacet
  facet normal 0.649865 0.76005 -0
    outer loop
      vertex 27.6004 37.0123 1.2
      vertex 27.499 37.099 11.2
      vertex 27.6004 37.0123 11.2
    endloop
  endfacet
  facet normal 0.649865 0.76005 0
    outer loop
      vertex 27.6004 37.0123 1.2
      vertex 27.499 37.099 1.2
      vertex 27.499 37.099 11.2
    endloop
  endfacet
  facet normal 0.649865 0.76005 -0
    outer loop
      vertex 27.6004 37.0123 0.7
      vertex 27.499 37.099 1.2
      vertex 27.6004 37.0123 1.2
    endloop
  endfacet
  facet normal 0.649865 0.76005 0
    outer loop
      vertex 27.499 37.099 1.2
      vertex 27.6004 37.0123 0.7
      vertex 27.499 37.099 0.7
    endloop
  endfacet
  facet normal -0.76005 0.649865 0
    outer loop
      vertex 28.701 37.099 1.2
      vertex 28.7877 37.2004 1.2
      vertex 28.7877 37.2004 0.7
    endloop
  endfacet
  facet normal -0.76005 0.649865 0
    outer loop
      vertex 28.701 37.099 1.2
      vertex 28.7877 37.2004 0.7
      vertex 28.701 37.099 0.7
    endloop
  endfacet
  facet normal -0.76005 0.649865 0
    outer loop
      vertex 28.7877 37.2004 1.2
      vertex 28.701 37.099 1.2
      vertex 28.7877 37.2004 11.2
    endloop
  endfacet
  facet normal -0.76005 0.649865 0
    outer loop
      vertex 28.7877 37.2004 11.2
      vertex 28.701 37.099 1.2
      vertex 28.701 37.099 11.2
    endloop
  endfacet
  facet normal -0.649865 0.76005 0
    outer loop
      vertex 28.701 37.099 1.2
      vertex 28.5996 37.0123 11.2
      vertex 28.701 37.099 11.2
    endloop
  endfacet
  facet normal -0.649865 0.76005 0
    outer loop
      vertex 28.701 37.099 1.2
      vertex 28.5996 37.0123 1.2
      vertex 28.5996 37.0123 11.2
    endloop
  endfacet
  facet normal -0.649865 0.76005 0
    outer loop
      vertex 28.701 37.099 0.7
      vertex 28.5996 37.0123 1.2
      vertex 28.701 37.099 1.2
    endloop
  endfacet
  facet normal -0.649865 0.76005 0
    outer loop
      vertex 28.5996 37.0123 1.2
      vertex 28.701 37.099 0.7
      vertex 28.5996 37.0123 0.7
    endloop
  endfacet
  facet normal -0.382484 -0.923962 0
    outer loop
      vertex 28.3627 38.5084 1.2
      vertex 28.4859 38.4574 11.2
      vertex 28.3627 38.5084 11.2
    endloop
  endfacet
  facet normal -0.382484 -0.923962 0
    outer loop
      vertex 28.3627 38.5084 1.2
      vertex 28.4859 38.4574 1.2
      vertex 28.4859 38.4574 11.2
    endloop
  endfacet
  facet normal -0.382484 -0.923962 0
    outer loop
      vertex 28.3627 38.5084 0.7
      vertex 28.4859 38.4574 1.2
      vertex 28.3627 38.5084 1.2
    endloop
  endfacet
  facet normal -0.382484 -0.923962 -0
    outer loop
      vertex 28.4859 38.4574 1.2
      vertex 28.3627 38.5084 0.7
      vertex 28.4859 38.4574 0.7
    endloop
  endfacet
  facet normal 0.382484 0.923962 -0
    outer loop
      vertex 27.8373 36.8916 1.2
      vertex 27.7141 36.9426 11.2
      vertex 27.8373 36.8916 11.2
    endloop
  endfacet
  facet normal 0.382484 0.923962 0
    outer loop
      vertex 27.8373 36.8916 1.2
      vertex 27.7141 36.9426 1.2
      vertex 27.7141 36.9426 11.2
    endloop
  endfacet
  facet normal 0.382484 0.923962 -0
    outer loop
      vertex 27.8373 36.8916 0.7
      vertex 27.7141 36.9426 1.2
      vertex 27.8373 36.8916 1.2
    endloop
  endfacet
  facet normal 0.382484 0.923962 0
    outer loop
      vertex 27.7141 36.9426 1.2
      vertex 27.8373 36.8916 0.7
      vertex 27.7141 36.9426 0.7
    endloop
  endfacet
  facet normal 0.522632 0.852558 -0
    outer loop
      vertex 27.7141 36.9426 1.2
      vertex 27.6004 37.0123 11.2
      vertex 27.7141 36.9426 11.2
    endloop
  endfacet
  facet normal 0.522632 0.852558 0
    outer loop
      vertex 27.7141 36.9426 1.2
      vertex 27.6004 37.0123 1.2
      vertex 27.6004 37.0123 11.2
    endloop
  endfacet
  facet normal 0.522632 0.852558 -0
    outer loop
      vertex 27.7141 36.9426 0.7
      vertex 27.6004 37.0123 1.2
      vertex 27.7141 36.9426 1.2
    endloop
  endfacet
  facet normal 0.522632 0.852558 0
    outer loop
      vertex 27.6004 37.0123 1.2
      vertex 27.7141 36.9426 0.7
      vertex 27.6004 37.0123 0.7
    endloop
  endfacet
  facet normal -1 0 0
    outer loop
      vertex 31.6 1.6 1.2
      vertex 31.6 23.6 12.8
      vertex 31.6 23.6 1.2
    endloop
  endfacet
  facet normal -1 -0 0
    outer loop
      vertex 31.6 23.6 12.8
      vertex 31.6 1.6 1.2
      vertex 31.6 1.6 12.8
    endloop
  endfacet
  facet normal -0 0 1
    outer loop
      vertex 7.10476 6.12148 1.2
      vertex 31.6 1.6 1.2
      vertex 31.6 23.6 1.2
    endloop
  endfacet
  facet normal 0 0 1
    outer loop
      vertex 31.6 1.6 1.2
      vertex 7.3223 5.45198 1.2
      vertex 7.35 5.1 1.2
    endloop
  endfacet
  facet normal 0 0 1
    outer loop
      vertex 31.6 1.6 1.2
      vertex 7.23988 5.79529 1.2
      vertex 7.3223 5.45198 1.2
    endloop
  endfacet
  facet normal 0 0 1
    outer loop
      vertex 31.6 1.6 1.2
      vertex 7.10476 6.12148 1.2
      vertex 7.23988 5.79529 1.2
    endloop
  endfacet
  facet normal 0 0 1
    outer loop
      vertex 31.6 23.6 1.2
      vertex 6.92029 6.42252 1.2
      vertex 7.10476 6.12148 1.2
    endloop
  endfacet
  facet normal 0 0 1
    outer loop
      vertex 31.6 23.6 1.2
      vertex 6.69099 6.69099 1.2
      vertex 6.92029 6.42252 1.2
    endloop
  endfacet
  facet normal 0 0 1
    outer loop
      vertex 31.6 23.6 1.2
      vertex 6.42252 6.92029 1.2
      vertex 6.69099 6.69099 1.2
    endloop
  endfacet
  facet normal -0 0 1
    outer loop
      vertex 1.6 23.6 1.2
      vertex 6.42252 6.92029 1.2
      vertex 31.6 23.6 1.2
    endloop
  endfacet
  facet normal 0 0 1
    outer loop
      vertex 6.42252 6.92029 1.2
      vertex 1.6 23.6 1.2
      vertex 6.12148 7.10476 1.2
    endloop
  endfacet
  facet normal 0 0 1
    outer loop
      vertex 6.12148 7.10476 1.2
      vertex 1.6 23.6 1.2
      vertex 5.79529 7.23988 1.2
    endloop
  endfacet
  facet normal 0 0 1
    outer loop
      vertex 5.79529 7.23988 1.2
      vertex 1.6 23.6 1.2
      vertex 5.45198 7.3223 1.2
    endloop
  endfacet
  facet normal 0 0 1
    outer loop
      vertex 5.45198 7.3223 1.2
      vertex 1.6 23.6 1.2
      vertex 5.1 7.35 1.2
    endloop
  endfacet
  facet normal 0 0 1
    outer loop
      vertex 5.1 7.35 1.2
      vertex 1.6 23.6 1.2
      vertex 4.74802 7.3223 1.2
    endloop
  endfacet
  facet normal 0 0 1
    outer loop
      vertex 4.74802 7.3223 1.2
      vertex 1.6 23.6 1.2
      vertex 4.40471 7.23988 1.2
    endloop
  endfacet
  facet normal 0 0 1
    outer loop
      vertex 1.6 1.6 1.2
      vertex 2.8777 5.45198 1.2
      vertex 1.6 23.6 1.2
    endloop
  endfacet
  facet normal 0 0 1
    outer loop
      vertex 2.96012 5.79529 1.2
      vertex 1.6 23.6 1.2
      vertex 2.8777 5.45198 1.2
    endloop
  endfacet
  facet normal 0 0 1
    outer loop
      vertex 3.09523 6.12148 1.2
      vertex 1.6 23.6 1.2
      vertex 2.96012 5.79529 1.2
    endloop
  endfacet
  facet normal 0 0 1
    outer loop
      vertex 3.27971 6.42252 1.2
      vertex 1.6 23.6 1.2
      vertex 3.09523 6.12148 1.2
    endloop
  endfacet
  facet normal 0 0 1
    outer loop
      vertex 3.50901 6.69099 1.2
      vertex 1.6 23.6 1.2
      vertex 3.27971 6.42252 1.2
    endloop
  endfacet
  facet normal 0 0 1
    outer loop
      vertex 3.77748 6.92029 1.2
      vertex 1.6 23.6 1.2
      vertex 3.50901 6.69099 1.2
    endloop
  endfacet
  facet normal 0 0 1
    outer loop
      vertex 4.07852 7.10476 1.2
      vertex 1.6 23.6 1.2
      vertex 3.77748 6.92029 1.2
    endloop
  endfacet
  facet normal 0 0 1
    outer loop
      vertex 4.40471 7.23988 1.2
      vertex 1.6 23.6 1.2
      vertex 4.07852 7.10476 1.2
    endloop
  endfacet
  facet normal -0 0 1
    outer loop
      vertex 7.3223 4.74802 1.2
      vertex 31.6 1.6 1.2
      vertex 7.35 5.1 1.2
    endloop
  endfacet
  facet normal -0 0 1
    outer loop
      vertex 7.23988 4.40471 1.2
      vertex 31.6 1.6 1.2
      vertex 7.3223 4.74802 1.2
    endloop
  endfacet
  facet normal -0 0 1
    outer loop
      vertex 7.10476 4.07852 1.2
      vertex 31.6 1.6 1.2
      vertex 7.23988 4.40471 1.2
    endloop
  endfacet
  facet normal -0 0 1
    outer loop
      vertex 6.92029 3.77748 1.2
      vertex 31.6 1.6 1.2
      vertex 7.10476 4.07852 1.2
    endloop
  endfacet
  facet normal -0 0 1
    outer loop
      vertex 6.69099 3.50901 1.2
      vertex 31.6 1.6 1.2
      vertex 6.92029 3.77748 1.2
    endloop
  endfacet
  facet normal -0 0 1
    outer loop
      vertex 6.42252 3.27971 1.2
      vertex 31.6 1.6 1.2
      vertex 6.69099 3.50901 1.2
    endloop
  endfacet
  facet normal -0 0 1
    outer loop
      vertex 6.12148 3.09523 1.2
      vertex 31.6 1.6 1.2
      vertex 6.42252 3.27971 1.2
    endloop
  endfacet
  facet normal -0 0 1
    outer loop
      vertex 5.79529 2.96012 1.2
      vertex 31.6 1.6 1.2
      vertex 6.12148 3.09523 1.2
    endloop
  endfacet
  facet normal 0 0 1
    outer loop
      vertex 1.6 1.6 1.2
      vertex 5.79529 2.96012 1.2
      vertex 5.45198 2.8777 1.2
    endloop
  endfacet
  facet normal 0 0 1
    outer loop
      vertex 1.6 1.6 1.2
      vertex 5.45198 2.8777 1.2
      vertex 5.1 2.85 1.2
    endloop
  endfacet
  facet normal 0 0 1
    outer loop
      vertex 5.79529 2.96012 1.2
      vertex 1.6 1.6 1.2
      vertex 31.6 1.6 1.2
    endloop
  endfacet
  facet normal 0 0 1
    outer loop
      vertex 4.74802 2.8777 1.2
      vertex 1.6 1.6 1.2
      vertex 5.1 2.85 1.2
    endloop
  endfacet
  facet normal 0 0 1
    outer loop
      vertex 4.40471 2.96012 1.2
      vertex 1.6 1.6 1.2
      vertex 4.74802 2.8777 1.2
    endloop
  endfacet
  facet normal 0 0 1
    outer loop
      vertex 4.07852 3.09523 1.2
      vertex 1.6 1.6 1.2
      vertex 4.40471 2.96012 1.2
    endloop
  endfacet
  facet normal 0 0 1
    outer loop
      vertex 3.77748 3.27971 1.2
      vertex 1.6 1.6 1.2
      vertex 4.07852 3.09523 1.2
    endloop
  endfacet
  facet normal 0 0 1
    outer loop
      vertex 3.50901 3.50901 1.2
      vertex 1.6 1.6 1.2
      vertex 3.77748 3.27971 1.2
    endloop
  endfacet
  facet normal 0 0 1
    outer loop
      vertex 3.27971 3.77748 1.2
      vertex 1.6 1.6 1.2
      vertex 3.50901 3.50901 1.2
    endloop
  endfacet
  facet normal 0 0 1
    outer loop
      vertex 3.09523 4.07852 1.2
      vertex 1.6 1.6 1.2
      vertex 3.27971 3.77748 1.2
    endloop
  endfacet
  facet normal 0 0 1
    outer loop
      vertex 2.96012 4.40471 1.2
      vertex 1.6 1.6 1.2
      vertex 3.09523 4.07852 1.2
    endloop
  endfacet
  facet normal 0 0 1
    outer loop
      vertex 2.8777 4.74802 1.2
      vertex 1.6 1.6 1.2
      vertex 2.96012 4.40471 1.2
    endloop
  endfacet
  facet normal 0 0 1
    outer loop
      vertex 2.85 5.1 1.2
      vertex 1.6 1.6 1.2
      vertex 2.8777 4.74802 1.2
    endloop
  endfacet
  facet normal 0 0 1
    outer loop
      vertex 2.8777 5.45198 1.2
      vertex 1.6 1.6 1.2
      vertex 2.85 5.1 1.2
    endloop
  endfacet
  facet normal 1 -0 0
    outer loop
      vertex 1.6 17.0815 6.43465
      vertex 1.6 23.6 1.2
      vertex 1.6 23.6 12.8
    endloop
  endfacet
  facet normal 1 0 0
    outer loop
      vertex 1.6 23.6 1.2
      vertex 1.6 17.0815 6.43465
      vertex 1.6 17.1 6.2
    endloop
  endfacet
  facet normal 1 0 0
    outer loop
      vertex 1.6 23.6 12.8
      vertex 1.6 17.0266 6.66352
      vertex 1.6 17.0815 6.43465
    endloop
  endfacet
  facet normal 1 0 0
    outer loop
      vertex 1.6 23.6 12.8
      vertex 1.6 16.9365 6.88099
      vertex 1.6 17.0266 6.66352
    endloop
  endfacet
  facet normal 1 0 0
    outer loop
      vertex 1.6 23.6 12.8
      vertex 1.6 16.8135 7.08168
      vertex 1.6 16.9365 6.88099
    endloop
  endfacet
  facet normal 1 0 0
    outer loop
      vertex 1.6 23.6 12.8
      vertex 1.6 16.6607 7.26066
      vertex 1.6 16.8135 7.08168
    endloop
  endfacet
  facet normal 1 0 0
    outer loop
      vertex 1.6 23.6 12.8
      vertex 1.6 16.4817 7.41352
      vertex 1.6 16.6607 7.26066
    endloop
  endfacet
  facet normal 1 0 0
    outer loop
      vertex 1.6 23.6 12.8
      vertex 1.6 16.281 7.53651
      vertex 1.6 16.4817 7.41352
    endloop
  endfacet
  facet normal 1 0 0
    outer loop
      vertex 1.6 23.6 12.8
      vertex 1.6 16.0635 7.62658
      vertex 1.6 16.281 7.53651
    endloop
  endfacet
  facet normal 1 0 0
    outer loop
      vertex 1.6 23.6 12.8
      vertex 1.6 15.8347 7.68153
      vertex 1.6 16.0635 7.62658
    endloop
  endfacet
  facet normal 1 0 0
    outer loop
      vertex 1.6 23.6 12.8
      vertex 1.6 15.6 7.7
      vertex 1.6 15.8347 7.68153
    endloop
  endfacet
  facet normal 1 0 0
    outer loop
      vertex 1.6 23.6 12.8
      vertex 1.6 15.3653 7.68153
      vertex 1.6 15.6 7.7
    endloop
  endfacet
  facet normal 1 0 0
    outer loop
      vertex 1.6 9.83465 7.68153
      vertex 1.6 15.3653 7.68153
      vertex 1.6 23.6 12.8
    endloop
  endfacet
  facet normal 1 0 0
    outer loop
      vertex 1.6 15.3653 7.68153
      vertex 1.6 9.83465 7.68153
      vertex 1.6 15.1365 7.62658
    endloop
  endfacet
  facet normal 1 0 0
    outer loop
      vertex 1.6 14.1185 6.43465
      vertex 1.6 11.1 6.2
      vertex 1.6 14.1 6.2
    endloop
  endfacet
  facet normal 1 0 0
    outer loop
      vertex 1.6 11.0815 6.43465
      vertex 1.6 14.1185 6.43465
      vertex 1.6 14.1734 6.66352
    endloop
  endfacet
  facet normal 1 0 0
    outer loop
      vertex 1.6 11.0266 6.66352
      vertex 1.6 14.1734 6.66352
      vertex 1.6 14.2635 6.88099
    endloop
  endfacet
  facet normal 1 0 0
    outer loop
      vertex 1.6 10.9365 6.88099
      vertex 1.6 14.2635 6.88099
      vertex 1.6 14.3865 7.08168
    endloop
  endfacet
  facet normal 1 0 0
    outer loop
      vertex 1.6 10.8135 7.08168
      vertex 1.6 14.3865 7.08168
      vertex 1.6 14.5393 7.26066
    endloop
  endfacet
  facet normal 1 0 0
    outer loop
      vertex 1.6 10.6607 7.26066
      vertex 1.6 14.5393 7.26066
      vertex 1.6 14.7183 7.41352
    endloop
  endfacet
  facet normal 1 0 0
    outer loop
      vertex 1.6 10.4817 7.41352
      vertex 1.6 14.7183 7.41352
      vertex 1.6 14.919 7.53651
    endloop
  endfacet
  facet normal 1 0 -0
    outer loop
      vertex 1.6 10.0635 7.62658
      vertex 1.6 15.1365 7.62658
      vertex 1.6 9.83465 7.68153
    endloop
  endfacet
  facet normal 1 0 0
    outer loop
      vertex 1.6 14.1185 6.43465
      vertex 1.6 11.0815 6.43465
      vertex 1.6 11.1 6.2
    endloop
  endfacet
  facet normal 1 0 0
    outer loop
      vertex 1.6 14.1734 6.66352
      vertex 1.6 11.0266 6.66352
      vertex 1.6 11.0815 6.43465
    endloop
  endfacet
  facet normal 1 0 0
    outer loop
      vertex 1.6 14.2635 6.88099
      vertex 1.6 10.9365 6.88099
      vertex 1.6 11.0266 6.66352
    endloop
  endfacet
  facet normal 1 0 0
    outer loop
      vertex 1.6 14.3865 7.08168
      vertex 1.6 10.8135 7.08168
      vertex 1.6 10.9365 6.88099
    endloop
  endfacet
  facet normal 1 0 0
    outer loop
      vertex 1.6 14.5393 7.26066
      vertex 1.6 10.6607 7.26066
      vertex 1.6 10.8135 7.08168
    endloop
  endfacet
  facet normal 1 0 0
    outer loop
      vertex 1.6 14.7183 7.41352
      vertex 1.6 10.4817 7.41352
      vertex 1.6 10.6607 7.26066
    endloop
  endfacet
  facet normal 1 0 0
    outer loop
      vertex 1.6 14.919 7.53651
      vertex 1.6 10.281 7.53651
      vertex 1.6 10.4817 7.41352
    endloop
  endfacet
  facet normal 1 0 0
    outer loop
      vertex 1.6 14.919 7.53651
      vertex 1.6 10.0635 7.62658
      vertex 1.6 10.281 7.53651
    endloop
  endfacet
  facet normal 1 0 0
    outer loop
      vertex 1.6 15.1365 7.62658
      vertex 1.6 10.0635 7.62658
      vertex 1.6 14.919 7.53651
    endloop
  endfacet
  facet normal 1 -0 0
    outer loop
      vertex 1.6 1.6 12.8
      vertex 1.6 9.83465 7.68153
      vertex 1.6 23.6 12.8
    endloop
  endfacet
  facet normal 1 0 0
    outer loop
      vertex 1.6 9.83465 7.68153
      vertex 1.6 1.6 12.8
      vertex 1.6 9.6 7.7
    endloop
  endfacet
  facet normal 1 0 0
    outer loop
      vertex 1.6 9.6 7.7
      vertex 1.6 1.6 12.8
      vertex 1.6 9.36535 7.68153
    endloop
  endfacet
  facet normal 1 0 0
    outer loop
      vertex 1.6 1.6 1.2
      vertex 1.6 8.11847 6.43465
      vertex 1.6 1.6 12.8
    endloop
  endfacet
  facet normal 1 0 0
    outer loop
      vertex 1.6 8.17342 6.66352
      vertex 1.6 1.6 12.8
      vertex 1.6 8.11847 6.43465
    endloop
  endfacet
  facet normal 1 0 0
    outer loop
      vertex 1.6 8.26349 6.88099
      vertex 1.6 1.6 12.8
      vertex 1.6 8.17342 6.66352
    endloop
  endfacet
  facet normal 1 0 0
    outer loop
      vertex 1.6 8.38647 7.08168
      vertex 1.6 1.6 12.8
      vertex 1.6 8.26349 6.88099
    endloop
  endfacet
  facet normal 1 0 0
    outer loop
      vertex 1.6 8.53934 7.26066
      vertex 1.6 1.6 12.8
      vertex 1.6 8.38647 7.08168
    endloop
  endfacet
  facet normal 1 0 0
    outer loop
      vertex 1.6 8.71832 7.41352
      vertex 1.6 1.6 12.8
      vertex 1.6 8.53934 7.26066
    endloop
  endfacet
  facet normal 1 0 0
    outer loop
      vertex 1.6 8.91901 7.53651
      vertex 1.6 1.6 12.8
      vertex 1.6 8.71832 7.41352
    endloop
  endfacet
  facet normal 1 0 0
    outer loop
      vertex 1.6 9.13647 7.62658
      vertex 1.6 1.6 12.8
      vertex 1.6 8.91901 7.53651
    endloop
  endfacet
  facet normal 1 0 0
    outer loop
      vertex 1.6 9.36535 7.68153
      vertex 1.6 1.6 12.8
      vertex 1.6 9.13647 7.62658
    endloop
  endfacet
  facet normal 1 -0 0
    outer loop
      vertex 1.6 17.0815 5.96535
      vertex 1.6 23.6 1.2
      vertex 1.6 17.1 6.2
    endloop
  endfacet
  facet normal 1 -0 0
    outer loop
      vertex 1.6 17.0266 5.73647
      vertex 1.6 23.6 1.2
      vertex 1.6 17.0815 5.96535
    endloop
  endfacet
  facet normal 1 -0 0
    outer loop
      vertex 1.6 16.9365 5.51901
      vertex 1.6 23.6 1.2
      vertex 1.6 17.0266 5.73647
    endloop
  endfacet
  facet normal 1 -0 0
    outer loop
      vertex 1.6 16.8135 5.31832
      vertex 1.6 23.6 1.2
      vertex 1.6 16.9365 5.51901
    endloop
  endfacet
  facet normal 1 -0 0
    outer loop
      vertex 1.6 16.6607 5.13934
      vertex 1.6 23.6 1.2
      vertex 1.6 16.8135 5.31832
    endloop
  endfacet
  facet normal 1 -0 0
    outer loop
      vertex 1.6 16.4817 4.98647
      vertex 1.6 23.6 1.2
      vertex 1.6 16.6607 5.13934
    endloop
  endfacet
  facet normal 1 -0 0
    outer loop
      vertex 1.6 16.281 4.86349
      vertex 1.6 23.6 1.2
      vertex 1.6 16.4817 4.98647
    endloop
  endfacet
  facet normal 1 -0 0
    outer loop
      vertex 1.6 16.0635 4.77341
      vertex 1.6 23.6 1.2
      vertex 1.6 16.281 4.86349
    endloop
  endfacet
  facet normal 1 -0 0
    outer loop
      vertex 1.6 15.8347 4.71847
      vertex 1.6 23.6 1.2
      vertex 1.6 16.0635 4.77341
    endloop
  endfacet
  facet normal 1 -0 0
    outer loop
      vertex 1.6 15.6 4.7
      vertex 1.6 23.6 1.2
      vertex 1.6 15.8347 4.71847
    endloop
  endfacet
  facet normal 1 0 0
    outer loop
      vertex 1.6 15.3653 4.71847
      vertex 1.6 23.6 1.2
      vertex 1.6 15.6 4.7
    endloop
  endfacet
  facet normal 1 0 0
    outer loop
      vertex 1.6 9.83465 4.71847
      vertex 1.6 15.3653 4.71847
      vertex 1.6 15.1365 4.77341
    endloop
  endfacet
  facet normal 1 0 0
    outer loop
      vertex 1.6 10.0635 4.77341
      vertex 1.6 15.1365 4.77341
      vertex 1.6 14.919 4.86349
    endloop
  endfacet
  facet normal 1 -0 0
    outer loop
      vertex 1.6 11.1 6.2
      vertex 1.6 14.1185 5.96535
      vertex 1.6 14.1 6.2
    endloop
  endfacet
  facet normal 1 0 0
    outer loop
      vertex 1.6 11.0815 5.96535
      vertex 1.6 14.1185 5.96535
      vertex 1.6 11.1 6.2
    endloop
  endfacet
  facet normal 1 0 0
    outer loop
      vertex 1.6 14.1185 5.96535
      vertex 1.6 11.0815 5.96535
      vertex 1.6 14.1734 5.73647
    endloop
  endfacet
  facet normal 1 0 0
    outer loop
      vertex 1.6 11.0266 5.73647
      vertex 1.6 14.1734 5.73647
      vertex 1.6 11.0815 5.96535
    endloop
  endfacet
  facet normal 1 0 0
    outer loop
      vertex 1.6 14.1734 5.73647
      vertex 1.6 11.0266 5.73647
      vertex 1.6 14.2635 5.51901
    endloop
  endfacet
  facet normal 1 0 0
    outer loop
      vertex 1.6 10.9365 5.51901
      vertex 1.6 14.2635 5.51901
      vertex 1.6 11.0266 5.73647
    endloop
  endfacet
  facet normal 1 0 0
    outer loop
      vertex 1.6 14.2635 5.51901
      vertex 1.6 10.9365 5.51901
      vertex 1.6 14.3865 5.31832
    endloop
  endfacet
  facet normal 1 0 0
    outer loop
      vertex 1.6 10.8135 5.31832
      vertex 1.6 14.3865 5.31832
      vertex 1.6 10.9365 5.51901
    endloop
  endfacet
  facet normal 1 0 0
    outer loop
      vertex 1.6 14.3865 5.31832
      vertex 1.6 10.8135 5.31832
      vertex 1.6 14.5393 5.13934
    endloop
  endfacet
  facet normal 1 0 0
    outer loop
      vertex 1.6 10.6607 5.13934
      vertex 1.6 14.5393 5.13934
      vertex 1.6 10.8135 5.31832
    endloop
  endfacet
  facet normal 1 0 0
    outer loop
      vertex 1.6 14.5393 5.13934
      vertex 1.6 10.6607 5.13934
      vertex 1.6 14.7183 4.98647
    endloop
  endfacet
  facet normal 1 0 0
    outer loop
      vertex 1.6 10.4817 4.98647
      vertex 1.6 14.7183 4.98647
      vertex 1.6 10.6607 5.13934
    endloop
  endfacet
  facet normal 1 0 0
    outer loop
      vertex 1.6 14.7183 4.98647
      vertex 1.6 10.4817 4.98647
      vertex 1.6 14.919 4.86349
    endloop
  endfacet
  facet normal 1 0 0
    outer loop
      vertex 1.6 10.281 4.86349
      vertex 1.6 14.919 4.86349
      vertex 1.6 10.4817 4.98647
    endloop
  endfacet
  facet normal 1 0 0
    outer loop
      vertex 1.6 10.0635 4.77341
      vertex 1.6 14.919 4.86349
      vertex 1.6 10.281 4.86349
    endloop
  endfacet
  facet normal 1 0 0
    outer loop
      vertex 1.6 15.1365 4.77341
      vertex 1.6 10.0635 4.77341
      vertex 1.6 9.83465 4.71847
    endloop
  endfacet
  facet normal 1 0 0
    outer loop
      vertex 1.6 15.3653 4.71847
      vertex 1.6 9.83465 4.71847
      vertex 1.6 23.6 1.2
    endloop
  endfacet
  facet normal 1 0 0
    outer loop
      vertex 1.6 1.6 1.2
      vertex 1.6 9.83465 4.71847
      vertex 1.6 9.6 4.7
    endloop
  endfacet
  facet normal 1 0 0
    outer loop
      vertex 1.6 1.6 1.2
      vertex 1.6 9.6 4.7
      vertex 1.6 9.36535 4.71847
    endloop
  endfacet
  facet normal 1 0 0
    outer loop
      vertex 1.6 1.6 1.2
      vertex 1.6 9.36535 4.71847
      vertex 1.6 9.13647 4.77341
    endloop
  endfacet
  facet normal 1 0 0
    outer loop
      vertex 1.6 8.11847 6.43465
      vertex 1.6 1.6 1.2
      vertex 1.6 8.1 6.2
    endloop
  endfacet
  facet normal 1 0 0
    outer loop
      vertex 1.6 8.1 6.2
      vertex 1.6 1.6 1.2
      vertex 1.6 8.11847 5.96535
    endloop
  endfacet
  facet normal 1 0 0
    outer loop
      vertex 1.6 8.11847 5.96535
      vertex 1.6 1.6 1.2
      vertex 1.6 8.17342 5.73647
    endloop
  endfacet
  facet normal 1 0 0
    outer loop
      vertex 1.6 8.17342 5.73647
      vertex 1.6 1.6 1.2
      vertex 1.6 8.26349 5.51901
    endloop
  endfacet
  facet normal 1 0 0
    outer loop
      vertex 1.6 8.26349 5.51901
      vertex 1.6 1.6 1.2
      vertex 1.6 8.38647 5.31832
    endloop
  endfacet
  facet normal 1 0 0
    outer loop
      vertex 1.6 9.83465 4.71847
      vertex 1.6 1.6 1.2
      vertex 1.6 23.6 1.2
    endloop
  endfacet
  facet normal 1 0 0
    outer loop
      vertex 1.6 8.91901 4.86349
      vertex 1.6 1.6 1.2
      vertex 1.6 9.13647 4.77341
    endloop
  endfacet
  facet normal 1 0 0
    outer loop
      vertex 1.6 8.71832 4.98647
      vertex 1.6 1.6 1.2
      vertex 1.6 8.91901 4.86349
    endloop
  endfacet
  facet normal 1 0 0
    outer loop
      vertex 1.6 8.53934 5.13934
      vertex 1.6 1.6 1.2
      vertex 1.6 8.71832 4.98647
    endloop
  endfacet
  facet normal 1 0 0
    outer loop
      vertex 1.6 8.38647 5.31832
      vertex 1.6 1.6 1.2
      vertex 1.6 8.53934 5.13934
    endloop
  endfacet
  facet normal 0 -1 0
    outer loop
      vertex 1.6 23.6 12.8
      vertex 16.6 23.6 7.95
      vertex 31.6 23.6 12.8
    endloop
  endfacet
  facet normal 0 -1 0
    outer loop
      vertex 1.6 23.6 12.8
      vertex 16.3262 23.6 7.92845
      vertex 16.6 23.6 7.95
    endloop
  endfacet
  facet normal 0 -1 0
    outer loop
      vertex 1.6 23.6 12.8
      vertex 16.0592 23.6 7.86435
      vertex 16.3262 23.6 7.92845
    endloop
  endfacet
  facet normal 0 -1 0
    outer loop
      vertex 1.6 23.6 12.8
      vertex 15.8055 23.6 7.75926
      vertex 16.0592 23.6 7.86435
    endloop
  endfacet
  facet normal 0 -1 0
    outer loop
      vertex 1.6 23.6 12.8
      vertex 15.5714 23.6 7.61578
      vertex 15.8055 23.6 7.75926
    endloop
  endfacet
  facet normal 0 -1 0
    outer loop
      vertex 1.6 23.6 12.8
      vertex 15.3626 23.6 7.43744
      vertex 15.5714 23.6 7.61578
    endloop
  endfacet
  facet normal 0 -1 0
    outer loop
      vertex 1.6 23.6 12.8
      vertex 15.1842 23.6 7.22862
      vertex 15.3626 23.6 7.43744
    endloop
  endfacet
  facet normal 0 -1 0
    outer loop
      vertex 1.6 23.6 12.8
      vertex 15.0407 23.6 6.99448
      vertex 15.1842 23.6 7.22862
    endloop
  endfacet
  facet normal 0 -1 0
    outer loop
      vertex 1.6 23.6 12.8
      vertex 14.9357 23.6 6.74078
      vertex 15.0407 23.6 6.99448
    endloop
  endfacet
  facet normal 0 -1 0
    outer loop
      vertex 1.6 23.6 12.8
      vertex 14.8715 23.6 6.47376
      vertex 14.9357 23.6 6.74078
    endloop
  endfacet
  facet normal 0 -1 0
    outer loop
      vertex 1.6 23.6 12.8
      vertex 14.85 23.6 6.2
      vertex 14.8715 23.6 6.47376
    endloop
  endfacet
  facet normal 0 -1 0
    outer loop
      vertex 1.6 23.6 1.2
      vertex 14.85 23.6 6.2
      vertex 1.6 23.6 12.8
    endloop
  endfacet
  facet normal 0 -1 -0
    outer loop
      vertex 14.85 23.6 6.2
      vertex 1.6 23.6 1.2
      vertex 14.8715 23.6 5.92624
    endloop
  endfacet
  facet normal 0 -1 -0
    outer loop
      vertex 14.8715 23.6 5.92624
      vertex 1.6 23.6 1.2
      vertex 14.9357 23.6 5.65922
    endloop
  endfacet
  facet normal 0 -1 -0
    outer loop
      vertex 14.9357 23.6 5.65922
      vertex 1.6 23.6 1.2
      vertex 15.0407 23.6 5.40552
    endloop
  endfacet
  facet normal 0 -1 -0
    outer loop
      vertex 15.0407 23.6 5.40552
      vertex 1.6 23.6 1.2
      vertex 15.1842 23.6 5.17138
    endloop
  endfacet
  facet normal 0 -1 -0
    outer loop
      vertex 15.1842 23.6 5.17138
      vertex 1.6 23.6 1.2
      vertex 15.3626 23.6 4.96256
    endloop
  endfacet
  facet normal 0 -1 -0
    outer loop
      vertex 15.3626 23.6 4.96256
      vertex 1.6 23.6 1.2
      vertex 15.5714 23.6 4.78422
    endloop
  endfacet
  facet normal 0 -1 -0
    outer loop
      vertex 16.3262 23.6 4.47155
      vertex 1.6 23.6 1.2
      vertex 16.6 23.6 4.45
    endloop
  endfacet
  facet normal 0 -1 -0
    outer loop
      vertex 16.0592 23.6 4.53565
      vertex 1.6 23.6 1.2
      vertex 16.3262 23.6 4.47155
    endloop
  endfacet
  facet normal 0 -1 -0
    outer loop
      vertex 15.8055 23.6 4.64074
      vertex 1.6 23.6 1.2
      vertex 16.0592 23.6 4.53565
    endloop
  endfacet
  facet normal 0 -1 -0
    outer loop
      vertex 15.5714 23.6 4.78422
      vertex 1.6 23.6 1.2
      vertex 15.8055 23.6 4.64074
    endloop
  endfacet
  facet normal 0 -1 0
    outer loop
      vertex 16.8738 23.6 7.92845
      vertex 31.6 23.6 12.8
      vertex 16.6 23.6 7.95
    endloop
  endfacet
  facet normal 0 -1 0
    outer loop
      vertex 17.1408 23.6 7.86435
      vertex 31.6 23.6 12.8
      vertex 16.8738 23.6 7.92845
    endloop
  endfacet
  facet normal 0 -1 0
    outer loop
      vertex 17.3945 23.6 7.75926
      vertex 31.6 23.6 12.8
      vertex 17.1408 23.6 7.86435
    endloop
  endfacet
  facet normal 0 -1 0
    outer loop
      vertex 17.6286 23.6 7.61578
      vertex 31.6 23.6 12.8
      vertex 17.3945 23.6 7.75926
    endloop
  endfacet
  facet normal 0 -1 0
    outer loop
      vertex 17.8374 23.6 7.43744
      vertex 31.6 23.6 12.8
      vertex 17.6286 23.6 7.61578
    endloop
  endfacet
  facet normal 0 -1 0
    outer loop
      vertex 18.0158 23.6 7.22862
      vertex 31.6 23.6 12.8
      vertex 17.8374 23.6 7.43744
    endloop
  endfacet
  facet normal 0 -1 0
    outer loop
      vertex 18.1593 23.6 6.99448
      vertex 31.6 23.6 12.8
      vertex 18.0158 23.6 7.22862
    endloop
  endfacet
  facet normal 0 -1 0
    outer loop
      vertex 18.2643 23.6 6.74078
      vertex 31.6 23.6 12.8
      vertex 18.1593 23.6 6.99448
    endloop
  endfacet
  facet normal 0 -1 0
    outer loop
      vertex 18.3285 23.6 6.47376
      vertex 31.6 23.6 12.8
      vertex 18.2643 23.6 6.74078
    endloop
  endfacet
  facet normal 0 -1 0
    outer loop
      vertex 18.35 23.6 6.2
      vertex 31.6 23.6 12.8
      vertex 18.3285 23.6 6.47376
    endloop
  endfacet
  facet normal 0 -1 0
    outer loop
      vertex 31.6 23.6 1.2
      vertex 18.35 23.6 6.2
      vertex 18.3285 23.6 5.92624
    endloop
  endfacet
  facet normal 0 -1 0
    outer loop
      vertex 31.6 23.6 1.2
      vertex 18.3285 23.6 5.92624
      vertex 18.2643 23.6 5.65922
    endloop
  endfacet
  facet normal 0 -1 0
    outer loop
      vertex 31.6 23.6 1.2
      vertex 18.2643 23.6 5.65922
      vertex 18.1593 23.6 5.40552
    endloop
  endfacet
  facet normal 0 -1 0
    outer loop
      vertex 31.6 23.6 1.2
      vertex 18.1593 23.6 5.40552
      vertex 18.0158 23.6 5.17138
    endloop
  endfacet
  facet normal 0 -1 0
    outer loop
      vertex 31.6 23.6 1.2
      vertex 18.0158 23.6 5.17138
      vertex 17.8374 23.6 4.96256
    endloop
  endfacet
  facet normal 0 -1 0
    outer loop
      vertex 31.6 23.6 1.2
      vertex 17.8374 23.6 4.96256
      vertex 17.6286 23.6 4.78422
    endloop
  endfacet
  facet normal 0 -1 0
    outer loop
      vertex 31.6 23.6 1.2
      vertex 17.6286 23.6 4.78422
      vertex 17.3945 23.6 4.64074
    endloop
  endfacet
  facet normal 0 -1 0
    outer loop
      vertex 31.6 23.6 1.2
      vertex 16.6 23.6 4.45
      vertex 1.6 23.6 1.2
    endloop
  endfacet
  facet normal 0 -1 0
    outer loop
      vertex 18.35 23.6 6.2
      vertex 31.6 23.6 1.2
      vertex 31.6 23.6 12.8
    endloop
  endfacet
  facet normal 0 -1 0
    outer loop
      vertex 17.1408 23.6 4.53565
      vertex 31.6 23.6 1.2
      vertex 17.3945 23.6 4.64074
    endloop
  endfacet
  facet normal 0 -1 0
    outer loop
      vertex 16.8738 23.6 4.47155
      vertex 31.6 23.6 1.2
      vertex 17.1408 23.6 4.53565
    endloop
  endfacet
  facet normal 0 -1 0
    outer loop
      vertex 16.6 23.6 4.45
      vertex 31.6 23.6 1.2
      vertex 16.8738 23.6 4.47155
    endloop
  endfacet
  facet normal 0 1 -0
    outer loop
      vertex 31.6 1.6 1.2
      vertex 1.6 1.6 12.8
      vertex 31.6 1.6 12.8
    endloop
  endfacet
  facet normal 0 1 0
    outer loop
      vertex 1.6 1.6 12.8
      vertex 31.6 1.6 1.2
      vertex 1.6 1.6 1.2
    endloop
  endfacet
  facet normal -1 0 0
    outer loop
      vertex 31.6 25.2 1.2
      vertex 31.6 41.2 12.8
      vertex 31.6 41.2 1.2
    endloop
  endfacet
  facet normal -1 -0 0
    outer loop
      vertex 31.6 41.2 12.8
      vertex 31.6 25.2 1.2
      vertex 31.6 25.2 12.8
    endloop
  endfacet
  facet normal 0 0 1
    outer loop
      vertex 30.3223 37.348 1.2
      vertex 31.6 41.2 1.2
      vertex 30.35 37.7 1.2
    endloop
  endfacet
  facet normal 0 0 1
    outer loop
      vertex 31.6 41.2 1.2
      vertex 30.3223 38.052 1.2
      vertex 30.35 37.7 1.2
    endloop
  endfacet
  facet normal 0 0 1
    outer loop
      vertex 31.6 41.2 1.2
      vertex 30.2399 38.3953 1.2
      vertex 30.3223 38.052 1.2
    endloop
  endfacet
  facet normal 0 0 1
    outer loop
      vertex 31.6 41.2 1.2
      vertex 30.1048 38.7215 1.2
      vertex 30.2399 38.3953 1.2
    endloop
  endfacet
  facet normal 0 0 1
    outer loop
      vertex 31.6 41.2 1.2
      vertex 29.9203 39.0225 1.2
      vertex 30.1048 38.7215 1.2
    endloop
  endfacet
  facet normal 0 0 1
    outer loop
      vertex 31.6 41.2 1.2
      vertex 29.691 39.291 1.2
      vertex 29.9203 39.0225 1.2
    endloop
  endfacet
  facet normal 0 0 1
    outer loop
      vertex 31.6 41.2 1.2
      vertex 29.4225 39.5203 1.2
      vertex 29.691 39.291 1.2
    endloop
  endfacet
  facet normal 0 0 1
    outer loop
      vertex 31.6 41.2 1.2
      vertex 29.1215 39.7048 1.2
      vertex 29.4225 39.5203 1.2
    endloop
  endfacet
  facet normal 0 0 1
    outer loop
      vertex 31.6 41.2 1.2
      vertex 28.7953 39.8399 1.2
      vertex 29.1215 39.7048 1.2
    endloop
  endfacet
  facet normal 0 0 1
    outer loop
      vertex 31.6 41.2 1.2
      vertex 28.452 39.9223 1.2
      vertex 28.7953 39.8399 1.2
    endloop
  endfacet
  facet normal 0 0 1
    outer loop
      vertex 31.6 41.2 1.2
      vertex 28.1 39.95 1.2
      vertex 28.452 39.9223 1.2
    endloop
  endfacet
  facet normal 0 0 1
    outer loop
      vertex 31.6 41.2 1.2
      vertex 27.748 39.9223 1.2
      vertex 28.1 39.95 1.2
    endloop
  endfacet
  facet normal 0 0 1
    outer loop
      vertex 31.6 41.2 1.2
      vertex 27.4047 39.8399 1.2
      vertex 27.748 39.9223 1.2
    endloop
  endfacet
  facet normal 0 0 1
    outer loop
      vertex 21.2518 36.5798 1.2
      vertex 25.85 37.7 1.2
      vertex 25.8777 38.052 1.2
    endloop
  endfacet
  facet normal 0 0 1
    outer loop
      vertex 20.6659 37.2659 1.2
      vertex 25.8777 38.052 1.2
      vertex 25.9601 38.3953 1.2
    endloop
  endfacet
  facet normal 0 0 1
    outer loop
      vertex 20.6659 37.2659 1.2
      vertex 25.9601 38.3953 1.2
      vertex 26.0952 38.7215 1.2
    endloop
  endfacet
  facet normal 0 0 1
    outer loop
      vertex 19.9798 37.8518 1.2
      vertex 26.0952 38.7215 1.2
      vertex 26.2797 39.0225 1.2
    endloop
  endfacet
  facet normal 0 0 1
    outer loop
      vertex 25.85 37.7 1.2
      vertex 22.2792 34.0995 1.2
      vertex 22.35 33.2 1.2
    endloop
  endfacet
  facet normal 0 0 1
    outer loop
      vertex 25.85 37.7 1.2
      vertex 22.0686 34.9768 1.2
      vertex 22.2792 34.0995 1.2
    endloop
  endfacet
  facet normal 0 0 1
    outer loop
      vertex 19.9798 37.8518 1.2
      vertex 26.2797 39.0225 1.2
      vertex 26.509 39.291 1.2
    endloop
  endfacet
  facet normal 0 0 1
    outer loop
      vertex 25.85 37.7 1.2
      vertex 21.7233 35.8104 1.2
      vertex 22.0686 34.9768 1.2
    endloop
  endfacet
  facet normal 0 0 1
    outer loop
      vertex 19.2104 38.3233 1.2
      vertex 26.509 39.291 1.2
      vertex 26.7775 39.5203 1.2
    endloop
  endfacet
  facet normal 0 0 1
    outer loop
      vertex 25.85 37.7 1.2
      vertex 21.2518 36.5798 1.2
      vertex 21.7233 35.8104 1.2
    endloop
  endfacet
  facet normal 0 0 1
    outer loop
      vertex 18.3768 38.6686 1.2
      vertex 26.7775 39.5203 1.2
      vertex 27.0785 39.7048 1.2
    endloop
  endfacet
  facet normal 0 0 1
    outer loop
      vertex 25.8777 38.052 1.2
      vertex 20.6659 37.2659 1.2
      vertex 21.2518 36.5798 1.2
    endloop
  endfacet
  facet normal 0 0 1
    outer loop
      vertex 17.4995 38.8792 1.2
      vertex 27.0785 39.7048 1.2
      vertex 27.4047 39.8399 1.2
    endloop
  endfacet
  facet normal 0 0 1
    outer loop
      vertex 26.0952 38.7215 1.2
      vertex 19.9798 37.8518 1.2
      vertex 20.6659 37.2659 1.2
    endloop
  endfacet
  facet normal 0 0 1
    outer loop
      vertex 16.6 38.95 1.2
      vertex 27.4047 39.8399 1.2
      vertex 31.6 41.2 1.2
    endloop
  endfacet
  facet normal 0 0 1
    outer loop
      vertex 26.509 39.291 1.2
      vertex 19.2104 38.3233 1.2
      vertex 19.9798 37.8518 1.2
    endloop
  endfacet
  facet normal 0 0 1
    outer loop
      vertex 26.7775 39.5203 1.2
      vertex 18.3768 38.6686 1.2
      vertex 19.2104 38.3233 1.2
    endloop
  endfacet
  facet normal 0 0 1
    outer loop
      vertex 27.0785 39.7048 1.2
      vertex 17.4995 38.8792 1.2
      vertex 18.3768 38.6686 1.2
    endloop
  endfacet
  facet normal 0 0 1
    outer loop
      vertex 27.4047 39.8399 1.2
      vertex 16.6 38.95 1.2
      vertex 17.4995 38.8792 1.2
    endloop
  endfacet
  facet normal -0 0 1
    outer loop
      vertex 1.6 41.2 1.2
      vertex 16.6 38.95 1.2
      vertex 31.6 41.2 1.2
    endloop
  endfacet
  facet normal 0 0 1
    outer loop
      vertex 10.9208 34.0995 1.2
      vertex 1.6 41.2 1.2
      vertex 10.85 33.2 1.2
    endloop
  endfacet
  facet normal 0 0 1
    outer loop
      vertex 11.1314 34.9768 1.2
      vertex 1.6 41.2 1.2
      vertex 10.9208 34.0995 1.2
    endloop
  endfacet
  facet normal 0 0 1
    outer loop
      vertex 11.4767 35.8104 1.2
      vertex 1.6 41.2 1.2
      vertex 11.1314 34.9768 1.2
    endloop
  endfacet
  facet normal 0 0 1
    outer loop
      vertex 11.9482 36.5798 1.2
      vertex 1.6 41.2 1.2
      vertex 11.4767 35.8104 1.2
    endloop
  endfacet
  facet normal 0 0 1
    outer loop
      vertex 12.5341 37.2659 1.2
      vertex 1.6 41.2 1.2
      vertex 11.9482 36.5798 1.2
    endloop
  endfacet
  facet normal 0 0 1
    outer loop
      vertex 13.2202 37.8518 1.2
      vertex 1.6 41.2 1.2
      vertex 12.5341 37.2659 1.2
    endloop
  endfacet
  facet normal 0 0 1
    outer loop
      vertex 13.9896 38.3233 1.2
      vertex 1.6 41.2 1.2
      vertex 13.2202 37.8518 1.2
    endloop
  endfacet
  facet normal 0 0 1
    outer loop
      vertex 14.8232 38.6686 1.2
      vertex 1.6 41.2 1.2
      vertex 13.9896 38.3233 1.2
    endloop
  endfacet
  facet normal 0 0 1
    outer loop
      vertex 15.7005 38.8792 1.2
      vertex 1.6 41.2 1.2
      vertex 14.8232 38.6686 1.2
    endloop
  endfacet
  facet normal 0 0 1
    outer loop
      vertex 16.6 38.95 1.2
      vertex 1.6 41.2 1.2
      vertex 15.7005 38.8792 1.2
    endloop
  endfacet
  facet normal 0 0 1
    outer loop
      vertex 31.6 41.2 1.2
      vertex 30.3223 37.348 1.2
      vertex 31.6 25.2 1.2
    endloop
  endfacet
  facet normal -0 0 1
    outer loop
      vertex 30.2399 37.0047 1.2
      vertex 31.6 25.2 1.2
      vertex 30.3223 37.348 1.2
    endloop
  endfacet
  facet normal -0 0 1
    outer loop
      vertex 30.1048 36.6785 1.2
      vertex 31.6 25.2 1.2
      vertex 30.2399 37.0047 1.2
    endloop
  endfacet
  facet normal -0 0 1
    outer loop
      vertex 29.9203 36.3775 1.2
      vertex 31.6 25.2 1.2
      vertex 30.1048 36.6785 1.2
    endloop
  endfacet
  facet normal -0 0 1
    outer loop
      vertex 29.691 36.109 1.2
      vertex 31.6 25.2 1.2
      vertex 29.9203 36.3775 1.2
    endloop
  endfacet
  facet normal -0 0 1
    outer loop
      vertex 29.4225 35.8797 1.2
      vertex 31.6 25.2 1.2
      vertex 29.691 36.109 1.2
    endloop
  endfacet
  facet normal -0 0 1
    outer loop
      vertex 29.1215 35.6952 1.2
      vertex 31.6 25.2 1.2
      vertex 29.4225 35.8797 1.2
    endloop
  endfacet
  facet normal -0 0 1
    outer loop
      vertex 28.7953 35.5601 1.2
      vertex 31.6 25.2 1.2
      vertex 29.1215 35.6952 1.2
    endloop
  endfacet
  facet normal -0 0 1
    outer loop
      vertex 28.452 35.4777 1.2
      vertex 31.6 25.2 1.2
      vertex 28.7953 35.5601 1.2
    endloop
  endfacet
  facet normal -0 0 1
    outer loop
      vertex 28.1 35.45 1.2
      vertex 31.6 25.2 1.2
      vertex 28.452 35.4777 1.2
    endloop
  endfacet
  facet normal 0 0 1
    outer loop
      vertex 22.0686 31.4232 1.2
      vertex 28.1 35.45 1.2
      vertex 27.748 35.4777 1.2
    endloop
  endfacet
  facet normal 0 0 1
    outer loop
      vertex 22.2792 32.3005 1.2
      vertex 27.748 35.4777 1.2
      vertex 27.4047 35.5601 1.2
    endloop
  endfacet
  facet normal 0 0 1
    outer loop
      vertex 22.2792 32.3005 1.2
      vertex 27.4047 35.5601 1.2
      vertex 27.0785 35.6952 1.2
    endloop
  endfacet
  facet normal 0 0 1
    outer loop
      vertex 22.35 33.2 1.2
      vertex 27.0785 35.6952 1.2
      vertex 26.7775 35.8797 1.2
    endloop
  endfacet
  facet normal 0 0 1
    outer loop
      vertex 22.35 33.2 1.2
      vertex 26.7775 35.8797 1.2
      vertex 26.509 36.109 1.2
    endloop
  endfacet
  facet normal 0 0 1
    outer loop
      vertex 22.35 33.2 1.2
      vertex 26.509 36.109 1.2
      vertex 26.2797 36.3775 1.2
    endloop
  endfacet
  facet normal 0 0 1
    outer loop
      vertex 22.35 33.2 1.2
      vertex 26.2797 36.3775 1.2
      vertex 26.0952 36.6785 1.2
    endloop
  endfacet
  facet normal 0 0 1
    outer loop
      vertex 22.35 33.2 1.2
      vertex 25.8777 37.348 1.2
      vertex 25.85 37.7 1.2
    endloop
  endfacet
  facet normal 0 0 1
    outer loop
      vertex 22.35 33.2 1.2
      vertex 25.9601 37.0047 1.2
      vertex 25.8777 37.348 1.2
    endloop
  endfacet
  facet normal 0 0 1
    outer loop
      vertex 22.35 33.2 1.2
      vertex 26.0952 36.6785 1.2
      vertex 25.9601 37.0047 1.2
    endloop
  endfacet
  facet normal 0 0 1
    outer loop
      vertex 27.0785 35.6952 1.2
      vertex 22.35 33.2 1.2
      vertex 22.2792 32.3005 1.2
    endloop
  endfacet
  facet normal 0 0 1
    outer loop
      vertex 27.748 35.4777 1.2
      vertex 22.2792 32.3005 1.2
      vertex 22.0686 31.4232 1.2
    endloop
  endfacet
  facet normal 0 0 1
    outer loop
      vertex 28.1 35.45 1.2
      vertex 22.0686 31.4232 1.2
      vertex 31.6 25.2 1.2
    endloop
  endfacet
  facet normal -0 0 1
    outer loop
      vertex 21.7233 30.5896 1.2
      vertex 31.6 25.2 1.2
      vertex 22.0686 31.4232 1.2
    endloop
  endfacet
  facet normal -0 0 1
    outer loop
      vertex 21.2518 29.8202 1.2
      vertex 31.6 25.2 1.2
      vertex 21.7233 30.5896 1.2
    endloop
  endfacet
  facet normal -0 0 1
    outer loop
      vertex 20.6659 29.1341 1.2
      vertex 31.6 25.2 1.2
      vertex 21.2518 29.8202 1.2
    endloop
  endfacet
  facet normal -0 0 1
    outer loop
      vertex 19.9798 28.5482 1.2
      vertex 31.6 25.2 1.2
      vertex 20.6659 29.1341 1.2
    endloop
  endfacet
  facet normal -0 0 1
    outer loop
      vertex 19.2104 28.0767 1.2
      vertex 31.6 25.2 1.2
      vertex 19.9798 28.5482 1.2
    endloop
  endfacet
  facet normal -0 0 1
    outer loop
      vertex 18.3768 27.7314 1.2
      vertex 31.6 25.2 1.2
      vertex 19.2104 28.0767 1.2
    endloop
  endfacet
  facet normal -0 0 1
    outer loop
      vertex 17.4995 27.5208 1.2
      vertex 31.6 25.2 1.2
      vertex 18.3768 27.7314 1.2
    endloop
  endfacet
  facet normal -0 0 1
    outer loop
      vertex 16.6 27.45 1.2
      vertex 31.6 25.2 1.2
      vertex 17.4995 27.5208 1.2
    endloop
  endfacet
  facet normal 0 0 1
    outer loop
      vertex 1.6 25.2 1.2
      vertex 16.6 27.45 1.2
      vertex 15.7005 27.5208 1.2
    endloop
  endfacet
  facet normal 0 0 1
    outer loop
      vertex 1.6 25.2 1.2
      vertex 10.85 33.2 1.2
      vertex 1.6 41.2 1.2
    endloop
  endfacet
  facet normal 0 0 1
    outer loop
      vertex 10.85 33.2 1.2
      vertex 1.6 25.2 1.2
      vertex 10.9208 32.3005 1.2
    endloop
  endfacet
  facet normal 0 0 1
    outer loop
      vertex 10.9208 32.3005 1.2
      vertex 1.6 25.2 1.2
      vertex 11.1314 31.4232 1.2
    endloop
  endfacet
  facet normal 0 0 1
    outer loop
      vertex 11.1314 31.4232 1.2
      vertex 1.6 25.2 1.2
      vertex 11.4767 30.5896 1.2
    endloop
  endfacet
  facet normal 0 0 1
    outer loop
      vertex 11.4767 30.5896 1.2
      vertex 1.6 25.2 1.2
      vertex 11.9482 29.8202 1.2
    endloop
  endfacet
  facet normal 0 0 1
    outer loop
      vertex 16.6 27.45 1.2
      vertex 1.6 25.2 1.2
      vertex 31.6 25.2 1.2
    endloop
  endfacet
  facet normal 0 0 1
    outer loop
      vertex 14.8232 27.7314 1.2
      vertex 1.6 25.2 1.2
      vertex 15.7005 27.5208 1.2
    endloop
  endfacet
  facet normal 0 0 1
    outer loop
      vertex 13.9896 28.0767 1.2
      vertex 1.6 25.2 1.2
      vertex 14.8232 27.7314 1.2
    endloop
  endfacet
  facet normal 0 0 1
    outer loop
      vertex 13.2202 28.5482 1.2
      vertex 1.6 25.2 1.2
      vertex 13.9896 28.0767 1.2
    endloop
  endfacet
  facet normal 0 0 1
    outer loop
      vertex 12.5341 29.1341 1.2
      vertex 1.6 25.2 1.2
      vertex 13.2202 28.5482 1.2
    endloop
  endfacet
  facet normal 0 0 1
    outer loop
      vertex 11.9482 29.8202 1.2
      vertex 1.6 25.2 1.2
      vertex 12.5341 29.1341 1.2
    endloop
  endfacet
  facet normal 1 -0 0
    outer loop
      vertex 1.6 25.2 12.8
      vertex 1.6 41.2 1.2
      vertex 1.6 41.2 12.8
    endloop
  endfacet
  facet normal 1 0 0
    outer loop
      vertex 1.6 41.2 1.2
      vertex 1.6 25.2 12.8
      vertex 1.6 25.2 1.2
    endloop
  endfacet
  facet normal 0 -1 0
    outer loop
      vertex 1.6 41.2 1.2
      vertex 31.6 41.2 12.8
      vertex 1.6 41.2 12.8
    endloop
  endfacet
  facet normal 0 -1 -0
    outer loop
      vertex 31.6 41.2 12.8
      vertex 1.6 41.2 1.2
      vertex 31.6 41.2 1.2
    endloop
  endfacet
  facet normal 0 1 0
    outer loop
      vertex 31.6 25.2 12.8
      vertex 16.6 25.2 7.95
      vertex 1.6 25.2 12.8
    endloop
  endfacet
  facet normal 0 1 0
    outer loop
      vertex 31.6 25.2 12.8
      vertex 16.8738 25.2 7.92845
      vertex 16.6 25.2 7.95
    endloop
  endfacet
  facet normal 0 1 0
    outer loop
      vertex 31.6 25.2 12.8
      vertex 17.1408 25.2 7.86435
      vertex 16.8738 25.2 7.92845
    endloop
  endfacet
  facet normal 0 1 0
    outer loop
      vertex 31.6 25.2 12.8
      vertex 17.3945 25.2 7.75926
      vertex 17.1408 25.2 7.86435
    endloop
  endfacet
  facet normal 0 1 0
    outer loop
      vertex 31.6 25.2 12.8
      vertex 17.6286 25.2 7.61578
      vertex 17.3945 25.2 7.75926
    endloop
  endfacet
  facet normal 0 1 0
    outer loop
      vertex 31.6 25.2 12.8
      vertex 17.8374 25.2 7.43744
      vertex 17.6286 25.2 7.61578
    endloop
  endfacet
  facet normal 0 1 0
    outer loop
      vertex 31.6 25.2 12.8
      vertex 18.0158 25.2 7.22862
      vertex 17.8374 25.2 7.43744
    endloop
  endfacet
  facet normal 0 1 0
    outer loop
      vertex 31.6 25.2 12.8
      vertex 18.1593 25.2 6.99448
      vertex 18.0158 25.2 7.22862
    endloop
  endfacet
  facet normal 0 1 0
    outer loop
      vertex 31.6 25.2 12.8
      vertex 18.2643 25.2 6.74078
      vertex 18.1593 25.2 6.99448
    endloop
  endfacet
  facet normal 0 1 0
    outer loop
      vertex 31.6 25.2 12.8
      vertex 18.3285 25.2 6.47376
      vertex 18.2643 25.2 6.74078
    endloop
  endfacet
  facet normal 0 1 0
    outer loop
      vertex 31.6 25.2 12.8
      vertex 18.35 25.2 6.2
      vertex 18.3285 25.2 6.47376
    endloop
  endfacet
  facet normal 0 1 -0
    outer loop
      vertex 31.6 25.2 1.2
      vertex 18.35 25.2 6.2
      vertex 31.6 25.2 12.8
    endloop
  endfacet
  facet normal 0 1 0
    outer loop
      vertex 18.35 25.2 6.2
      vertex 31.6 25.2 1.2
      vertex 18.3285 25.2 5.92624
    endloop
  endfacet
  facet normal 0 1 0
    outer loop
      vertex 18.3285 25.2 5.92624
      vertex 31.6 25.2 1.2
      vertex 18.2643 25.2 5.65922
    endloop
  endfacet
  facet normal 0 1 0
    outer loop
      vertex 18.2643 25.2 5.65922
      vertex 31.6 25.2 1.2
      vertex 18.1593 25.2 5.40552
    endloop
  endfacet
  facet normal 0 1 0
    outer loop
      vertex 18.1593 25.2 5.40552
      vertex 31.6 25.2 1.2
      vertex 18.0158 25.2 5.17138
    endloop
  endfacet
  facet normal 0 1 0
    outer loop
      vertex 18.0158 25.2 5.17138
      vertex 31.6 25.2 1.2
      vertex 17.8374 25.2 4.96256
    endloop
  endfacet
  facet normal 0 1 0
    outer loop
      vertex 17.8374 25.2 4.96256
      vertex 31.6 25.2 1.2
      vertex 17.6286 25.2 4.78422
    endloop
  endfacet
  facet normal 0 1 0
    outer loop
      vertex 16.8738 25.2 4.47155
      vertex 31.6 25.2 1.2
      vertex 16.6 25.2 4.45
    endloop
  endfacet
  facet normal 0 1 0
    outer loop
      vertex 17.1408 25.2 4.53565
      vertex 31.6 25.2 1.2
      vertex 16.8738 25.2 4.47155
    endloop
  endfacet
  facet normal 0 1 0
    outer loop
      vertex 17.3945 25.2 4.64074
      vertex 31.6 25.2 1.2
      vertex 17.1408 25.2 4.53565
    endloop
  endfacet
  facet normal 0 1 0
    outer loop
      vertex 17.6286 25.2 4.78422
      vertex 31.6 25.2 1.2
      vertex 17.3945 25.2 4.64074
    endloop
  endfacet
  facet normal 0 1 -0
    outer loop
      vertex 16.3262 25.2 7.92845
      vertex 1.6 25.2 12.8
      vertex 16.6 25.2 7.95
    endloop
  endfacet
  facet normal 0 1 -0
    outer loop
      vertex 16.0592 25.2 7.86435
      vertex 1.6 25.2 12.8
      vertex 16.3262 25.2 7.92845
    endloop
  endfacet
  facet normal 0 1 -0
    outer loop
      vertex 15.8055 25.2 7.75926
      vertex 1.6 25.2 12.8
      vertex 16.0592 25.2 7.86435
    endloop
  endfacet
  facet normal 0 1 -0
    outer loop
      vertex 15.5714 25.2 7.61578
      vertex 1.6 25.2 12.8
      vertex 15.8055 25.2 7.75926
    endloop
  endfacet
  facet normal 0 1 -0
    outer loop
      vertex 15.3626 25.2 7.43744
      vertex 1.6 25.2 12.8
      vertex 15.5714 25.2 7.61578
    endloop
  endfacet
  facet normal 0 1 -0
    outer loop
      vertex 15.1842 25.2 7.22862
      vertex 1.6 25.2 12.8
      vertex 15.3626 25.2 7.43744
    endloop
  endfacet
  facet normal 0 1 -0
    outer loop
      vertex 15.0407 25.2 6.99448
      vertex 1.6 25.2 12.8
      vertex 15.1842 25.2 7.22862
    endloop
  endfacet
  facet normal 0 1 -0
    outer loop
      vertex 14.9357 25.2 6.74078
      vertex 1.6 25.2 12.8
      vertex 15.0407 25.2 6.99448
    endloop
  endfacet
  facet normal 0 1 -0
    outer loop
      vertex 14.8715 25.2 6.47376
      vertex 1.6 25.2 12.8
      vertex 14.9357 25.2 6.74078
    endloop
  endfacet
  facet normal 0 1 -0
    outer loop
      vertex 14.85 25.2 6.2
      vertex 1.6 25.2 12.8
      vertex 14.8715 25.2 6.47376
    endloop
  endfacet
  facet normal 0 1 0
    outer loop
      vertex 1.6 25.2 1.2
      vertex 14.85 25.2 6.2
      vertex 14.8715 25.2 5.92624
    endloop
  endfacet
  facet normal 0 1 0
    outer loop
      vertex 1.6 25.2 1.2
      vertex 14.8715 25.2 5.92624
      vertex 14.9357 25.2 5.65922
    endloop
  endfacet
  facet normal 0 1 0
    outer loop
      vertex 1.6 25.2 1.2
      vertex 14.9357 25.2 5.65922
      vertex 15.0407 25.2 5.40552
    endloop
  endfacet
  facet normal 0 1 0
    outer loop
      vertex 1.6 25.2 1.2
      vertex 15.0407 25.2 5.40552
      vertex 15.1842 25.2 5.17138
    endloop
  endfacet
  facet normal 0 1 0
    outer loop
      vertex 1.6 25.2 1.2
      vertex 15.1842 25.2 5.17138
      vertex 15.3626 25.2 4.96256
    endloop
  endfacet
  facet normal 0 1 0
    outer loop
      vertex 1.6 25.2 1.2
      vertex 15.3626 25.2 4.96256
      vertex 15.5714 25.2 4.78422
    endloop
  endfacet
  facet normal 0 1 0
    outer loop
      vertex 1.6 25.2 1.2
      vertex 15.5714 25.2 4.78422
      vertex 15.8055 25.2 4.64074
    endloop
  endfacet
  facet normal 0 1 0
    outer loop
      vertex 1.6 25.2 1.2
      vertex 16.6 25.2 4.45
      vertex 31.6 25.2 1.2
    endloop
  endfacet
  facet normal 0 1 0
    outer loop
      vertex 14.85 25.2 6.2
      vertex 1.6 25.2 1.2
      vertex 1.6 25.2 12.8
    endloop
  endfacet
  facet normal 0 1 0
    outer loop
      vertex 16.0592 25.2 4.53565
      vertex 1.6 25.2 1.2
      vertex 15.8055 25.2 4.64074
    endloop
  endfacet
  facet normal 0 1 0
    outer loop
      vertex 16.3262 25.2 4.47155
      vertex 1.6 25.2 1.2
      vertex 16.0592 25.2 4.53565
    endloop
  endfacet
  facet normal 0 1 0
    outer loop
      vertex 16.6 25.2 4.45
      vertex 1.6 25.2 1.2
      vertex 16.3262 25.2 4.47155
    endloop
  endfacet
  facet normal -0.972292 0 -0.23377
    outer loop
      vertex 18.3285 23.6 6.47376
      vertex 18.2643 25.2 6.74078
      vertex 18.3285 25.2 6.47376
    endloop
  endfacet
  facet normal -0.972292 -0 -0.23377
    outer loop
      vertex 18.2643 25.2 6.74078
      vertex 18.3285 23.6 6.47376
      vertex 18.2643 23.6 6.74078
    endloop
  endfacet
  facet normal -0.99693 0 -0.0782949
    outer loop
      vertex 18.35 23.6 6.2
      vertex 18.3285 25.2 6.47376
      vertex 18.35 25.2 6.2
    endloop
  endfacet
  facet normal -0.99693 -0 -0.0782949
    outer loop
      vertex 18.3285 25.2 6.47376
      vertex 18.35 23.6 6.2
      vertex 18.3285 23.6 6.47376
    endloop
  endfacet
  facet normal 0.233442 0 0.972371
    outer loop
      vertex 16.0592 25.2 4.53565
      vertex 16.3262 23.6 4.47155
      vertex 16.3262 25.2 4.47155
    endloop
  endfacet
  facet normal 0.233442 0 0.972371
    outer loop
      vertex 16.3262 23.6 4.47155
      vertex 16.0592 25.2 4.53565
      vertex 16.0592 23.6 4.53565
    endloop
  endfacet
  facet normal 0.52256 0 0.852602
    outer loop
      vertex 15.5714 25.2 4.78422
      vertex 15.8055 23.6 4.64074
      vertex 15.8055 25.2 4.64074
    endloop
  endfacet
  facet normal 0.52256 0 0.852602
    outer loop
      vertex 15.8055 23.6 4.64074
      vertex 15.5714 25.2 4.78422
      vertex 15.5714 23.6 4.78422
    endloop
  endfacet
  facet normal -0.972292 0 0.23377
    outer loop
      vertex 18.2643 23.6 5.65922
      vertex 18.3285 25.2 5.92624
      vertex 18.2643 25.2 5.65922
    endloop
  endfacet
  facet normal -0.972292 0 0.23377
    outer loop
      vertex 18.3285 25.2 5.92624
      vertex 18.2643 23.6 5.65922
      vertex 18.3285 23.6 5.92624
    endloop
  endfacet
  facet normal 0.382696 0 0.923874
    outer loop
      vertex 15.8055 25.2 4.64074
      vertex 16.0592 23.6 4.53565
      vertex 16.0592 25.2 4.53565
    endloop
  endfacet
  facet normal 0.382696 0 0.923874
    outer loop
      vertex 16.0592 23.6 4.53565
      vertex 15.8055 25.2 4.64074
      vertex 15.8055 23.6 4.64074
    endloop
  endfacet
  facet normal 0.52256 0 -0.852602
    outer loop
      vertex 15.5714 23.6 7.61578
      vertex 15.8055 25.2 7.75926
      vertex 15.8055 23.6 7.75926
    endloop
  endfacet
  facet normal 0.52256 0 -0.852602
    outer loop
      vertex 15.8055 25.2 7.75926
      vertex 15.5714 23.6 7.61578
      vertex 15.5714 25.2 7.61578
    endloop
  endfacet
  facet normal 0.85261 -0 0.522548
    outer loop
      vertex 15.0407 23.6 5.40552
      vertex 15.1842 25.2 5.17138
      vertex 15.0407 25.2 5.40552
    endloop
  endfacet
  facet normal 0.85261 0 0.522548
    outer loop
      vertex 15.1842 25.2 5.17138
      vertex 15.0407 23.6 5.40552
      vertex 15.1842 23.6 5.17138
    endloop
  endfacet
  facet normal -0.233442 0 0.972371
    outer loop
      vertex 16.8738 25.2 4.47155
      vertex 17.1408 23.6 4.53565
      vertex 17.1408 25.2 4.53565
    endloop
  endfacet
  facet normal -0.233442 0 0.972371
    outer loop
      vertex 17.1408 23.6 4.53565
      vertex 16.8738 25.2 4.47155
      vertex 16.8738 23.6 4.47155
    endloop
  endfacet
  facet normal 0.85261 0 -0.522548
    outer loop
      vertex 15.1842 23.6 7.22862
      vertex 15.0407 25.2 6.99448
      vertex 15.1842 25.2 7.22862
    endloop
  endfacet
  facet normal 0.85261 0 -0.522548
    outer loop
      vertex 15.0407 25.2 6.99448
      vertex 15.1842 23.6 7.22862
      vertex 15.0407 23.6 6.99448
    endloop
  endfacet
  facet normal -0.649465 0 -0.760392
    outer loop
      vertex 17.6286 23.6 7.61578
      vertex 17.8374 25.2 7.43744
      vertex 17.8374 23.6 7.43744
    endloop
  endfacet
  facet normal -0.649465 0 -0.760392
    outer loop
      vertex 17.8374 25.2 7.43744
      vertex 17.6286 23.6 7.61578
      vertex 17.6286 25.2 7.61578
    endloop
  endfacet
  facet normal 0.382696 0 -0.923874
    outer loop
      vertex 15.8055 23.6 7.75926
      vertex 16.0592 25.2 7.86435
      vertex 16.0592 23.6 7.86435
    endloop
  endfacet
  facet normal 0.382696 0 -0.923874
    outer loop
      vertex 16.0592 25.2 7.86435
      vertex 15.8055 23.6 7.75926
      vertex 15.8055 25.2 7.75926
    endloop
  endfacet
  facet normal 0.972292 -0 0.23377
    outer loop
      vertex 14.8715 23.6 5.92624
      vertex 14.9357 25.2 5.65922
      vertex 14.8715 25.2 5.92624
    endloop
  endfacet
  facet normal 0.972292 0 0.23377
    outer loop
      vertex 14.9357 25.2 5.65922
      vertex 14.8715 23.6 5.92624
      vertex 14.9357 23.6 5.65922
    endloop
  endfacet
  facet normal -0.92399 0 -0.382416
    outer loop
      vertex 18.2643 23.6 6.74078
      vertex 18.1593 25.2 6.99448
      vertex 18.2643 25.2 6.74078
    endloop
  endfacet
  facet normal -0.92399 -0 -0.382416
    outer loop
      vertex 18.1593 25.2 6.99448
      vertex 18.2643 23.6 6.74078
      vertex 18.1593 23.6 6.99448
    endloop
  endfacet
  facet normal 0.972292 0 -0.23377
    outer loop
      vertex 14.9357 23.6 6.74078
      vertex 14.8715 25.2 6.47376
      vertex 14.9357 25.2 6.74078
    endloop
  endfacet
  facet normal 0.972292 0 -0.23377
    outer loop
      vertex 14.8715 25.2 6.47376
      vertex 14.9357 23.6 6.74078
      vertex 14.8715 23.6 6.47376
    endloop
  endfacet
  facet normal -0.52256 0 0.852602
    outer loop
      vertex 17.3945 25.2 4.64074
      vertex 17.6286 23.6 4.78422
      vertex 17.6286 25.2 4.78422
    endloop
  endfacet
  facet normal -0.52256 0 0.852602
    outer loop
      vertex 17.6286 23.6 4.78422
      vertex 17.3945 25.2 4.64074
      vertex 17.3945 23.6 4.64074
    endloop
  endfacet
  facet normal -0.0784644 0 -0.996917
    outer loop
      vertex 16.6 23.6 7.95
      vertex 16.8738 25.2 7.92845
      vertex 16.8738 23.6 7.92845
    endloop
  endfacet
  facet normal -0.0784644 0 -0.996917
    outer loop
      vertex 16.8738 25.2 7.92845
      vertex 16.6 23.6 7.95
      vertex 16.6 25.2 7.95
    endloop
  endfacet
  facet normal -0.92399 0 0.382416
    outer loop
      vertex 18.1593 23.6 5.40552
      vertex 18.2643 25.2 5.65922
      vertex 18.1593 25.2 5.40552
    endloop
  endfacet
  facet normal -0.92399 0 0.382416
    outer loop
      vertex 18.2643 25.2 5.65922
      vertex 18.1593 23.6 5.40552
      vertex 18.2643 23.6 5.65922
    endloop
  endfacet
  facet normal -0.649465 0 0.760392
    outer loop
      vertex 17.6286 25.2 4.78422
      vertex 17.8374 23.6 4.96256
      vertex 17.8374 25.2 4.96256
    endloop
  endfacet
  facet normal -0.649465 0 0.760392
    outer loop
      vertex 17.8374 23.6 4.96256
      vertex 17.6286 25.2 4.78422
      vertex 17.6286 23.6 4.78422
    endloop
  endfacet
  facet normal -0.85261 0 -0.522548
    outer loop
      vertex 18.1593 23.6 6.99448
      vertex 18.0158 25.2 7.22862
      vertex 18.1593 25.2 6.99448
    endloop
  endfacet
  facet normal -0.85261 -0 -0.522548
    outer loop
      vertex 18.0158 25.2 7.22862
      vertex 18.1593 23.6 6.99448
      vertex 18.0158 23.6 7.22862
    endloop
  endfacet
  facet normal -0.0784644 0 0.996917
    outer loop
      vertex 16.6 25.2 4.45
      vertex 16.8738 23.6 4.47155
      vertex 16.8738 25.2 4.47155
    endloop
  endfacet
  facet normal -0.0784644 0 0.996917
    outer loop
      vertex 16.8738 23.6 4.47155
      vertex 16.6 25.2 4.45
      vertex 16.6 23.6 4.45
    endloop
  endfacet
  facet normal -0.760314 0 0.649555
    outer loop
      vertex 17.8374 23.6 4.96256
      vertex 18.0158 25.2 5.17138
      vertex 17.8374 25.2 4.96256
    endloop
  endfacet
  facet normal -0.760314 0 0.649555
    outer loop
      vertex 18.0158 25.2 5.17138
      vertex 17.8374 23.6 4.96256
      vertex 18.0158 23.6 5.17138
    endloop
  endfacet
  facet normal -0.760314 0 -0.649555
    outer loop
      vertex 18.0158 23.6 7.22862
      vertex 17.8374 25.2 7.43744
      vertex 18.0158 25.2 7.22862
    endloop
  endfacet
  facet normal -0.760314 -0 -0.649555
    outer loop
      vertex 17.8374 25.2 7.43744
      vertex 18.0158 23.6 7.22862
      vertex 17.8374 23.6 7.43744
    endloop
  endfacet
  facet normal 0.92399 -0 0.382416
    outer loop
      vertex 14.9357 23.6 5.65922
      vertex 15.0407 25.2 5.40552
      vertex 14.9357 25.2 5.65922
    endloop
  endfacet
  facet normal 0.92399 0 0.382416
    outer loop
      vertex 15.0407 25.2 5.40552
      vertex 14.9357 23.6 5.65922
      vertex 15.0407 23.6 5.40552
    endloop
  endfacet
  facet normal -0.52256 0 -0.852602
    outer loop
      vertex 17.3945 23.6 7.75926
      vertex 17.6286 25.2 7.61578
      vertex 17.6286 23.6 7.61578
    endloop
  endfacet
  facet normal -0.52256 0 -0.852602
    outer loop
      vertex 17.6286 25.2 7.61578
      vertex 17.3945 23.6 7.75926
      vertex 17.3945 25.2 7.75926
    endloop
  endfacet
  facet normal -0.85261 0 0.522548
    outer loop
      vertex 18.0158 23.6 5.17138
      vertex 18.1593 25.2 5.40552
      vertex 18.0158 25.2 5.17138
    endloop
  endfacet
  facet normal -0.85261 0 0.522548
    outer loop
      vertex 18.1593 25.2 5.40552
      vertex 18.0158 23.6 5.17138
      vertex 18.1593 23.6 5.40552
    endloop
  endfacet
  facet normal 0.92399 0 -0.382416
    outer loop
      vertex 15.0407 23.6 6.99448
      vertex 14.9357 25.2 6.74078
      vertex 15.0407 25.2 6.99448
    endloop
  endfacet
  facet normal 0.92399 0 -0.382416
    outer loop
      vertex 14.9357 25.2 6.74078
      vertex 15.0407 23.6 6.99448
      vertex 14.9357 23.6 6.74078
    endloop
  endfacet
  facet normal 0.233442 0 -0.972371
    outer loop
      vertex 16.0592 23.6 7.86435
      vertex 16.3262 25.2 7.92845
      vertex 16.3262 23.6 7.92845
    endloop
  endfacet
  facet normal 0.233442 0 -0.972371
    outer loop
      vertex 16.3262 25.2 7.92845
      vertex 16.0592 23.6 7.86435
      vertex 16.0592 25.2 7.86435
    endloop
  endfacet
  facet normal 0.760314 0 -0.649555
    outer loop
      vertex 15.3626 23.6 7.43744
      vertex 15.1842 25.2 7.22862
      vertex 15.3626 25.2 7.43744
    endloop
  endfacet
  facet normal 0.760314 0 -0.649555
    outer loop
      vertex 15.1842 25.2 7.22862
      vertex 15.3626 23.6 7.43744
      vertex 15.1842 23.6 7.22862
    endloop
  endfacet
  facet normal -0.99693 0 0.0782949
    outer loop
      vertex 18.3285 23.6 5.92624
      vertex 18.35 25.2 6.2
      vertex 18.3285 25.2 5.92624
    endloop
  endfacet
  facet normal -0.99693 0 0.0782949
    outer loop
      vertex 18.35 25.2 6.2
      vertex 18.3285 23.6 5.92624
      vertex 18.35 23.6 6.2
    endloop
  endfacet
  facet normal -0.382696 0 0.923874
    outer loop
      vertex 17.1408 25.2 4.53565
      vertex 17.3945 23.6 4.64074
      vertex 17.3945 25.2 4.64074
    endloop
  endfacet
  facet normal -0.382696 0 0.923874
    outer loop
      vertex 17.3945 23.6 4.64074
      vertex 17.1408 25.2 4.53565
      vertex 17.1408 23.6 4.53565
    endloop
  endfacet
  facet normal 0.760314 -0 0.649555
    outer loop
      vertex 15.1842 23.6 5.17138
      vertex 15.3626 25.2 4.96256
      vertex 15.1842 25.2 5.17138
    endloop
  endfacet
  facet normal 0.760314 0 0.649555
    outer loop
      vertex 15.3626 25.2 4.96256
      vertex 15.1842 23.6 5.17138
      vertex 15.3626 23.6 4.96256
    endloop
  endfacet
  facet normal 0.649465 0 0.760392
    outer loop
      vertex 15.3626 25.2 4.96256
      vertex 15.5714 23.6 4.78422
      vertex 15.5714 25.2 4.78422
    endloop
  endfacet
  facet normal 0.649465 0 0.760392
    outer loop
      vertex 15.5714 23.6 4.78422
      vertex 15.3626 25.2 4.96256
      vertex 15.3626 23.6 4.96256
    endloop
  endfacet
  facet normal 0.0784644 0 0.996917
    outer loop
      vertex 16.3262 25.2 4.47155
      vertex 16.6 23.6 4.45
      vertex 16.6 25.2 4.45
    endloop
  endfacet
  facet normal 0.0784644 0 0.996917
    outer loop
      vertex 16.6 23.6 4.45
      vertex 16.3262 25.2 4.47155
      vertex 16.3262 23.6 4.47155
    endloop
  endfacet
  facet normal -0.233442 0 -0.972371
    outer loop
      vertex 16.8738 23.6 7.92845
      vertex 17.1408 25.2 7.86435
      vertex 17.1408 23.6 7.86435
    endloop
  endfacet
  facet normal -0.233442 0 -0.972371
    outer loop
      vertex 17.1408 25.2 7.86435
      vertex 16.8738 23.6 7.92845
      vertex 16.8738 25.2 7.92845
    endloop
  endfacet
  facet normal -0.382696 0 -0.923874
    outer loop
      vertex 17.1408 23.6 7.86435
      vertex 17.3945 25.2 7.75926
      vertex 17.3945 23.6 7.75926
    endloop
  endfacet
  facet normal -0.382696 0 -0.923874
    outer loop
      vertex 17.3945 25.2 7.75926
      vertex 17.1408 23.6 7.86435
      vertex 17.1408 25.2 7.86435
    endloop
  endfacet
  facet normal 0.99693 0 -0.0782949
    outer loop
      vertex 14.8715 23.6 6.47376
      vertex 14.85 25.2 6.2
      vertex 14.8715 25.2 6.47376
    endloop
  endfacet
  facet normal 0.99693 0 -0.0782949
    outer loop
      vertex 14.85 25.2 6.2
      vertex 14.8715 23.6 6.47376
      vertex 14.85 23.6 6.2
    endloop
  endfacet
  facet normal 0.0784644 0 -0.996917
    outer loop
      vertex 16.3262 23.6 7.92845
      vertex 16.6 25.2 7.95
      vertex 16.6 23.6 7.95
    endloop
  endfacet
  facet normal 0.0784644 0 -0.996917
    outer loop
      vertex 16.6 25.2 7.95
      vertex 16.3262 23.6 7.92845
      vertex 16.3262 25.2 7.92845
    endloop
  endfacet
  facet normal 0.649465 0 -0.760392
    outer loop
      vertex 15.3626 23.6 7.43744
      vertex 15.5714 25.2 7.61578
      vertex 15.5714 23.6 7.61578
    endloop
  endfacet
  facet normal 0.649465 0 -0.760392
    outer loop
      vertex 15.5714 25.2 7.61578
      vertex 15.3626 23.6 7.43744
      vertex 15.3626 25.2 7.43744
    endloop
  endfacet
  facet normal 0.99693 -0 0.0782949
    outer loop
      vertex 14.85 23.6 6.2
      vertex 14.8715 25.2 5.92624
      vertex 14.85 25.2 6.2
    endloop
  endfacet
  facet normal 0.99693 0 0.0782949
    outer loop
      vertex 14.8715 25.2 5.92624
      vertex 14.85 23.6 6.2
      vertex 14.8715 23.6 5.92624
    endloop
  endfacet
  facet normal 0.996918 -0.0784551 0
    outer loop
      vertex 7.3223 4.74802 11.2
      vertex 7.35 5.1 1.2
      vertex 7.35 5.1 11.2
    endloop
  endfacet
  facet normal 0.996918 -0.0784551 0
    outer loop
      vertex 7.35 5.1 1.2
      vertex 7.3223 4.74802 11.2
      vertex 7.3223 4.74802 1.2
    endloop
  endfacet
  facet normal 0.972371 0.233442 0
    outer loop
      vertex 7.3223 5.45198 11.2
      vertex 7.23988 5.79529 1.2
      vertex 7.23988 5.79529 11.2
    endloop
  endfacet
  facet normal 0.972371 0.233442 0
    outer loop
      vertex 7.23988 5.79529 1.2
      vertex 7.3223 5.45198 11.2
      vertex 7.3223 5.45198 1.2
    endloop
  endfacet
  facet normal 0.996918 0.0784551 0
    outer loop
      vertex 7.35 5.1 11.2
      vertex 7.3223 5.45198 1.2
      vertex 7.3223 5.45198 11.2
    endloop
  endfacet
  facet normal 0.996918 0.0784551 0
    outer loop
      vertex 7.3223 5.45198 1.2
      vertex 7.35 5.1 11.2
      vertex 7.35 5.1 1.2
    endloop
  endfacet
  facet normal 0.233442 -0.972371 0
    outer loop
      vertex 5.45198 2.8777 1.2
      vertex 5.79529 2.96012 11.2
      vertex 5.45198 2.8777 11.2
    endloop
  endfacet
  facet normal 0.233442 -0.972371 0
    outer loop
      vertex 5.79529 2.96012 11.2
      vertex 5.45198 2.8777 1.2
      vertex 5.79529 2.96012 1.2
    endloop
  endfacet
  facet normal 0.522504 -0.852637 0
    outer loop
      vertex 6.12148 3.09523 1.2
      vertex 6.42252 3.27971 11.2
      vertex 6.12148 3.09523 11.2
    endloop
  endfacet
  facet normal 0.522504 -0.852637 0
    outer loop
      vertex 6.42252 3.27971 11.2
      vertex 6.12148 3.09523 1.2
      vertex 6.42252 3.27971 1.2
    endloop
  endfacet
  facet normal 0.0784551 -0.996918 0
    outer loop
      vertex 5.1 2.85 1.2
      vertex 5.45198 2.8777 11.2
      vertex 5.1 2.85 11.2
    endloop
  endfacet
  facet normal 0.0784551 -0.996918 0
    outer loop
      vertex 5.45198 2.8777 11.2
      vertex 5.1 2.85 1.2
      vertex 5.45198 2.8777 1.2
    endloop
  endfacet
  facet normal 0.85265 0.522483 0
    outer loop
      vertex 7.10476 6.12148 11.2
      vertex 6.92029 6.42252 1.2
      vertex 6.92029 6.42252 11.2
    endloop
  endfacet
  facet normal 0.85265 0.522483 0
    outer loop
      vertex 6.92029 6.42252 1.2
      vertex 7.10476 6.12148 11.2
      vertex 7.10476 6.12148 1.2
    endloop
  endfacet
  facet normal -0.923882 -0.382678 0
    outer loop
      vertex 3.09523 4.07852 1.2
      vertex 2.96012 4.40471 11.2
      vertex 2.96012 4.40471 1.2
    endloop
  endfacet
  facet normal -0.923882 -0.382678 0
    outer loop
      vertex 2.96012 4.40471 11.2
      vertex 3.09523 4.07852 1.2
      vertex 3.09523 4.07852 11.2
    endloop
  endfacet
  facet normal 0.382678 -0.923882 0
    outer loop
      vertex 5.79529 2.96012 1.2
      vertex 6.12148 3.09523 11.2
      vertex 5.79529 2.96012 11.2
    endloop
  endfacet
  facet normal 0.382678 -0.923882 0
    outer loop
      vertex 6.12148 3.09523 11.2
      vertex 5.79529 2.96012 1.2
      vertex 6.12148 3.09523 1.2
    endloop
  endfacet
  facet normal 0.972371 -0.233442 0
    outer loop
      vertex 7.23988 4.40471 11.2
      vertex 7.3223 4.74802 1.2
      vertex 7.3223 4.74802 11.2
    endloop
  endfacet
  facet normal 0.972371 -0.233442 0
    outer loop
      vertex 7.3223 4.74802 1.2
      vertex 7.23988 4.40471 11.2
      vertex 7.23988 4.40471 1.2
    endloop
  endfacet
  facet normal 0.760399 0.649456 0
    outer loop
      vertex 6.92029 6.42252 11.2
      vertex 6.69099 6.69099 1.2
      vertex 6.69099 6.69099 11.2
    endloop
  endfacet
  facet normal 0.760399 0.649456 0
    outer loop
      vertex 6.69099 6.69099 1.2
      vertex 6.92029 6.42252 11.2
      vertex 6.92029 6.42252 1.2
    endloop
  endfacet
  facet normal 0.522483 0.85265 -0
    outer loop
      vertex 6.42252 6.92029 1.2
      vertex 6.12148 7.10476 11.2
      vertex 6.42252 6.92029 11.2
    endloop
  endfacet
  facet normal 0.522483 0.85265 0
    outer loop
      vertex 6.12148 7.10476 11.2
      vertex 6.42252 6.92029 1.2
      vertex 6.12148 7.10476 1.2
    endloop
  endfacet
  facet normal -0.760399 0.649456 0
    outer loop
      vertex 3.27971 6.42252 1.2
      vertex 3.50901 6.69099 11.2
      vertex 3.50901 6.69099 1.2
    endloop
  endfacet
  facet normal -0.760399 0.649456 0
    outer loop
      vertex 3.50901 6.69099 11.2
      vertex 3.27971 6.42252 1.2
      vertex 3.27971 6.42252 11.2
    endloop
  endfacet
  facet normal -0.852637 0.522504 0
    outer loop
      vertex 3.09523 6.12148 1.2
      vertex 3.27971 6.42252 11.2
      vertex 3.27971 6.42252 1.2
    endloop
  endfacet
  facet normal -0.852637 0.522504 0
    outer loop
      vertex 3.27971 6.42252 11.2
      vertex 3.09523 6.12148 1.2
      vertex 3.09523 6.12148 11.2
    endloop
  endfacet
  facet normal -0.996918 -0.0784551 0
    outer loop
      vertex 2.8777 4.74802 1.2
      vertex 2.85 5.1 11.2
      vertex 2.85 5.1 1.2
    endloop
  endfacet
  facet normal -0.996918 -0.0784551 0
    outer loop
      vertex 2.85 5.1 11.2
      vertex 2.8777 4.74802 1.2
      vertex 2.8777 4.74802 11.2
    endloop
  endfacet
  facet normal 0.0784551 0.996918 -0
    outer loop
      vertex 5.45198 7.3223 1.2
      vertex 5.1 7.35 11.2
      vertex 5.45198 7.3223 11.2
    endloop
  endfacet
  facet normal 0.0784551 0.996918 0
    outer loop
      vertex 5.1 7.35 11.2
      vertex 5.45198 7.3223 1.2
      vertex 5.1 7.35 1.2
    endloop
  endfacet
  facet normal -0.649456 -0.760399 0
    outer loop
      vertex 3.50901 3.50901 1.2
      vertex 3.77748 3.27971 11.2
      vertex 3.50901 3.50901 11.2
    endloop
  endfacet
  facet normal -0.649456 -0.760399 -0
    outer loop
      vertex 3.77748 3.27971 11.2
      vertex 3.50901 3.50901 1.2
      vertex 3.77748 3.27971 1.2
    endloop
  endfacet
  facet normal 0.649456 0.760399 -0
    outer loop
      vertex 6.69099 6.69099 1.2
      vertex 6.42252 6.92029 11.2
      vertex 6.69099 6.69099 11.2
    endloop
  endfacet
  facet normal 0.649456 0.760399 0
    outer loop
      vertex 6.42252 6.92029 11.2
      vertex 6.69099 6.69099 1.2
      vertex 6.42252 6.92029 1.2
    endloop
  endfacet
  facet normal 0.382702 0.923872 -0
    outer loop
      vertex 6.12148 7.10476 1.2
      vertex 5.79529 7.23988 11.2
      vertex 6.12148 7.10476 11.2
    endloop
  endfacet
  facet normal 0.382702 0.923872 0
    outer loop
      vertex 5.79529 7.23988 11.2
      vertex 6.12148 7.10476 1.2
      vertex 5.79529 7.23988 1.2
    endloop
  endfacet
  facet normal 0.85265 -0.522483 0
    outer loop
      vertex 6.92029 3.77748 11.2
      vertex 7.10476 4.07852 1.2
      vertex 7.10476 4.07852 11.2
    endloop
  endfacet
  facet normal 0.85265 -0.522483 0
    outer loop
      vertex 7.10476 4.07852 1.2
      vertex 6.92029 3.77748 11.2
      vertex 6.92029 3.77748 1.2
    endloop
  endfacet
  facet normal 0.923872 -0.382702 0
    outer loop
      vertex 7.10476 4.07852 11.2
      vertex 7.23988 4.40471 1.2
      vertex 7.23988 4.40471 11.2
    endloop
  endfacet
  facet normal 0.923872 -0.382702 0
    outer loop
      vertex 7.23988 4.40471 1.2
      vertex 7.10476 4.07852 11.2
      vertex 7.10476 4.07852 1.2
    endloop
  endfacet
  facet normal -0.233442 0.972371 0
    outer loop
      vertex 4.74802 7.3223 1.2
      vertex 4.40471 7.23988 11.2
      vertex 4.74802 7.3223 11.2
    endloop
  endfacet
  facet normal -0.233442 0.972371 0
    outer loop
      vertex 4.40471 7.23988 11.2
      vertex 4.74802 7.3223 1.2
      vertex 4.40471 7.23988 1.2
    endloop
  endfacet
  facet normal 0.649456 -0.760399 0
    outer loop
      vertex 6.42252 3.27971 1.2
      vertex 6.69099 3.50901 11.2
      vertex 6.42252 3.27971 11.2
    endloop
  endfacet
  facet normal 0.649456 -0.760399 0
    outer loop
      vertex 6.69099 3.50901 11.2
      vertex 6.42252 3.27971 1.2
      vertex 6.69099 3.50901 1.2
    endloop
  endfacet
  facet normal -0.972371 -0.233442 0
    outer loop
      vertex 2.96012 4.40471 1.2
      vertex 2.8777 4.74802 11.2
      vertex 2.8777 4.74802 1.2
    endloop
  endfacet
  facet normal -0.972371 -0.233442 0
    outer loop
      vertex 2.8777 4.74802 11.2
      vertex 2.96012 4.40471 1.2
      vertex 2.96012 4.40471 11.2
    endloop
  endfacet
  facet normal 0.923872 0.382702 0
    outer loop
      vertex 7.23988 5.79529 11.2
      vertex 7.10476 6.12148 1.2
      vertex 7.10476 6.12148 11.2
    endloop
  endfacet
  facet normal 0.923872 0.382702 0
    outer loop
      vertex 7.10476 6.12148 1.2
      vertex 7.23988 5.79529 11.2
      vertex 7.23988 5.79529 1.2
    endloop
  endfacet
  facet normal -0.522483 0.85265 0
    outer loop
      vertex 4.07852 7.10476 1.2
      vertex 3.77748 6.92029 11.2
      vertex 4.07852 7.10476 11.2
    endloop
  endfacet
  facet normal -0.522483 0.85265 0
    outer loop
      vertex 3.77748 6.92029 11.2
      vertex 4.07852 7.10476 1.2
      vertex 3.77748 6.92029 1.2
    endloop
  endfacet
  facet normal -0.0784551 0.996918 0
    outer loop
      vertex 5.1 7.35 1.2
      vertex 4.74802 7.3223 11.2
      vertex 5.1 7.35 11.2
    endloop
  endfacet
  facet normal -0.0784551 0.996918 0
    outer loop
      vertex 4.74802 7.3223 11.2
      vertex 5.1 7.35 1.2
      vertex 4.74802 7.3223 1.2
    endloop
  endfacet
  facet normal -0.649456 0.760399 0
    outer loop
      vertex 3.77748 6.92029 1.2
      vertex 3.50901 6.69099 11.2
      vertex 3.77748 6.92029 11.2
    endloop
  endfacet
  facet normal -0.649456 0.760399 0
    outer loop
      vertex 3.50901 6.69099 11.2
      vertex 3.77748 6.92029 1.2
      vertex 3.50901 6.69099 1.2
    endloop
  endfacet
  facet normal -0.522504 -0.852637 0
    outer loop
      vertex 3.77748 3.27971 1.2
      vertex 4.07852 3.09523 11.2
      vertex 3.77748 3.27971 11.2
    endloop
  endfacet
  facet normal -0.522504 -0.852637 -0
    outer loop
      vertex 4.07852 3.09523 11.2
      vertex 3.77748 3.27971 1.2
      vertex 4.07852 3.09523 1.2
    endloop
  endfacet
  facet normal 0.233442 0.972371 -0
    outer loop
      vertex 5.79529 7.23988 1.2
      vertex 5.45198 7.3223 11.2
      vertex 5.79529 7.23988 11.2
    endloop
  endfacet
  facet normal 0.233442 0.972371 0
    outer loop
      vertex 5.45198 7.3223 11.2
      vertex 5.79529 7.23988 1.2
      vertex 5.45198 7.3223 1.2
    endloop
  endfacet
  facet normal -0.972371 0.233442 0
    outer loop
      vertex 2.8777 5.45198 1.2
      vertex 2.96012 5.79529 11.2
      vertex 2.96012 5.79529 1.2
    endloop
  endfacet
  facet normal -0.972371 0.233442 0
    outer loop
      vertex 2.96012 5.79529 11.2
      vertex 2.8777 5.45198 1.2
      vertex 2.8777 5.45198 11.2
    endloop
  endfacet
  facet normal -0.382702 0.923872 0
    outer loop
      vertex 4.40471 7.23988 1.2
      vertex 4.07852 7.10476 11.2
      vertex 4.40471 7.23988 11.2
    endloop
  endfacet
  facet normal -0.382702 0.923872 0
    outer loop
      vertex 4.07852 7.10476 11.2
      vertex 4.40471 7.23988 1.2
      vertex 4.07852 7.10476 1.2
    endloop
  endfacet
  facet normal -0.852637 -0.522504 0
    outer loop
      vertex 3.27971 3.77748 1.2
      vertex 3.09523 4.07852 11.2
      vertex 3.09523 4.07852 1.2
    endloop
  endfacet
  facet normal -0.852637 -0.522504 0
    outer loop
      vertex 3.09523 4.07852 11.2
      vertex 3.27971 3.77748 1.2
      vertex 3.27971 3.77748 11.2
    endloop
  endfacet
  facet normal -0.760399 -0.649456 0
    outer loop
      vertex 3.50901 3.50901 1.2
      vertex 3.27971 3.77748 11.2
      vertex 3.27971 3.77748 1.2
    endloop
  endfacet
  facet normal -0.760399 -0.649456 0
    outer loop
      vertex 3.27971 3.77748 11.2
      vertex 3.50901 3.50901 1.2
      vertex 3.50901 3.50901 11.2
    endloop
  endfacet
  facet normal -0.382678 -0.923882 0
    outer loop
      vertex 4.07852 3.09523 1.2
      vertex 4.40471 2.96012 11.2
      vertex 4.07852 3.09523 11.2
    endloop
  endfacet
  facet normal -0.382678 -0.923882 -0
    outer loop
      vertex 4.40471 2.96012 11.2
      vertex 4.07852 3.09523 1.2
      vertex 4.40471 2.96012 1.2
    endloop
  endfacet
  facet normal -0.233442 -0.972371 0
    outer loop
      vertex 4.40471 2.96012 1.2
      vertex 4.74802 2.8777 11.2
      vertex 4.40471 2.96012 11.2
    endloop
  endfacet
  facet normal -0.233442 -0.972371 -0
    outer loop
      vertex 4.74802 2.8777 11.2
      vertex 4.40471 2.96012 1.2
      vertex 4.74802 2.8777 1.2
    endloop
  endfacet
  facet normal -0.996918 0.0784551 0
    outer loop
      vertex 2.85 5.1 1.2
      vertex 2.8777 5.45198 11.2
      vertex 2.8777 5.45198 1.2
    endloop
  endfacet
  facet normal -0.996918 0.0784551 0
    outer loop
      vertex 2.8777 5.45198 11.2
      vertex 2.85 5.1 1.2
      vertex 2.85 5.1 11.2
    endloop
  endfacet
  facet normal 0.760399 -0.649456 0
    outer loop
      vertex 6.69099 3.50901 11.2
      vertex 6.92029 3.77748 1.2
      vertex 6.92029 3.77748 11.2
    endloop
  endfacet
  facet normal 0.760399 -0.649456 0
    outer loop
      vertex 6.92029 3.77748 1.2
      vertex 6.69099 3.50901 11.2
      vertex 6.69099 3.50901 1.2
    endloop
  endfacet
  facet normal -0.0784551 -0.996918 0
    outer loop
      vertex 4.74802 2.8777 1.2
      vertex 5.1 2.85 11.2
      vertex 4.74802 2.8777 11.2
    endloop
  endfacet
  facet normal -0.0784551 -0.996918 -0
    outer loop
      vertex 5.1 2.85 11.2
      vertex 4.74802 2.8777 1.2
      vertex 5.1 2.85 1.2
    endloop
  endfacet
  facet normal 0 0 1
    outer loop
      vertex 5.95 5.1 11.2
      vertex 7.35 5.1 11.2
      vertex 7.3223 5.45198 11.2
    endloop
  endfacet
  facet normal 0 0 1
    outer loop
      vertex 5.93953 5.23297 11.2
      vertex 7.3223 5.45198 11.2
      vertex 7.23988 5.79529 11.2
    endloop
  endfacet
  facet normal 0 0 1
    outer loop
      vertex 7.35 5.1 11.2
      vertex 5.95 5.1 11.2
      vertex 7.3223 4.74802 11.2
    endloop
  endfacet
  facet normal 0 0 1
    outer loop
      vertex 5.9084 5.36266 11.2
      vertex 7.23988 5.79529 11.2
      vertex 7.10476 6.12148 11.2
    endloop
  endfacet
  facet normal -0 0 1
    outer loop
      vertex 5.93953 4.96703 11.2
      vertex 7.3223 4.74802 11.2
      vertex 5.95 5.1 11.2
    endloop
  endfacet
  facet normal 0 0 1
    outer loop
      vertex 5.85736 5.48589 11.2
      vertex 7.10476 6.12148 11.2
      vertex 6.92029 6.42252 11.2
    endloop
  endfacet
  facet normal 0 0 1
    outer loop
      vertex 7.3223 4.74802 11.2
      vertex 5.93953 4.96703 11.2
      vertex 7.23988 4.40471 11.2
    endloop
  endfacet
  facet normal 0 0 1
    outer loop
      vertex 5.78766 5.59962 11.2
      vertex 6.92029 6.42252 11.2
      vertex 6.69099 6.69099 11.2
    endloop
  endfacet
  facet normal -0 0 1
    outer loop
      vertex 5.9084 4.83733 11.2
      vertex 7.23988 4.40471 11.2
      vertex 5.93953 4.96703 11.2
    endloop
  endfacet
  facet normal 0 0 1
    outer loop
      vertex 5.70104 5.70104 11.2
      vertex 6.69099 6.69099 11.2
      vertex 6.42252 6.92029 11.2
    endloop
  endfacet
  facet normal 0 0 1
    outer loop
      vertex 7.23988 4.40471 11.2
      vertex 5.9084 4.83733 11.2
      vertex 7.10476 4.07852 11.2
    endloop
  endfacet
  facet normal 0 0 1
    outer loop
      vertex 5.59962 5.78766 11.2
      vertex 6.42252 6.92029 11.2
      vertex 6.12148 7.10476 11.2
    endloop
  endfacet
  facet normal -0 0 1
    outer loop
      vertex 5.85736 4.71411 11.2
      vertex 7.10476 4.07852 11.2
      vertex 5.9084 4.83733 11.2
    endloop
  endfacet
  facet normal 0 0 1
    outer loop
      vertex 7.10476 4.07852 11.2
      vertex 5.85736 4.71411 11.2
      vertex 6.92029 3.77748 11.2
    endloop
  endfacet
  facet normal 0 0 1
    outer loop
      vertex 7.3223 5.45198 11.2
      vertex 5.93953 5.23297 11.2
      vertex 5.95 5.1 11.2
    endloop
  endfacet
  facet normal 0 0 1
    outer loop
      vertex 7.23988 5.79529 11.2
      vertex 5.9084 5.36266 11.2
      vertex 5.93953 5.23297 11.2
    endloop
  endfacet
  facet normal 0 0 1
    outer loop
      vertex 7.10476 6.12148 11.2
      vertex 5.85736 5.48589 11.2
      vertex 5.9084 5.36266 11.2
    endloop
  endfacet
  facet normal 0 0 1
    outer loop
      vertex 5.48589 5.85736 11.2
      vertex 6.12148 7.10476 11.2
      vertex 5.79529 7.23988 11.2
    endloop
  endfacet
  facet normal 0 0 1
    outer loop
      vertex 6.92029 6.42252 11.2
      vertex 5.78766 5.59962 11.2
      vertex 5.85736 5.48589 11.2
    endloop
  endfacet
  facet normal 0 0 1
    outer loop
      vertex 6.69099 6.69099 11.2
      vertex 5.70104 5.70104 11.2
      vertex 5.78766 5.59962 11.2
    endloop
  endfacet
  facet normal 0 0 1
    outer loop
      vertex 6.42252 6.92029 11.2
      vertex 5.59962 5.78766 11.2
      vertex 5.70104 5.70104 11.2
    endloop
  endfacet
  facet normal 0 0 1
    outer loop
      vertex 6.12148 7.10476 11.2
      vertex 5.48589 5.85736 11.2
      vertex 5.59962 5.78766 11.2
    endloop
  endfacet
  facet normal 0 0 1
    outer loop
      vertex 5.36266 5.9084 11.2
      vertex 5.79529 7.23988 11.2
      vertex 5.45198 7.3223 11.2
    endloop
  endfacet
  facet normal 0 0 1
    outer loop
      vertex 5.79529 7.23988 11.2
      vertex 5.36266 5.9084 11.2
      vertex 5.48589 5.85736 11.2
    endloop
  endfacet
  facet normal 0 0 1
    outer loop
      vertex 5.45198 7.3223 11.2
      vertex 5.23297 5.93953 11.2
      vertex 5.36266 5.9084 11.2
    endloop
  endfacet
  facet normal 0 0 1
    outer loop
      vertex 5.1 7.35 11.2
      vertex 5.23297 5.93953 11.2
      vertex 5.45198 7.3223 11.2
    endloop
  endfacet
  facet normal 0 0 1
    outer loop
      vertex 5.1 7.35 11.2
      vertex 5.1 5.95 11.2
      vertex 5.23297 5.93953 11.2
    endloop
  endfacet
  facet normal 0 0 1
    outer loop
      vertex 5.1 7.35 11.2
      vertex 4.96703 5.93953 11.2
      vertex 5.1 5.95 11.2
    endloop
  endfacet
  facet normal -0 0 1
    outer loop
      vertex 4.74802 7.3223 11.2
      vertex 4.96703 5.93953 11.2
      vertex 5.1 7.35 11.2
    endloop
  endfacet
  facet normal 0 0 1
    outer loop
      vertex 4.96703 5.93953 11.2
      vertex 4.74802 7.3223 11.2
      vertex 4.83733 5.9084 11.2
    endloop
  endfacet
  facet normal -0 0 1
    outer loop
      vertex 4.40471 7.23988 11.2
      vertex 4.83733 5.9084 11.2
      vertex 4.74802 7.3223 11.2
    endloop
  endfacet
  facet normal 0 0 1
    outer loop
      vertex 4.83733 5.9084 11.2
      vertex 4.40471 7.23988 11.2
      vertex 4.71411 5.85736 11.2
    endloop
  endfacet
  facet normal -0 0 1
    outer loop
      vertex 4.07852 7.10476 11.2
      vertex 4.71411 5.85736 11.2
      vertex 4.40471 7.23988 11.2
    endloop
  endfacet
  facet normal 0 0 1
    outer loop
      vertex 4.71411 5.85736 11.2
      vertex 4.07852 7.10476 11.2
      vertex 4.60038 5.78766 11.2
    endloop
  endfacet
  facet normal -0 0 1
    outer loop
      vertex 3.77748 6.92029 11.2
      vertex 4.60038 5.78766 11.2
      vertex 4.07852 7.10476 11.2
    endloop
  endfacet
  facet normal 0 0 1
    outer loop
      vertex 4.60038 5.78766 11.2
      vertex 3.77748 6.92029 11.2
      vertex 4.49896 5.70104 11.2
    endloop
  endfacet
  facet normal -0 0 1
    outer loop
      vertex 3.50901 6.69099 11.2
      vertex 4.49896 5.70104 11.2
      vertex 3.77748 6.92029 11.2
    endloop
  endfacet
  facet normal 0 0 1
    outer loop
      vertex 4.49896 5.70104 11.2
      vertex 3.50901 6.69099 11.2
      vertex 4.41234 5.59962 11.2
    endloop
  endfacet
  facet normal -0 0 1
    outer loop
      vertex 3.27971 6.42252 11.2
      vertex 4.41234 5.59962 11.2
      vertex 3.50901 6.69099 11.2
    endloop
  endfacet
  facet normal 0 0 1
    outer loop
      vertex 4.41234 5.59962 11.2
      vertex 3.27971 6.42252 11.2
      vertex 4.34264 5.48589 11.2
    endloop
  endfacet
  facet normal -0 0 1
    outer loop
      vertex 5.78766 4.60038 11.2
      vertex 6.92029 3.77748 11.2
      vertex 5.85736 4.71411 11.2
    endloop
  endfacet
  facet normal 0 0 1
    outer loop
      vertex 6.92029 3.77748 11.2
      vertex 5.78766 4.60038 11.2
      vertex 6.69099 3.50901 11.2
    endloop
  endfacet
  facet normal -0 0 1
    outer loop
      vertex 5.70104 4.49896 11.2
      vertex 6.69099 3.50901 11.2
      vertex 5.78766 4.60038 11.2
    endloop
  endfacet
  facet normal 0 0 1
    outer loop
      vertex 6.69099 3.50901 11.2
      vertex 5.70104 4.49896 11.2
      vertex 6.42252 3.27971 11.2
    endloop
  endfacet
  facet normal -0 0 1
    outer loop
      vertex 5.59962 4.41234 11.2
      vertex 6.42252 3.27971 11.2
      vertex 5.70104 4.49896 11.2
    endloop
  endfacet
  facet normal 0 0 1
    outer loop
      vertex 6.42252 3.27971 11.2
      vertex 5.59962 4.41234 11.2
      vertex 6.12148 3.09523 11.2
    endloop
  endfacet
  facet normal -0 0 1
    outer loop
      vertex 5.48589 4.34264 11.2
      vertex 6.12148 3.09523 11.2
      vertex 5.59962 4.41234 11.2
    endloop
  endfacet
  facet normal 0 0 1
    outer loop
      vertex 6.12148 3.09523 11.2
      vertex 5.48589 4.34264 11.2
      vertex 5.79529 2.96012 11.2
    endloop
  endfacet
  facet normal -0 0 1
    outer loop
      vertex 5.36266 4.2916 11.2
      vertex 5.79529 2.96012 11.2
      vertex 5.48589 4.34264 11.2
    endloop
  endfacet
  facet normal 0 0 1
    outer loop
      vertex 5.79529 2.96012 11.2
      vertex 5.36266 4.2916 11.2
      vertex 5.45198 2.8777 11.2
    endloop
  endfacet
  facet normal -0 0 1
    outer loop
      vertex 5.23297 4.26046 11.2
      vertex 5.45198 2.8777 11.2
      vertex 5.36266 4.2916 11.2
    endloop
  endfacet
  facet normal -0 0 1
    outer loop
      vertex 5.1 4.25 11.2
      vertex 5.45198 2.8777 11.2
      vertex 5.23297 4.26046 11.2
    endloop
  endfacet
  facet normal 0 0 1
    outer loop
      vertex 5.1 4.25 11.2
      vertex 5.1 2.85 11.2
      vertex 5.45198 2.8777 11.2
    endloop
  endfacet
  facet normal 0 0 1
    outer loop
      vertex 4.96703 4.26046 11.2
      vertex 5.1 2.85 11.2
      vertex 5.1 4.25 11.2
    endloop
  endfacet
  facet normal 0 0 1
    outer loop
      vertex 4.74802 2.8777 11.2
      vertex 4.96703 4.26046 11.2
      vertex 4.83733 4.2916 11.2
    endloop
  endfacet
  facet normal 0 0 1
    outer loop
      vertex 4.96703 4.26046 11.2
      vertex 4.74802 2.8777 11.2
      vertex 5.1 2.85 11.2
    endloop
  endfacet
  facet normal 0 0 1
    outer loop
      vertex 4.40471 2.96012 11.2
      vertex 4.83733 4.2916 11.2
      vertex 4.71411 4.34264 11.2
    endloop
  endfacet
  facet normal 0 0 1
    outer loop
      vertex 4.07852 3.09523 11.2
      vertex 4.71411 4.34264 11.2
      vertex 4.60038 4.41234 11.2
    endloop
  endfacet
  facet normal 0 0 1
    outer loop
      vertex 3.77748 3.27971 11.2
      vertex 4.60038 4.41234 11.2
      vertex 4.49896 4.49896 11.2
    endloop
  endfacet
  facet normal 0 0 1
    outer loop
      vertex 3.50901 3.50901 11.2
      vertex 4.49896 4.49896 11.2
      vertex 4.41234 4.60038 11.2
    endloop
  endfacet
  facet normal 0 0 1
    outer loop
      vertex 4.83733 4.2916 11.2
      vertex 4.40471 2.96012 11.2
      vertex 4.74802 2.8777 11.2
    endloop
  endfacet
  facet normal 0 0 1
    outer loop
      vertex 3.27971 3.77748 11.2
      vertex 4.41234 4.60038 11.2
      vertex 4.34264 4.71411 11.2
    endloop
  endfacet
  facet normal 0 0 1
    outer loop
      vertex 3.09523 4.07852 11.2
      vertex 4.34264 4.71411 11.2
      vertex 4.2916 4.83733 11.2
    endloop
  endfacet
  facet normal 0 0 1
    outer loop
      vertex 2.96012 4.40471 11.2
      vertex 4.2916 4.83733 11.2
      vertex 4.26046 4.96703 11.2
    endloop
  endfacet
  facet normal 0 0 1
    outer loop
      vertex 2.8777 4.74802 11.2
      vertex 4.26046 4.96703 11.2
      vertex 4.25 5.1 11.2
    endloop
  endfacet
  facet normal -0 0 1
    outer loop
      vertex 3.09523 6.12148 11.2
      vertex 4.34264 5.48589 11.2
      vertex 3.27971 6.42252 11.2
    endloop
  endfacet
  facet normal 0 0 1
    outer loop
      vertex 4.71411 4.34264 11.2
      vertex 4.07852 3.09523 11.2
      vertex 4.40471 2.96012 11.2
    endloop
  endfacet
  facet normal 0 0 1
    outer loop
      vertex 4.34264 5.48589 11.2
      vertex 3.09523 6.12148 11.2
      vertex 4.2916 5.36266 11.2
    endloop
  endfacet
  facet normal 0 0 1
    outer loop
      vertex 4.60038 4.41234 11.2
      vertex 3.77748 3.27971 11.2
      vertex 4.07852 3.09523 11.2
    endloop
  endfacet
  facet normal -0 0 1
    outer loop
      vertex 2.96012 5.79529 11.2
      vertex 4.2916 5.36266 11.2
      vertex 3.09523 6.12148 11.2
    endloop
  endfacet
  facet normal 0 0 1
    outer loop
      vertex 4.49896 4.49896 11.2
      vertex 3.50901 3.50901 11.2
      vertex 3.77748 3.27971 11.2
    endloop
  endfacet
  facet normal 0 0 1
    outer loop
      vertex 4.2916 5.36266 11.2
      vertex 2.96012 5.79529 11.2
      vertex 4.26046 5.23297 11.2
    endloop
  endfacet
  facet normal 0 0 1
    outer loop
      vertex 4.41234 4.60038 11.2
      vertex 3.27971 3.77748 11.2
      vertex 3.50901 3.50901 11.2
    endloop
  endfacet
  facet normal -0 0 1
    outer loop
      vertex 2.8777 5.45198 11.2
      vertex 4.26046 5.23297 11.2
      vertex 2.96012 5.79529 11.2
    endloop
  endfacet
  facet normal 0 0 1
    outer loop
      vertex 4.34264 4.71411 11.2
      vertex 3.09523 4.07852 11.2
      vertex 3.27971 3.77748 11.2
    endloop
  endfacet
  facet normal 0 0 1
    outer loop
      vertex 4.26046 5.23297 11.2
      vertex 2.8777 5.45198 11.2
      vertex 4.25 5.1 11.2
    endloop
  endfacet
  facet normal 0 0 1
    outer loop
      vertex 4.2916 4.83733 11.2
      vertex 2.96012 4.40471 11.2
      vertex 3.09523 4.07852 11.2
    endloop
  endfacet
  facet normal 0 0 1
    outer loop
      vertex 2.85 5.1 11.2
      vertex 4.25 5.1 11.2
      vertex 2.8777 5.45198 11.2
    endloop
  endfacet
  facet normal 0 0 1
    outer loop
      vertex 4.26046 4.96703 11.2
      vertex 2.8777 4.74802 11.2
      vertex 2.96012 4.40471 11.2
    endloop
  endfacet
  facet normal 0 0 1
    outer loop
      vertex 4.25 5.1 11.2
      vertex 2.85 5.1 11.2
      vertex 2.8777 4.74802 11.2
    endloop
  endfacet
  facet normal -0.923882 0.382678 0
    outer loop
      vertex 2.96012 5.79529 1.2
      vertex 3.09523 6.12148 11.2
      vertex 3.09523 6.12148 1.2
    endloop
  endfacet
  facet normal -0.923882 0.382678 0
    outer loop
      vertex 3.09523 6.12148 11.2
      vertex 2.96012 5.79529 1.2
      vertex 2.96012 5.79529 11.2
    endloop
  endfacet
  facet normal -0.852581 0.522595 0
    outer loop
      vertex 26.0952 38.7215 1.2
      vertex 26.2797 39.0225 11.2
      vertex 26.2797 39.0225 1.2
    endloop
  endfacet
  facet normal -0.852581 0.522595 0
    outer loop
      vertex 26.2797 39.0225 11.2
      vertex 26.0952 38.7215 1.2
      vertex 26.0952 38.7215 11.2
    endloop
  endfacet
  facet normal 0.972382 0.233394 0
    outer loop
      vertex 30.3223 38.052 11.2
      vertex 30.2399 38.3953 1.2
      vertex 30.2399 38.3953 11.2
    endloop
  endfacet
  facet normal 0.972382 0.233394 0
    outer loop
      vertex 30.2399 38.3953 1.2
      vertex 30.3223 38.052 11.2
      vertex 30.3223 38.052 1.2
    endloop
  endfacet
  facet normal 0.996918 0.0784506 0
    outer loop
      vertex 30.35 37.7 11.2
      vertex 30.3223 38.052 1.2
      vertex 30.3223 38.052 11.2
    endloop
  endfacet
  facet normal 0.996918 0.0784506 0
    outer loop
      vertex 30.3223 38.052 1.2
      vertex 30.35 37.7 11.2
      vertex 30.35 37.7 1.2
    endloop
  endfacet
  facet normal 0.0784506 0.996918 -0
    outer loop
      vertex 28.452 39.9223 1.2
      vertex 28.1 39.95 11.2
      vertex 28.452 39.9223 11.2
    endloop
  endfacet
  facet normal 0.0784506 0.996918 0
    outer loop
      vertex 28.1 39.95 11.2
      vertex 28.452 39.9223 1.2
      vertex 28.1 39.95 1.2
    endloop
  endfacet
  facet normal 0.923896 0.382644 0
    outer loop
      vertex 30.2399 38.3953 11.2
      vertex 30.1048 38.7215 1.2
      vertex 30.1048 38.7215 11.2
    endloop
  endfacet
  facet normal 0.923896 0.382644 0
    outer loop
      vertex 30.1048 38.7215 1.2
      vertex 30.2399 38.3953 11.2
      vertex 30.2399 38.3953 1.2
    endloop
  endfacet
  facet normal 0.760435 0.649414 0
    outer loop
      vertex 29.9203 39.0225 11.2
      vertex 29.691 39.291 1.2
      vertex 29.691 39.291 11.2
    endloop
  endfacet
  facet normal 0.760435 0.649414 0
    outer loop
      vertex 29.691 39.291 1.2
      vertex 29.9203 39.0225 11.2
      vertex 29.9203 39.0225 1.2
    endloop
  endfacet
  facet normal 0.923896 -0.382644 0
    outer loop
      vertex 30.1048 36.6785 11.2
      vertex 30.2399 37.0047 1.2
      vertex 30.2399 37.0047 11.2
    endloop
  endfacet
  facet normal 0.923896 -0.382644 0
    outer loop
      vertex 30.2399 37.0047 1.2
      vertex 30.1048 36.6785 11.2
      vertex 30.1048 36.6785 1.2
    endloop
  endfacet
  facet normal 0.233394 0.972382 -0
    outer loop
      vertex 28.7953 39.8399 1.2
      vertex 28.452 39.9223 11.2
      vertex 28.7953 39.8399 11.2
    endloop
  endfacet
  facet normal 0.233394 0.972382 0
    outer loop
      vertex 28.452 39.9223 11.2
      vertex 28.7953 39.8399 1.2
      vertex 28.452 39.9223 1.2
    endloop
  endfacet
  facet normal -0.649414 0.760435 0
    outer loop
      vertex 26.7775 39.5203 1.2
      vertex 26.509 39.291 11.2
      vertex 26.7775 39.5203 11.2
    endloop
  endfacet
  facet normal -0.649414 0.760435 0
    outer loop
      vertex 26.509 39.291 11.2
      vertex 26.7775 39.5203 1.2
      vertex 26.509 39.291 1.2
    endloop
  endfacet
  facet normal 0.852581 -0.522595 0
    outer loop
      vertex 29.9203 36.3775 11.2
      vertex 30.1048 36.6785 1.2
      vertex 30.1048 36.6785 11.2
    endloop
  endfacet
  facet normal 0.852581 -0.522595 0
    outer loop
      vertex 30.1048 36.6785 1.2
      vertex 29.9203 36.3775 11.2
      vertex 29.9203 36.3775 1.2
    endloop
  endfacet
  facet normal 0.382644 -0.923896 0
    outer loop
      vertex 28.7953 35.5601 1.2
      vertex 29.1215 35.6952 11.2
      vertex 28.7953 35.5601 11.2
    endloop
  endfacet
  facet normal 0.382644 -0.923896 0
    outer loop
      vertex 29.1215 35.6952 11.2
      vertex 28.7953 35.5601 1.2
      vertex 29.1215 35.6952 1.2
    endloop
  endfacet
  facet normal 0.0784506 -0.996918 0
    outer loop
      vertex 28.1 35.45 1.2
      vertex 28.452 35.4777 11.2
      vertex 28.1 35.45 11.2
    endloop
  endfacet
  facet normal 0.0784506 -0.996918 0
    outer loop
      vertex 28.452 35.4777 11.2
      vertex 28.1 35.45 1.2
      vertex 28.452 35.4777 1.2
    endloop
  endfacet
  facet normal -0.233394 0.972382 0
    outer loop
      vertex 27.748 39.9223 1.2
      vertex 27.4047 39.8399 11.2
      vertex 27.748 39.9223 11.2
    endloop
  endfacet
  facet normal -0.233394 0.972382 0
    outer loop
      vertex 27.4047 39.8399 11.2
      vertex 27.748 39.9223 1.2
      vertex 27.4047 39.8399 1.2
    endloop
  endfacet
  facet normal 0.972382 -0.233394 0
    outer loop
      vertex 30.2399 37.0047 11.2
      vertex 30.3223 37.348 1.2
      vertex 30.3223 37.348 11.2
    endloop
  endfacet
  facet normal 0.972382 -0.233394 0
    outer loop
      vertex 30.3223 37.348 1.2
      vertex 30.2399 37.0047 11.2
      vertex 30.2399 37.0047 1.2
    endloop
  endfacet
  facet normal -0.996918 -0.0784506 0
    outer loop
      vertex 25.8777 37.348 1.2
      vertex 25.85 37.7 11.2
      vertex 25.85 37.7 1.2
    endloop
  endfacet
  facet normal -0.996918 -0.0784506 0
    outer loop
      vertex 25.85 37.7 11.2
      vertex 25.8777 37.348 1.2
      vertex 25.8777 37.348 11.2
    endloop
  endfacet
  facet normal -0.522595 -0.852581 0
    outer loop
      vertex 26.7775 35.8797 1.2
      vertex 27.0785 35.6952 11.2
      vertex 26.7775 35.8797 11.2
    endloop
  endfacet
  facet normal -0.522595 -0.852581 -0
    outer loop
      vertex 27.0785 35.6952 11.2
      vertex 26.7775 35.8797 1.2
      vertex 27.0785 35.6952 1.2
    endloop
  endfacet
  facet normal 0.760435 -0.649414 0
    outer loop
      vertex 29.691 36.109 11.2
      vertex 29.9203 36.3775 1.2
      vertex 29.9203 36.3775 11.2
    endloop
  endfacet
  facet normal 0.760435 -0.649414 0
    outer loop
      vertex 29.9203 36.3775 1.2
      vertex 29.691 36.109 11.2
      vertex 29.691 36.109 1.2
    endloop
  endfacet
  facet normal 0.996918 -0.0784506 0
    outer loop
      vertex 30.3223 37.348 11.2
      vertex 30.35 37.7 1.2
      vertex 30.35 37.7 11.2
    endloop
  endfacet
  facet normal 0.996918 -0.0784506 0
    outer loop
      vertex 30.35 37.7 1.2
      vertex 30.3223 37.348 11.2
      vertex 30.3223 37.348 1.2
    endloop
  endfacet
  facet normal -0.760435 0.649414 0
    outer loop
      vertex 26.2797 39.0225 1.2
      vertex 26.509 39.291 11.2
      vertex 26.509 39.291 1.2
    endloop
  endfacet
  facet normal -0.760435 0.649414 0
    outer loop
      vertex 26.509 39.291 11.2
      vertex 26.2797 39.0225 1.2
      vertex 26.2797 39.0225 11.2
    endloop
  endfacet
  facet normal -0.233394 -0.972382 0
    outer loop
      vertex 27.4047 35.5601 1.2
      vertex 27.748 35.4777 11.2
      vertex 27.4047 35.5601 11.2
    endloop
  endfacet
  facet normal -0.233394 -0.972382 -0
    outer loop
      vertex 27.748 35.4777 11.2
      vertex 27.4047 35.5601 1.2
      vertex 27.748 35.4777 1.2
    endloop
  endfacet
  facet normal -0.760435 -0.649414 0
    outer loop
      vertex 26.509 36.109 1.2
      vertex 26.2797 36.3775 11.2
      vertex 26.2797 36.3775 1.2
    endloop
  endfacet
  facet normal -0.760435 -0.649414 0
    outer loop
      vertex 26.2797 36.3775 11.2
      vertex 26.509 36.109 1.2
      vertex 26.509 36.109 11.2
    endloop
  endfacet
  facet normal -0.852581 -0.522595 0
    outer loop
      vertex 26.2797 36.3775 1.2
      vertex 26.0952 36.6785 11.2
      vertex 26.0952 36.6785 1.2
    endloop
  endfacet
  facet normal -0.852581 -0.522595 0
    outer loop
      vertex 26.0952 36.6785 11.2
      vertex 26.2797 36.3775 1.2
      vertex 26.2797 36.3775 11.2
    endloop
  endfacet
  facet normal 0.852581 0.522595 0
    outer loop
      vertex 30.1048 38.7215 11.2
      vertex 29.9203 39.0225 1.2
      vertex 29.9203 39.0225 11.2
    endloop
  endfacet
  facet normal 0.852581 0.522595 0
    outer loop
      vertex 29.9203 39.0225 1.2
      vertex 30.1048 38.7215 11.2
      vertex 30.1048 38.7215 1.2
    endloop
  endfacet
  facet normal -0.923896 0.382644 0
    outer loop
      vertex 25.9601 38.3953 1.2
      vertex 26.0952 38.7215 11.2
      vertex 26.0952 38.7215 1.2
    endloop
  endfacet
  facet normal -0.923896 0.382644 0
    outer loop
      vertex 26.0952 38.7215 11.2
      vertex 25.9601 38.3953 1.2
      vertex 25.9601 38.3953 11.2
    endloop
  endfacet
  facet normal -0.649414 -0.760435 0
    outer loop
      vertex 26.509 36.109 1.2
      vertex 26.7775 35.8797 11.2
      vertex 26.509 36.109 11.2
    endloop
  endfacet
  facet normal -0.649414 -0.760435 -0
    outer loop
      vertex 26.7775 35.8797 11.2
      vertex 26.509 36.109 1.2
      vertex 26.7775 35.8797 1.2
    endloop
  endfacet
  facet normal 0.382644 0.923896 -0
    outer loop
      vertex 29.1215 39.7048 1.2
      vertex 28.7953 39.8399 11.2
      vertex 29.1215 39.7048 11.2
    endloop
  endfacet
  facet normal 0.382644 0.923896 0
    outer loop
      vertex 28.7953 39.8399 11.2
      vertex 29.1215 39.7048 1.2
      vertex 28.7953 39.8399 1.2
    endloop
  endfacet
  facet normal 0.649414 0.760435 -0
    outer loop
      vertex 29.691 39.291 1.2
      vertex 29.4225 39.5203 11.2
      vertex 29.691 39.291 11.2
    endloop
  endfacet
  facet normal 0.649414 0.760435 0
    outer loop
      vertex 29.4225 39.5203 11.2
      vertex 29.691 39.291 1.2
      vertex 29.4225 39.5203 1.2
    endloop
  endfacet
  facet normal -0.522595 0.852581 0
    outer loop
      vertex 27.0785 39.7048 1.2
      vertex 26.7775 39.5203 11.2
      vertex 27.0785 39.7048 11.2
    endloop
  endfacet
  facet normal -0.522595 0.852581 0
    outer loop
      vertex 26.7775 39.5203 11.2
      vertex 27.0785 39.7048 1.2
      vertex 26.7775 39.5203 1.2
    endloop
  endfacet
  facet normal -0.0784506 0.996918 0
    outer loop
      vertex 28.1 39.95 1.2
      vertex 27.748 39.9223 11.2
      vertex 28.1 39.95 11.2
    endloop
  endfacet
  facet normal -0.0784506 0.996918 0
    outer loop
      vertex 27.748 39.9223 11.2
      vertex 28.1 39.95 1.2
      vertex 27.748 39.9223 1.2
    endloop
  endfacet
  facet normal -0.996918 0.0784506 0
    outer loop
      vertex 25.85 37.7 1.2
      vertex 25.8777 38.052 11.2
      vertex 25.8777 38.052 1.2
    endloop
  endfacet
  facet normal -0.996918 0.0784506 0
    outer loop
      vertex 25.8777 38.052 11.2
      vertex 25.85 37.7 1.2
      vertex 25.85 37.7 11.2
    endloop
  endfacet
  facet normal 0.522595 0.852581 -0
    outer loop
      vertex 29.4225 39.5203 1.2
      vertex 29.1215 39.7048 11.2
      vertex 29.4225 39.5203 11.2
    endloop
  endfacet
  facet normal 0.522595 0.852581 0
    outer loop
      vertex 29.1215 39.7048 11.2
      vertex 29.4225 39.5203 1.2
      vertex 29.1215 39.7048 1.2
    endloop
  endfacet
  facet normal -0.382644 0.923896 0
    outer loop
      vertex 27.4047 39.8399 1.2
      vertex 27.0785 39.7048 11.2
      vertex 27.4047 39.8399 11.2
    endloop
  endfacet
  facet normal -0.382644 0.923896 0
    outer loop
      vertex 27.0785 39.7048 11.2
      vertex 27.4047 39.8399 1.2
      vertex 27.0785 39.7048 1.2
    endloop
  endfacet
  facet normal -0.923896 -0.382644 0
    outer loop
      vertex 26.0952 36.6785 1.2
      vertex 25.9601 37.0047 11.2
      vertex 25.9601 37.0047 1.2
    endloop
  endfacet
  facet normal -0.923896 -0.382644 0
    outer loop
      vertex 25.9601 37.0047 11.2
      vertex 26.0952 36.6785 1.2
      vertex 26.0952 36.6785 11.2
    endloop
  endfacet
  facet normal 0 0 1
    outer loop
      vertex 28.95 37.7 11.2
      vertex 30.35 37.7 11.2
      vertex 30.3223 38.052 11.2
    endloop
  endfacet
  facet normal 0 0 1
    outer loop
      vertex 28.9395 37.833 11.2
      vertex 30.3223 38.052 11.2
      vertex 30.2399 38.3953 11.2
    endloop
  endfacet
  facet normal 0 0 1
    outer loop
      vertex 30.35 37.7 11.2
      vertex 28.95 37.7 11.2
      vertex 30.3223 37.348 11.2
    endloop
  endfacet
  facet normal 0 0 1
    outer loop
      vertex 28.9084 37.9627 11.2
      vertex 30.2399 38.3953 11.2
      vertex 30.1048 38.7215 11.2
    endloop
  endfacet
  facet normal -0 0 1
    outer loop
      vertex 28.9395 37.567 11.2
      vertex 30.3223 37.348 11.2
      vertex 28.95 37.7 11.2
    endloop
  endfacet
  facet normal 0 0 1
    outer loop
      vertex 28.8574 38.0859 11.2
      vertex 30.1048 38.7215 11.2
      vertex 29.9203 39.0225 11.2
    endloop
  endfacet
  facet normal 0 0 1
    outer loop
      vertex 30.3223 37.348 11.2
      vertex 28.9395 37.567 11.2
      vertex 30.2399 37.0047 11.2
    endloop
  endfacet
  facet normal 0 0 1
    outer loop
      vertex 28.7877 38.1996 11.2
      vertex 29.9203 39.0225 11.2
      vertex 29.691 39.291 11.2
    endloop
  endfacet
  facet normal -0 0 1
    outer loop
      vertex 28.9084 37.4373 11.2
      vertex 30.2399 37.0047 11.2
      vertex 28.9395 37.567 11.2
    endloop
  endfacet
  facet normal 0 0 1
    outer loop
      vertex 28.701 38.301 11.2
      vertex 29.691 39.291 11.2
      vertex 29.4225 39.5203 11.2
    endloop
  endfacet
  facet normal 0 0 1
    outer loop
      vertex 30.2399 37.0047 11.2
      vertex 28.9084 37.4373 11.2
      vertex 30.1048 36.6785 11.2
    endloop
  endfacet
  facet normal 0 0 1
    outer loop
      vertex 28.5996 38.3877 11.2
      vertex 29.4225 39.5203 11.2
      vertex 29.1215 39.7048 11.2
    endloop
  endfacet
  facet normal -0 0 1
    outer loop
      vertex 28.8574 37.3141 11.2
      vertex 30.1048 36.6785 11.2
      vertex 28.9084 37.4373 11.2
    endloop
  endfacet
  facet normal 0 0 1
    outer loop
      vertex 30.1048 36.6785 11.2
      vertex 28.8574 37.3141 11.2
      vertex 29.9203 36.3775 11.2
    endloop
  endfacet
  facet normal 0 0 1
    outer loop
      vertex 30.3223 38.052 11.2
      vertex 28.9395 37.833 11.2
      vertex 28.95 37.7 11.2
    endloop
  endfacet
  facet normal 0 0 1
    outer loop
      vertex 30.2399 38.3953 11.2
      vertex 28.9084 37.9627 11.2
      vertex 28.9395 37.833 11.2
    endloop
  endfacet
  facet normal 0 0 1
    outer loop
      vertex 30.1048 38.7215 11.2
      vertex 28.8574 38.0859 11.2
      vertex 28.9084 37.9627 11.2
    endloop
  endfacet
  facet normal 0 0 1
    outer loop
      vertex 28.4859 38.4574 11.2
      vertex 29.1215 39.7048 11.2
      vertex 28.7953 39.8399 11.2
    endloop
  endfacet
  facet normal 0 0 1
    outer loop
      vertex 29.9203 39.0225 11.2
      vertex 28.7877 38.1996 11.2
      vertex 28.8574 38.0859 11.2
    endloop
  endfacet
  facet normal 0 0 1
    outer loop
      vertex 29.691 39.291 11.2
      vertex 28.701 38.301 11.2
      vertex 28.7877 38.1996 11.2
    endloop
  endfacet
  facet normal 0 0 1
    outer loop
      vertex 29.4225 39.5203 11.2
      vertex 28.5996 38.3877 11.2
      vertex 28.701 38.301 11.2
    endloop
  endfacet
  facet normal 0 0 1
    outer loop
      vertex 29.1215 39.7048 11.2
      vertex 28.4859 38.4574 11.2
      vertex 28.5996 38.3877 11.2
    endloop
  endfacet
  facet normal 0 0 1
    outer loop
      vertex 28.3627 38.5084 11.2
      vertex 28.7953 39.8399 11.2
      vertex 28.452 39.9223 11.2
    endloop
  endfacet
  facet normal 0 0 1
    outer loop
      vertex 28.7953 39.8399 11.2
      vertex 28.3627 38.5084 11.2
      vertex 28.4859 38.4574 11.2
    endloop
  endfacet
  facet normal 0 0 1
    outer loop
      vertex 28.452 39.9223 11.2
      vertex 28.233 38.5395 11.2
      vertex 28.3627 38.5084 11.2
    endloop
  endfacet
  facet normal 0 0 1
    outer loop
      vertex 28.1 39.95 11.2
      vertex 28.233 38.5395 11.2
      vertex 28.452 39.9223 11.2
    endloop
  endfacet
  facet normal 0 0 1
    outer loop
      vertex 28.1 39.95 11.2
      vertex 28.1 38.55 11.2
      vertex 28.233 38.5395 11.2
    endloop
  endfacet
  facet normal 0 0 1
    outer loop
      vertex 28.1 39.95 11.2
      vertex 27.967 38.5395 11.2
      vertex 28.1 38.55 11.2
    endloop
  endfacet
  facet normal -0 0 1
    outer loop
      vertex 27.748 39.9223 11.2
      vertex 27.967 38.5395 11.2
      vertex 28.1 39.95 11.2
    endloop
  endfacet
  facet normal 0 0 1
    outer loop
      vertex 27.967 38.5395 11.2
      vertex 27.748 39.9223 11.2
      vertex 27.8373 38.5084 11.2
    endloop
  endfacet
  facet normal -0 0 1
    outer loop
      vertex 27.4047 39.8399 11.2
      vertex 27.8373 38.5084 11.2
      vertex 27.748 39.9223 11.2
    endloop
  endfacet
  facet normal 0 0 1
    outer loop
      vertex 27.8373 38.5084 11.2
      vertex 27.4047 39.8399 11.2
      vertex 27.7141 38.4574 11.2
    endloop
  endfacet
  facet normal -0 0 1
    outer loop
      vertex 27.0785 39.7048 11.2
      vertex 27.7141 38.4574 11.2
      vertex 27.4047 39.8399 11.2
    endloop
  endfacet
  facet normal 0 0 1
    outer loop
      vertex 27.7141 38.4574 11.2
      vertex 27.0785 39.7048 11.2
      vertex 27.6004 38.3877 11.2
    endloop
  endfacet
  facet normal -0 0 1
    outer loop
      vertex 26.7775 39.5203 11.2
      vertex 27.6004 38.3877 11.2
      vertex 27.0785 39.7048 11.2
    endloop
  endfacet
  facet normal 0 0 1
    outer loop
      vertex 27.6004 38.3877 11.2
      vertex 26.7775 39.5203 11.2
      vertex 27.499 38.301 11.2
    endloop
  endfacet
  facet normal -0 0 1
    outer loop
      vertex 26.509 39.291 11.2
      vertex 27.499 38.301 11.2
      vertex 26.7775 39.5203 11.2
    endloop
  endfacet
  facet normal 0 0 1
    outer loop
      vertex 27.499 38.301 11.2
      vertex 26.509 39.291 11.2
      vertex 27.4123 38.1996 11.2
    endloop
  endfacet
  facet normal -0 0 1
    outer loop
      vertex 26.2797 39.0225 11.2
      vertex 27.4123 38.1996 11.2
      vertex 26.509 39.291 11.2
    endloop
  endfacet
  facet normal 0 0 1
    outer loop
      vertex 27.4123 38.1996 11.2
      vertex 26.2797 39.0225 11.2
      vertex 27.3426 38.0859 11.2
    endloop
  endfacet
  facet normal -0 0 1
    outer loop
      vertex 28.7877 37.2004 11.2
      vertex 29.9203 36.3775 11.2
      vertex 28.8574 37.3141 11.2
    endloop
  endfacet
  facet normal 0 0 1
    outer loop
      vertex 29.9203 36.3775 11.2
      vertex 28.7877 37.2004 11.2
      vertex 29.691 36.109 11.2
    endloop
  endfacet
  facet normal -0 0 1
    outer loop
      vertex 28.701 37.099 11.2
      vertex 29.691 36.109 11.2
      vertex 28.7877 37.2004 11.2
    endloop
  endfacet
  facet normal 0 0 1
    outer loop
      vertex 29.691 36.109 11.2
      vertex 28.701 37.099 11.2
      vertex 29.4225 35.8797 11.2
    endloop
  endfacet
  facet normal -0 0 1
    outer loop
      vertex 28.5996 37.0123 11.2
      vertex 29.4225 35.8797 11.2
      vertex 28.701 37.099 11.2
    endloop
  endfacet
  facet normal 0 0 1
    outer loop
      vertex 29.4225 35.8797 11.2
      vertex 28.5996 37.0123 11.2
      vertex 29.1215 35.6952 11.2
    endloop
  endfacet
  facet normal -0 0 1
    outer loop
      vertex 28.4859 36.9426 11.2
      vertex 29.1215 35.6952 11.2
      vertex 28.5996 37.0123 11.2
    endloop
  endfacet
  facet normal 0 0 1
    outer loop
      vertex 29.1215 35.6952 11.2
      vertex 28.4859 36.9426 11.2
      vertex 28.7953 35.5601 11.2
    endloop
  endfacet
  facet normal -0 0 1
    outer loop
      vertex 28.3627 36.8916 11.2
      vertex 28.7953 35.5601 11.2
      vertex 28.4859 36.9426 11.2
    endloop
  endfacet
  facet normal 0 0 1
    outer loop
      vertex 28.7953 35.5601 11.2
      vertex 28.3627 36.8916 11.2
      vertex 28.452 35.4777 11.2
    endloop
  endfacet
  facet normal -0 0 1
    outer loop
      vertex 28.233 36.8605 11.2
      vertex 28.452 35.4777 11.2
      vertex 28.3627 36.8916 11.2
    endloop
  endfacet
  facet normal -0 0 1
    outer loop
      vertex 28.1 36.85 11.2
      vertex 28.452 35.4777 11.2
      vertex 28.233 36.8605 11.2
    endloop
  endfacet
  facet normal 0 0 1
    outer loop
      vertex 28.1 36.85 11.2
      vertex 28.1 35.45 11.2
      vertex 28.452 35.4777 11.2
    endloop
  endfacet
  facet normal 0 0 1
    outer loop
      vertex 27.967 36.8605 11.2
      vertex 28.1 35.45 11.2
      vertex 28.1 36.85 11.2
    endloop
  endfacet
  facet normal 0 0 1
    outer loop
      vertex 27.748 35.4777 11.2
      vertex 27.967 36.8605 11.2
      vertex 27.8373 36.8916 11.2
    endloop
  endfacet
  facet normal 0 0 1
    outer loop
      vertex 27.967 36.8605 11.2
      vertex 27.748 35.4777 11.2
      vertex 28.1 35.45 11.2
    endloop
  endfacet
  facet normal 0 0 1
    outer loop
      vertex 27.4047 35.5601 11.2
      vertex 27.8373 36.8916 11.2
      vertex 27.7141 36.9426 11.2
    endloop
  endfacet
  facet normal 0 0 1
    outer loop
      vertex 27.0785 35.6952 11.2
      vertex 27.7141 36.9426 11.2
      vertex 27.6004 37.0123 11.2
    endloop
  endfacet
  facet normal 0 0 1
    outer loop
      vertex 26.7775 35.8797 11.2
      vertex 27.6004 37.0123 11.2
      vertex 27.499 37.099 11.2
    endloop
  endfacet
  facet normal 0 0 1
    outer loop
      vertex 26.509 36.109 11.2
      vertex 27.499 37.099 11.2
      vertex 27.4123 37.2004 11.2
    endloop
  endfacet
  facet normal 0 0 1
    outer loop
      vertex 27.8373 36.8916 11.2
      vertex 27.4047 35.5601 11.2
      vertex 27.748 35.4777 11.2
    endloop
  endfacet
  facet normal 0 0 1
    outer loop
      vertex 26.2797 36.3775 11.2
      vertex 27.4123 37.2004 11.2
      vertex 27.3426 37.3141 11.2
    endloop
  endfacet
  facet normal 0 0 1
    outer loop
      vertex 26.0952 36.6785 11.2
      vertex 27.3426 37.3141 11.2
      vertex 27.2916 37.4373 11.2
    endloop
  endfacet
  facet normal 0 0 1
    outer loop
      vertex 25.9601 37.0047 11.2
      vertex 27.2916 37.4373 11.2
      vertex 27.2605 37.567 11.2
    endloop
  endfacet
  facet normal 0 0 1
    outer loop
      vertex 25.8777 37.348 11.2
      vertex 27.2605 37.567 11.2
      vertex 27.25 37.7 11.2
    endloop
  endfacet
  facet normal -0 0 1
    outer loop
      vertex 26.0952 38.7215 11.2
      vertex 27.3426 38.0859 11.2
      vertex 26.2797 39.0225 11.2
    endloop
  endfacet
  facet normal 0 0 1
    outer loop
      vertex 27.7141 36.9426 11.2
      vertex 27.0785 35.6952 11.2
      vertex 27.4047 35.5601 11.2
    endloop
  endfacet
  facet normal 0 0 1
    outer loop
      vertex 27.3426 38.0859 11.2
      vertex 26.0952 38.7215 11.2
      vertex 27.2916 37.9627 11.2
    endloop
  endfacet
  facet normal 0 0 1
    outer loop
      vertex 27.6004 37.0123 11.2
      vertex 26.7775 35.8797 11.2
      vertex 27.0785 35.6952 11.2
    endloop
  endfacet
  facet normal -0 0 1
    outer loop
      vertex 25.9601 38.3953 11.2
      vertex 27.2916 37.9627 11.2
      vertex 26.0952 38.7215 11.2
    endloop
  endfacet
  facet normal 0 0 1
    outer loop
      vertex 27.499 37.099 11.2
      vertex 26.509 36.109 11.2
      vertex 26.7775 35.8797 11.2
    endloop
  endfacet
  facet normal 0 0 1
    outer loop
      vertex 27.2916 37.9627 11.2
      vertex 25.9601 38.3953 11.2
      vertex 27.2605 37.833 11.2
    endloop
  endfacet
  facet normal 0 0 1
    outer loop
      vertex 27.4123 37.2004 11.2
      vertex 26.2797 36.3775 11.2
      vertex 26.509 36.109 11.2
    endloop
  endfacet
  facet normal -0 0 1
    outer loop
      vertex 25.8777 38.052 11.2
      vertex 27.2605 37.833 11.2
      vertex 25.9601 38.3953 11.2
    endloop
  endfacet
  facet normal 0 0 1
    outer loop
      vertex 27.3426 37.3141 11.2
      vertex 26.0952 36.6785 11.2
      vertex 26.2797 36.3775 11.2
    endloop
  endfacet
  facet normal 0 0 1
    outer loop
      vertex 27.2605 37.833 11.2
      vertex 25.8777 38.052 11.2
      vertex 27.25 37.7 11.2
    endloop
  endfacet
  facet normal 0 0 1
    outer loop
      vertex 27.2916 37.4373 11.2
      vertex 25.9601 37.0047 11.2
      vertex 26.0952 36.6785 11.2
    endloop
  endfacet
  facet normal 0 0 1
    outer loop
      vertex 25.85 37.7 11.2
      vertex 27.25 37.7 11.2
      vertex 25.8777 38.052 11.2
    endloop
  endfacet
  facet normal 0 0 1
    outer loop
      vertex 27.2605 37.567 11.2
      vertex 25.8777 37.348 11.2
      vertex 25.9601 37.0047 11.2
    endloop
  endfacet
  facet normal 0 0 1
    outer loop
      vertex 27.25 37.7 11.2
      vertex 25.85 37.7 11.2
      vertex 25.8777 37.348 11.2
    endloop
  endfacet
  facet normal 0.522595 -0.852581 0
    outer loop
      vertex 29.1215 35.6952 1.2
      vertex 29.4225 35.8797 11.2
      vertex 29.1215 35.6952 11.2
    endloop
  endfacet
  facet normal 0.522595 -0.852581 0
    outer loop
      vertex 29.4225 35.8797 11.2
      vertex 29.1215 35.6952 1.2
      vertex 29.4225 35.8797 1.2
    endloop
  endfacet
  facet normal 0.233394 -0.972382 0
    outer loop
      vertex 28.452 35.4777 1.2
      vertex 28.7953 35.5601 11.2
      vertex 28.452 35.4777 11.2
    endloop
  endfacet
  facet normal 0.233394 -0.972382 0
    outer loop
      vertex 28.7953 35.5601 11.2
      vertex 28.452 35.4777 1.2
      vertex 28.7953 35.5601 1.2
    endloop
  endfacet
  facet normal 0.649414 -0.760435 0
    outer loop
      vertex 29.4225 35.8797 1.2
      vertex 29.691 36.109 11.2
      vertex 29.4225 35.8797 11.2
    endloop
  endfacet
  facet normal 0.649414 -0.760435 0
    outer loop
      vertex 29.691 36.109 11.2
      vertex 29.4225 35.8797 1.2
      vertex 29.691 36.109 1.2
    endloop
  endfacet
  facet normal -0.0784506 -0.996918 0
    outer loop
      vertex 27.748 35.4777 1.2
      vertex 28.1 35.45 11.2
      vertex 27.748 35.4777 11.2
    endloop
  endfacet
  facet normal -0.0784506 -0.996918 -0
    outer loop
      vertex 28.1 35.45 11.2
      vertex 27.748 35.4777 1.2
      vertex 28.1 35.45 1.2
    endloop
  endfacet
  facet normal -0.972382 -0.233394 0
    outer loop
      vertex 25.9601 37.0047 1.2
      vertex 25.8777 37.348 11.2
      vertex 25.8777 37.348 1.2
    endloop
  endfacet
  facet normal -0.972382 -0.233394 0
    outer loop
      vertex 25.8777 37.348 11.2
      vertex 25.9601 37.0047 1.2
      vertex 25.9601 37.0047 11.2
    endloop
  endfacet
  facet normal -0.382644 -0.923896 0
    outer loop
      vertex 27.0785 35.6952 1.2
      vertex 27.4047 35.5601 11.2
      vertex 27.0785 35.6952 11.2
    endloop
  endfacet
  facet normal -0.382644 -0.923896 -0
    outer loop
      vertex 27.4047 35.5601 11.2
      vertex 27.0785 35.6952 1.2
      vertex 27.4047 35.5601 1.2
    endloop
  endfacet
  facet normal -0.972382 0.233394 0
    outer loop
      vertex 25.8777 38.052 1.2
      vertex 25.9601 38.3953 11.2
      vertex 25.9601 38.3953 1.2
    endloop
  endfacet
  facet normal -0.972382 0.233394 0
    outer loop
      vertex 25.9601 38.3953 11.2
      vertex 25.8777 38.052 1.2
      vertex 25.8777 38.052 11.2
    endloop
  endfacet
  facet normal 0.996917 -0.0784677 0
    outer loop
      vertex 3.95 57.9 1.6
      vertex 3.96416 58.0799 0
      vertex 3.96416 58.0799 1.6
    endloop
  endfacet
  facet normal 0.996917 -0.0784677 0
    outer loop
      vertex 3.96416 58.0799 0
      vertex 3.95 57.9 1.6
      vertex 3.95 57.9 0
    endloop
  endfacet
  facet normal -0.972375 -0.233425 0
    outer loop
      vertex 6.23584 58.0799 0
      vertex 6.19371 58.2554 1.6
      vertex 6.19371 58.2554 0
    endloop
  endfacet
  facet normal -0.972375 -0.233425 0
    outer loop
      vertex 6.19371 58.2554 1.6
      vertex 6.23584 58.0799 0
      vertex 6.23584 58.0799 1.6
    endloop
  endfacet
  facet normal -0.996917 -0.0784677 0
    outer loop
      vertex 6.25 57.9 0
      vertex 6.23584 58.0799 1.6
      vertex 6.23584 58.0799 0
    endloop
  endfacet
  facet normal -0.996917 -0.0784677 0
    outer loop
      vertex 6.23584 58.0799 1.6
      vertex 6.25 57.9 0
      vertex 6.25 57.9 1.6
    endloop
  endfacet
  facet normal -0.923878 -0.382686 0
    outer loop
      vertex 6.19371 58.2554 0
      vertex 6.12466 58.4221 1.6
      vertex 6.12466 58.4221 0
    endloop
  endfacet
  facet normal -0.923878 -0.382686 0
    outer loop
      vertex 6.12466 58.4221 1.6
      vertex 6.19371 58.2554 0
      vertex 6.19371 58.2554 1.6
    endloop
  endfacet
  facet normal -0.760351 -0.649513 0
    outer loop
      vertex 6.03037 58.576 0
      vertex 5.91317 58.7132 1.6
      vertex 5.91317 58.7132 0
    endloop
  endfacet
  facet normal -0.760351 -0.649513 0
    outer loop
      vertex 5.91317 58.7132 1.6
      vertex 6.03037 58.576 0
      vertex 6.03037 58.576 1.6
    endloop
  endfacet
  facet normal 0.972387 0.233373 0
    outer loop
      vertex 4.00628 57.5446 1.6
      vertex 3.96416 57.7201 0
      vertex 3.96416 57.7201 1.6
    endloop
  endfacet
  facet normal 0.972387 0.233373 0
    outer loop
      vertex 3.96416 57.7201 0
      vertex 4.00628 57.5446 1.6
      vertex 4.00628 57.5446 0
    endloop
  endfacet
  facet normal -0.85269 -0.522418 0
    outer loop
      vertex 6.12466 58.4221 0
      vertex 6.03037 58.576 1.6
      vertex 6.03037 58.576 0
    endloop
  endfacet
  facet normal -0.85269 -0.522418 0
    outer loop
      vertex 6.03037 58.576 1.6
      vertex 6.12466 58.4221 0
      vertex 6.12466 58.4221 1.6
    endloop
  endfacet
  facet normal 0.078688 0.996899 -0
    outer loop
      vertex 5.1 56.75 0
      vertex 4.9201 56.7642 1.6
      vertex 5.1 56.75 1.6
    endloop
  endfacet
  facet normal 0.078688 0.996899 0
    outer loop
      vertex 4.9201 56.7642 1.6
      vertex 5.1 56.75 0
      vertex 4.9201 56.7642 0
    endloop
  endfacet
  facet normal 0.233306 0.972403 -0
    outer loop
      vertex 4.9201 56.7642 0
      vertex 4.74463 56.8063 1.6
      vertex 4.9201 56.7642 1.6
    endloop
  endfacet
  facet normal 0.233306 0.972403 0
    outer loop
      vertex 4.74463 56.8063 1.6
      vertex 4.9201 56.7642 0
      vertex 4.74463 56.8063 0
    endloop
  endfacet
  facet normal -0.233306 0.972403 0
    outer loop
      vertex 5.45537 56.8063 0
      vertex 5.2799 56.7642 1.6
      vertex 5.45537 56.8063 1.6
    endloop
  endfacet
  facet normal -0.233306 0.972403 0
    outer loop
      vertex 5.2799 56.7642 1.6
      vertex 5.45537 56.8063 0
      vertex 5.2799 56.7642 0
    endloop
  endfacet
  facet normal 0.649458 0.760398 -0
    outer loop
      vertex 4.42405 56.9696 0
      vertex 4.28683 57.0868 1.6
      vertex 4.42405 56.9696 1.6
    endloop
  endfacet
  facet normal 0.649458 0.760398 0
    outer loop
      vertex 4.28683 57.0868 1.6
      vertex 4.42405 56.9696 0
      vertex 4.28683 57.0868 0
    endloop
  endfacet
  facet normal -0.522557 0.852604 0
    outer loop
      vertex 5.77595 56.9696 0
      vertex 5.62209 56.8753 1.6
      vertex 5.77595 56.9696 1.6
    endloop
  endfacet
  facet normal -0.522557 0.852604 0
    outer loop
      vertex 5.62209 56.8753 1.6
      vertex 5.77595 56.9696 0
      vertex 5.62209 56.8753 0
    endloop
  endfacet
  facet normal -0.233306 -0.972403 0
    outer loop
      vertex 5.2799 59.0358 0
      vertex 5.45537 58.9937 1.6
      vertex 5.2799 59.0358 1.6
    endloop
  endfacet
  facet normal -0.233306 -0.972403 -0
    outer loop
      vertex 5.45537 58.9937 1.6
      vertex 5.2799 59.0358 0
      vertex 5.45537 58.9937 0
    endloop
  endfacet
  facet normal 0.649458 -0.760398 0
    outer loop
      vertex 4.28683 58.7132 0
      vertex 4.42405 58.8304 1.6
      vertex 4.28683 58.7132 1.6
    endloop
  endfacet
  facet normal 0.649458 -0.760398 0
    outer loop
      vertex 4.42405 58.8304 1.6
      vertex 4.28683 58.7132 0
      vertex 4.42405 58.8304 0
    endloop
  endfacet
  facet normal -0.078688 -0.996899 0
    outer loop
      vertex 5.1 59.05 0
      vertex 5.2799 59.0358 1.6
      vertex 5.1 59.05 1.6
    endloop
  endfacet
  facet normal -0.078688 -0.996899 -0
    outer loop
      vertex 5.2799 59.0358 1.6
      vertex 5.1 59.05 0
      vertex 5.2799 59.0358 0
    endloop
  endfacet
  facet normal -0.85269 0.522418 0
    outer loop
      vertex 6.03037 57.224 0
      vertex 6.12466 57.3779 1.6
      vertex 6.12466 57.3779 0
    endloop
  endfacet
  facet normal -0.85269 0.522418 0
    outer loop
      vertex 6.12466 57.3779 1.6
      vertex 6.03037 57.224 0
      vertex 6.03037 57.224 1.6
    endloop
  endfacet
  facet normal -0.923878 0.382686 0
    outer loop
      vertex 6.12466 57.3779 0
      vertex 6.19371 57.5446 1.6
      vertex 6.19371 57.5446 0
    endloop
  endfacet
  facet normal -0.923878 0.382686 0
    outer loop
      vertex 6.19371 57.5446 1.6
      vertex 6.12466 57.3779 0
      vertex 6.12466 57.3779 1.6
    endloop
  endfacet
  facet normal 0.923859 0.382734 0
    outer loop
      vertex 4.07534 57.3779 1.6
      vertex 4.00628 57.5446 0
      vertex 4.00628 57.5446 1.6
    endloop
  endfacet
  facet normal 0.923859 0.382734 0
    outer loop
      vertex 4.00628 57.5446 0
      vertex 4.07534 57.3779 1.6
      vertex 4.07534 57.3779 0
    endloop
  endfacet
  facet normal 0.923859 -0.382734 0
    outer loop
      vertex 4.00628 58.2554 1.6
      vertex 4.07534 58.4221 0
      vertex 4.07534 58.4221 1.6
    endloop
  endfacet
  facet normal 0.923859 -0.382734 0
    outer loop
      vertex 4.07534 58.4221 0
      vertex 4.00628 58.2554 1.6
      vertex 4.00628 58.2554 0
    endloop
  endfacet
  facet normal 0.760351 -0.649513 0
    outer loop
      vertex 4.16963 58.576 1.6
      vertex 4.28683 58.7132 0
      vertex 4.28683 58.7132 1.6
    endloop
  endfacet
  facet normal 0.760351 -0.649513 0
    outer loop
      vertex 4.28683 58.7132 0
      vertex 4.16963 58.576 1.6
      vertex 4.16963 58.576 0
    endloop
  endfacet
  facet normal 0.522557 -0.852604 0
    outer loop
      vertex 4.42405 58.8304 0
      vertex 4.57791 58.9247 1.6
      vertex 4.42405 58.8304 1.6
    endloop
  endfacet
  facet normal 0.522557 -0.852604 0
    outer loop
      vertex 4.57791 58.9247 1.6
      vertex 4.42405 58.8304 0
      vertex 4.57791 58.9247 0
    endloop
  endfacet
  facet normal -0.382411 -0.923993 0
    outer loop
      vertex 5.45537 58.9937 0
      vertex 5.62209 58.9247 1.6
      vertex 5.45537 58.9937 1.6
    endloop
  endfacet
  facet normal -0.382411 -0.923993 -0
    outer loop
      vertex 5.62209 58.9247 1.6
      vertex 5.45537 58.9937 0
      vertex 5.62209 58.9247 0
    endloop
  endfacet
  facet normal -0.649458 -0.760398 0
    outer loop
      vertex 5.77595 58.8304 0
      vertex 5.91317 58.7132 1.6
      vertex 5.77595 58.8304 1.6
    endloop
  endfacet
  facet normal -0.649458 -0.760398 -0
    outer loop
      vertex 5.91317 58.7132 1.6
      vertex 5.77595 58.8304 0
      vertex 5.91317 58.7132 0
    endloop
  endfacet
  facet normal -0.760351 0.649513 0
    outer loop
      vertex 5.91317 57.0868 0
      vertex 6.03037 57.224 1.6
      vertex 6.03037 57.224 0
    endloop
  endfacet
  facet normal -0.760351 0.649513 0
    outer loop
      vertex 6.03037 57.224 1.6
      vertex 5.91317 57.0868 0
      vertex 5.91317 57.0868 1.6
    endloop
  endfacet
  facet normal 0.382411 -0.923993 0
    outer loop
      vertex 4.57791 58.9247 0
      vertex 4.74463 58.9937 1.6
      vertex 4.57791 58.9247 1.6
    endloop
  endfacet
  facet normal 0.382411 -0.923993 0
    outer loop
      vertex 4.74463 58.9937 1.6
      vertex 4.57791 58.9247 0
      vertex 4.74463 58.9937 0
    endloop
  endfacet
  facet normal 0.972387 -0.233373 0
    outer loop
      vertex 3.96416 58.0799 1.6
      vertex 4.00628 58.2554 0
      vertex 4.00628 58.2554 1.6
    endloop
  endfacet
  facet normal 0.972387 -0.233373 0
    outer loop
      vertex 4.00628 58.2554 0
      vertex 3.96416 58.0799 1.6
      vertex 3.96416 58.0799 0
    endloop
  endfacet
  facet normal 0.85269 0.522418 0
    outer loop
      vertex 4.16963 57.224 1.6
      vertex 4.07534 57.3779 0
      vertex 4.07534 57.3779 1.6
    endloop
  endfacet
  facet normal 0.85269 0.522418 0
    outer loop
      vertex 4.07534 57.3779 0
      vertex 4.16963 57.224 1.6
      vertex 4.16963 57.224 0
    endloop
  endfacet
  facet normal -0.522557 -0.852604 0
    outer loop
      vertex 5.62209 58.9247 0
      vertex 5.77595 58.8304 1.6
      vertex 5.62209 58.9247 1.6
    endloop
  endfacet
  facet normal -0.522557 -0.852604 -0
    outer loop
      vertex 5.77595 58.8304 1.6
      vertex 5.62209 58.9247 0
      vertex 5.77595 58.8304 0
    endloop
  endfacet
  facet normal -0.078688 0.996899 0
    outer loop
      vertex 5.2799 56.7642 0
      vertex 5.1 56.75 1.6
      vertex 5.2799 56.7642 1.6
    endloop
  endfacet
  facet normal -0.078688 0.996899 0
    outer loop
      vertex 5.1 56.75 1.6
      vertex 5.2799 56.7642 0
      vertex 5.1 56.75 0
    endloop
  endfacet
  facet normal -0.382411 0.923993 0
    outer loop
      vertex 5.62209 56.8753 0
      vertex 5.45537 56.8063 1.6
      vertex 5.62209 56.8753 1.6
    endloop
  endfacet
  facet normal -0.382411 0.923993 0
    outer loop
      vertex 5.45537 56.8063 1.6
      vertex 5.62209 56.8753 0
      vertex 5.45537 56.8063 0
    endloop
  endfacet
  facet normal 0.382411 0.923993 -0
    outer loop
      vertex 4.74463 56.8063 0
      vertex 4.57791 56.8753 1.6
      vertex 4.74463 56.8063 1.6
    endloop
  endfacet
  facet normal 0.382411 0.923993 0
    outer loop
      vertex 4.57791 56.8753 1.6
      vertex 4.74463 56.8063 0
      vertex 4.57791 56.8753 0
    endloop
  endfacet
  facet normal 0.233306 -0.972403 0
    outer loop
      vertex 4.74463 58.9937 0
      vertex 4.9201 59.0358 1.6
      vertex 4.74463 58.9937 1.6
    endloop
  endfacet
  facet normal 0.233306 -0.972403 0
    outer loop
      vertex 4.9201 59.0358 1.6
      vertex 4.74463 58.9937 0
      vertex 4.9201 59.0358 0
    endloop
  endfacet
  facet normal 0.760351 0.649513 0
    outer loop
      vertex 4.28683 57.0868 1.6
      vertex 4.16963 57.224 0
      vertex 4.16963 57.224 1.6
    endloop
  endfacet
  facet normal 0.760351 0.649513 0
    outer loop
      vertex 4.16963 57.224 0
      vertex 4.28683 57.0868 1.6
      vertex 4.28683 57.0868 0
    endloop
  endfacet
  facet normal -0.996917 0.0784677 0
    outer loop
      vertex 6.23584 57.7201 0
      vertex 6.25 57.9 1.6
      vertex 6.25 57.9 0
    endloop
  endfacet
  facet normal -0.996917 0.0784677 0
    outer loop
      vertex 6.25 57.9 1.6
      vertex 6.23584 57.7201 0
      vertex 6.23584 57.7201 1.6
    endloop
  endfacet
  facet normal -0.972375 0.233425 0
    outer loop
      vertex 6.19371 57.5446 0
      vertex 6.23584 57.7201 1.6
      vertex 6.23584 57.7201 0
    endloop
  endfacet
  facet normal -0.972375 0.233425 0
    outer loop
      vertex 6.23584 57.7201 1.6
      vertex 6.19371 57.5446 0
      vertex 6.19371 57.5446 1.6
    endloop
  endfacet
  facet normal 0.85269 -0.522418 0
    outer loop
      vertex 4.07534 58.4221 1.6
      vertex 4.16963 58.576 0
      vertex 4.16963 58.576 1.6
    endloop
  endfacet
  facet normal 0.85269 -0.522418 0
    outer loop
      vertex 4.16963 58.576 0
      vertex 4.07534 58.4221 1.6
      vertex 4.07534 58.4221 0
    endloop
  endfacet
  facet normal -0.649458 0.760398 0
    outer loop
      vertex 5.91317 57.0868 0
      vertex 5.77595 56.9696 1.6
      vertex 5.91317 57.0868 1.6
    endloop
  endfacet
  facet normal -0.649458 0.760398 0
    outer loop
      vertex 5.77595 56.9696 1.6
      vertex 5.91317 57.0868 0
      vertex 5.77595 56.9696 0
    endloop
  endfacet
  facet normal 0.078688 -0.996899 0
    outer loop
      vertex 4.9201 59.0358 0
      vertex 5.1 59.05 1.6
      vertex 4.9201 59.0358 1.6
    endloop
  endfacet
  facet normal 0.078688 -0.996899 0
    outer loop
      vertex 5.1 59.05 1.6
      vertex 4.9201 59.0358 0
      vertex 5.1 59.05 0
    endloop
  endfacet
  facet normal 0.996917 0.0784677 0
    outer loop
      vertex 3.96416 57.7201 1.6
      vertex 3.95 57.9 0
      vertex 3.95 57.9 1.6
    endloop
  endfacet
  facet normal 0.996917 0.0784677 0
    outer loop
      vertex 3.95 57.9 0
      vertex 3.96416 57.7201 1.6
      vertex 3.96416 57.7201 0
    endloop
  endfacet
  facet normal 0.522557 0.852604 -0
    outer loop
      vertex 4.57791 56.8753 0
      vertex 4.42405 56.9696 1.6
      vertex 4.57791 56.8753 1.6
    endloop
  endfacet
  facet normal 0.522557 0.852604 0
    outer loop
      vertex 4.42405 56.9696 1.6
      vertex 4.57791 56.8753 0
      vertex 4.42405 56.9696 0
    endloop
  endfacet
  facet normal -0.233268 0.972412 0
    outer loop
      vertex 28.4554 89.4063 0
      vertex 28.2799 89.3642 1.6
      vertex 28.4554 89.4063 1.6
    endloop
  endfacet
  facet normal -0.233268 0.972412 0
    outer loop
      vertex 28.2799 89.3642 1.6
      vertex 28.4554 89.4063 0
      vertex 28.2799 89.3642 0
    endloop
  endfacet
  facet normal -0.972412 -0.233268 0
    outer loop
      vertex 29.2358 90.6799 0
      vertex 29.1937 90.8554 1.6
      vertex 29.1937 90.8554 0
    endloop
  endfacet
  facet normal -0.972412 -0.233268 0
    outer loop
      vertex 29.1937 90.8554 1.6
      vertex 29.2358 90.6799 0
      vertex 29.2358 90.6799 1.6
    endloop
  endfacet
  facet normal -0.996899 -0.078688 0
    outer loop
      vertex 29.25 90.5 0
      vertex 29.2358 90.6799 1.6
      vertex 29.2358 90.6799 0
    endloop
  endfacet
  facet normal -0.996899 -0.078688 0
    outer loop
      vertex 29.2358 90.6799 1.6
      vertex 29.25 90.5 0
      vertex 29.25 90.5 1.6
    endloop
  endfacet
  facet normal 0.852665 0.522458 0
    outer loop
      vertex 27.1696 89.824 1.6
      vertex 27.0753 89.9779 0
      vertex 27.0753 89.9779 1.6
    endloop
  endfacet
  facet normal 0.852665 0.522458 0
    outer loop
      vertex 27.0753 89.9779 0
      vertex 27.1696 89.824 1.6
      vertex 27.1696 89.824 0
    endloop
  endfacet
  facet normal 0.38245 0.923976 -0
    outer loop
      vertex 27.7446 89.4063 0
      vertex 27.5779 89.4753 1.6
      vertex 27.7446 89.4063 1.6
    endloop
  endfacet
  facet normal 0.38245 0.923976 0
    outer loop
      vertex 27.5779 89.4753 1.6
      vertex 27.7446 89.4063 0
      vertex 27.5779 89.4753 0
    endloop
  endfacet
  facet normal -0.38245 0.923976 0
    outer loop
      vertex 28.6221 89.4753 0
      vertex 28.4554 89.4063 1.6
      vertex 28.6221 89.4753 1.6
    endloop
  endfacet
  facet normal -0.38245 0.923976 0
    outer loop
      vertex 28.4554 89.4063 1.6
      vertex 28.6221 89.4753 0
      vertex 28.4554 89.4063 0
    endloop
  endfacet
  facet normal 0.760585 -0.649239 0
    outer loop
      vertex 27.1696 91.1759 1.6
      vertex 27.2868 91.3132 0
      vertex 27.2868 91.3132 1.6
    endloop
  endfacet
  facet normal 0.760585 -0.649239 0
    outer loop
      vertex 27.2868 91.3132 0
      vertex 27.1696 91.1759 1.6
      vertex 27.1696 91.1759 0
    endloop
  endfacet
  facet normal -0.760585 -0.649239 0
    outer loop
      vertex 29.0304 91.1759 0
      vertex 28.9132 91.3132 1.6
      vertex 28.9132 91.3132 0
    endloop
  endfacet
  facet normal -0.760585 -0.649239 0
    outer loop
      vertex 28.9132 91.3132 1.6
      vertex 29.0304 91.1759 0
      vertex 29.0304 91.1759 1.6
    endloop
  endfacet
  facet normal -0.996899 0.078688 0
    outer loop
      vertex 29.2358 90.3201 0
      vertex 29.25 90.5 1.6
      vertex 29.25 90.5 0
    endloop
  endfacet
  facet normal -0.996899 0.078688 0
    outer loop
      vertex 29.25 90.5 1.6
      vertex 29.2358 90.3201 0
      vertex 29.2358 90.3201 1.6
    endloop
  endfacet
  facet normal 0.233268 -0.972412 0
    outer loop
      vertex 27.7446 91.5937 0
      vertex 27.9201 91.6358 1.6
      vertex 27.7446 91.5937 1.6
    endloop
  endfacet
  facet normal 0.233268 -0.972412 0
    outer loop
      vertex 27.9201 91.6358 1.6
      vertex 27.7446 91.5937 0
      vertex 27.9201 91.6358 0
    endloop
  endfacet
  facet normal 0.522458 -0.852665 0
    outer loop
      vertex 27.424 91.4304 0
      vertex 27.5779 91.5247 1.6
      vertex 27.424 91.4304 1.6
    endloop
  endfacet
  facet normal 0.522458 -0.852665 0
    outer loop
      vertex 27.5779 91.5247 1.6
      vertex 27.424 91.4304 0
      vertex 27.5779 91.5247 0
    endloop
  endfacet
  facet normal 0.233268 0.972412 -0
    outer loop
      vertex 27.9201 89.3642 0
      vertex 27.7446 89.4063 1.6
      vertex 27.9201 89.3642 1.6
    endloop
  endfacet
  facet normal 0.233268 0.972412 0
    outer loop
      vertex 27.7446 89.4063 1.6
      vertex 27.9201 89.3642 0
      vertex 27.7446 89.4063 0
    endloop
  endfacet
  facet normal 0.923976 -0.38245 0
    outer loop
      vertex 27.0063 90.8554 1.6
      vertex 27.0753 91.0221 0
      vertex 27.0753 91.0221 1.6
    endloop
  endfacet
  facet normal 0.923976 -0.38245 0
    outer loop
      vertex 27.0753 91.0221 0
      vertex 27.0063 90.8554 1.6
      vertex 27.0063 90.8554 0
    endloop
  endfacet
  facet normal -0.233268 -0.972412 0
    outer loop
      vertex 28.2799 91.6358 0
      vertex 28.4554 91.5937 1.6
      vertex 28.2799 91.6358 1.6
    endloop
  endfacet
  facet normal -0.233268 -0.972412 -0
    outer loop
      vertex 28.4554 91.5937 1.6
      vertex 28.2799 91.6358 0
      vertex 28.4554 91.5937 0
    endloop
  endfacet
  facet normal 0.972412 -0.233268 0
    outer loop
      vertex 26.9642 90.6799 1.6
      vertex 27.0063 90.8554 0
      vertex 27.0063 90.8554 1.6
    endloop
  endfacet
  facet normal 0.972412 -0.233268 0
    outer loop
      vertex 27.0063 90.8554 0
      vertex 26.9642 90.6799 1.6
      vertex 26.9642 90.6799 0
    endloop
  endfacet
  facet normal 0.923976 0.38245 0
    outer loop
      vertex 27.0753 89.9779 1.6
      vertex 27.0063 90.1446 0
      vertex 27.0063 90.1446 1.6
    endloop
  endfacet
  facet normal 0.923976 0.38245 0
    outer loop
      vertex 27.0063 90.1446 0
      vertex 27.0753 89.9779 1.6
      vertex 27.0753 89.9779 0
    endloop
  endfacet
  facet normal -0.852665 0.522458 0
    outer loop
      vertex 29.0304 89.824 0
      vertex 29.1247 89.9779 1.6
      vertex 29.1247 89.9779 0
    endloop
  endfacet
  facet normal -0.852665 0.522458 0
    outer loop
      vertex 29.1247 89.9779 1.6
      vertex 29.0304 89.824 0
      vertex 29.0304 89.824 1.6
    endloop
  endfacet
  facet normal 0.972412 0.233268 0
    outer loop
      vertex 27.0063 90.1446 1.6
      vertex 26.9642 90.3201 0
      vertex 26.9642 90.3201 1.6
    endloop
  endfacet
  facet normal 0.972412 0.233268 0
    outer loop
      vertex 26.9642 90.3201 0
      vertex 27.0063 90.1446 1.6
      vertex 27.0063 90.1446 0
    endloop
  endfacet
  facet normal -0.923976 0.38245 0
    outer loop
      vertex 29.1247 89.9779 0
      vertex 29.1937 90.1446 1.6
      vertex 29.1937 90.1446 0
    endloop
  endfacet
  facet normal -0.923976 0.38245 0
    outer loop
      vertex 29.1937 90.1446 1.6
      vertex 29.1247 89.9779 0
      vertex 29.1247 89.9779 1.6
    endloop
  endfacet
  facet normal 0.996899 0.078688 0
    outer loop
      vertex 26.9642 90.3201 1.6
      vertex 26.95 90.5 0
      vertex 26.95 90.5 1.6
    endloop
  endfacet
  facet normal 0.996899 0.078688 0
    outer loop
      vertex 26.95 90.5 0
      vertex 26.9642 90.3201 1.6
      vertex 26.9642 90.3201 0
    endloop
  endfacet
  facet normal 0.649513 -0.760351 0
    outer loop
      vertex 27.2868 91.3132 0
      vertex 27.424 91.4304 1.6
      vertex 27.2868 91.3132 1.6
    endloop
  endfacet
  facet normal 0.649513 -0.760351 0
    outer loop
      vertex 27.424 91.4304 1.6
      vertex 27.2868 91.3132 0
      vertex 27.424 91.4304 0
    endloop
  endfacet
  facet normal -0.649513 -0.760351 0
    outer loop
      vertex 28.776 91.4304 0
      vertex 28.9132 91.3132 1.6
      vertex 28.776 91.4304 1.6
    endloop
  endfacet
  facet normal -0.649513 -0.760351 -0
    outer loop
      vertex 28.9132 91.3132 1.6
      vertex 28.776 91.4304 0
      vertex 28.9132 91.3132 0
    endloop
  endfacet
  facet normal -0.522458 -0.852665 0
    outer loop
      vertex 28.6221 91.5247 0
      vertex 28.776 91.4304 1.6
      vertex 28.6221 91.5247 1.6
    endloop
  endfacet
  facet normal -0.522458 -0.852665 -0
    outer loop
      vertex 28.776 91.4304 1.6
      vertex 28.6221 91.5247 0
      vertex 28.776 91.4304 0
    endloop
  endfacet
  facet normal -0.078688 0.996899 0
    outer loop
      vertex 28.2799 89.3642 0
      vertex 28.1 89.35 1.6
      vertex 28.2799 89.3642 1.6
    endloop
  endfacet
  facet normal -0.078688 0.996899 0
    outer loop
      vertex 28.1 89.35 1.6
      vertex 28.2799 89.3642 0
      vertex 28.1 89.35 0
    endloop
  endfacet
  facet normal 0.078688 -0.996899 0
    outer loop
      vertex 27.9201 91.6358 0
      vertex 28.1 91.65 1.6
      vertex 27.9201 91.6358 1.6
    endloop
  endfacet
  facet normal 0.078688 -0.996899 0
    outer loop
      vertex 28.1 91.65 1.6
      vertex 27.9201 91.6358 0
      vertex 28.1 91.65 0
    endloop
  endfacet
  facet normal -0.649513 0.760351 0
    outer loop
      vertex 28.9132 89.6868 0
      vertex 28.776 89.5696 1.6
      vertex 28.9132 89.6868 1.6
    endloop
  endfacet
  facet normal -0.649513 0.760351 0
    outer loop
      vertex 28.776 89.5696 1.6
      vertex 28.9132 89.6868 0
      vertex 28.776 89.5696 0
    endloop
  endfacet
  facet normal 0.996899 -0.078688 0
    outer loop
      vertex 26.95 90.5 1.6
      vertex 26.9642 90.6799 0
      vertex 26.9642 90.6799 1.6
    endloop
  endfacet
  facet normal 0.996899 -0.078688 0
    outer loop
      vertex 26.9642 90.6799 0
      vertex 26.95 90.5 1.6
      vertex 26.95 90.5 0
    endloop
  endfacet
  facet normal 0.760351 0.649513 0
    outer loop
      vertex 27.2868 89.6868 1.6
      vertex 27.1696 89.824 0
      vertex 27.1696 89.824 1.6
    endloop
  endfacet
  facet normal 0.760351 0.649513 0
    outer loop
      vertex 27.1696 89.824 0
      vertex 27.2868 89.6868 1.6
      vertex 27.2868 89.6868 0
    endloop
  endfacet
  facet normal -0.078688 -0.996899 0
    outer loop
      vertex 28.1 91.65 0
      vertex 28.2799 91.6358 1.6
      vertex 28.1 91.65 1.6
    endloop
  endfacet
  facet normal -0.078688 -0.996899 -0
    outer loop
      vertex 28.2799 91.6358 1.6
      vertex 28.1 91.65 0
      vertex 28.2799 91.6358 0
    endloop
  endfacet
  facet normal -0.522458 0.852665 0
    outer loop
      vertex 28.776 89.5696 0
      vertex 28.6221 89.4753 1.6
      vertex 28.776 89.5696 1.6
    endloop
  endfacet
  facet normal -0.522458 0.852665 0
    outer loop
      vertex 28.6221 89.4753 1.6
      vertex 28.776 89.5696 0
      vertex 28.6221 89.4753 0
    endloop
  endfacet
  facet normal -0.760351 0.649513 0
    outer loop
      vertex 28.9132 89.6868 0
      vertex 29.0304 89.824 1.6
      vertex 29.0304 89.824 0
    endloop
  endfacet
  facet normal -0.760351 0.649513 0
    outer loop
      vertex 29.0304 89.824 1.6
      vertex 28.9132 89.6868 0
      vertex 28.9132 89.6868 1.6
    endloop
  endfacet
  facet normal 0.649513 0.760351 -0
    outer loop
      vertex 27.424 89.5696 0
      vertex 27.2868 89.6868 1.6
      vertex 27.424 89.5696 1.6
    endloop
  endfacet
  facet normal 0.649513 0.760351 0
    outer loop
      vertex 27.2868 89.6868 1.6
      vertex 27.424 89.5696 0
      vertex 27.2868 89.6868 0
    endloop
  endfacet
  facet normal -0.972412 0.233268 0
    outer loop
      vertex 29.1937 90.1446 0
      vertex 29.2358 90.3201 1.6
      vertex 29.2358 90.3201 0
    endloop
  endfacet
  facet normal -0.972412 0.233268 0
    outer loop
      vertex 29.2358 90.3201 1.6
      vertex 29.1937 90.1446 0
      vertex 29.1937 90.1446 1.6
    endloop
  endfacet
  facet normal 0.522458 0.852665 -0
    outer loop
      vertex 27.5779 89.4753 0
      vertex 27.424 89.5696 1.6
      vertex 27.5779 89.4753 1.6
    endloop
  endfacet
  facet normal 0.522458 0.852665 0
    outer loop
      vertex 27.424 89.5696 1.6
      vertex 27.5779 89.4753 0
      vertex 27.424 89.5696 0
    endloop
  endfacet
  facet normal 0.078688 0.996899 -0
    outer loop
      vertex 28.1 89.35 0
      vertex 27.9201 89.3642 1.6
      vertex 28.1 89.35 1.6
    endloop
  endfacet
  facet normal 0.078688 0.996899 0
    outer loop
      vertex 27.9201 89.3642 1.6
      vertex 28.1 89.35 0
      vertex 27.9201 89.3642 0
    endloop
  endfacet
  facet normal 0.38245 -0.923976 0
    outer loop
      vertex 27.5779 91.5247 0
      vertex 27.7446 91.5937 1.6
      vertex 27.5779 91.5247 1.6
    endloop
  endfacet
  facet normal 0.38245 -0.923976 0
    outer loop
      vertex 27.7446 91.5937 1.6
      vertex 27.5779 91.5247 0
      vertex 27.7446 91.5937 0
    endloop
  endfacet
  facet normal -0.852514 -0.522705 0
    outer loop
      vertex 29.1247 91.0221 0
      vertex 29.0304 91.1759 1.6
      vertex 29.0304 91.1759 0
    endloop
  endfacet
  facet normal -0.852514 -0.522705 0
    outer loop
      vertex 29.0304 91.1759 1.6
      vertex 29.1247 91.0221 0
      vertex 29.1247 91.0221 1.6
    endloop
  endfacet
  facet normal -0.38245 -0.923976 0
    outer loop
      vertex 28.4554 91.5937 0
      vertex 28.6221 91.5247 1.6
      vertex 28.4554 91.5937 1.6
    endloop
  endfacet
  facet normal -0.38245 -0.923976 -0
    outer loop
      vertex 28.6221 91.5247 1.6
      vertex 28.4554 91.5937 0
      vertex 28.6221 91.5247 0
    endloop
  endfacet
  facet normal -0.923976 -0.38245 0
    outer loop
      vertex 29.1937 90.8554 0
      vertex 29.1247 91.0221 1.6
      vertex 29.1247 91.0221 0
    endloop
  endfacet
  facet normal -0.923976 -0.38245 0
    outer loop
      vertex 29.1247 91.0221 1.6
      vertex 29.1937 90.8554 0
      vertex 29.1937 90.8554 1.6
    endloop
  endfacet
  facet normal 0.852514 -0.522705 0
    outer loop
      vertex 27.0753 91.0221 1.6
      vertex 27.1696 91.1759 0
      vertex 27.1696 91.1759 1.6
    endloop
  endfacet
  facet normal 0.852514 -0.522705 0
    outer loop
      vertex 27.1696 91.1759 0
      vertex 27.0753 91.0221 1.6
      vertex 27.0753 91.0221 0
    endloop
  endfacet
  facet normal 1 -0 0
    outer loop
      vertex 33.2 52.8 1.6
      vertex 33.2 91.6 0
      vertex 33.2 91.6 1.6
    endloop
  endfacet
  facet normal 1 0 0
    outer loop
      vertex 33.2 91.6 0
      vertex 33.2 52.8 1.6
      vertex 33.2 52.8 0
    endloop
  endfacet
  facet normal -0 0 1
    outer loop
      vertex 28.2799 91.6358 1.6
      vertex 29.2 91.6 1.6
      vertex 29.2 95.6 1.6
    endloop
  endfacet
  facet normal 0 0 1
    outer loop
      vertex 29.2 91.6 1.6
      vertex 29.1247 91.0221 1.6
      vertex 29.1937 90.8554 1.6
    endloop
  endfacet
  facet normal 0 0 1
    outer loop
      vertex 29.2 91.6 1.6
      vertex 29.0304 91.1759 1.6
      vertex 29.1247 91.0221 1.6
    endloop
  endfacet
  facet normal 0 0 1
    outer loop
      vertex 29.2 91.6 1.6
      vertex 28.9132 91.3132 1.6
      vertex 29.0304 91.1759 1.6
    endloop
  endfacet
  facet normal 0 0 1
    outer loop
      vertex 29.2 91.6 1.6
      vertex 28.776 91.4304 1.6
      vertex 28.9132 91.3132 1.6
    endloop
  endfacet
  facet normal 0 0 1
    outer loop
      vertex 29.2 91.6 1.6
      vertex 28.6221 91.5247 1.6
      vertex 28.776 91.4304 1.6
    endloop
  endfacet
  facet normal 0 0 1
    outer loop
      vertex 29.2 91.6 1.6
      vertex 28.4554 91.5937 1.6
      vertex 28.6221 91.5247 1.6
    endloop
  endfacet
  facet normal 0 0 1
    outer loop
      vertex 29.2 91.6 1.6
      vertex 28.2799 91.6358 1.6
      vertex 28.4554 91.5937 1.6
    endloop
  endfacet
  facet normal 0 0 1
    outer loop
      vertex 29.2 95.6 1.6
      vertex 28.1 91.65 1.6
      vertex 28.2799 91.6358 1.6
    endloop
  endfacet
  facet normal 0 0 1
    outer loop
      vertex 29.2 95.6 1.6
      vertex 27.9201 91.6358 1.6
      vertex 28.1 91.65 1.6
    endloop
  endfacet
  facet normal 0 0 1
    outer loop
      vertex 29.2 95.6 1.6
      vertex 27.7446 91.5937 1.6
      vertex 27.9201 91.6358 1.6
    endloop
  endfacet
  facet normal 0 0 1
    outer loop
      vertex 29.2 95.6 1.6
      vertex 27.5779 91.5247 1.6
      vertex 27.7446 91.5937 1.6
    endloop
  endfacet
  facet normal 0 0 1
    outer loop
      vertex 29.2 95.6 1.6
      vertex 27.424 91.4304 1.6
      vertex 27.5779 91.5247 1.6
    endloop
  endfacet
  facet normal 0 0 1
    outer loop
      vertex 29.2 95.6 1.6
      vertex 27.2868 91.3132 1.6
      vertex 27.424 91.4304 1.6
    endloop
  endfacet
  facet normal 0 0 1
    outer loop
      vertex 29.2 95.6 1.6
      vertex 27.1696 91.1759 1.6
      vertex 27.2868 91.3132 1.6
    endloop
  endfacet
  facet normal -0 0 1
    outer loop
      vertex 0 95.6 1.6
      vertex 27.1696 91.1759 1.6
      vertex 29.2 95.6 1.6
    endloop
  endfacet
  facet normal 0 0 1
    outer loop
      vertex 0 95.6 1.6
      vertex 26.95 90.5 1.6
      vertex 26.9642 90.6799 1.6
    endloop
  endfacet
  facet normal 0 0 1
    outer loop
      vertex 0 95.6 1.6
      vertex 26.9642 90.6799 1.6
      vertex 27.0063 90.8554 1.6
    endloop
  endfacet
  facet normal 0 0 1
    outer loop
      vertex 0 95.6 1.6
      vertex 27.0063 90.8554 1.6
      vertex 27.0753 91.0221 1.6
    endloop
  endfacet
  facet normal 0 0 1
    outer loop
      vertex 27.1696 91.1759 1.6
      vertex 0 95.6 1.6
      vertex 27.0753 91.0221 1.6
    endloop
  endfacet
  facet normal 0 0 1
    outer loop
      vertex 26.95 90.5 1.6
      vertex 6.23584 58.0799 1.6
      vertex 6.25 57.9 1.6
    endloop
  endfacet
  facet normal 0 0 1
    outer loop
      vertex 26.95 90.5 1.6
      vertex 6.19371 58.2554 1.6
      vertex 6.23584 58.0799 1.6
    endloop
  endfacet
  facet normal 0 0 1
    outer loop
      vertex 26.95 90.5 1.6
      vertex 6.12466 58.4221 1.6
      vertex 6.19371 58.2554 1.6
    endloop
  endfacet
  facet normal 0 0 1
    outer loop
      vertex 26.95 90.5 1.6
      vertex 6.03037 58.576 1.6
      vertex 6.12466 58.4221 1.6
    endloop
  endfacet
  facet normal 0 0 1
    outer loop
      vertex 26.95 90.5 1.6
      vertex 5.91317 58.7132 1.6
      vertex 6.03037 58.576 1.6
    endloop
  endfacet
  facet normal 0 0 1
    outer loop
      vertex 26.95 90.5 1.6
      vertex 5.77595 58.8304 1.6
      vertex 5.91317 58.7132 1.6
    endloop
  endfacet
  facet normal 0 0 1
    outer loop
      vertex 26.95 90.5 1.6
      vertex 5.62209 58.9247 1.6
      vertex 5.77595 58.8304 1.6
    endloop
  endfacet
  facet normal 0 0 1
    outer loop
      vertex 26.95 90.5 1.6
      vertex 0 95.6 1.6
      vertex 5.45537 58.9937 1.6
    endloop
  endfacet
  facet normal 0 0 1
    outer loop
      vertex 26.95 90.5 1.6
      vertex 5.45537 58.9937 1.6
      vertex 5.62209 58.9247 1.6
    endloop
  endfacet
  facet normal 0 0 1
    outer loop
      vertex 5.45537 58.9937 1.6
      vertex 0 95.6 1.6
      vertex 5.2799 59.0358 1.6
    endloop
  endfacet
  facet normal 0 0 1
    outer loop
      vertex 5.2799 59.0358 1.6
      vertex 0 95.6 1.6
      vertex 5.1 59.05 1.6
    endloop
  endfacet
  facet normal 0 0 1
    outer loop
      vertex 5.1 59.05 1.6
      vertex 0 95.6 1.6
      vertex 4.9201 59.0358 1.6
    endloop
  endfacet
  facet normal 0 0 1
    outer loop
      vertex 4.9201 59.0358 1.6
      vertex 0 95.6 1.6
      vertex 4.74463 58.9937 1.6
    endloop
  endfacet
  facet normal 0 0 1
    outer loop
      vertex 4.74463 58.9937 1.6
      vertex 0 95.6 1.6
      vertex 4.57791 58.9247 1.6
    endloop
  endfacet
  facet normal 0 0 1
    outer loop
      vertex 4.57791 58.9247 1.6
      vertex 0 95.6 1.6
      vertex 4.42405 58.8304 1.6
    endloop
  endfacet
  facet normal 0 0 1
    outer loop
      vertex 4.42405 58.8304 1.6
      vertex 0 95.6 1.6
      vertex 4.28683 58.7132 1.6
    endloop
  endfacet
  facet normal 0 0 1
    outer loop
      vertex 4.00628 58.2554 1.6
      vertex 0 52.8 1.6
      vertex 3.96416 58.0799 1.6
    endloop
  endfacet
  facet normal 0 0 1
    outer loop
      vertex 4.07534 58.4221 1.6
      vertex 0 52.8 1.6
      vertex 4.00628 58.2554 1.6
    endloop
  endfacet
  facet normal 0 0 1
    outer loop
      vertex 0 52.8 1.6
      vertex 4.07534 58.4221 1.6
      vertex 0 95.6 1.6
    endloop
  endfacet
  facet normal 0 0 1
    outer loop
      vertex 4.16963 58.576 1.6
      vertex 0 95.6 1.6
      vertex 4.07534 58.4221 1.6
    endloop
  endfacet
  facet normal 0 0 1
    outer loop
      vertex 4.28683 58.7132 1.6
      vertex 0 95.6 1.6
      vertex 4.16963 58.576 1.6
    endloop
  endfacet
  facet normal 0 0 1
    outer loop
      vertex 29.2358 90.3201 1.6
      vertex 33.2 91.6 1.6
      vertex 29.25 90.5 1.6
    endloop
  endfacet
  facet normal 0 0 1
    outer loop
      vertex 33.2 91.6 1.6
      vertex 29.2358 90.6799 1.6
      vertex 29.25 90.5 1.6
    endloop
  endfacet
  facet normal -0 0 1
    outer loop
      vertex 29.2 91.6 1.6
      vertex 29.2358 90.6799 1.6
      vertex 33.2 91.6 1.6
    endloop
  endfacet
  facet normal 0 0 1
    outer loop
      vertex 29.2358 90.6799 1.6
      vertex 29.2 91.6 1.6
      vertex 29.1937 90.8554 1.6
    endloop
  endfacet
  facet normal 0 0 1
    outer loop
      vertex 29.1937 90.1446 1.6
      vertex 33.2 91.6 1.6
      vertex 29.2358 90.3201 1.6
    endloop
  endfacet
  facet normal 0 0 1
    outer loop
      vertex 29.1247 89.9779 1.6
      vertex 33.2 91.6 1.6
      vertex 29.1937 90.1446 1.6
    endloop
  endfacet
  facet normal 0 0 1
    outer loop
      vertex 29.0304 89.824 1.6
      vertex 33.2 91.6 1.6
      vertex 29.1247 89.9779 1.6
    endloop
  endfacet
  facet normal 0 0 1
    outer loop
      vertex 28.9132 89.6868 1.6
      vertex 33.2 91.6 1.6
      vertex 29.0304 89.824 1.6
    endloop
  endfacet
  facet normal 0 0 1
    outer loop
      vertex 28.776 89.5696 1.6
      vertex 33.2 91.6 1.6
      vertex 28.9132 89.6868 1.6
    endloop
  endfacet
  facet normal 0 0 1
    outer loop
      vertex 33.2 91.6 1.6
      vertex 28.776 89.5696 1.6
      vertex 33.2 52.8 1.6
    endloop
  endfacet
  facet normal -0 0 1
    outer loop
      vertex 28.6221 89.4753 1.6
      vertex 33.2 52.8 1.6
      vertex 28.776 89.5696 1.6
    endloop
  endfacet
  facet normal -0 0 1
    outer loop
      vertex 28.4554 89.4063 1.6
      vertex 33.2 52.8 1.6
      vertex 28.6221 89.4753 1.6
    endloop
  endfacet
  facet normal -0 0 1
    outer loop
      vertex 28.2799 89.3642 1.6
      vertex 33.2 52.8 1.6
      vertex 28.4554 89.4063 1.6
    endloop
  endfacet
  facet normal -0 0 1
    outer loop
      vertex 28.1 89.35 1.6
      vertex 33.2 52.8 1.6
      vertex 28.2799 89.3642 1.6
    endloop
  endfacet
  facet normal 0 0 1
    outer loop
      vertex 27.9201 89.3642 1.6
      vertex 33.2 52.8 1.6
      vertex 28.1 89.35 1.6
    endloop
  endfacet
  facet normal 0 0 1
    outer loop
      vertex 27.7446 89.4063 1.6
      vertex 33.2 52.8 1.6
      vertex 27.9201 89.3642 1.6
    endloop
  endfacet
  facet normal 0 0 1
    outer loop
      vertex 6.25 57.9 1.6
      vertex 27.7446 89.4063 1.6
      vertex 27.5779 89.4753 1.6
    endloop
  endfacet
  facet normal 0 0 1
    outer loop
      vertex 6.25 57.9 1.6
      vertex 27.5779 89.4753 1.6
      vertex 27.424 89.5696 1.6
    endloop
  endfacet
  facet normal 0 0 1
    outer loop
      vertex 6.25 57.9 1.6
      vertex 27.424 89.5696 1.6
      vertex 27.2868 89.6868 1.6
    endloop
  endfacet
  facet normal 0 0 1
    outer loop
      vertex 6.25 57.9 1.6
      vertex 27.2868 89.6868 1.6
      vertex 27.1696 89.824 1.6
    endloop
  endfacet
  facet normal 0 0 1
    outer loop
      vertex 6.25 57.9 1.6
      vertex 27.1696 89.824 1.6
      vertex 27.0753 89.9779 1.6
    endloop
  endfacet
  facet normal 0 0 1
    outer loop
      vertex 6.25 57.9 1.6
      vertex 27.0753 89.9779 1.6
      vertex 27.0063 90.1446 1.6
    endloop
  endfacet
  facet normal 0 0 1
    outer loop
      vertex 6.25 57.9 1.6
      vertex 27.0063 90.1446 1.6
      vertex 26.9642 90.3201 1.6
    endloop
  endfacet
  facet normal 0 0 1
    outer loop
      vertex 6.25 57.9 1.6
      vertex 26.9642 90.3201 1.6
      vertex 26.95 90.5 1.6
    endloop
  endfacet
  facet normal 0 0 1
    outer loop
      vertex 27.7446 89.4063 1.6
      vertex 6.25 57.9 1.6
      vertex 33.2 52.8 1.6
    endloop
  endfacet
  facet normal -0 0 1
    outer loop
      vertex 6.23584 57.7201 1.6
      vertex 33.2 52.8 1.6
      vertex 6.25 57.9 1.6
    endloop
  endfacet
  facet normal -0 0 1
    outer loop
      vertex 6.19371 57.5446 1.6
      vertex 33.2 52.8 1.6
      vertex 6.23584 57.7201 1.6
    endloop
  endfacet
  facet normal -0 0 1
    outer loop
      vertex 6.12466 57.3779 1.6
      vertex 33.2 52.8 1.6
      vertex 6.19371 57.5446 1.6
    endloop
  endfacet
  facet normal -0 0 1
    outer loop
      vertex 6.03037 57.224 1.6
      vertex 33.2 52.8 1.6
      vertex 6.12466 57.3779 1.6
    endloop
  endfacet
  facet normal -0 0 1
    outer loop
      vertex 5.91317 57.0868 1.6
      vertex 33.2 52.8 1.6
      vertex 6.03037 57.224 1.6
    endloop
  endfacet
  facet normal -0 0 1
    outer loop
      vertex 5.77595 56.9696 1.6
      vertex 33.2 52.8 1.6
      vertex 5.91317 57.0868 1.6
    endloop
  endfacet
  facet normal -0 0 1
    outer loop
      vertex 5.62209 56.8753 1.6
      vertex 33.2 52.8 1.6
      vertex 5.77595 56.9696 1.6
    endloop
  endfacet
  facet normal 0 0 1
    outer loop
      vertex 0 52.8 1.6
      vertex 5.62209 56.8753 1.6
      vertex 5.45537 56.8063 1.6
    endloop
  endfacet
  facet normal 0 0 1
    outer loop
      vertex 0 52.8 1.6
      vertex 5.45537 56.8063 1.6
      vertex 5.2799 56.7642 1.6
    endloop
  endfacet
  facet normal 0 0 1
    outer loop
      vertex 0 52.8 1.6
      vertex 5.2799 56.7642 1.6
      vertex 5.1 56.75 1.6
    endloop
  endfacet
  facet normal 0 0 1
    outer loop
      vertex 0 52.8 1.6
      vertex 5.1 56.75 1.6
      vertex 4.9201 56.7642 1.6
    endloop
  endfacet
  facet normal 0 0 1
    outer loop
      vertex 3.96416 58.0799 1.6
      vertex 0 52.8 1.6
      vertex 3.95 57.9 1.6
    endloop
  endfacet
  facet normal 0 0 1
    outer loop
      vertex 5.62209 56.8753 1.6
      vertex 0 52.8 1.6
      vertex 33.2 52.8 1.6
    endloop
  endfacet
  facet normal 0 0 1
    outer loop
      vertex 4.74463 56.8063 1.6
      vertex 0 52.8 1.6
      vertex 4.9201 56.7642 1.6
    endloop
  endfacet
  facet normal 0 0 1
    outer loop
      vertex 4.57791 56.8753 1.6
      vertex 0 52.8 1.6
      vertex 4.74463 56.8063 1.6
    endloop
  endfacet
  facet normal 0 0 1
    outer loop
      vertex 4.42405 56.9696 1.6
      vertex 0 52.8 1.6
      vertex 4.57791 56.8753 1.6
    endloop
  endfacet
  facet normal 0 0 1
    outer loop
      vertex 4.28683 57.0868 1.6
      vertex 0 52.8 1.6
      vertex 4.42405 56.9696 1.6
    endloop
  endfacet
  facet normal 0 0 1
    outer loop
      vertex 4.16963 57.224 1.6
      vertex 0 52.8 1.6
      vertex 4.28683 57.0868 1.6
    endloop
  endfacet
  facet normal 0 0 1
    outer loop
      vertex 4.07534 57.3779 1.6
      vertex 0 52.8 1.6
      vertex 4.16963 57.224 1.6
    endloop
  endfacet
  facet normal 0 0 1
    outer loop
      vertex 4.00628 57.5446 1.6
      vertex 0 52.8 1.6
      vertex 4.07534 57.3779 1.6
    endloop
  endfacet
  facet normal 0 0 1
    outer loop
      vertex 3.96416 57.7201 1.6
      vertex 0 52.8 1.6
      vertex 4.00628 57.5446 1.6
    endloop
  endfacet
  facet normal 0 0 1
    outer loop
      vertex 3.95 57.9 1.6
      vertex 0 52.8 1.6
      vertex 3.96416 57.7201 1.6
    endloop
  endfacet
  facet normal 0 0 -1
    outer loop
      vertex 28.776 89.5696 0
      vertex 33.2 91.6 0
      vertex 33.2 52.8 0
    endloop
  endfacet
  facet normal 0 0 -1
    outer loop
      vertex 33.2 91.6 0
      vertex 29.2358 90.3201 0
      vertex 29.25 90.5 0
    endloop
  endfacet
  facet normal 0 0 -1
    outer loop
      vertex 33.2 91.6 0
      vertex 29.1937 90.1446 0
      vertex 29.2358 90.3201 0
    endloop
  endfacet
  facet normal 0 0 -1
    outer loop
      vertex 33.2 91.6 0
      vertex 29.1247 89.9779 0
      vertex 29.1937 90.1446 0
    endloop
  endfacet
  facet normal 0 0 -1
    outer loop
      vertex 33.2 91.6 0
      vertex 29.0304 89.824 0
      vertex 29.1247 89.9779 0
    endloop
  endfacet
  facet normal 0 0 -1
    outer loop
      vertex 33.2 91.6 0
      vertex 28.9132 89.6868 0
      vertex 29.0304 89.824 0
    endloop
  endfacet
  facet normal 0 0 -1
    outer loop
      vertex 33.2 91.6 0
      vertex 28.776 89.5696 0
      vertex 28.9132 89.6868 0
    endloop
  endfacet
  facet normal 0 0 -1
    outer loop
      vertex 33.2 52.8 0
      vertex 28.6221 89.4753 0
      vertex 28.776 89.5696 0
    endloop
  endfacet
  facet normal 0 0 -1
    outer loop
      vertex 33.2 52.8 0
      vertex 28.4554 89.4063 0
      vertex 28.6221 89.4753 0
    endloop
  endfacet
  facet normal 0 0 -1
    outer loop
      vertex 33.2 52.8 0
      vertex 28.2799 89.3642 0
      vertex 28.4554 89.4063 0
    endloop
  endfacet
  facet normal 0 0 -1
    outer loop
      vertex 33.2 52.8 0
      vertex 28.1 89.35 0
      vertex 28.2799 89.3642 0
    endloop
  endfacet
  facet normal 0 0 -1
    outer loop
      vertex 33.2 52.8 0
      vertex 27.9201 89.3642 0
      vertex 28.1 89.35 0
    endloop
  endfacet
  facet normal 0 0 -1
    outer loop
      vertex 33.2 52.8 0
      vertex 27.7446 89.4063 0
      vertex 27.9201 89.3642 0
    endloop
  endfacet
  facet normal 0 0 -1
    outer loop
      vertex 6.03037 58.576 0
      vertex 27.7446 89.4063 0
      vertex 33.2 52.8 0
    endloop
  endfacet
  facet normal 0 0 -1
    outer loop
      vertex 5.91317 58.7132 0
      vertex 27.7446 89.4063 0
      vertex 6.03037 58.576 0
    endloop
  endfacet
  facet normal -0 0 -1
    outer loop
      vertex 27.7446 89.4063 0
      vertex 5.91317 58.7132 0
      vertex 27.5779 89.4753 0
    endloop
  endfacet
  facet normal 0 0 -1
    outer loop
      vertex 5.77595 58.8304 0
      vertex 27.5779 89.4753 0
      vertex 5.91317 58.7132 0
    endloop
  endfacet
  facet normal -0 0 -1
    outer loop
      vertex 27.5779 89.4753 0
      vertex 5.77595 58.8304 0
      vertex 27.424 89.5696 0
    endloop
  endfacet
  facet normal 0 0 -1
    outer loop
      vertex 5.62209 58.9247 0
      vertex 27.424 89.5696 0
      vertex 5.77595 58.8304 0
    endloop
  endfacet
  facet normal -0 0 -1
    outer loop
      vertex 27.424 89.5696 0
      vertex 5.62209 58.9247 0
      vertex 27.2868 89.6868 0
    endloop
  endfacet
  facet normal 0 0 -1
    outer loop
      vertex 6.19371 58.2554 0
      vertex 33.2 52.8 0
      vertex 6.23584 58.0799 0
    endloop
  endfacet
  facet normal 0 0 -1
    outer loop
      vertex 6.23584 58.0799 0
      vertex 33.2 52.8 0
      vertex 6.25 57.9 0
    endloop
  endfacet
  facet normal 0 0 -1
    outer loop
      vertex 33.2 52.8 0
      vertex 6.23584 57.7201 0
      vertex 6.25 57.9 0
    endloop
  endfacet
  facet normal 0 0 -1
    outer loop
      vertex 33.2 52.8 0
      vertex 6.19371 57.5446 0
      vertex 6.23584 57.7201 0
    endloop
  endfacet
  facet normal 0 0 -1
    outer loop
      vertex 33.2 52.8 0
      vertex 6.12466 57.3779 0
      vertex 6.19371 57.5446 0
    endloop
  endfacet
  facet normal 0 0 -1
    outer loop
      vertex 33.2 52.8 0
      vertex 6.03037 57.224 0
      vertex 6.12466 57.3779 0
    endloop
  endfacet
  facet normal 0 0 -1
    outer loop
      vertex 33.2 52.8 0
      vertex 5.91317 57.0868 0
      vertex 6.03037 57.224 0
    endloop
  endfacet
  facet normal 0 0 -1
    outer loop
      vertex 33.2 52.8 0
      vertex 5.77595 56.9696 0
      vertex 5.91317 57.0868 0
    endloop
  endfacet
  facet normal 0 0 -1
    outer loop
      vertex 33.2 52.8 0
      vertex 5.62209 56.8753 0
      vertex 5.77595 56.9696 0
    endloop
  endfacet
  facet normal 0 0 -1
    outer loop
      vertex 0 52.8 0
      vertex 5.62209 56.8753 0
      vertex 33.2 52.8 0
    endloop
  endfacet
  facet normal 0 0 -1
    outer loop
      vertex 5.62209 56.8753 0
      vertex 0 52.8 0
      vertex 5.45537 56.8063 0
    endloop
  endfacet
  facet normal 0 0 -1
    outer loop
      vertex 5.45537 56.8063 0
      vertex 0 52.8 0
      vertex 5.2799 56.7642 0
    endloop
  endfacet
  facet normal 0 0 -1
    outer loop
      vertex 5.2799 56.7642 0
      vertex 0 52.8 0
      vertex 5.1 56.75 0
    endloop
  endfacet
  facet normal -0 0 -1
    outer loop
      vertex 3.96416 57.7201 0
      vertex 0 52.8 0
      vertex 3.95 57.9 0
    endloop
  endfacet
  facet normal -0 0 -1
    outer loop
      vertex 4.00628 57.5446 0
      vertex 0 52.8 0
      vertex 3.96416 57.7201 0
    endloop
  endfacet
  facet normal -0 0 -1
    outer loop
      vertex 4.07534 57.3779 0
      vertex 0 52.8 0
      vertex 4.00628 57.5446 0
    endloop
  endfacet
  facet normal -0 0 -1
    outer loop
      vertex 4.16963 57.224 0
      vertex 0 52.8 0
      vertex 4.07534 57.3779 0
    endloop
  endfacet
  facet normal -0 0 -1
    outer loop
      vertex 4.28683 57.0868 0
      vertex 0 52.8 0
      vertex 4.16963 57.224 0
    endloop
  endfacet
  facet normal -0 0 -1
    outer loop
      vertex 4.42405 56.9696 0
      vertex 0 52.8 0
      vertex 4.28683 57.0868 0
    endloop
  endfacet
  facet normal -0 0 -1
    outer loop
      vertex 4.57791 56.8753 0
      vertex 0 52.8 0
      vertex 4.42405 56.9696 0
    endloop
  endfacet
  facet normal -0 0 -1
    outer loop
      vertex 4.74463 56.8063 0
      vertex 0 52.8 0
      vertex 4.57791 56.8753 0
    endloop
  endfacet
  facet normal -0 0 -1
    outer loop
      vertex 4.9201 56.7642 0
      vertex 0 52.8 0
      vertex 4.74463 56.8063 0
    endloop
  endfacet
  facet normal -0 0 -1
    outer loop
      vertex 5.1 56.75 0
      vertex 0 52.8 0
      vertex 4.9201 56.7642 0
    endloop
  endfacet
  facet normal 0 0 -1
    outer loop
      vertex 29.2358 90.6799 0
      vertex 33.2 91.6 0
      vertex 29.25 90.5 0
    endloop
  endfacet
  facet normal 0 0 -1
    outer loop
      vertex 29.2358 90.6799 0
      vertex 29.2 91.6 0
      vertex 33.2 91.6 0
    endloop
  endfacet
  facet normal 0 0 -1
    outer loop
      vertex 29.1937 90.8554 0
      vertex 29.2 91.6 0
      vertex 29.2358 90.6799 0
    endloop
  endfacet
  facet normal 0 0 -1
    outer loop
      vertex 29.1247 91.0221 0
      vertex 29.2 91.6 0
      vertex 29.1937 90.8554 0
    endloop
  endfacet
  facet normal 0 0 -1
    outer loop
      vertex 29.0304 91.1759 0
      vertex 29.2 91.6 0
      vertex 29.1247 91.0221 0
    endloop
  endfacet
  facet normal 0 0 -1
    outer loop
      vertex 28.9132 91.3132 0
      vertex 29.2 91.6 0
      vertex 29.0304 91.1759 0
    endloop
  endfacet
  facet normal 0 0 -1
    outer loop
      vertex 28.776 91.4304 0
      vertex 29.2 91.6 0
      vertex 28.9132 91.3132 0
    endloop
  endfacet
  facet normal 0 0 -1
    outer loop
      vertex 28.6221 91.5247 0
      vertex 29.2 91.6 0
      vertex 28.776 91.4304 0
    endloop
  endfacet
  facet normal 0 0 -1
    outer loop
      vertex 28.4554 91.5937 0
      vertex 29.2 91.6 0
      vertex 28.6221 91.5247 0
    endloop
  endfacet
  facet normal 0 0 -1
    outer loop
      vertex 28.2799 91.6358 0
      vertex 29.2 91.6 0
      vertex 28.4554 91.5937 0
    endloop
  endfacet
  facet normal 0 0 -1
    outer loop
      vertex 29.2 91.6 0
      vertex 28.2799 91.6358 0
      vertex 29.2 95.6 0
    endloop
  endfacet
  facet normal 0 0 -1
    outer loop
      vertex 28.1 91.65 0
      vertex 29.2 95.6 0
      vertex 28.2799 91.6358 0
    endloop
  endfacet
  facet normal 0 0 -1
    outer loop
      vertex 27.9201 91.6358 0
      vertex 29.2 95.6 0
      vertex 28.1 91.65 0
    endloop
  endfacet
  facet normal 0 0 -1
    outer loop
      vertex 27.7446 91.5937 0
      vertex 29.2 95.6 0
      vertex 27.9201 91.6358 0
    endloop
  endfacet
  facet normal 0 0 -1
    outer loop
      vertex 27.5779 91.5247 0
      vertex 29.2 95.6 0
      vertex 27.7446 91.5937 0
    endloop
  endfacet
  facet normal 0 0 -1
    outer loop
      vertex 27.424 91.4304 0
      vertex 29.2 95.6 0
      vertex 27.5779 91.5247 0
    endloop
  endfacet
  facet normal 0 0 -1
    outer loop
      vertex 27.2868 91.3132 0
      vertex 29.2 95.6 0
      vertex 27.424 91.4304 0
    endloop
  endfacet
  facet normal 0 0 -1
    outer loop
      vertex 27.1696 91.1759 0
      vertex 29.2 95.6 0
      vertex 27.2868 91.3132 0
    endloop
  endfacet
  facet normal 0 0 -1
    outer loop
      vertex 0 95.6 0
      vertex 27.1696 91.1759 0
      vertex 27.0753 91.0221 0
    endloop
  endfacet
  facet normal 0 0 -1
    outer loop
      vertex 6.12466 58.4221 0
      vertex 33.2 52.8 0
      vertex 6.19371 58.2554 0
    endloop
  endfacet
  facet normal 0 0 -1
    outer loop
      vertex 6.03037 58.576 0
      vertex 33.2 52.8 0
      vertex 6.12466 58.4221 0
    endloop
  endfacet
  facet normal 0 0 -1
    outer loop
      vertex 5.45537 58.9937 0
      vertex 27.2868 89.6868 0
      vertex 5.62209 58.9247 0
    endloop
  endfacet
  facet normal -0 0 -1
    outer loop
      vertex 27.2868 89.6868 0
      vertex 5.45537 58.9937 0
      vertex 27.1696 89.824 0
    endloop
  endfacet
  facet normal 0 0 -1
    outer loop
      vertex 0 95.6 0
      vertex 27.1696 89.824 0
      vertex 5.45537 58.9937 0
    endloop
  endfacet
  facet normal 0 0 -1
    outer loop
      vertex 27.1696 89.824 0
      vertex 0 95.6 0
      vertex 27.0753 89.9779 0
    endloop
  endfacet
  facet normal 0 0 -1
    outer loop
      vertex 27.0753 89.9779 0
      vertex 0 95.6 0
      vertex 27.0063 90.1446 0
    endloop
  endfacet
  facet normal 0 0 -1
    outer loop
      vertex 27.0063 90.1446 0
      vertex 0 95.6 0
      vertex 26.9642 90.3201 0
    endloop
  endfacet
  facet normal 0 0 -1
    outer loop
      vertex 26.9642 90.3201 0
      vertex 0 95.6 0
      vertex 26.95 90.5 0
    endloop
  endfacet
  facet normal 0 0 -1
    outer loop
      vertex 26.95 90.5 0
      vertex 0 95.6 0
      vertex 26.9642 90.6799 0
    endloop
  endfacet
  facet normal 0 0 -1
    outer loop
      vertex 26.9642 90.6799 0
      vertex 0 95.6 0
      vertex 27.0063 90.8554 0
    endloop
  endfacet
  facet normal 0 0 -1
    outer loop
      vertex 27.0063 90.8554 0
      vertex 0 95.6 0
      vertex 27.0753 91.0221 0
    endloop
  endfacet
  facet normal 0 0 -1
    outer loop
      vertex 0 95.6 0
      vertex 5.45537 58.9937 0
      vertex 5.2799 59.0358 0
    endloop
  endfacet
  facet normal 0 0 -1
    outer loop
      vertex 0 95.6 0
      vertex 5.2799 59.0358 0
      vertex 5.1 59.05 0
    endloop
  endfacet
  facet normal 0 0 -1
    outer loop
      vertex 0 95.6 0
      vertex 5.1 59.05 0
      vertex 4.9201 59.0358 0
    endloop
  endfacet
  facet normal 0 0 -1
    outer loop
      vertex 0 95.6 0
      vertex 4.9201 59.0358 0
      vertex 4.74463 58.9937 0
    endloop
  endfacet
  facet normal 0 0 -1
    outer loop
      vertex 0 95.6 0
      vertex 4.74463 58.9937 0
      vertex 4.57791 58.9247 0
    endloop
  endfacet
  facet normal 0 0 -1
    outer loop
      vertex 0 95.6 0
      vertex 4.57791 58.9247 0
      vertex 4.42405 58.8304 0
    endloop
  endfacet
  facet normal 0 0 -1
    outer loop
      vertex 0 95.6 0
      vertex 4.42405 58.8304 0
      vertex 4.28683 58.7132 0
    endloop
  endfacet
  facet normal 0 0 -1
    outer loop
      vertex 0 95.6 0
      vertex 4.28683 58.7132 0
      vertex 4.16963 58.576 0
    endloop
  endfacet
  facet normal 0 0 -1
    outer loop
      vertex 0 52.8 0
      vertex 3.96416 58.0799 0
      vertex 3.95 57.9 0
    endloop
  endfacet
  facet normal 0 0 -1
    outer loop
      vertex 0 52.8 0
      vertex 4.00628 58.2554 0
      vertex 3.96416 58.0799 0
    endloop
  endfacet
  facet normal 0 0 -1
    outer loop
      vertex 0 52.8 0
      vertex 4.07534 58.4221 0
      vertex 4.00628 58.2554 0
    endloop
  endfacet
  facet normal 0 0 -1
    outer loop
      vertex 0 95.6 0
      vertex 4.07534 58.4221 0
      vertex 0 52.8 0
    endloop
  endfacet
  facet normal 0 0 -1
    outer loop
      vertex 4.07534 58.4221 0
      vertex 0 95.6 0
      vertex 4.16963 58.576 0
    endloop
  endfacet
  facet normal 0 0 -1
    outer loop
      vertex 27.1696 91.1759 0
      vertex 0 95.6 0
      vertex 29.2 95.6 0
    endloop
  endfacet
  facet normal -1 0 0
    outer loop
      vertex 0 52.8 0
      vertex 0 95.6 1.6
      vertex 0 95.6 0
    endloop
  endfacet
  facet normal -1 -0 0
    outer loop
      vertex 0 95.6 1.6
      vertex 0 52.8 0
      vertex 0 52.8 1.6
    endloop
  endfacet
  facet normal 0 1 -0
    outer loop
      vertex 29.2 95.6 0
      vertex 0 95.6 1.6
      vertex 29.2 95.6 1.6
    endloop
  endfacet
  facet normal 0 1 0
    outer loop
      vertex 0 95.6 1.6
      vertex 29.2 95.6 0
      vertex 0 95.6 0
    endloop
  endfacet
  facet normal 0 -1 0
    outer loop
      vertex 0 52.8 0
      vertex 33.2 52.8 1.6
      vertex 0 52.8 1.6
    endloop
  endfacet
  facet normal 0 -1 -0
    outer loop
      vertex 33.2 52.8 1.6
      vertex 0 52.8 0
      vertex 33.2 52.8 0
    endloop
  endfacet
  facet normal 1 -0 0
    outer loop
      vertex 29.2 91.6 1.6
      vertex 29.2 95.6 0
      vertex 29.2 95.6 1.6
    endloop
  endfacet
  facet normal 1 0 0
    outer loop
      vertex 29.2 95.6 0
      vertex 29.2 91.6 1.6
      vertex 29.2 91.6 0
    endloop
  endfacet
  facet normal 0 1 -0
    outer loop
      vertex 33.2 91.6 0
      vertex 29.2 91.6 1.6
      vertex 33.2 91.6 1.6
    endloop
  endfacet
  facet normal 0 1 0
    outer loop
      vertex 29.2 91.6 1.6
      vertex 33.2 91.6 0
      vertex 29.2 91.6 0
    endloop
  endfacet
endsolid OpenSCAD_Model
