solid OpenSCAD_Model
  facet normal 1 -0 0
    outer loop
      vertex 50.8 0 11.2
      vertex 50.8 25.2 0
      vertex 50.8 25.2 11.2
    endloop
  endfacet
  facet normal 1 0 0
    outer loop
      vertex 50.8 25.2 0
      vertex 50.8 0 11.2
      vertex 50.8 0 0
    endloop
  endfacet
  facet normal 0 0 1
    outer loop
      vertex 29.4 27.1 11.2
      vertex 21.4 27.1 11.2
      vertex 29.4 25.2 11.2
    endloop
  endfacet
  facet normal 0 0 1
    outer loop
      vertex 50.8 25.2 11.2
      vertex 49.2 23.6 11.2
      vertex 50.8 0 11.2
    endloop
  endfacet
  facet normal 0 0 1
    outer loop
      vertex 50.8 25.2 11.2
      vertex 33.2 23.6 11.2
      vertex 49.2 23.6 11.2
    endloop
  endfacet
  facet normal 0 0 1
    outer loop
      vertex 33.2 23.6 11.2
      vertex 31.6 23.6 11.2
      vertex 33.2 1.6 11.2
    endloop
  endfacet
  facet normal -0 0 1
    outer loop
      vertex 29.4 25.2 11.2
      vertex 33.2 23.6 11.2
      vertex 50.8 25.2 11.2
    endloop
  endfacet
  facet normal 0 0 1
    outer loop
      vertex 33.2 23.6 11.2
      vertex 29.4 25.2 11.2
      vertex 31.6 23.6 11.2
    endloop
  endfacet
  facet normal 0 0 1
    outer loop
      vertex 21.4 25.2 11.2
      vertex 29.4 25.2 11.2
      vertex 21.4 27.1 11.2
    endloop
  endfacet
  facet normal 0 0 1
    outer loop
      vertex 29.4 25.2 11.2
      vertex 21.4 25.2 11.2
      vertex 31.6 23.6 11.2
    endloop
  endfacet
  facet normal 0 0 1
    outer loop
      vertex 21.4 25.2 11.2
      vertex 1.6 23.6 11.2
      vertex 31.6 23.6 11.2
    endloop
  endfacet
  facet normal 0 0 1
    outer loop
      vertex 1.6 23.6 11.2
      vertex 0 25.2 11.2
      vertex 1.6 1.6 11.2
    endloop
  endfacet
  facet normal -0 0 1
    outer loop
      vertex 0 25.2 11.2
      vertex 1.6 23.6 11.2
      vertex 21.4 25.2 11.2
    endloop
  endfacet
  facet normal -0 0 1
    outer loop
      vertex 49.2 1.6 11.2
      vertex 50.8 0 11.2
      vertex 49.2 23.6 11.2
    endloop
  endfacet
  facet normal -0 0 1
    outer loop
      vertex 33.2 1.6 11.2
      vertex 50.8 0 11.2
      vertex 49.2 1.6 11.2
    endloop
  endfacet
  facet normal 0 0 1
    outer loop
      vertex 31.6 1.6 11.2
      vertex 33.2 1.6 11.2
      vertex 31.6 23.6 11.2
    endloop
  endfacet
  facet normal 0 0 1
    outer loop
      vertex 29.4 0 11.2
      vertex 33.2 1.6 11.2
      vertex 31.6 1.6 11.2
    endloop
  endfacet
  facet normal 0 0 1
    outer loop
      vertex 33.2 1.6 11.2
      vertex 29.4 0 11.2
      vertex 50.8 0 11.2
    endloop
  endfacet
  facet normal 0 0 1
    outer loop
      vertex 29.4 0 11.2
      vertex 21.4 0 11.2
      vertex 29.4 -1.9 11.2
    endloop
  endfacet
  facet normal 0 0 1
    outer loop
      vertex 31.6 1.6 11.2
      vertex 21.4 0 11.2
      vertex 29.4 0 11.2
    endloop
  endfacet
  facet normal -0 0 1
    outer loop
      vertex 1.6 1.6 11.2
      vertex 21.4 0 11.2
      vertex 31.6 1.6 11.2
    endloop
  endfacet
  facet normal 0 0 1
    outer loop
      vertex 1.6 1.6 11.2
      vertex 0 0 11.2
      vertex 21.4 0 11.2
    endloop
  endfacet
  facet normal 0 0 1
    outer loop
      vertex 0 0 11.2
      vertex 1.6 1.6 11.2
      vertex 0 25.2 11.2
    endloop
  endfacet
  facet normal 0 0 1
    outer loop
      vertex 29.4 -1.9 11.2
      vertex 21.4 0 11.2
      vertex 21.4 -1.9 11.2
    endloop
  endfacet
  facet normal 0 0 -1
    outer loop
      vertex 50.8 0 0
      vertex 46.7 12.6 0
      vertex 50.8 25.2 0
    endloop
  endfacet
  facet normal 0 0 -1
    outer loop
      vertex 50.8 0 0
      vertex 46.6323 11.7396 0
      vertex 46.7 12.6 0
    endloop
  endfacet
  facet normal 0 0 -1
    outer loop
      vertex 50.8 0 0
      vertex 46.4308 10.9004 0
      vertex 46.6323 11.7396 0
    endloop
  endfacet
  facet normal 0 0 -1
    outer loop
      vertex 50.8 0 0
      vertex 46.1005 10.1031 0
      vertex 46.4308 10.9004 0
    endloop
  endfacet
  facet normal 0 0 -1
    outer loop
      vertex 50.8 0 0
      vertex 45.6496 9.36718 0
      vertex 46.1005 10.1031 0
    endloop
  endfacet
  facet normal 0 0 -1
    outer loop
      vertex 50.8 0 0
      vertex 45.0891 8.71091 0
      vertex 45.6496 9.36718 0
    endloop
  endfacet
  facet normal 0 0 -1
    outer loop
      vertex 50.8 0 0
      vertex 44.4328 8.15041 0
      vertex 45.0891 8.71091 0
    endloop
  endfacet
  facet normal 0 0 -1
    outer loop
      vertex 50.8 0 0
      vertex 43.6969 7.69946 0
      vertex 44.4328 8.15041 0
    endloop
  endfacet
  facet normal 0 0 -1
    outer loop
      vertex 50.8 0 0
      vertex 42.8996 7.36919 0
      vertex 43.6969 7.69946 0
    endloop
  endfacet
  facet normal 0 0 -1
    outer loop
      vertex 50.8 0 0
      vertex 42.0604 7.16771 0
      vertex 42.8996 7.36919 0
    endloop
  endfacet
  facet normal 0 0 -1
    outer loop
      vertex 50.8 0 0
      vertex 41.2 7.1 0
      vertex 42.0604 7.16771 0
    endloop
  endfacet
  facet normal 0 0 -1
    outer loop
      vertex 50.8 0 0
      vertex 40.3396 7.16771 0
      vertex 41.2 7.1 0
    endloop
  endfacet
  facet normal 0 0 -1
    outer loop
      vertex 50.8 0 0
      vertex 39.5004 7.36919 0
      vertex 40.3396 7.16771 0
    endloop
  endfacet
  facet normal 0 0 -1
    outer loop
      vertex 0 0 0
      vertex 39.5004 7.36919 0
      vertex 50.8 0 0
    endloop
  endfacet
  facet normal -0 0 -1
    outer loop
      vertex 39.5004 7.36919 0
      vertex 0 0 0
      vertex 38.7031 7.69946 0
    endloop
  endfacet
  facet normal -0 0 -1
    outer loop
      vertex 35.7677 11.7396 0
      vertex 0 0 0
      vertex 35.7 12.6 0
    endloop
  endfacet
  facet normal -0 0 -1
    outer loop
      vertex 35.9692 10.9004 0
      vertex 0 0 0
      vertex 35.7677 11.7396 0
    endloop
  endfacet
  facet normal -0 0 -1
    outer loop
      vertex 36.2995 10.1031 0
      vertex 0 0 0
      vertex 35.9692 10.9004 0
    endloop
  endfacet
  facet normal -0 0 -1
    outer loop
      vertex 36.7504 9.36718 0
      vertex 0 0 0
      vertex 36.2995 10.1031 0
    endloop
  endfacet
  facet normal -0 0 -1
    outer loop
      vertex 37.3109 8.71091 0
      vertex 0 0 0
      vertex 36.7504 9.36718 0
    endloop
  endfacet
  facet normal -0 0 -1
    outer loop
      vertex 37.9672 8.15041 0
      vertex 0 0 0
      vertex 37.3109 8.71091 0
    endloop
  endfacet
  facet normal -0 0 -1
    outer loop
      vertex 38.7031 7.69946 0
      vertex 0 0 0
      vertex 37.9672 8.15041 0
    endloop
  endfacet
  facet normal 0 0 -1
    outer loop
      vertex 46.6323 13.4604 0
      vertex 50.8 25.2 0
      vertex 46.7 12.6 0
    endloop
  endfacet
  facet normal 0 0 -1
    outer loop
      vertex 46.4308 14.2996 0
      vertex 50.8 25.2 0
      vertex 46.6323 13.4604 0
    endloop
  endfacet
  facet normal 0 0 -1
    outer loop
      vertex 46.1005 15.0969 0
      vertex 50.8 25.2 0
      vertex 46.4308 14.2996 0
    endloop
  endfacet
  facet normal 0 0 -1
    outer loop
      vertex 45.6496 15.8328 0
      vertex 50.8 25.2 0
      vertex 46.1005 15.0969 0
    endloop
  endfacet
  facet normal 0 0 -1
    outer loop
      vertex 45.0891 16.4891 0
      vertex 50.8 25.2 0
      vertex 45.6496 15.8328 0
    endloop
  endfacet
  facet normal 0 0 -1
    outer loop
      vertex 44.4328 17.0496 0
      vertex 50.8 25.2 0
      vertex 45.0891 16.4891 0
    endloop
  endfacet
  facet normal 0 0 -1
    outer loop
      vertex 43.6969 17.5005 0
      vertex 50.8 25.2 0
      vertex 44.4328 17.0496 0
    endloop
  endfacet
  facet normal 0 0 -1
    outer loop
      vertex 42.8996 17.8308 0
      vertex 50.8 25.2 0
      vertex 43.6969 17.5005 0
    endloop
  endfacet
  facet normal 0 0 -1
    outer loop
      vertex 42.0604 18.0323 0
      vertex 50.8 25.2 0
      vertex 42.8996 17.8308 0
    endloop
  endfacet
  facet normal 0 0 -1
    outer loop
      vertex 41.2 18.1 0
      vertex 50.8 25.2 0
      vertex 42.0604 18.0323 0
    endloop
  endfacet
  facet normal 0 0 -1
    outer loop
      vertex 40.3396 18.0323 0
      vertex 50.8 25.2 0
      vertex 41.2 18.1 0
    endloop
  endfacet
  facet normal 0 0 -1
    outer loop
      vertex 39.5004 17.8308 0
      vertex 50.8 25.2 0
      vertex 40.3396 18.0323 0
    endloop
  endfacet
  facet normal 0 0 -1
    outer loop
      vertex 0 25.2 0
      vertex 39.5004 17.8308 0
      vertex 38.7031 17.5005 0
    endloop
  endfacet
  facet normal 0 0 -1
    outer loop
      vertex 0 25.2 0
      vertex 38.7031 17.5005 0
      vertex 37.9672 17.0496 0
    endloop
  endfacet
  facet normal 0 0 -1
    outer loop
      vertex 0 25.2 0
      vertex 35.7 12.6 0
      vertex 0 0 0
    endloop
  endfacet
  facet normal 0 0 -1
    outer loop
      vertex 35.7 12.6 0
      vertex 0 25.2 0
      vertex 35.7677 13.4604 0
    endloop
  endfacet
  facet normal 0 0 -1
    outer loop
      vertex 35.7677 13.4604 0
      vertex 0 25.2 0
      vertex 35.9692 14.2996 0
    endloop
  endfacet
  facet normal 0 0 -1
    outer loop
      vertex 35.9692 14.2996 0
      vertex 0 25.2 0
      vertex 36.2995 15.0969 0
    endloop
  endfacet
  facet normal 0 0 -1
    outer loop
      vertex 36.2995 15.0969 0
      vertex 0 25.2 0
      vertex 36.7504 15.8328 0
    endloop
  endfacet
  facet normal 0 0 -1
    outer loop
      vertex 36.7504 15.8328 0
      vertex 0 25.2 0
      vertex 37.3109 16.4891 0
    endloop
  endfacet
  facet normal 0 0 -1
    outer loop
      vertex 37.3109 16.4891 0
      vertex 0 25.2 0
      vertex 37.9672 17.0496 0
    endloop
  endfacet
  facet normal 0 0 -1
    outer loop
      vertex 39.5004 17.8308 0
      vertex 0 25.2 0
      vertex 50.8 25.2 0
    endloop
  endfacet
  facet normal -1 0 0
    outer loop
      vertex 0 25.2 0
      vertex 0 17.1 6.2
      vertex 0 25.2 11.2
    endloop
  endfacet
  facet normal -1 0 0
    outer loop
      vertex 0 25.2 0
      vertex 0 17.0815 5.96535
      vertex 0 17.1 6.2
    endloop
  endfacet
  facet normal -1 0 0
    outer loop
      vertex 0 25.2 0
      vertex 0 17.0266 5.73647
      vertex 0 17.0815 5.96535
    endloop
  endfacet
  facet normal -1 0 0
    outer loop
      vertex 0 25.2 0
      vertex 0 16.9365 5.51901
      vertex 0 17.0266 5.73647
    endloop
  endfacet
  facet normal -1 0 0
    outer loop
      vertex 0 25.2 0
      vertex 0 16.8135 5.31832
      vertex 0 16.9365 5.51901
    endloop
  endfacet
  facet normal -1 0 0
    outer loop
      vertex 0 25.2 0
      vertex 0 16.6607 5.13934
      vertex 0 16.8135 5.31832
    endloop
  endfacet
  facet normal -1 0 0
    outer loop
      vertex 0 25.2 0
      vertex 0 16.4817 4.98647
      vertex 0 16.6607 5.13934
    endloop
  endfacet
  facet normal -1 0 0
    outer loop
      vertex 0 25.2 0
      vertex 0 16.281 4.86349
      vertex 0 16.4817 4.98647
    endloop
  endfacet
  facet normal -1 0 0
    outer loop
      vertex 0 25.2 0
      vertex 0 16.0635 4.77341
      vertex 0 16.281 4.86349
    endloop
  endfacet
  facet normal -1 0 0
    outer loop
      vertex 0 25.2 0
      vertex 0 15.8347 4.71847
      vertex 0 16.0635 4.77341
    endloop
  endfacet
  facet normal -1 0 0
    outer loop
      vertex 0 25.2 0
      vertex 0 15.6 4.7
      vertex 0 15.8347 4.71847
    endloop
  endfacet
  facet normal -1 0 0
    outer loop
      vertex 0 25.2 0
      vertex 0 15.3653 4.71847
      vertex 0 15.6 4.7
    endloop
  endfacet
  facet normal -1 0 0
    outer loop
      vertex 0 9.83465 4.71847
      vertex 0 15.3653 4.71847
      vertex 0 25.2 0
    endloop
  endfacet
  facet normal -1 0 0
    outer loop
      vertex 0 15.3653 4.71847
      vertex 0 9.83465 4.71847
      vertex 0 15.1365 4.77341
    endloop
  endfacet
  facet normal -1 0 0
    outer loop
      vertex 0 14.1185 5.96535
      vertex 0 11.1 6.2
      vertex 0 14.1 6.2
    endloop
  endfacet
  facet normal -1 0 0
    outer loop
      vertex 0 11.0815 5.96535
      vertex 0 14.1185 5.96535
      vertex 0 14.1734 5.73647
    endloop
  endfacet
  facet normal -1 0 0
    outer loop
      vertex 0 11.0266 5.73647
      vertex 0 14.1734 5.73647
      vertex 0 14.2635 5.51901
    endloop
  endfacet
  facet normal -1 0 0
    outer loop
      vertex 0 10.9365 5.51901
      vertex 0 14.2635 5.51901
      vertex 0 14.3865 5.31832
    endloop
  endfacet
  facet normal -1 0 0
    outer loop
      vertex 0 10.8135 5.31832
      vertex 0 14.3865 5.31832
      vertex 0 14.5393 5.13934
    endloop
  endfacet
  facet normal -1 0 0
    outer loop
      vertex 0 10.6607 5.13934
      vertex 0 14.5393 5.13934
      vertex 0 14.7183 4.98647
    endloop
  endfacet
  facet normal -1 0 0
    outer loop
      vertex 0 10.4817 4.98647
      vertex 0 14.7183 4.98647
      vertex 0 14.919 4.86349
    endloop
  endfacet
  facet normal -1 0 -0
    outer loop
      vertex 0 10.0635 4.77341
      vertex 0 15.1365 4.77341
      vertex 0 9.83465 4.71847
    endloop
  endfacet
  facet normal -1 0 0
    outer loop
      vertex 0 14.1185 5.96535
      vertex 0 11.0815 5.96535
      vertex 0 11.1 6.2
    endloop
  endfacet
  facet normal -1 0 0
    outer loop
      vertex 0 14.1734 5.73647
      vertex 0 11.0266 5.73647
      vertex 0 11.0815 5.96535
    endloop
  endfacet
  facet normal -1 0 0
    outer loop
      vertex 0 14.2635 5.51901
      vertex 0 10.9365 5.51901
      vertex 0 11.0266 5.73647
    endloop
  endfacet
  facet normal -1 0 0
    outer loop
      vertex 0 14.3865 5.31832
      vertex 0 10.8135 5.31832
      vertex 0 10.9365 5.51901
    endloop
  endfacet
  facet normal -1 0 0
    outer loop
      vertex 0 14.5393 5.13934
      vertex 0 10.6607 5.13934
      vertex 0 10.8135 5.31832
    endloop
  endfacet
  facet normal -1 0 0
    outer loop
      vertex 0 14.7183 4.98647
      vertex 0 10.4817 4.98647
      vertex 0 10.6607 5.13934
    endloop
  endfacet
  facet normal -1 0 0
    outer loop
      vertex 0 14.919 4.86349
      vertex 0 10.281 4.86349
      vertex 0 10.4817 4.98647
    endloop
  endfacet
  facet normal -1 -0 0
    outer loop
      vertex 0 14.919 4.86349
      vertex 0 10.0635 4.77341
      vertex 0 10.281 4.86349
    endloop
  endfacet
  facet normal -1 0 0
    outer loop
      vertex 0 15.1365 4.77341
      vertex 0 10.0635 4.77341
      vertex 0 14.919 4.86349
    endloop
  endfacet
  facet normal -1 0 0
    outer loop
      vertex 0 0 0
      vertex 0 9.83465 4.71847
      vertex 0 25.2 0
    endloop
  endfacet
  facet normal -1 0 0
    outer loop
      vertex 0 9.83465 4.71847
      vertex 0 0 0
      vertex 0 9.6 4.7
    endloop
  endfacet
  facet normal -1 -0 0
    outer loop
      vertex 0 9.6 4.7
      vertex 0 0 0
      vertex 0 9.36535 4.71847
    endloop
  endfacet
  facet normal -1 -0 0
    outer loop
      vertex 0 8.11847 5.96535
      vertex 0 0 0
      vertex 0 8.1 6.2
    endloop
  endfacet
  facet normal -1 -0 0
    outer loop
      vertex 0 8.17342 5.73647
      vertex 0 0 0
      vertex 0 8.11847 5.96535
    endloop
  endfacet
  facet normal -1 -0 0
    outer loop
      vertex 0 8.26349 5.51901
      vertex 0 0 0
      vertex 0 8.17342 5.73647
    endloop
  endfacet
  facet normal -1 -0 0
    outer loop
      vertex 0 8.38647 5.31832
      vertex 0 0 0
      vertex 0 8.26349 5.51901
    endloop
  endfacet
  facet normal -1 -0 0
    outer loop
      vertex 0 8.53934 5.13934
      vertex 0 0 0
      vertex 0 8.38647 5.31832
    endloop
  endfacet
  facet normal -1 -0 0
    outer loop
      vertex 0 8.71832 4.98647
      vertex 0 0 0
      vertex 0 8.53934 5.13934
    endloop
  endfacet
  facet normal -1 -0 0
    outer loop
      vertex 0 8.91901 4.86349
      vertex 0 0 0
      vertex 0 8.71832 4.98647
    endloop
  endfacet
  facet normal -1 -0 0
    outer loop
      vertex 0 9.13647 4.77341
      vertex 0 0 0
      vertex 0 8.91901 4.86349
    endloop
  endfacet
  facet normal -1 -0 0
    outer loop
      vertex 0 9.36535 4.71847
      vertex 0 0 0
      vertex 0 9.13647 4.77341
    endloop
  endfacet
  facet normal -1 0 0
    outer loop
      vertex 0 17.0815 6.43465
      vertex 0 25.2 11.2
      vertex 0 17.1 6.2
    endloop
  endfacet
  facet normal -1 0 0
    outer loop
      vertex 0 17.0266 6.66352
      vertex 0 25.2 11.2
      vertex 0 17.0815 6.43465
    endloop
  endfacet
  facet normal -1 0 0
    outer loop
      vertex 0 16.9365 6.88099
      vertex 0 25.2 11.2
      vertex 0 17.0266 6.66352
    endloop
  endfacet
  facet normal -1 0 0
    outer loop
      vertex 0 16.8135 7.08168
      vertex 0 25.2 11.2
      vertex 0 16.9365 6.88099
    endloop
  endfacet
  facet normal -1 0 0
    outer loop
      vertex 0 16.6607 7.26066
      vertex 0 25.2 11.2
      vertex 0 16.8135 7.08168
    endloop
  endfacet
  facet normal -1 0 0
    outer loop
      vertex 0 16.4817 7.41352
      vertex 0 25.2 11.2
      vertex 0 16.6607 7.26066
    endloop
  endfacet
  facet normal -1 0 0
    outer loop
      vertex 0 16.281 7.53651
      vertex 0 25.2 11.2
      vertex 0 16.4817 7.41352
    endloop
  endfacet
  facet normal -1 0 0
    outer loop
      vertex 0 16.0635 7.62658
      vertex 0 25.2 11.2
      vertex 0 16.281 7.53651
    endloop
  endfacet
  facet normal -1 0 0
    outer loop
      vertex 0 15.8347 7.68153
      vertex 0 25.2 11.2
      vertex 0 16.0635 7.62658
    endloop
  endfacet
  facet normal -1 0 0
    outer loop
      vertex 0 15.6 7.7
      vertex 0 25.2 11.2
      vertex 0 15.8347 7.68153
    endloop
  endfacet
  facet normal -1 0 0
    outer loop
      vertex 0 15.3653 7.68153
      vertex 0 25.2 11.2
      vertex 0 15.6 7.7
    endloop
  endfacet
  facet normal -1 0 0
    outer loop
      vertex 0 9.83465 7.68153
      vertex 0 15.3653 7.68153
      vertex 0 15.1365 7.62658
    endloop
  endfacet
  facet normal -1 0 0
    outer loop
      vertex 0 11.1 6.2
      vertex 0 14.1185 6.43465
      vertex 0 14.1 6.2
    endloop
  endfacet
  facet normal -1 0 0
    outer loop
      vertex 0 11.0815 6.43465
      vertex 0 14.1185 6.43465
      vertex 0 11.1 6.2
    endloop
  endfacet
  facet normal -1 0 0
    outer loop
      vertex 0 14.1185 6.43465
      vertex 0 11.0815 6.43465
      vertex 0 14.1734 6.66352
    endloop
  endfacet
  facet normal -1 0 0
    outer loop
      vertex 0 11.0266 6.66352
      vertex 0 14.1734 6.66352
      vertex 0 11.0815 6.43465
    endloop
  endfacet
  facet normal -1 0 0
    outer loop
      vertex 0 14.1734 6.66352
      vertex 0 11.0266 6.66352
      vertex 0 14.2635 6.88099
    endloop
  endfacet
  facet normal -1 0 0
    outer loop
      vertex 0 10.9365 6.88099
      vertex 0 14.2635 6.88099
      vertex 0 11.0266 6.66352
    endloop
  endfacet
  facet normal -1 0 0
    outer loop
      vertex 0 14.2635 6.88099
      vertex 0 10.9365 6.88099
      vertex 0 14.3865 7.08168
    endloop
  endfacet
  facet normal -1 0 0
    outer loop
      vertex 0 10.8135 7.08168
      vertex 0 14.3865 7.08168
      vertex 0 10.9365 6.88099
    endloop
  endfacet
  facet normal -1 0 0
    outer loop
      vertex 0 14.3865 7.08168
      vertex 0 10.8135 7.08168
      vertex 0 14.5393 7.26066
    endloop
  endfacet
  facet normal -1 0 0
    outer loop
      vertex 0 10.6607 7.26066
      vertex 0 14.5393 7.26066
      vertex 0 10.8135 7.08168
    endloop
  endfacet
  facet normal -1 0 0
    outer loop
      vertex 0 14.5393 7.26066
      vertex 0 10.6607 7.26066
      vertex 0 14.7183 7.41352
    endloop
  endfacet
  facet normal -1 0 0
    outer loop
      vertex 0 10.4817 7.41352
      vertex 0 14.7183 7.41352
      vertex 0 10.6607 7.26066
    endloop
  endfacet
  facet normal -1 0 0
    outer loop
      vertex 0 14.7183 7.41352
      vertex 0 10.4817 7.41352
      vertex 0 14.919 7.53651
    endloop
  endfacet
  facet normal -1 0 0
    outer loop
      vertex 0 10.281 7.53651
      vertex 0 14.919 7.53651
      vertex 0 10.4817 7.41352
    endloop
  endfacet
  facet normal -1 0 0
    outer loop
      vertex 0 14.919 7.53651
      vertex 0 10.281 7.53651
      vertex 0 15.1365 7.62658
    endloop
  endfacet
  facet normal -1 0 0
    outer loop
      vertex 0 10.0635 7.62658
      vertex 0 15.1365 7.62658
      vertex 0 10.281 7.53651
    endloop
  endfacet
  facet normal -1 0 0
    outer loop
      vertex 0 9.83465 7.68153
      vertex 0 15.1365 7.62658
      vertex 0 10.0635 7.62658
    endloop
  endfacet
  facet normal -1 0 0
    outer loop
      vertex 0 15.3653 7.68153
      vertex 0 9.83465 7.68153
      vertex 0 25.2 11.2
    endloop
  endfacet
  facet normal -1 0 0
    outer loop
      vertex 0 0 11.2
      vertex 0 9.83465 7.68153
      vertex 0 9.6 7.7
    endloop
  endfacet
  facet normal -1 0 0
    outer loop
      vertex 0 0 11.2
      vertex 0 9.6 7.7
      vertex 0 9.36535 7.68153
    endloop
  endfacet
  facet normal -1 0 0
    outer loop
      vertex 0 0 11.2
      vertex 0 8.1 6.2
      vertex 0 0 0
    endloop
  endfacet
  facet normal -1 0 0
    outer loop
      vertex 0 8.1 6.2
      vertex 0 0 11.2
      vertex 0 8.11847 6.43465
    endloop
  endfacet
  facet normal -1 0 0
    outer loop
      vertex 0 8.11847 6.43465
      vertex 0 0 11.2
      vertex 0 8.17342 6.66352
    endloop
  endfacet
  facet normal -1 0 0
    outer loop
      vertex 0 8.17342 6.66352
      vertex 0 0 11.2
      vertex 0 8.26349 6.88099
    endloop
  endfacet
  facet normal -1 0 0
    outer loop
      vertex 0 8.26349 6.88099
      vertex 0 0 11.2
      vertex 0 8.38647 7.08168
    endloop
  endfacet
  facet normal -1 0 0
    outer loop
      vertex 0 8.38647 7.08168
      vertex 0 0 11.2
      vertex 0 8.53934 7.26066
    endloop
  endfacet
  facet normal -1 0 0
    outer loop
      vertex 0 9.83465 7.68153
      vertex 0 0 11.2
      vertex 0 25.2 11.2
    endloop
  endfacet
  facet normal -1 0 0
    outer loop
      vertex 0 9.13647 7.62658
      vertex 0 0 11.2
      vertex 0 9.36535 7.68153
    endloop
  endfacet
  facet normal -1 0 0
    outer loop
      vertex 0 8.91901 7.53651
      vertex 0 0 11.2
      vertex 0 9.13647 7.62658
    endloop
  endfacet
  facet normal -1 0 0
    outer loop
      vertex 0 8.71832 7.41352
      vertex 0 0 11.2
      vertex 0 8.91901 7.53651
    endloop
  endfacet
  facet normal -1 0 0
    outer loop
      vertex 0 8.53934 7.26066
      vertex 0 0 11.2
      vertex 0 8.71832 7.41352
    endloop
  endfacet
  facet normal 0 1 0
    outer loop
      vertex 50.8 25.2 11.2
      vertex 29.4 25.2 1.2
      vertex 29.4 25.2 11.2
    endloop
  endfacet
  facet normal 0 1 0
    outer loop
      vertex 29.4 25.2 1.2
      vertex 50.8 25.2 0
      vertex 21.4 25.2 1.2
    endloop
  endfacet
  facet normal 0 1 -0
    outer loop
      vertex 50.8 25.2 0
      vertex 29.4 25.2 1.2
      vertex 50.8 25.2 11.2
    endloop
  endfacet
  facet normal 0 1 -0
    outer loop
      vertex 21.4 25.2 1.2
      vertex 0 25.2 11.2
      vertex 21.4 25.2 11.2
    endloop
  endfacet
  facet normal 0 1 0
    outer loop
      vertex 21.4 25.2 1.2
      vertex 0 25.2 0
      vertex 0 25.2 11.2
    endloop
  endfacet
  facet normal 0 1 0
    outer loop
      vertex 0 25.2 0
      vertex 21.4 25.2 1.2
      vertex 50.8 25.2 0
    endloop
  endfacet
  facet normal 0 -1 0
    outer loop
      vertex 0 0 11.2
      vertex 21.4 0 1.2
      vertex 21.4 0 11.2
    endloop
  endfacet
  facet normal 0 -1 -0
    outer loop
      vertex 21.4 0 1.2
      vertex 0 0 0
      vertex 29.4 0 1.2
    endloop
  endfacet
  facet normal 0 -1 0
    outer loop
      vertex 0 0 0
      vertex 21.4 0 1.2
      vertex 0 0 11.2
    endloop
  endfacet
  facet normal 0 -1 0
    outer loop
      vertex 29.4 0 1.2
      vertex 50.8 0 11.2
      vertex 29.4 0 11.2
    endloop
  endfacet
  facet normal 0 -1 0
    outer loop
      vertex 29.4 0 1.2
      vertex 50.8 0 0
      vertex 50.8 0 11.2
    endloop
  endfacet
  facet normal 0 -1 0
    outer loop
      vertex 50.8 0 0
      vertex 29.4 0 1.2
      vertex 0 0 0
    endloop
  endfacet
  facet normal 1 -0 0
    outer loop
      vertex 29.4 -1.9 11.2
      vertex 29.4 0 1.2
      vertex 29.4 0 11.2
    endloop
  endfacet
  facet normal 1 0 0
    outer loop
      vertex 29.4 0 1.2
      vertex 29.4 -1.9 11.2
      vertex 29.4 -1.9 1.2
    endloop
  endfacet
  facet normal 0 0 -1
    outer loop
      vertex 21.4 -1.9 1.2
      vertex 29.4 0 1.2
      vertex 29.4 -1.9 1.2
    endloop
  endfacet
  facet normal -0 0 -1
    outer loop
      vertex 29.4 0 1.2
      vertex 21.4 -1.9 1.2
      vertex 21.4 0 1.2
    endloop
  endfacet
  facet normal -1 0 0
    outer loop
      vertex 21.4 -1.9 1.2
      vertex 21.4 0 11.2
      vertex 21.4 0 1.2
    endloop
  endfacet
  facet normal -1 -0 0
    outer loop
      vertex 21.4 0 11.2
      vertex 21.4 -1.9 1.2
      vertex 21.4 -1.9 11.2
    endloop
  endfacet
  facet normal 0 -1 0
    outer loop
      vertex 23.7405 -1.9 6.86825
      vertex 21.4 -1.9 11.2
      vertex 23.6318 -1.9 6.91329
    endloop
  endfacet
  facet normal 0 -1 0
    outer loop
      vertex 29.4 -1.9 11.2
      vertex 27.2827 -1.9 6.94077
      vertex 27.4 -1.9 6.95
    endloop
  endfacet
  facet normal 0 -1 0
    outer loop
      vertex 21.4 -1.9 11.2
      vertex 23.7405 -1.9 6.86825
      vertex 29.4 -1.9 11.2
    endloop
  endfacet
  facet normal 0 -1 0
    outer loop
      vertex 29.4 -1.9 11.2
      vertex 27.1682 -1.9 6.91329
      vertex 27.2827 -1.9 6.94077
    endloop
  endfacet
  facet normal 0 -1 0
    outer loop
      vertex 27.0595 -1.9 6.86825
      vertex 29.4 -1.9 11.2
      vertex 23.7405 -1.9 6.86825
    endloop
  endfacet
  facet normal 0 -1 0
    outer loop
      vertex 29.4 -1.9 11.2
      vertex 27.0595 -1.9 6.86825
      vertex 27.1682 -1.9 6.91329
    endloop
  endfacet
  facet normal 0 -1 0
    outer loop
      vertex 23.8408 -1.9 6.80676
      vertex 27.0595 -1.9 6.86825
      vertex 23.7405 -1.9 6.86825
    endloop
  endfacet
  facet normal 0 -1 0
    outer loop
      vertex 23.8408 -1.9 6.80676
      vertex 26.9592 -1.9 6.80676
      vertex 27.0595 -1.9 6.86825
    endloop
  endfacet
  facet normal 0 -1 0
    outer loop
      vertex 23.9303 -1.9 6.73033
      vertex 26.9592 -1.9 6.80676
      vertex 23.8408 -1.9 6.80676
    endloop
  endfacet
  facet normal 0 -1 0
    outer loop
      vertex 23.9303 -1.9 6.73033
      vertex 26.8697 -1.9 6.73033
      vertex 26.9592 -1.9 6.80676
    endloop
  endfacet
  facet normal 0 -1 0
    outer loop
      vertex 24.0068 -1.9 6.64084
      vertex 26.8697 -1.9 6.73033
      vertex 23.9303 -1.9 6.73033
    endloop
  endfacet
  facet normal 0 -1 0
    outer loop
      vertex 24.0068 -1.9 6.64084
      vertex 26.7932 -1.9 6.64084
      vertex 26.8697 -1.9 6.73033
    endloop
  endfacet
  facet normal 0 -1 0
    outer loop
      vertex 24.0683 -1.9 6.54049
      vertex 26.7932 -1.9 6.64084
      vertex 24.0068 -1.9 6.64084
    endloop
  endfacet
  facet normal 0 -1 0
    outer loop
      vertex 24.0683 -1.9 6.54049
      vertex 26.7317 -1.9 6.54049
      vertex 26.7932 -1.9 6.64084
    endloop
  endfacet
  facet normal 0 -1 0
    outer loop
      vertex 24.1133 -1.9 6.43176
      vertex 26.7317 -1.9 6.54049
      vertex 24.0683 -1.9 6.54049
    endloop
  endfacet
  facet normal 0 -1 0
    outer loop
      vertex 24.1133 -1.9 6.43176
      vertex 26.6867 -1.9 6.43176
      vertex 26.7317 -1.9 6.54049
    endloop
  endfacet
  facet normal 0 -1 0
    outer loop
      vertex 24.1408 -1.9 6.31733
      vertex 26.6867 -1.9 6.43176
      vertex 24.1133 -1.9 6.43176
    endloop
  endfacet
  facet normal 0 -1 0
    outer loop
      vertex 24.1408 -1.9 6.31733
      vertex 26.6592 -1.9 6.31733
      vertex 26.6867 -1.9 6.43176
    endloop
  endfacet
  facet normal 0 -1 0
    outer loop
      vertex 24.15 -1.9 6.2
      vertex 26.6592 -1.9 6.31733
      vertex 24.1408 -1.9 6.31733
    endloop
  endfacet
  facet normal 0 -1 0
    outer loop
      vertex 24.15 -1.9 6.2
      vertex 26.65 -1.9 6.2
      vertex 26.6592 -1.9 6.31733
    endloop
  endfacet
  facet normal 0 -1 0
    outer loop
      vertex 24.1408 -1.9 6.08267
      vertex 26.65 -1.9 6.2
      vertex 24.15 -1.9 6.2
    endloop
  endfacet
  facet normal 0 -1 0
    outer loop
      vertex 24.1408 -1.9 6.08267
      vertex 26.6592 -1.9 6.08267
      vertex 26.65 -1.9 6.2
    endloop
  endfacet
  facet normal 0 -1 0
    outer loop
      vertex 24.1133 -1.9 5.96824
      vertex 26.6592 -1.9 6.08267
      vertex 24.1408 -1.9 6.08267
    endloop
  endfacet
  facet normal 0 -1 0
    outer loop
      vertex 24.1133 -1.9 5.96824
      vertex 26.6867 -1.9 5.96824
      vertex 26.6592 -1.9 6.08267
    endloop
  endfacet
  facet normal 0 -1 0
    outer loop
      vertex 24.0683 -1.9 5.85951
      vertex 26.6867 -1.9 5.96824
      vertex 24.1133 -1.9 5.96824
    endloop
  endfacet
  facet normal 0 -1 0
    outer loop
      vertex 24.0683 -1.9 5.85951
      vertex 26.7317 -1.9 5.85951
      vertex 26.6867 -1.9 5.96824
    endloop
  endfacet
  facet normal 0 -1 0
    outer loop
      vertex 24.0068 -1.9 5.75916
      vertex 26.7317 -1.9 5.85951
      vertex 24.0683 -1.9 5.85951
    endloop
  endfacet
  facet normal 0 -1 0
    outer loop
      vertex 24.0068 -1.9 5.75916
      vertex 26.7932 -1.9 5.75916
      vertex 26.7317 -1.9 5.85951
    endloop
  endfacet
  facet normal 0 -1 0
    outer loop
      vertex 23.9303 -1.9 5.66967
      vertex 26.7932 -1.9 5.75916
      vertex 24.0068 -1.9 5.75916
    endloop
  endfacet
  facet normal 0 -1 0
    outer loop
      vertex 23.9303 -1.9 5.66967
      vertex 26.8697 -1.9 5.66967
      vertex 26.7932 -1.9 5.75916
    endloop
  endfacet
  facet normal 0 -1 0
    outer loop
      vertex 23.8408 -1.9 5.59324
      vertex 26.8697 -1.9 5.66967
      vertex 23.9303 -1.9 5.66967
    endloop
  endfacet
  facet normal 0 -1 0
    outer loop
      vertex 23.8408 -1.9 5.59324
      vertex 26.9592 -1.9 5.59324
      vertex 26.8697 -1.9 5.66967
    endloop
  endfacet
  facet normal 0 -1 0
    outer loop
      vertex 23.7405 -1.9 5.53174
      vertex 26.9592 -1.9 5.59324
      vertex 23.8408 -1.9 5.59324
    endloop
  endfacet
  facet normal 0 -1 0
    outer loop
      vertex 23.7405 -1.9 5.53174
      vertex 27.0595 -1.9 5.53174
      vertex 26.9592 -1.9 5.59324
    endloop
  endfacet
  facet normal 0 -1 0
    outer loop
      vertex 21.4 -1.9 1.2
      vertex 23.7405 -1.9 5.53174
      vertex 23.6318 -1.9 5.48671
    endloop
  endfacet
  facet normal 0 -1 -0
    outer loop
      vertex 23.7405 -1.9 5.53174
      vertex 21.4 -1.9 1.2
      vertex 27.0595 -1.9 5.53174
    endloop
  endfacet
  facet normal 0 -1 0
    outer loop
      vertex 21.4 -1.9 1.2
      vertex 23.6318 -1.9 5.48671
      vertex 23.5173 -1.9 5.45923
    endloop
  endfacet
  facet normal 0 -1 0
    outer loop
      vertex 29.4 -1.9 1.2
      vertex 27.0595 -1.9 5.53174
      vertex 21.4 -1.9 1.2
    endloop
  endfacet
  facet normal 0 -1 0
    outer loop
      vertex 21.4 -1.9 1.2
      vertex 23.5173 -1.9 5.45923
      vertex 23.4 -1.9 5.45
    endloop
  endfacet
  facet normal 0 -1 0
    outer loop
      vertex 27.0595 -1.9 5.53174
      vertex 29.4 -1.9 1.2
      vertex 27.1682 -1.9 5.48671
    endloop
  endfacet
  facet normal 0 -1 0
    outer loop
      vertex 23.5173 -1.9 6.94077
      vertex 21.4 -1.9 11.2
      vertex 23.4 -1.9 6.95
    endloop
  endfacet
  facet normal 0 -1 0
    outer loop
      vertex 21.4 -1.9 11.2
      vertex 23.2827 -1.9 6.94077
      vertex 23.4 -1.9 6.95
    endloop
  endfacet
  facet normal 0 -1 0
    outer loop
      vertex 21.4 -1.9 11.2
      vertex 23.1682 -1.9 6.91329
      vertex 23.2827 -1.9 6.94077
    endloop
  endfacet
  facet normal 0 -1 0
    outer loop
      vertex 21.4 -1.9 11.2
      vertex 23.0595 -1.9 6.86825
      vertex 23.1682 -1.9 6.91329
    endloop
  endfacet
  facet normal 0 -1 0
    outer loop
      vertex 21.4 -1.9 11.2
      vertex 22.9592 -1.9 6.80676
      vertex 23.0595 -1.9 6.86825
    endloop
  endfacet
  facet normal 0 -1 0
    outer loop
      vertex 21.4 -1.9 11.2
      vertex 22.8697 -1.9 6.73033
      vertex 22.9592 -1.9 6.80676
    endloop
  endfacet
  facet normal 0 -1 0
    outer loop
      vertex 21.4 -1.9 11.2
      vertex 22.7932 -1.9 6.64084
      vertex 22.8697 -1.9 6.73033
    endloop
  endfacet
  facet normal 0 -1 0
    outer loop
      vertex 21.4 -1.9 11.2
      vertex 22.7317 -1.9 6.54049
      vertex 22.7932 -1.9 6.64084
    endloop
  endfacet
  facet normal 0 -1 0
    outer loop
      vertex 21.4 -1.9 11.2
      vertex 22.6867 -1.9 6.43176
      vertex 22.7317 -1.9 6.54049
    endloop
  endfacet
  facet normal 0 -1 0
    outer loop
      vertex 21.4 -1.9 11.2
      vertex 22.6592 -1.9 6.31733
      vertex 22.6867 -1.9 6.43176
    endloop
  endfacet
  facet normal 0 -1 0
    outer loop
      vertex 21.4 -1.9 11.2
      vertex 22.65 -1.9 6.2
      vertex 22.6592 -1.9 6.31733
    endloop
  endfacet
  facet normal 0 -1 0
    outer loop
      vertex 21.4 -1.9 1.2
      vertex 22.65 -1.9 6.2
      vertex 21.4 -1.9 11.2
    endloop
  endfacet
  facet normal 0 -1 -0
    outer loop
      vertex 22.65 -1.9 6.2
      vertex 21.4 -1.9 1.2
      vertex 22.6592 -1.9 6.08267
    endloop
  endfacet
  facet normal 0 -1 0
    outer loop
      vertex 27.1682 -1.9 5.48671
      vertex 29.4 -1.9 1.2
      vertex 27.2827 -1.9 5.45923
    endloop
  endfacet
  facet normal 0 -1 -0
    outer loop
      vertex 23.2827 -1.9 5.45923
      vertex 21.4 -1.9 1.2
      vertex 23.4 -1.9 5.45
    endloop
  endfacet
  facet normal 0 -1 -0
    outer loop
      vertex 23.1682 -1.9 5.48671
      vertex 21.4 -1.9 1.2
      vertex 23.2827 -1.9 5.45923
    endloop
  endfacet
  facet normal 0 -1 -0
    outer loop
      vertex 23.0595 -1.9 5.53174
      vertex 21.4 -1.9 1.2
      vertex 23.1682 -1.9 5.48671
    endloop
  endfacet
  facet normal 0 -1 -0
    outer loop
      vertex 22.9592 -1.9 5.59324
      vertex 21.4 -1.9 1.2
      vertex 23.0595 -1.9 5.53174
    endloop
  endfacet
  facet normal 0 -1 -0
    outer loop
      vertex 22.8697 -1.9 5.66967
      vertex 21.4 -1.9 1.2
      vertex 22.9592 -1.9 5.59324
    endloop
  endfacet
  facet normal 0 -1 -0
    outer loop
      vertex 22.7932 -1.9 5.75916
      vertex 21.4 -1.9 1.2
      vertex 22.8697 -1.9 5.66967
    endloop
  endfacet
  facet normal 0 -1 -0
    outer loop
      vertex 22.7317 -1.9 5.85951
      vertex 21.4 -1.9 1.2
      vertex 22.7932 -1.9 5.75916
    endloop
  endfacet
  facet normal 0 -1 -0
    outer loop
      vertex 22.6867 -1.9 5.96824
      vertex 21.4 -1.9 1.2
      vertex 22.7317 -1.9 5.85951
    endloop
  endfacet
  facet normal 0 -1 -0
    outer loop
      vertex 22.6592 -1.9 6.08267
      vertex 21.4 -1.9 1.2
      vertex 22.6867 -1.9 5.96824
    endloop
  endfacet
  facet normal 0 -1 0
    outer loop
      vertex 23.6318 -1.9 6.91329
      vertex 21.4 -1.9 11.2
      vertex 23.5173 -1.9 6.94077
    endloop
  endfacet
  facet normal 0 -1 0
    outer loop
      vertex 27.5173 -1.9 6.94077
      vertex 29.4 -1.9 11.2
      vertex 27.4 -1.9 6.95
    endloop
  endfacet
  facet normal 0 -1 0
    outer loop
      vertex 27.6318 -1.9 6.91329
      vertex 29.4 -1.9 11.2
      vertex 27.5173 -1.9 6.94077
    endloop
  endfacet
  facet normal 0 -1 0
    outer loop
      vertex 27.7405 -1.9 6.86825
      vertex 29.4 -1.9 11.2
      vertex 27.6318 -1.9 6.91329
    endloop
  endfacet
  facet normal 0 -1 0
    outer loop
      vertex 27.8408 -1.9 6.80676
      vertex 29.4 -1.9 11.2
      vertex 27.7405 -1.9 6.86825
    endloop
  endfacet
  facet normal 0 -1 0
    outer loop
      vertex 27.9303 -1.9 6.73033
      vertex 29.4 -1.9 11.2
      vertex 27.8408 -1.9 6.80676
    endloop
  endfacet
  facet normal 0 -1 0
    outer loop
      vertex 28.0068 -1.9 6.64084
      vertex 29.4 -1.9 11.2
      vertex 27.9303 -1.9 6.73033
    endloop
  endfacet
  facet normal 0 -1 0
    outer loop
      vertex 28.0683 -1.9 6.54049
      vertex 29.4 -1.9 11.2
      vertex 28.0068 -1.9 6.64084
    endloop
  endfacet
  facet normal 0 -1 0
    outer loop
      vertex 28.1133 -1.9 6.43176
      vertex 29.4 -1.9 11.2
      vertex 28.0683 -1.9 6.54049
    endloop
  endfacet
  facet normal 0 -1 0
    outer loop
      vertex 28.1408 -1.9 6.31733
      vertex 29.4 -1.9 11.2
      vertex 28.1133 -1.9 6.43176
    endloop
  endfacet
  facet normal 0 -1 0
    outer loop
      vertex 28.15 -1.9 6.2
      vertex 29.4 -1.9 11.2
      vertex 28.1408 -1.9 6.31733
    endloop
  endfacet
  facet normal 0 -1 0
    outer loop
      vertex 29.4 -1.9 1.2
      vertex 28.15 -1.9 6.2
      vertex 28.1408 -1.9 6.08267
    endloop
  endfacet
  facet normal 0 -1 0
    outer loop
      vertex 29.4 -1.9 1.2
      vertex 28.1408 -1.9 6.08267
      vertex 28.1133 -1.9 5.96824
    endloop
  endfacet
  facet normal 0 -1 0
    outer loop
      vertex 27.2827 -1.9 5.45923
      vertex 29.4 -1.9 1.2
      vertex 27.4 -1.9 5.45
    endloop
  endfacet
  facet normal 0 -1 0
    outer loop
      vertex 27.4 -1.9 5.45
      vertex 29.4 -1.9 1.2
      vertex 27.5173 -1.9 5.45923
    endloop
  endfacet
  facet normal 0 -1 0
    outer loop
      vertex 27.5173 -1.9 5.45923
      vertex 29.4 -1.9 1.2
      vertex 27.6318 -1.9 5.48671
    endloop
  endfacet
  facet normal 0 -1 0
    outer loop
      vertex 27.6318 -1.9 5.48671
      vertex 29.4 -1.9 1.2
      vertex 27.7405 -1.9 5.53174
    endloop
  endfacet
  facet normal 0 -1 0
    outer loop
      vertex 28.15 -1.9 6.2
      vertex 29.4 -1.9 1.2
      vertex 29.4 -1.9 11.2
    endloop
  endfacet
  facet normal 0 -1 0
    outer loop
      vertex 28.0683 -1.9 5.85951
      vertex 29.4 -1.9 1.2
      vertex 28.1133 -1.9 5.96824
    endloop
  endfacet
  facet normal 0 -1 0
    outer loop
      vertex 28.0068 -1.9 5.75916
      vertex 29.4 -1.9 1.2
      vertex 28.0683 -1.9 5.85951
    endloop
  endfacet
  facet normal 0 -1 0
    outer loop
      vertex 27.9303 -1.9 5.66967
      vertex 29.4 -1.9 1.2
      vertex 28.0068 -1.9 5.75916
    endloop
  endfacet
  facet normal 0 -1 0
    outer loop
      vertex 27.8408 -1.9 5.59324
      vertex 29.4 -1.9 1.2
      vertex 27.9303 -1.9 5.66967
    endloop
  endfacet
  facet normal 0 -1 0
    outer loop
      vertex 27.7405 -1.9 5.53174
      vertex 29.4 -1.9 1.2
      vertex 27.8408 -1.9 5.59324
    endloop
  endfacet
  facet normal 1 -0 0
    outer loop
      vertex 29.4 25.2 11.2
      vertex 29.4 27.1 1.2
      vertex 29.4 27.1 11.2
    endloop
  endfacet
  facet normal 1 0 0
    outer loop
      vertex 29.4 27.1 1.2
      vertex 29.4 25.2 11.2
      vertex 29.4 25.2 1.2
    endloop
  endfacet
  facet normal 0 0 -1
    outer loop
      vertex 21.4 25.2 1.2
      vertex 29.4 27.1 1.2
      vertex 29.4 25.2 1.2
    endloop
  endfacet
  facet normal -0 0 -1
    outer loop
      vertex 29.4 27.1 1.2
      vertex 21.4 25.2 1.2
      vertex 21.4 27.1 1.2
    endloop
  endfacet
  facet normal -1 0 0
    outer loop
      vertex 21.4 25.2 1.2
      vertex 21.4 27.1 11.2
      vertex 21.4 27.1 1.2
    endloop
  endfacet
  facet normal -1 -0 0
    outer loop
      vertex 21.4 27.1 11.2
      vertex 21.4 25.2 1.2
      vertex 21.4 25.2 11.2
    endloop
  endfacet
  facet normal 0 1 0
    outer loop
      vertex 27.0595 27.1 6.86825
      vertex 29.4 27.1 11.2
      vertex 27.1682 27.1 6.91329
    endloop
  endfacet
  facet normal 0 1 0
    outer loop
      vertex 21.4 27.1 11.2
      vertex 23.5173 27.1 6.94077
      vertex 23.4 27.1 6.95
    endloop
  endfacet
  facet normal 0 1 0
    outer loop
      vertex 29.4 27.1 11.2
      vertex 27.0595 27.1 6.86825
      vertex 21.4 27.1 11.2
    endloop
  endfacet
  facet normal 0 1 0
    outer loop
      vertex 21.4 27.1 11.2
      vertex 23.6318 27.1 6.91329
      vertex 23.5173 27.1 6.94077
    endloop
  endfacet
  facet normal 0 1 -0
    outer loop
      vertex 23.7405 27.1 6.86825
      vertex 21.4 27.1 11.2
      vertex 27.0595 27.1 6.86825
    endloop
  endfacet
  facet normal 0 1 0
    outer loop
      vertex 21.4 27.1 11.2
      vertex 23.7405 27.1 6.86825
      vertex 23.6318 27.1 6.91329
    endloop
  endfacet
  facet normal 0 1 -0
    outer loop
      vertex 26.9592 27.1 6.80676
      vertex 23.7405 27.1 6.86825
      vertex 27.0595 27.1 6.86825
    endloop
  endfacet
  facet normal 0 1 0
    outer loop
      vertex 26.9592 27.1 6.80676
      vertex 23.8408 27.1 6.80676
      vertex 23.7405 27.1 6.86825
    endloop
  endfacet
  facet normal 0 1 -0
    outer loop
      vertex 26.8697 27.1 6.73033
      vertex 23.8408 27.1 6.80676
      vertex 26.9592 27.1 6.80676
    endloop
  endfacet
  facet normal 0 1 0
    outer loop
      vertex 26.8697 27.1 6.73033
      vertex 23.9303 27.1 6.73033
      vertex 23.8408 27.1 6.80676
    endloop
  endfacet
  facet normal 0 1 -0
    outer loop
      vertex 26.7932 27.1 6.64084
      vertex 23.9303 27.1 6.73033
      vertex 26.8697 27.1 6.73033
    endloop
  endfacet
  facet normal 0 1 0
    outer loop
      vertex 26.7932 27.1 6.64084
      vertex 24.0068 27.1 6.64084
      vertex 23.9303 27.1 6.73033
    endloop
  endfacet
  facet normal 0 1 -0
    outer loop
      vertex 26.7317 27.1 6.54049
      vertex 24.0068 27.1 6.64084
      vertex 26.7932 27.1 6.64084
    endloop
  endfacet
  facet normal 0 1 0
    outer loop
      vertex 26.7317 27.1 6.54049
      vertex 24.0683 27.1 6.54049
      vertex 24.0068 27.1 6.64084
    endloop
  endfacet
  facet normal 0 1 -0
    outer loop
      vertex 26.6867 27.1 6.43176
      vertex 24.0683 27.1 6.54049
      vertex 26.7317 27.1 6.54049
    endloop
  endfacet
  facet normal 0 1 0
    outer loop
      vertex 26.6867 27.1 6.43176
      vertex 24.1133 27.1 6.43176
      vertex 24.0683 27.1 6.54049
    endloop
  endfacet
  facet normal 0 1 -0
    outer loop
      vertex 26.6592 27.1 6.31733
      vertex 24.1133 27.1 6.43176
      vertex 26.6867 27.1 6.43176
    endloop
  endfacet
  facet normal 0 1 0
    outer loop
      vertex 26.6592 27.1 6.31733
      vertex 24.1408 27.1 6.31733
      vertex 24.1133 27.1 6.43176
    endloop
  endfacet
  facet normal 0 1 -0
    outer loop
      vertex 26.65 27.1 6.2
      vertex 24.1408 27.1 6.31733
      vertex 26.6592 27.1 6.31733
    endloop
  endfacet
  facet normal 0 1 0
    outer loop
      vertex 26.65 27.1 6.2
      vertex 24.15 27.1 6.2
      vertex 24.1408 27.1 6.31733
    endloop
  endfacet
  facet normal 0 1 0
    outer loop
      vertex 26.6592 27.1 6.08267
      vertex 24.15 27.1 6.2
      vertex 26.65 27.1 6.2
    endloop
  endfacet
  facet normal 0 1 0
    outer loop
      vertex 26.6592 27.1 6.08267
      vertex 24.1408 27.1 6.08267
      vertex 24.15 27.1 6.2
    endloop
  endfacet
  facet normal 0 1 0
    outer loop
      vertex 26.6867 27.1 5.96824
      vertex 24.1408 27.1 6.08267
      vertex 26.6592 27.1 6.08267
    endloop
  endfacet
  facet normal 0 1 0
    outer loop
      vertex 26.6867 27.1 5.96824
      vertex 24.1133 27.1 5.96824
      vertex 24.1408 27.1 6.08267
    endloop
  endfacet
  facet normal 0 1 0
    outer loop
      vertex 26.7317 27.1 5.85951
      vertex 24.1133 27.1 5.96824
      vertex 26.6867 27.1 5.96824
    endloop
  endfacet
  facet normal 0 1 0
    outer loop
      vertex 26.7317 27.1 5.85951
      vertex 24.0683 27.1 5.85951
      vertex 24.1133 27.1 5.96824
    endloop
  endfacet
  facet normal 0 1 0
    outer loop
      vertex 26.7932 27.1 5.75916
      vertex 24.0683 27.1 5.85951
      vertex 26.7317 27.1 5.85951
    endloop
  endfacet
  facet normal 0 1 0
    outer loop
      vertex 26.7932 27.1 5.75916
      vertex 24.0068 27.1 5.75916
      vertex 24.0683 27.1 5.85951
    endloop
  endfacet
  facet normal 0 1 0
    outer loop
      vertex 26.8697 27.1 5.66967
      vertex 24.0068 27.1 5.75916
      vertex 26.7932 27.1 5.75916
    endloop
  endfacet
  facet normal 0 1 0
    outer loop
      vertex 26.8697 27.1 5.66967
      vertex 23.9303 27.1 5.66967
      vertex 24.0068 27.1 5.75916
    endloop
  endfacet
  facet normal 0 1 0
    outer loop
      vertex 26.9592 27.1 5.59324
      vertex 23.9303 27.1 5.66967
      vertex 26.8697 27.1 5.66967
    endloop
  endfacet
  facet normal 0 1 0
    outer loop
      vertex 26.9592 27.1 5.59324
      vertex 23.8408 27.1 5.59324
      vertex 23.9303 27.1 5.66967
    endloop
  endfacet
  facet normal 0 1 0
    outer loop
      vertex 27.0595 27.1 5.53174
      vertex 23.8408 27.1 5.59324
      vertex 26.9592 27.1 5.59324
    endloop
  endfacet
  facet normal 0 1 0
    outer loop
      vertex 27.0595 27.1 5.53174
      vertex 23.7405 27.1 5.53174
      vertex 23.8408 27.1 5.59324
    endloop
  endfacet
  facet normal 0 1 0
    outer loop
      vertex 29.4 27.1 1.2
      vertex 27.0595 27.1 5.53174
      vertex 27.1682 27.1 5.48671
    endloop
  endfacet
  facet normal 0 1 0
    outer loop
      vertex 27.0595 27.1 5.53174
      vertex 29.4 27.1 1.2
      vertex 23.7405 27.1 5.53174
    endloop
  endfacet
  facet normal 0 1 0
    outer loop
      vertex 29.4 27.1 1.2
      vertex 27.1682 27.1 5.48671
      vertex 27.2827 27.1 5.45923
    endloop
  endfacet
  facet normal 0 1 0
    outer loop
      vertex 21.4 27.1 1.2
      vertex 23.7405 27.1 5.53174
      vertex 29.4 27.1 1.2
    endloop
  endfacet
  facet normal 0 1 0
    outer loop
      vertex 29.4 27.1 1.2
      vertex 27.2827 27.1 5.45923
      vertex 27.4 27.1 5.45
    endloop
  endfacet
  facet normal 0 1 0
    outer loop
      vertex 23.7405 27.1 5.53174
      vertex 21.4 27.1 1.2
      vertex 23.6318 27.1 5.48671
    endloop
  endfacet
  facet normal 0 1 0
    outer loop
      vertex 27.2827 27.1 6.94077
      vertex 29.4 27.1 11.2
      vertex 27.4 27.1 6.95
    endloop
  endfacet
  facet normal 0 1 0
    outer loop
      vertex 29.4 27.1 11.2
      vertex 27.5173 27.1 6.94077
      vertex 27.4 27.1 6.95
    endloop
  endfacet
  facet normal 0 1 0
    outer loop
      vertex 29.4 27.1 11.2
      vertex 27.6318 27.1 6.91329
      vertex 27.5173 27.1 6.94077
    endloop
  endfacet
  facet normal 0 1 0
    outer loop
      vertex 29.4 27.1 11.2
      vertex 27.7405 27.1 6.86825
      vertex 27.6318 27.1 6.91329
    endloop
  endfacet
  facet normal 0 1 0
    outer loop
      vertex 29.4 27.1 11.2
      vertex 27.8408 27.1 6.80676
      vertex 27.7405 27.1 6.86825
    endloop
  endfacet
  facet normal 0 1 0
    outer loop
      vertex 29.4 27.1 11.2
      vertex 27.9303 27.1 6.73033
      vertex 27.8408 27.1 6.80676
    endloop
  endfacet
  facet normal 0 1 0
    outer loop
      vertex 29.4 27.1 11.2
      vertex 28.0068 27.1 6.64084
      vertex 27.9303 27.1 6.73033
    endloop
  endfacet
  facet normal 0 1 0
    outer loop
      vertex 29.4 27.1 11.2
      vertex 28.0683 27.1 6.54049
      vertex 28.0068 27.1 6.64084
    endloop
  endfacet
  facet normal 0 1 0
    outer loop
      vertex 29.4 27.1 11.2
      vertex 28.1133 27.1 6.43176
      vertex 28.0683 27.1 6.54049
    endloop
  endfacet
  facet normal 0 1 0
    outer loop
      vertex 29.4 27.1 11.2
      vertex 28.1408 27.1 6.31733
      vertex 28.1133 27.1 6.43176
    endloop
  endfacet
  facet normal 0 1 0
    outer loop
      vertex 29.4 27.1 11.2
      vertex 28.15 27.1 6.2
      vertex 28.1408 27.1 6.31733
    endloop
  endfacet
  facet normal 0 1 -0
    outer loop
      vertex 29.4 27.1 1.2
      vertex 28.15 27.1 6.2
      vertex 29.4 27.1 11.2
    endloop
  endfacet
  facet normal 0 1 0
    outer loop
      vertex 28.15 27.1 6.2
      vertex 29.4 27.1 1.2
      vertex 28.1408 27.1 6.08267
    endloop
  endfacet
  facet normal 0 1 0
    outer loop
      vertex 23.6318 27.1 5.48671
      vertex 21.4 27.1 1.2
      vertex 23.5173 27.1 5.45923
    endloop
  endfacet
  facet normal 0 1 0
    outer loop
      vertex 27.5173 27.1 5.45923
      vertex 29.4 27.1 1.2
      vertex 27.4 27.1 5.45
    endloop
  endfacet
  facet normal 0 1 0
    outer loop
      vertex 27.6318 27.1 5.48671
      vertex 29.4 27.1 1.2
      vertex 27.5173 27.1 5.45923
    endloop
  endfacet
  facet normal 0 1 0
    outer loop
      vertex 27.7405 27.1 5.53174
      vertex 29.4 27.1 1.2
      vertex 27.6318 27.1 5.48671
    endloop
  endfacet
  facet normal 0 1 0
    outer loop
      vertex 27.8408 27.1 5.59324
      vertex 29.4 27.1 1.2
      vertex 27.7405 27.1 5.53174
    endloop
  endfacet
  facet normal 0 1 0
    outer loop
      vertex 27.9303 27.1 5.66967
      vertex 29.4 27.1 1.2
      vertex 27.8408 27.1 5.59324
    endloop
  endfacet
  facet normal 0 1 0
    outer loop
      vertex 28.0068 27.1 5.75916
      vertex 29.4 27.1 1.2
      vertex 27.9303 27.1 5.66967
    endloop
  endfacet
  facet normal 0 1 0
    outer loop
      vertex 28.0683 27.1 5.85951
      vertex 29.4 27.1 1.2
      vertex 28.0068 27.1 5.75916
    endloop
  endfacet
  facet normal 0 1 0
    outer loop
      vertex 28.1133 27.1 5.96824
      vertex 29.4 27.1 1.2
      vertex 28.0683 27.1 5.85951
    endloop
  endfacet
  facet normal 0 1 0
    outer loop
      vertex 28.1408 27.1 6.08267
      vertex 29.4 27.1 1.2
      vertex 28.1133 27.1 5.96824
    endloop
  endfacet
  facet normal 0 1 0
    outer loop
      vertex 27.1682 27.1 6.91329
      vertex 29.4 27.1 11.2
      vertex 27.2827 27.1 6.94077
    endloop
  endfacet
  facet normal 0 1 -0
    outer loop
      vertex 23.2827 27.1 6.94077
      vertex 21.4 27.1 11.2
      vertex 23.4 27.1 6.95
    endloop
  endfacet
  facet normal 0 1 -0
    outer loop
      vertex 23.1682 27.1 6.91329
      vertex 21.4 27.1 11.2
      vertex 23.2827 27.1 6.94077
    endloop
  endfacet
  facet normal 0 1 -0
    outer loop
      vertex 23.0595 27.1 6.86825
      vertex 21.4 27.1 11.2
      vertex 23.1682 27.1 6.91329
    endloop
  endfacet
  facet normal 0 1 -0
    outer loop
      vertex 22.9592 27.1 6.80676
      vertex 21.4 27.1 11.2
      vertex 23.0595 27.1 6.86825
    endloop
  endfacet
  facet normal 0 1 -0
    outer loop
      vertex 22.8697 27.1 6.73033
      vertex 21.4 27.1 11.2
      vertex 22.9592 27.1 6.80676
    endloop
  endfacet
  facet normal 0 1 -0
    outer loop
      vertex 22.7932 27.1 6.64084
      vertex 21.4 27.1 11.2
      vertex 22.8697 27.1 6.73033
    endloop
  endfacet
  facet normal 0 1 -0
    outer loop
      vertex 22.7317 27.1 6.54049
      vertex 21.4 27.1 11.2
      vertex 22.7932 27.1 6.64084
    endloop
  endfacet
  facet normal 0 1 -0
    outer loop
      vertex 22.6867 27.1 6.43176
      vertex 21.4 27.1 11.2
      vertex 22.7317 27.1 6.54049
    endloop
  endfacet
  facet normal 0 1 -0
    outer loop
      vertex 22.6592 27.1 6.31733
      vertex 21.4 27.1 11.2
      vertex 22.6867 27.1 6.43176
    endloop
  endfacet
  facet normal 0 1 -0
    outer loop
      vertex 22.65 27.1 6.2
      vertex 21.4 27.1 11.2
      vertex 22.6592 27.1 6.31733
    endloop
  endfacet
  facet normal 0 1 0
    outer loop
      vertex 21.4 27.1 1.2
      vertex 22.65 27.1 6.2
      vertex 22.6592 27.1 6.08267
    endloop
  endfacet
  facet normal 0 1 0
    outer loop
      vertex 21.4 27.1 1.2
      vertex 22.6592 27.1 6.08267
      vertex 22.6867 27.1 5.96824
    endloop
  endfacet
  facet normal 0 1 0
    outer loop
      vertex 23.5173 27.1 5.45923
      vertex 21.4 27.1 1.2
      vertex 23.4 27.1 5.45
    endloop
  endfacet
  facet normal 0 1 0
    outer loop
      vertex 23.4 27.1 5.45
      vertex 21.4 27.1 1.2
      vertex 23.2827 27.1 5.45923
    endloop
  endfacet
  facet normal 0 1 0
    outer loop
      vertex 23.2827 27.1 5.45923
      vertex 21.4 27.1 1.2
      vertex 23.1682 27.1 5.48671
    endloop
  endfacet
  facet normal 0 1 0
    outer loop
      vertex 23.1682 27.1 5.48671
      vertex 21.4 27.1 1.2
      vertex 23.0595 27.1 5.53174
    endloop
  endfacet
  facet normal 0 1 0
    outer loop
      vertex 22.65 27.1 6.2
      vertex 21.4 27.1 1.2
      vertex 21.4 27.1 11.2
    endloop
  endfacet
  facet normal 0 1 0
    outer loop
      vertex 22.7317 27.1 5.85951
      vertex 21.4 27.1 1.2
      vertex 22.6867 27.1 5.96824
    endloop
  endfacet
  facet normal 0 1 0
    outer loop
      vertex 22.7932 27.1 5.75916
      vertex 21.4 27.1 1.2
      vertex 22.7317 27.1 5.85951
    endloop
  endfacet
  facet normal 0 1 0
    outer loop
      vertex 22.8697 27.1 5.66967
      vertex 21.4 27.1 1.2
      vertex 22.7932 27.1 5.75916
    endloop
  endfacet
  facet normal 0 1 0
    outer loop
      vertex 22.9592 27.1 5.59324
      vertex 21.4 27.1 1.2
      vertex 22.8697 27.1 5.66967
    endloop
  endfacet
  facet normal 0 1 0
    outer loop
      vertex 23.0595 27.1 5.53174
      vertex 21.4 27.1 1.2
      vertex 22.9592 27.1 5.59324
    endloop
  endfacet
  facet normal -0.972375 -0.233423 0
    outer loop
      vertex 46.8792 13.4995 1.19
      vertex 46.6686 14.3768 1.2
      vertex 46.6686 14.3768 1.19
    endloop
  endfacet
  facet normal -0.972375 -0.233423 0
    outer loop
      vertex 46.6686 14.3768 1.2
      vertex 46.8792 13.4995 1.19
      vertex 46.8792 13.4995 1.2
    endloop
  endfacet
  facet normal -0.996917 -0.0784677 0
    outer loop
      vertex 46.95 12.6 1.19
      vertex 46.8792 13.4995 1.2
      vertex 46.8792 13.4995 1.19
    endloop
  endfacet
  facet normal -0.996917 -0.0784677 0
    outer loop
      vertex 46.8792 13.4995 1.2
      vertex 46.95 12.6 1.19
      vertex 46.95 12.6 1.2
    endloop
  endfacet
  facet normal -0.923875 -0.382694 0
    outer loop
      vertex 46.6686 14.3768 1.19
      vertex 46.3233 15.2104 1.2
      vertex 46.3233 15.2104 1.19
    endloop
  endfacet
  facet normal -0.923875 -0.382694 0
    outer loop
      vertex 46.3233 15.2104 1.2
      vertex 46.6686 14.3768 1.19
      vertex 46.6686 14.3768 1.2
    endloop
  endfacet
  facet normal -0.649394 -0.760452 0
    outer loop
      vertex 44.5798 17.2518 1.19
      vertex 45.2659 16.6659 1.2
      vertex 44.5798 17.2518 1.2
    endloop
  endfacet
  facet normal -0.649394 -0.760452 -0
    outer loop
      vertex 45.2659 16.6659 1.2
      vertex 44.5798 17.2518 1.19
      vertex 45.2659 16.6659 1.19
    endloop
  endfacet
  facet normal -0.382694 -0.923875 0
    outer loop
      vertex 42.9768 18.0686 1.19
      vertex 43.8104 17.7233 1.2
      vertex 42.9768 18.0686 1.2
    endloop
  endfacet
  facet normal -0.382694 -0.923875 -0
    outer loop
      vertex 43.8104 17.7233 1.2
      vertex 42.9768 18.0686 1.19
      vertex 43.8104 17.7233 1.19
    endloop
  endfacet
  facet normal -0.760452 -0.649394 0
    outer loop
      vertex 45.8518 15.9798 1.19
      vertex 45.2659 16.6659 1.2
      vertex 45.2659 16.6659 1.19
    endloop
  endfacet
  facet normal -0.760452 -0.649394 0
    outer loop
      vertex 45.2659 16.6659 1.2
      vertex 45.8518 15.9798 1.19
      vertex 45.8518 15.9798 1.2
    endloop
  endfacet
  facet normal -0.382685 0.923879 0
    outer loop
      vertex 43.8104 7.47671 1.19
      vertex 42.9768 7.13142 1.2
      vertex 43.8104 7.47671 1.2
    endloop
  endfacet
  facet normal -0.382685 0.923879 0
    outer loop
      vertex 42.9768 7.13142 1.2
      vertex 43.8104 7.47671 1.19
      vertex 42.9768 7.13142 1.19
    endloop
  endfacet
  facet normal 0.972375 0.233423 0
    outer loop
      vertex 35.7314 10.8232 1.2
      vertex 35.5208 11.7005 1.19
      vertex 35.5208 11.7005 1.2
    endloop
  endfacet
  facet normal 0.972375 0.233423 0
    outer loop
      vertex 35.5208 11.7005 1.19
      vertex 35.7314 10.8232 1.2
      vertex 35.7314 10.8232 1.19
    endloop
  endfacet
  facet normal 0.649451 0.760403 -0
    outer loop
      vertex 37.8202 7.94815 1.19
      vertex 37.1341 8.53414 1.2
      vertex 37.8202 7.94815 1.2
    endloop
  endfacet
  facet normal 0.649451 0.760403 0
    outer loop
      vertex 37.1341 8.53414 1.2
      vertex 37.8202 7.94815 1.19
      vertex 37.1341 8.53414 1.19
    endloop
  endfacet
  facet normal 0 0 1
    outer loop
      vertex 46.7 12.6 1.19
      vertex 46.95 12.6 1.19
      vertex 46.8792 13.4995 1.19
    endloop
  endfacet
  facet normal 0 0 1
    outer loop
      vertex 46.95 12.6 1.19
      vertex 46.7 12.6 1.19
      vertex 46.8792 11.7005 1.19
    endloop
  endfacet
  facet normal 0 0 1
    outer loop
      vertex 46.6323 13.4604 1.19
      vertex 46.8792 13.4995 1.19
      vertex 46.6686 14.3768 1.19
    endloop
  endfacet
  facet normal 0 0 1
    outer loop
      vertex 46.8792 13.4995 1.19
      vertex 46.6323 13.4604 1.19
      vertex 46.7 12.6 1.19
    endloop
  endfacet
  facet normal 0 0 1
    outer loop
      vertex 46.6686 14.3768 1.19
      vertex 46.4308 14.2996 1.19
      vertex 46.6323 13.4604 1.19
    endloop
  endfacet
  facet normal 0 0 1
    outer loop
      vertex 46.3233 15.2104 1.19
      vertex 46.4308 14.2996 1.19
      vertex 46.6686 14.3768 1.19
    endloop
  endfacet
  facet normal 0 0 1
    outer loop
      vertex 46.3233 15.2104 1.19
      vertex 46.1005 15.0969 1.19
      vertex 46.4308 14.2996 1.19
    endloop
  endfacet
  facet normal 0 0 1
    outer loop
      vertex 45.8518 15.9798 1.19
      vertex 46.1005 15.0969 1.19
      vertex 46.3233 15.2104 1.19
    endloop
  endfacet
  facet normal 0 0 1
    outer loop
      vertex 45.8518 15.9798 1.19
      vertex 45.6496 15.8328 1.19
      vertex 46.1005 15.0969 1.19
    endloop
  endfacet
  facet normal 0 0 1
    outer loop
      vertex 45.2659 16.6659 1.19
      vertex 45.6496 15.8328 1.19
      vertex 45.8518 15.9798 1.19
    endloop
  endfacet
  facet normal 0 0 1
    outer loop
      vertex 45.2659 16.6659 1.19
      vertex 45.0891 16.4891 1.19
      vertex 45.6496 15.8328 1.19
    endloop
  endfacet
  facet normal 0 0 1
    outer loop
      vertex 44.5798 17.2518 1.19
      vertex 45.0891 16.4891 1.19
      vertex 45.2659 16.6659 1.19
    endloop
  endfacet
  facet normal 0 0 1
    outer loop
      vertex 44.5798 17.2518 1.19
      vertex 44.4328 17.0496 1.19
      vertex 45.0891 16.4891 1.19
    endloop
  endfacet
  facet normal 0 0 1
    outer loop
      vertex 43.8104 17.7233 1.19
      vertex 44.4328 17.0496 1.19
      vertex 44.5798 17.2518 1.19
    endloop
  endfacet
  facet normal 0 0 1
    outer loop
      vertex 43.8104 17.7233 1.19
      vertex 43.6969 17.5005 1.19
      vertex 44.4328 17.0496 1.19
    endloop
  endfacet
  facet normal 0 0 1
    outer loop
      vertex 42.9768 18.0686 1.19
      vertex 43.6969 17.5005 1.19
      vertex 43.8104 17.7233 1.19
    endloop
  endfacet
  facet normal 0 0 1
    outer loop
      vertex 42.9768 18.0686 1.19
      vertex 42.8996 17.8308 1.19
      vertex 43.6969 17.5005 1.19
    endloop
  endfacet
  facet normal 0 0 1
    outer loop
      vertex 42.0995 18.2792 1.19
      vertex 42.8996 17.8308 1.19
      vertex 42.9768 18.0686 1.19
    endloop
  endfacet
  facet normal 0 0 1
    outer loop
      vertex 42.0995 18.2792 1.19
      vertex 42.0604 18.0323 1.19
      vertex 42.8996 17.8308 1.19
    endloop
  endfacet
  facet normal 0 0 1
    outer loop
      vertex 41.2 18.35 1.19
      vertex 42.0604 18.0323 1.19
      vertex 42.0995 18.2792 1.19
    endloop
  endfacet
  facet normal 0 0 1
    outer loop
      vertex 41.2 18.35 1.19
      vertex 41.2 18.1 1.19
      vertex 42.0604 18.0323 1.19
    endloop
  endfacet
  facet normal 0 0 1
    outer loop
      vertex 41.2 18.35 1.19
      vertex 40.3396 18.0323 1.19
      vertex 41.2 18.1 1.19
    endloop
  endfacet
  facet normal -0 0 1
    outer loop
      vertex 40.3005 18.2792 1.19
      vertex 40.3396 18.0323 1.19
      vertex 41.2 18.35 1.19
    endloop
  endfacet
  facet normal 0 0 1
    outer loop
      vertex 40.3005 18.2792 1.19
      vertex 39.5004 17.8308 1.19
      vertex 40.3396 18.0323 1.19
    endloop
  endfacet
  facet normal -0 0 1
    outer loop
      vertex 39.4232 18.0686 1.19
      vertex 39.5004 17.8308 1.19
      vertex 40.3005 18.2792 1.19
    endloop
  endfacet
  facet normal 0 0 1
    outer loop
      vertex 39.4232 18.0686 1.19
      vertex 38.7031 17.5005 1.19
      vertex 39.5004 17.8308 1.19
    endloop
  endfacet
  facet normal -0 0 1
    outer loop
      vertex 38.5896 17.7233 1.19
      vertex 38.7031 17.5005 1.19
      vertex 39.4232 18.0686 1.19
    endloop
  endfacet
  facet normal 0 0 1
    outer loop
      vertex 38.5896 17.7233 1.19
      vertex 37.9672 17.0496 1.19
      vertex 38.7031 17.5005 1.19
    endloop
  endfacet
  facet normal -0 0 1
    outer loop
      vertex 37.8202 17.2518 1.19
      vertex 37.9672 17.0496 1.19
      vertex 38.5896 17.7233 1.19
    endloop
  endfacet
  facet normal 0 0 1
    outer loop
      vertex 37.8202 17.2518 1.19
      vertex 37.3109 16.4891 1.19
      vertex 37.9672 17.0496 1.19
    endloop
  endfacet
  facet normal -0 0 1
    outer loop
      vertex 37.1341 16.6659 1.19
      vertex 37.3109 16.4891 1.19
      vertex 37.8202 17.2518 1.19
    endloop
  endfacet
  facet normal 0 0 1
    outer loop
      vertex 37.1341 16.6659 1.19
      vertex 36.7504 15.8328 1.19
      vertex 37.3109 16.4891 1.19
    endloop
  endfacet
  facet normal -0 0 1
    outer loop
      vertex 36.5482 15.9798 1.19
      vertex 36.7504 15.8328 1.19
      vertex 37.1341 16.6659 1.19
    endloop
  endfacet
  facet normal 0 0 1
    outer loop
      vertex 36.5482 15.9798 1.19
      vertex 36.2995 15.0969 1.19
      vertex 36.7504 15.8328 1.19
    endloop
  endfacet
  facet normal -0 0 1
    outer loop
      vertex 36.0767 15.2104 1.19
      vertex 36.2995 15.0969 1.19
      vertex 36.5482 15.9798 1.19
    endloop
  endfacet
  facet normal 0 0 1
    outer loop
      vertex 36.0767 15.2104 1.19
      vertex 35.9692 14.2996 1.19
      vertex 36.2995 15.0969 1.19
    endloop
  endfacet
  facet normal -0 0 1
    outer loop
      vertex 35.7314 14.3768 1.19
      vertex 35.9692 14.2996 1.19
      vertex 36.0767 15.2104 1.19
    endloop
  endfacet
  facet normal 0 0 1
    outer loop
      vertex 35.9692 14.2996 1.19
      vertex 35.7314 14.3768 1.19
      vertex 35.7677 13.4604 1.19
    endloop
  endfacet
  facet normal -0 0 1
    outer loop
      vertex 35.5208 13.4995 1.19
      vertex 35.7677 13.4604 1.19
      vertex 35.7314 14.3768 1.19
    endloop
  endfacet
  facet normal 0 0 1
    outer loop
      vertex 35.7677 13.4604 1.19
      vertex 35.5208 13.4995 1.19
      vertex 35.7 12.6 1.19
    endloop
  endfacet
  facet normal -0 0 1
    outer loop
      vertex 46.6323 11.7396 1.19
      vertex 46.8792 11.7005 1.19
      vertex 46.7 12.6 1.19
    endloop
  endfacet
  facet normal 0 0 1
    outer loop
      vertex 46.8792 11.7005 1.19
      vertex 46.6323 11.7396 1.19
      vertex 46.6686 10.8232 1.19
    endloop
  endfacet
  facet normal -0 0 1
    outer loop
      vertex 46.4308 10.9004 1.19
      vertex 46.6686 10.8232 1.19
      vertex 46.6323 11.7396 1.19
    endloop
  endfacet
  facet normal 0 0 1
    outer loop
      vertex 46.4308 10.9004 1.19
      vertex 46.3233 9.98955 1.19
      vertex 46.6686 10.8232 1.19
    endloop
  endfacet
  facet normal -0 0 1
    outer loop
      vertex 46.1005 10.1031 1.19
      vertex 46.3233 9.98955 1.19
      vertex 46.4308 10.9004 1.19
    endloop
  endfacet
  facet normal 0 0 1
    outer loop
      vertex 46.1005 10.1031 1.19
      vertex 45.8518 9.22023 1.19
      vertex 46.3233 9.98955 1.19
    endloop
  endfacet
  facet normal -0 0 1
    outer loop
      vertex 45.6496 9.36718 1.19
      vertex 45.8518 9.22023 1.19
      vertex 46.1005 10.1031 1.19
    endloop
  endfacet
  facet normal 0 0 1
    outer loop
      vertex 45.6496 9.36718 1.19
      vertex 45.2659 8.53414 1.19
      vertex 45.8518 9.22023 1.19
    endloop
  endfacet
  facet normal -0 0 1
    outer loop
      vertex 45.0891 8.71091 1.19
      vertex 45.2659 8.53414 1.19
      vertex 45.6496 9.36718 1.19
    endloop
  endfacet
  facet normal 0 0 1
    outer loop
      vertex 45.0891 8.71091 1.19
      vertex 44.5798 7.94815 1.19
      vertex 45.2659 8.53414 1.19
    endloop
  endfacet
  facet normal -0 0 1
    outer loop
      vertex 44.4328 8.15041 1.19
      vertex 44.5798 7.94815 1.19
      vertex 45.0891 8.71091 1.19
    endloop
  endfacet
  facet normal 0 0 1
    outer loop
      vertex 44.4328 8.15041 1.19
      vertex 43.8104 7.47671 1.19
      vertex 44.5798 7.94815 1.19
    endloop
  endfacet
  facet normal -0 0 1
    outer loop
      vertex 43.6969 7.69946 1.19
      vertex 43.8104 7.47671 1.19
      vertex 44.4328 8.15041 1.19
    endloop
  endfacet
  facet normal 0 0 1
    outer loop
      vertex 43.6969 7.69946 1.19
      vertex 42.9768 7.13142 1.19
      vertex 43.8104 7.47671 1.19
    endloop
  endfacet
  facet normal -0 0 1
    outer loop
      vertex 42.8996 7.36919 1.19
      vertex 42.9768 7.13142 1.19
      vertex 43.6969 7.69946 1.19
    endloop
  endfacet
  facet normal 0 0 1
    outer loop
      vertex 42.8996 7.36919 1.19
      vertex 42.0995 6.92079 1.19
      vertex 42.9768 7.13142 1.19
    endloop
  endfacet
  facet normal -0 0 1
    outer loop
      vertex 42.0604 7.16771 1.19
      vertex 42.0995 6.92079 1.19
      vertex 42.8996 7.36919 1.19
    endloop
  endfacet
  facet normal -0 0 1
    outer loop
      vertex 41.2 7.1 1.19
      vertex 42.0995 6.92079 1.19
      vertex 42.0604 7.16771 1.19
    endloop
  endfacet
  facet normal 0 0 1
    outer loop
      vertex 41.2 7.1 1.19
      vertex 41.2 6.85 1.19
      vertex 42.0995 6.92079 1.19
    endloop
  endfacet
  facet normal 0 0 1
    outer loop
      vertex 40.3396 7.16771 1.19
      vertex 41.2 6.85 1.19
      vertex 41.2 7.1 1.19
    endloop
  endfacet
  facet normal 0 0 1
    outer loop
      vertex 40.3396 7.16771 1.19
      vertex 40.3005 6.92079 1.19
      vertex 41.2 6.85 1.19
    endloop
  endfacet
  facet normal 0 0 1
    outer loop
      vertex 39.5004 7.36919 1.19
      vertex 40.3005 6.92079 1.19
      vertex 40.3396 7.16771 1.19
    endloop
  endfacet
  facet normal 0 0 1
    outer loop
      vertex 39.5004 7.36919 1.19
      vertex 39.4232 7.13142 1.19
      vertex 40.3005 6.92079 1.19
    endloop
  endfacet
  facet normal 0 0 1
    outer loop
      vertex 38.7031 7.69946 1.19
      vertex 39.4232 7.13142 1.19
      vertex 39.5004 7.36919 1.19
    endloop
  endfacet
  facet normal 0 0 1
    outer loop
      vertex 38.7031 7.69946 1.19
      vertex 38.5896 7.47671 1.19
      vertex 39.4232 7.13142 1.19
    endloop
  endfacet
  facet normal 0 0 1
    outer loop
      vertex 37.9672 8.15041 1.19
      vertex 38.5896 7.47671 1.19
      vertex 38.7031 7.69946 1.19
    endloop
  endfacet
  facet normal 0 0 1
    outer loop
      vertex 37.9672 8.15041 1.19
      vertex 37.8202 7.94815 1.19
      vertex 38.5896 7.47671 1.19
    endloop
  endfacet
  facet normal 0 0 1
    outer loop
      vertex 37.3109 8.71091 1.19
      vertex 37.8202 7.94815 1.19
      vertex 37.9672 8.15041 1.19
    endloop
  endfacet
  facet normal 0 0 1
    outer loop
      vertex 37.3109 8.71091 1.19
      vertex 37.1341 8.53414 1.19
      vertex 37.8202 7.94815 1.19
    endloop
  endfacet
  facet normal 0 0 1
    outer loop
      vertex 36.7504 9.36718 1.19
      vertex 37.1341 8.53414 1.19
      vertex 37.3109 8.71091 1.19
    endloop
  endfacet
  facet normal 0 0 1
    outer loop
      vertex 36.7504 9.36718 1.19
      vertex 36.5482 9.22023 1.19
      vertex 37.1341 8.53414 1.19
    endloop
  endfacet
  facet normal 0 0 1
    outer loop
      vertex 36.2995 10.1031 1.19
      vertex 36.5482 9.22023 1.19
      vertex 36.7504 9.36718 1.19
    endloop
  endfacet
  facet normal 0 0 1
    outer loop
      vertex 36.2995 10.1031 1.19
      vertex 36.0767 9.98955 1.19
      vertex 36.5482 9.22023 1.19
    endloop
  endfacet
  facet normal 0 0 1
    outer loop
      vertex 35.9692 10.9004 1.19
      vertex 36.0767 9.98955 1.19
      vertex 36.2995 10.1031 1.19
    endloop
  endfacet
  facet normal 0 0 1
    outer loop
      vertex 35.7314 10.8232 1.19
      vertex 35.9692 10.9004 1.19
      vertex 35.7677 11.7396 1.19
    endloop
  endfacet
  facet normal 0 0 1
    outer loop
      vertex 35.9692 10.9004 1.19
      vertex 35.7314 10.8232 1.19
      vertex 36.0767 9.98955 1.19
    endloop
  endfacet
  facet normal 0 0 1
    outer loop
      vertex 35.5208 11.7005 1.19
      vertex 35.7677 11.7396 1.19
      vertex 35.7 12.6 1.19
    endloop
  endfacet
  facet normal 0 0 1
    outer loop
      vertex 35.45 12.6 1.19
      vertex 35.7 12.6 1.19
      vertex 35.5208 13.4995 1.19
    endloop
  endfacet
  facet normal 0 0 1
    outer loop
      vertex 35.7677 11.7396 1.19
      vertex 35.5208 11.7005 1.19
      vertex 35.7314 10.8232 1.19
    endloop
  endfacet
  facet normal 0 0 1
    outer loop
      vertex 35.7 12.6 1.19
      vertex 35.45 12.6 1.19
      vertex 35.5208 11.7005 1.19
    endloop
  endfacet
  facet normal -0.996917 0.0784677 0
    outer loop
      vertex 46.8792 11.7005 1.19
      vertex 46.95 12.6 1.2
      vertex 46.95 12.6 1.19
    endloop
  endfacet
  facet normal -0.996917 0.0784677 0
    outer loop
      vertex 46.95 12.6 1.2
      vertex 46.8792 11.7005 1.19
      vertex 46.8792 11.7005 1.2
    endloop
  endfacet
  facet normal -0.923883 0.382675 0
    outer loop
      vertex 46.3233 9.98955 1.19
      vertex 46.6686 10.8232 1.2
      vertex 46.6686 10.8232 1.19
    endloop
  endfacet
  facet normal -0.923883 0.382675 0
    outer loop
      vertex 46.6686 10.8232 1.2
      vertex 46.3233 9.98955 1.19
      vertex 46.3233 9.98955 1.2
    endloop
  endfacet
  facet normal -0.0784567 0.996918 0
    outer loop
      vertex 42.0995 6.92079 1.19
      vertex 41.2 6.85 1.2
      vertex 42.0995 6.92079 1.2
    endloop
  endfacet
  facet normal -0.0784567 0.996918 0
    outer loop
      vertex 41.2 6.85 1.2
      vertex 42.0995 6.92079 1.19
      vertex 41.2 6.85 1.19
    endloop
  endfacet
  facet normal 0.649394 -0.760452 0
    outer loop
      vertex 37.1341 16.6659 1.19
      vertex 37.8202 17.2518 1.2
      vertex 37.1341 16.6659 1.2
    endloop
  endfacet
  facet normal 0.649394 -0.760452 0
    outer loop
      vertex 37.8202 17.2518 1.2
      vertex 37.1341 16.6659 1.19
      vertex 37.8202 17.2518 1.19
    endloop
  endfacet
  facet normal -0.852635 -0.522507 0
    outer loop
      vertex 46.3233 15.2104 1.19
      vertex 45.8518 15.9798 1.2
      vertex 45.8518 15.9798 1.19
    endloop
  endfacet
  facet normal -0.852635 -0.522507 0
    outer loop
      vertex 45.8518 15.9798 1.2
      vertex 46.3233 15.2104 1.19
      vertex 46.3233 15.2104 1.2
    endloop
  endfacet
  facet normal 0.0784677 -0.996917 0
    outer loop
      vertex 40.3005 18.2792 1.19
      vertex 41.2 18.35 1.2
      vertex 40.3005 18.2792 1.2
    endloop
  endfacet
  facet normal 0.0784677 -0.996917 0
    outer loop
      vertex 41.2 18.35 1.2
      vertex 40.3005 18.2792 1.19
      vertex 41.2 18.35 1.19
    endloop
  endfacet
  facet normal -0.233455 0.972368 0
    outer loop
      vertex 42.9768 7.13142 1.19
      vertex 42.0995 6.92079 1.2
      vertex 42.9768 7.13142 1.2
    endloop
  endfacet
  facet normal -0.233455 0.972368 0
    outer loop
      vertex 42.0995 6.92079 1.2
      vertex 42.9768 7.13142 1.19
      vertex 42.0995 6.92079 1.19
    endloop
  endfacet
  facet normal 0.996917 -0.0784677 0
    outer loop
      vertex 35.45 12.6 1.2
      vertex 35.5208 13.4995 1.19
      vertex 35.5208 13.4995 1.2
    endloop
  endfacet
  facet normal 0.996917 -0.0784677 0
    outer loop
      vertex 35.5208 13.4995 1.19
      vertex 35.45 12.6 1.2
      vertex 35.45 12.6 1.19
    endloop
  endfacet
  facet normal 0.996917 0.0784677 0
    outer loop
      vertex 35.5208 11.7005 1.2
      vertex 35.45 12.6 1.19
      vertex 35.45 12.6 1.2
    endloop
  endfacet
  facet normal 0.996917 0.0784677 0
    outer loop
      vertex 35.45 12.6 1.19
      vertex 35.5208 11.7005 1.2
      vertex 35.5208 11.7005 1.19
    endloop
  endfacet
  facet normal 0.760452 -0.649394 0
    outer loop
      vertex 36.5482 15.9798 1.2
      vertex 37.1341 16.6659 1.19
      vertex 37.1341 16.6659 1.2
    endloop
  endfacet
  facet normal 0.760452 -0.649394 0
    outer loop
      vertex 37.1341 16.6659 1.19
      vertex 36.5482 15.9798 1.2
      vertex 36.5482 15.9798 1.19
    endloop
  endfacet
  facet normal -0.522459 0.852664 0
    outer loop
      vertex 44.5798 7.94815 1.19
      vertex 43.8104 7.47671 1.2
      vertex 44.5798 7.94815 1.2
    endloop
  endfacet
  facet normal -0.522459 0.852664 0
    outer loop
      vertex 43.8104 7.47671 1.2
      vertex 44.5798 7.94815 1.19
      vertex 43.8104 7.47671 1.19
    endloop
  endfacet
  facet normal -0.522507 -0.852635 0
    outer loop
      vertex 43.8104 17.7233 1.19
      vertex 44.5798 17.2518 1.2
      vertex 43.8104 17.7233 1.2
    endloop
  endfacet
  facet normal -0.522507 -0.852635 -0
    outer loop
      vertex 44.5798 17.2518 1.2
      vertex 43.8104 17.7233 1.19
      vertex 44.5798 17.2518 1.19
    endloop
  endfacet
  facet normal -0.85261 0.522547 0
    outer loop
      vertex 45.8518 9.22023 1.19
      vertex 46.3233 9.98955 1.2
      vertex 46.3233 9.98955 1.19
    endloop
  endfacet
  facet normal -0.85261 0.522547 0
    outer loop
      vertex 46.3233 9.98955 1.2
      vertex 45.8518 9.22023 1.19
      vertex 45.8518 9.22023 1.2
    endloop
  endfacet
  facet normal 0.522459 0.852664 -0
    outer loop
      vertex 38.5896 7.47671 1.19
      vertex 37.8202 7.94815 1.2
      vertex 38.5896 7.47671 1.2
    endloop
  endfacet
  facet normal 0.522459 0.852664 0
    outer loop
      vertex 37.8202 7.94815 1.2
      vertex 38.5896 7.47671 1.19
      vertex 37.8202 7.94815 1.19
    endloop
  endfacet
  facet normal -0.760448 0.649399 0
    outer loop
      vertex 45.2659 8.53414 1.19
      vertex 45.8518 9.22023 1.2
      vertex 45.8518 9.22023 1.19
    endloop
  endfacet
  facet normal -0.760448 0.649399 0
    outer loop
      vertex 45.8518 9.22023 1.2
      vertex 45.2659 8.53414 1.19
      vertex 45.2659 8.53414 1.2
    endloop
  endfacet
  facet normal 0.233423 -0.972375 0
    outer loop
      vertex 39.4232 18.0686 1.19
      vertex 40.3005 18.2792 1.2
      vertex 39.4232 18.0686 1.2
    endloop
  endfacet
  facet normal 0.233423 -0.972375 0
    outer loop
      vertex 40.3005 18.2792 1.2
      vertex 39.4232 18.0686 1.19
      vertex 40.3005 18.2792 1.19
    endloop
  endfacet
  facet normal 0.85261 0.522547 0
    outer loop
      vertex 36.5482 9.22023 1.2
      vertex 36.0767 9.98955 1.19
      vertex 36.0767 9.98955 1.2
    endloop
  endfacet
  facet normal 0.85261 0.522547 0
    outer loop
      vertex 36.0767 9.98955 1.19
      vertex 36.5482 9.22023 1.2
      vertex 36.5482 9.22023 1.19
    endloop
  endfacet
  facet normal 0.923883 0.382675 0
    outer loop
      vertex 36.0767 9.98955 1.2
      vertex 35.7314 10.8232 1.19
      vertex 35.7314 10.8232 1.2
    endloop
  endfacet
  facet normal 0.923883 0.382675 0
    outer loop
      vertex 35.7314 10.8232 1.19
      vertex 36.0767 9.98955 1.2
      vertex 36.0767 9.98955 1.19
    endloop
  endfacet
  facet normal -0.972375 0.233423 0
    outer loop
      vertex 46.6686 10.8232 1.19
      vertex 46.8792 11.7005 1.2
      vertex 46.8792 11.7005 1.19
    endloop
  endfacet
  facet normal -0.972375 0.233423 0
    outer loop
      vertex 46.8792 11.7005 1.2
      vertex 46.6686 10.8232 1.19
      vertex 46.6686 10.8232 1.2
    endloop
  endfacet
  facet normal -0.649451 0.760403 0
    outer loop
      vertex 45.2659 8.53414 1.19
      vertex 44.5798 7.94815 1.2
      vertex 45.2659 8.53414 1.2
    endloop
  endfacet
  facet normal -0.649451 0.760403 0
    outer loop
      vertex 44.5798 7.94815 1.2
      vertex 45.2659 8.53414 1.19
      vertex 44.5798 7.94815 1.19
    endloop
  endfacet
  facet normal 0.233455 0.972368 -0
    outer loop
      vertex 40.3005 6.92079 1.19
      vertex 39.4232 7.13142 1.2
      vertex 40.3005 6.92079 1.2
    endloop
  endfacet
  facet normal 0.233455 0.972368 0
    outer loop
      vertex 39.4232 7.13142 1.2
      vertex 40.3005 6.92079 1.19
      vertex 39.4232 7.13142 1.19
    endloop
  endfacet
  facet normal 0.972375 -0.233423 0
    outer loop
      vertex 35.5208 13.4995 1.2
      vertex 35.7314 14.3768 1.19
      vertex 35.7314 14.3768 1.2
    endloop
  endfacet
  facet normal 0.972375 -0.233423 0
    outer loop
      vertex 35.7314 14.3768 1.19
      vertex 35.5208 13.4995 1.2
      vertex 35.5208 13.4995 1.19
    endloop
  endfacet
  facet normal -0.233423 -0.972375 0
    outer loop
      vertex 42.0995 18.2792 1.19
      vertex 42.9768 18.0686 1.2
      vertex 42.0995 18.2792 1.2
    endloop
  endfacet
  facet normal -0.233423 -0.972375 -0
    outer loop
      vertex 42.9768 18.0686 1.2
      vertex 42.0995 18.2792 1.19
      vertex 42.9768 18.0686 1.19
    endloop
  endfacet
  facet normal -0.0784677 -0.996917 0
    outer loop
      vertex 41.2 18.35 1.19
      vertex 42.0995 18.2792 1.2
      vertex 41.2 18.35 1.2
    endloop
  endfacet
  facet normal -0.0784677 -0.996917 -0
    outer loop
      vertex 42.0995 18.2792 1.2
      vertex 41.2 18.35 1.19
      vertex 42.0995 18.2792 1.19
    endloop
  endfacet
  facet normal 0.0784567 0.996918 -0
    outer loop
      vertex 41.2 6.85 1.19
      vertex 40.3005 6.92079 1.2
      vertex 41.2 6.85 1.2
    endloop
  endfacet
  facet normal 0.0784567 0.996918 0
    outer loop
      vertex 40.3005 6.92079 1.2
      vertex 41.2 6.85 1.19
      vertex 40.3005 6.92079 1.19
    endloop
  endfacet
  facet normal 0.760448 0.649399 0
    outer loop
      vertex 37.1341 8.53414 1.2
      vertex 36.5482 9.22023 1.19
      vertex 36.5482 9.22023 1.2
    endloop
  endfacet
  facet normal 0.760448 0.649399 0
    outer loop
      vertex 36.5482 9.22023 1.19
      vertex 37.1341 8.53414 1.2
      vertex 37.1341 8.53414 1.19
    endloop
  endfacet
  facet normal 0.382694 -0.923875 0
    outer loop
      vertex 38.5896 17.7233 1.19
      vertex 39.4232 18.0686 1.2
      vertex 38.5896 17.7233 1.2
    endloop
  endfacet
  facet normal 0.382694 -0.923875 0
    outer loop
      vertex 39.4232 18.0686 1.2
      vertex 38.5896 17.7233 1.19
      vertex 39.4232 18.0686 1.19
    endloop
  endfacet
  facet normal 0.522507 -0.852635 0
    outer loop
      vertex 37.8202 17.2518 1.19
      vertex 38.5896 17.7233 1.2
      vertex 37.8202 17.2518 1.2
    endloop
  endfacet
  facet normal 0.522507 -0.852635 0
    outer loop
      vertex 38.5896 17.7233 1.2
      vertex 37.8202 17.2518 1.19
      vertex 38.5896 17.7233 1.19
    endloop
  endfacet
  facet normal 0.923875 -0.382694 0
    outer loop
      vertex 35.7314 14.3768 1.2
      vertex 36.0767 15.2104 1.19
      vertex 36.0767 15.2104 1.2
    endloop
  endfacet
  facet normal 0.923875 -0.382694 0
    outer loop
      vertex 36.0767 15.2104 1.19
      vertex 35.7314 14.3768 1.2
      vertex 35.7314 14.3768 1.19
    endloop
  endfacet
  facet normal 0.382685 0.923879 -0
    outer loop
      vertex 39.4232 7.13142 1.19
      vertex 38.5896 7.47671 1.2
      vertex 39.4232 7.13142 1.2
    endloop
  endfacet
  facet normal 0.382685 0.923879 0
    outer loop
      vertex 38.5896 7.47671 1.2
      vertex 39.4232 7.13142 1.19
      vertex 38.5896 7.47671 1.19
    endloop
  endfacet
  facet normal 0.852635 -0.522507 0
    outer loop
      vertex 36.0767 15.2104 1.2
      vertex 36.5482 15.9798 1.19
      vertex 36.5482 15.9798 1.2
    endloop
  endfacet
  facet normal 0.852635 -0.522507 0
    outer loop
      vertex 36.5482 15.9798 1.19
      vertex 36.0767 15.2104 1.2
      vertex 36.0767 15.2104 1.19
    endloop
  endfacet
  facet normal 0.233474 -0.972363 0
    outer loop
      vertex 39.5004 17.8308 0
      vertex 40.3396 18.0323 1.19
      vertex 39.5004 17.8308 1.19
    endloop
  endfacet
  facet normal 0.233474 -0.972363 0
    outer loop
      vertex 40.3396 18.0323 1.19
      vertex 39.5004 17.8308 0
      vertex 40.3396 18.0323 0
    endloop
  endfacet
  facet normal -0.972363 -0.233474 0
    outer loop
      vertex 46.6323 13.4604 0
      vertex 46.4308 14.2996 1.19
      vertex 46.4308 14.2996 0
    endloop
  endfacet
  facet normal -0.972363 -0.233474 0
    outer loop
      vertex 46.4308 14.2996 1.19
      vertex 46.6323 13.4604 0
      vertex 46.6323 13.4604 1.19
    endloop
  endfacet
  facet normal -0.996919 -0.0784419 0
    outer loop
      vertex 46.7 12.6 0
      vertex 46.6323 13.4604 1.19
      vertex 46.6323 13.4604 0
    endloop
  endfacet
  facet normal -0.996919 -0.0784419 0
    outer loop
      vertex 46.6323 13.4604 1.19
      vertex 46.7 12.6 0
      vertex 46.7 12.6 1.19
    endloop
  endfacet
  facet normal -0.92386 -0.38273 0
    outer loop
      vertex 46.4308 14.2996 0
      vertex 46.1005 15.0969 1.19
      vertex 46.1005 15.0969 0
    endloop
  endfacet
  facet normal -0.92386 -0.38273 0
    outer loop
      vertex 46.1005 15.0969 1.19
      vertex 46.4308 14.2996 0
      vertex 46.4308 14.2996 1.19
    endloop
  endfacet
  facet normal 0.0784534 0.996918 -0
    outer loop
      vertex 41.2 7.1 0
      vertex 40.3396 7.16771 1.19
      vertex 41.2 7.1 1.19
    endloop
  endfacet
  facet normal 0.0784534 0.996918 0
    outer loop
      vertex 40.3396 7.16771 1.19
      vertex 41.2 7.1 0
      vertex 40.3396 7.16771 0
    endloop
  endfacet
  facet normal -0.996919 0.0784419 0
    outer loop
      vertex 46.6323 11.7396 0
      vertex 46.7 12.6 1.19
      vertex 46.7 12.6 0
    endloop
  endfacet
  facet normal -0.996919 0.0784419 0
    outer loop
      vertex 46.7 12.6 1.19
      vertex 46.6323 11.7396 0
      vertex 46.6323 11.7396 1.19
    endloop
  endfacet
  facet normal 0.52249 0.852645 -0
    outer loop
      vertex 38.7031 7.69946 0
      vertex 37.9672 8.15041 1.19
      vertex 38.7031 7.69946 1.19
    endloop
  endfacet
  facet normal 0.52249 0.852645 0
    outer loop
      vertex 37.9672 8.15041 1.19
      vertex 38.7031 7.69946 0
      vertex 37.9672 8.15041 0
    endloop
  endfacet
  facet normal -0.76041 0.649443 0
    outer loop
      vertex 45.0891 8.71091 0
      vertex 45.6496 9.36718 1.19
      vertex 45.6496 9.36718 0
    endloop
  endfacet
  facet normal -0.76041 0.649443 0
    outer loop
      vertex 45.6496 9.36718 1.19
      vertex 45.0891 8.71091 0
      vertex 45.0891 8.71091 1.19
    endloop
  endfacet
  facet normal 0.760425 -0.649426 0
    outer loop
      vertex 36.7504 15.8328 1.19
      vertex 37.3109 16.4891 0
      vertex 37.3109 16.4891 1.19
    endloop
  endfacet
  facet normal 0.760425 -0.649426 0
    outer loop
      vertex 37.3109 16.4891 0
      vertex 36.7504 15.8328 1.19
      vertex 36.7504 15.8328 0
    endloop
  endfacet
  facet normal 0.852678 0.522438 0
    outer loop
      vertex 36.7504 9.36718 1.19
      vertex 36.2995 10.1031 0
      vertex 36.2995 10.1031 1.19
    endloop
  endfacet
  facet normal 0.852678 0.522438 0
    outer loop
      vertex 36.2995 10.1031 0
      vertex 36.7504 9.36718 1.19
      vertex 36.7504 9.36718 0
    endloop
  endfacet
  facet normal -0.972363 0.233474 0
    outer loop
      vertex 46.4308 10.9004 0
      vertex 46.6323 11.7396 1.19
      vertex 46.6323 11.7396 0
    endloop
  endfacet
  facet normal -0.972363 0.233474 0
    outer loop
      vertex 46.6323 11.7396 1.19
      vertex 46.4308 10.9004 0
      vertex 46.4308 10.9004 1.19
    endloop
  endfacet
  facet normal 0.649426 -0.760425 0
    outer loop
      vertex 37.3109 16.4891 0
      vertex 37.9672 17.0496 1.19
      vertex 37.3109 16.4891 1.19
    endloop
  endfacet
  facet normal 0.649426 -0.760425 0
    outer loop
      vertex 37.9672 17.0496 1.19
      vertex 37.3109 16.4891 0
      vertex 37.9672 17.0496 0
    endloop
  endfacet
  facet normal 0.972363 0.233474 0
    outer loop
      vertex 35.9692 10.9004 1.19
      vertex 35.7677 11.7396 0
      vertex 35.7677 11.7396 1.19
    endloop
  endfacet
  facet normal 0.972363 0.233474 0
    outer loop
      vertex 35.7677 11.7396 0
      vertex 35.9692 10.9004 1.19
      vertex 35.9692 10.9004 0
    endloop
  endfacet
  facet normal -0.0784419 -0.996919 0
    outer loop
      vertex 41.2 18.1 0
      vertex 42.0604 18.0323 1.19
      vertex 41.2 18.1 1.19
    endloop
  endfacet
  facet normal -0.0784419 -0.996919 -0
    outer loop
      vertex 42.0604 18.0323 1.19
      vertex 41.2 18.1 0
      vertex 42.0604 18.0323 0
    endloop
  endfacet
  facet normal -0.52249 0.852645 0
    outer loop
      vertex 44.4328 8.15041 0
      vertex 43.6969 7.69946 1.19
      vertex 44.4328 8.15041 1.19
    endloop
  endfacet
  facet normal -0.52249 0.852645 0
    outer loop
      vertex 43.6969 7.69946 1.19
      vertex 44.4328 8.15041 0
      vertex 43.6969 7.69946 0
    endloop
  endfacet
  facet normal 0.852671 -0.522448 0
    outer loop
      vertex 36.2995 15.0969 1.19
      vertex 36.7504 15.8328 0
      vertex 36.7504 15.8328 1.19
    endloop
  endfacet
  facet normal 0.852671 -0.522448 0
    outer loop
      vertex 36.7504 15.8328 0
      vertex 36.2995 15.0969 1.19
      vertex 36.2995 15.0969 0
    endloop
  endfacet
  facet normal -0.852671 -0.522448 0
    outer loop
      vertex 46.1005 15.0969 0
      vertex 45.6496 15.8328 1.19
      vertex 45.6496 15.8328 0
    endloop
  endfacet
  facet normal -0.852671 -0.522448 0
    outer loop
      vertex 45.6496 15.8328 1.19
      vertex 46.1005 15.0969 0
      vertex 46.1005 15.0969 1.19
    endloop
  endfacet
  facet normal -0.233452 0.972368 0
    outer loop
      vertex 42.8996 7.36919 0
      vertex 42.0604 7.16771 1.19
      vertex 42.8996 7.36919 1.19
    endloop
  endfacet
  facet normal -0.233452 0.972368 0
    outer loop
      vertex 42.0604 7.16771 1.19
      vertex 42.8996 7.36919 0
      vertex 42.0604 7.16771 0
    endloop
  endfacet
  facet normal -0.233474 -0.972363 0
    outer loop
      vertex 42.0604 18.0323 0
      vertex 42.8996 17.8308 1.19
      vertex 42.0604 18.0323 1.19
    endloop
  endfacet
  facet normal -0.233474 -0.972363 -0
    outer loop
      vertex 42.8996 17.8308 1.19
      vertex 42.0604 18.0323 0
      vertex 42.8996 17.8308 0
    endloop
  endfacet
  facet normal -0.92386 0.38273 0
    outer loop
      vertex 46.1005 10.1031 0
      vertex 46.4308 10.9004 1.19
      vertex 46.4308 10.9004 0
    endloop
  endfacet
  facet normal -0.92386 0.38273 0
    outer loop
      vertex 46.4308 10.9004 1.19
      vertex 46.1005 10.1031 0
      vertex 46.1005 10.1031 1.19
    endloop
  endfacet
  facet normal -0.382701 0.923872 0
    outer loop
      vertex 43.6969 7.69946 0
      vertex 42.8996 7.36919 1.19
      vertex 43.6969 7.69946 1.19
    endloop
  endfacet
  facet normal -0.382701 0.923872 0
    outer loop
      vertex 42.8996 7.36919 1.19
      vertex 43.6969 7.69946 0
      vertex 42.8996 7.36919 0
    endloop
  endfacet
  facet normal 0.76041 0.649443 0
    outer loop
      vertex 37.3109 8.71091 1.19
      vertex 36.7504 9.36718 0
      vertex 36.7504 9.36718 1.19
    endloop
  endfacet
  facet normal 0.76041 0.649443 0
    outer loop
      vertex 36.7504 9.36718 0
      vertex 37.3109 8.71091 1.19
      vertex 37.3109 8.71091 0
    endloop
  endfacet
  facet normal 0.972363 -0.233474 0
    outer loop
      vertex 35.7677 13.4604 1.19
      vertex 35.9692 14.2996 0
      vertex 35.9692 14.2996 1.19
    endloop
  endfacet
  facet normal 0.972363 -0.233474 0
    outer loop
      vertex 35.9692 14.2996 0
      vertex 35.7677 13.4604 1.19
      vertex 35.7677 13.4604 0
    endloop
  endfacet
  facet normal 0.233452 0.972368 -0
    outer loop
      vertex 40.3396 7.16771 0
      vertex 39.5004 7.36919 1.19
      vertex 40.3396 7.16771 1.19
    endloop
  endfacet
  facet normal 0.233452 0.972368 0
    outer loop
      vertex 39.5004 7.36919 1.19
      vertex 40.3396 7.16771 0
      vertex 39.5004 7.36919 0
    endloop
  endfacet
  facet normal -0.649426 -0.760425 0
    outer loop
      vertex 44.4328 17.0496 0
      vertex 45.0891 16.4891 1.19
      vertex 44.4328 17.0496 1.19
    endloop
  endfacet
  facet normal -0.649426 -0.760425 -0
    outer loop
      vertex 45.0891 16.4891 1.19
      vertex 44.4328 17.0496 0
      vertex 45.0891 16.4891 0
    endloop
  endfacet
  facet normal 0.649426 0.760425 -0
    outer loop
      vertex 37.9672 8.15041 0
      vertex 37.3109 8.71091 1.19
      vertex 37.9672 8.15041 1.19
    endloop
  endfacet
  facet normal 0.649426 0.760425 0
    outer loop
      vertex 37.3109 8.71091 1.19
      vertex 37.9672 8.15041 0
      vertex 37.3109 8.71091 0
    endloop
  endfacet
  facet normal -0.522448 -0.852671 0
    outer loop
      vertex 43.6969 17.5005 0
      vertex 44.4328 17.0496 1.19
      vertex 43.6969 17.5005 1.19
    endloop
  endfacet
  facet normal -0.522448 -0.852671 -0
    outer loop
      vertex 44.4328 17.0496 1.19
      vertex 43.6969 17.5005 0
      vertex 44.4328 17.0496 0
    endloop
  endfacet
  facet normal 0.92386 -0.38273 0
    outer loop
      vertex 35.9692 14.2996 1.19
      vertex 36.2995 15.0969 0
      vertex 36.2995 15.0969 1.19
    endloop
  endfacet
  facet normal 0.92386 -0.38273 0
    outer loop
      vertex 36.2995 15.0969 0
      vertex 35.9692 14.2996 1.19
      vertex 35.9692 14.2996 0
    endloop
  endfacet
  facet normal 0.38273 -0.92386 0
    outer loop
      vertex 38.7031 17.5005 0
      vertex 39.5004 17.8308 1.19
      vertex 38.7031 17.5005 1.19
    endloop
  endfacet
  facet normal 0.38273 -0.92386 0
    outer loop
      vertex 39.5004 17.8308 1.19
      vertex 38.7031 17.5005 0
      vertex 39.5004 17.8308 0
    endloop
  endfacet
  facet normal -0.0784534 0.996918 0
    outer loop
      vertex 42.0604 7.16771 0
      vertex 41.2 7.1 1.19
      vertex 42.0604 7.16771 1.19
    endloop
  endfacet
  facet normal -0.0784534 0.996918 0
    outer loop
      vertex 41.2 7.1 1.19
      vertex 42.0604 7.16771 0
      vertex 41.2 7.1 0
    endloop
  endfacet
  facet normal 0.522448 -0.852671 0
    outer loop
      vertex 37.9672 17.0496 0
      vertex 38.7031 17.5005 1.19
      vertex 37.9672 17.0496 1.19
    endloop
  endfacet
  facet normal 0.522448 -0.852671 0
    outer loop
      vertex 38.7031 17.5005 1.19
      vertex 37.9672 17.0496 0
      vertex 38.7031 17.5005 0
    endloop
  endfacet
  facet normal -0.852678 0.522438 0
    outer loop
      vertex 45.6496 9.36718 0
      vertex 46.1005 10.1031 1.19
      vertex 46.1005 10.1031 0
    endloop
  endfacet
  facet normal -0.852678 0.522438 0
    outer loop
      vertex 46.1005 10.1031 1.19
      vertex 45.6496 9.36718 0
      vertex 45.6496 9.36718 1.19
    endloop
  endfacet
  facet normal -0.760425 -0.649426 0
    outer loop
      vertex 45.6496 15.8328 0
      vertex 45.0891 16.4891 1.19
      vertex 45.0891 16.4891 0
    endloop
  endfacet
  facet normal -0.760425 -0.649426 0
    outer loop
      vertex 45.0891 16.4891 1.19
      vertex 45.6496 15.8328 0
      vertex 45.6496 15.8328 1.19
    endloop
  endfacet
  facet normal 0.0784419 -0.996919 0
    outer loop
      vertex 40.3396 18.0323 0
      vertex 41.2 18.1 1.19
      vertex 40.3396 18.0323 1.19
    endloop
  endfacet
  facet normal 0.0784419 -0.996919 0
    outer loop
      vertex 41.2 18.1 1.19
      vertex 40.3396 18.0323 0
      vertex 41.2 18.1 0
    endloop
  endfacet
  facet normal -0.38273 -0.92386 0
    outer loop
      vertex 42.8996 17.8308 0
      vertex 43.6969 17.5005 1.19
      vertex 42.8996 17.8308 1.19
    endloop
  endfacet
  facet normal -0.38273 -0.92386 -0
    outer loop
      vertex 43.6969 17.5005 1.19
      vertex 42.8996 17.8308 0
      vertex 43.6969 17.5005 0
    endloop
  endfacet
  facet normal -0.649426 0.760425 0
    outer loop
      vertex 45.0891 8.71091 0
      vertex 44.4328 8.15041 1.19
      vertex 45.0891 8.71091 1.19
    endloop
  endfacet
  facet normal -0.649426 0.760425 0
    outer loop
      vertex 44.4328 8.15041 1.19
      vertex 45.0891 8.71091 0
      vertex 44.4328 8.15041 0
    endloop
  endfacet
  facet normal 0.92386 0.38273 0
    outer loop
      vertex 36.2995 10.1031 1.19
      vertex 35.9692 10.9004 0
      vertex 35.9692 10.9004 1.19
    endloop
  endfacet
  facet normal 0.92386 0.38273 0
    outer loop
      vertex 35.9692 10.9004 0
      vertex 36.2995 10.1031 1.19
      vertex 36.2995 10.1031 0
    endloop
  endfacet
  facet normal 0.996919 -0.0784419 0
    outer loop
      vertex 35.7 12.6 1.19
      vertex 35.7677 13.4604 0
      vertex 35.7677 13.4604 1.19
    endloop
  endfacet
  facet normal 0.996919 -0.0784419 0
    outer loop
      vertex 35.7677 13.4604 0
      vertex 35.7 12.6 1.19
      vertex 35.7 12.6 0
    endloop
  endfacet
  facet normal 0.996919 0.0784419 0
    outer loop
      vertex 35.7677 11.7396 1.19
      vertex 35.7 12.6 0
      vertex 35.7 12.6 1.19
    endloop
  endfacet
  facet normal 0.996919 0.0784419 0
    outer loop
      vertex 35.7 12.6 0
      vertex 35.7677 11.7396 1.19
      vertex 35.7677 11.7396 0
    endloop
  endfacet
  facet normal 0.382701 0.923872 -0
    outer loop
      vertex 39.5004 7.36919 0
      vertex 38.7031 7.69946 1.19
      vertex 39.5004 7.36919 1.19
    endloop
  endfacet
  facet normal 0.382701 0.923872 0
    outer loop
      vertex 38.7031 7.69946 1.19
      vertex 39.5004 7.36919 0
      vertex 38.7031 7.69946 0
    endloop
  endfacet
  facet normal 0 0.972367 -0.233458
    outer loop
      vertex 1.6 8.11847 6.43465
      vertex 0 8.17342 6.66352
      vertex 1.6 8.17342 6.66352
    endloop
  endfacet
  facet normal 0 0.972367 -0.233458
    outer loop
      vertex 0 8.17342 6.66352
      vertex 1.6 8.11847 6.43465
      vertex 0 8.11847 6.43465
    endloop
  endfacet
  facet normal 0 0.996916 0.0784703
    outer loop
      vertex 1.6 8.11847 5.96535
      vertex 0 8.1 6.2
      vertex 1.6 8.1 6.2
    endloop
  endfacet
  facet normal 0 0.996916 0.0784703
    outer loop
      vertex 0 8.1 6.2
      vertex 1.6 8.11847 5.96535
      vertex 0 8.11847 5.96535
    endloop
  endfacet
  facet normal 0 0.852646 -0.522489
    outer loop
      vertex 1.6 8.26349 6.88099
      vertex 0 8.38647 7.08168
      vertex 1.6 8.38647 7.08168
    endloop
  endfacet
  facet normal 0 0.852646 -0.522489
    outer loop
      vertex 0 8.38647 7.08168
      vertex 1.6 8.26349 6.88099
      vertex 0 8.26349 6.88099
    endloop
  endfacet
  facet normal 0 0.923893 -0.382651
    outer loop
      vertex 1.6 8.17342 6.66352
      vertex 0 8.26349 6.88099
      vertex 1.6 8.26349 6.88099
    endloop
  endfacet
  facet normal 0 0.923893 -0.382651
    outer loop
      vertex 0 8.26349 6.88099
      vertex 1.6 8.17342 6.66352
      vertex 0 8.17342 6.66352
    endloop
  endfacet
  facet normal 0 -0.0784703 0.996916
    outer loop
      vertex 0 9.83465 4.71847
      vertex 1.6 9.6 4.7
      vertex 1.6 9.83465 4.71847
    endloop
  endfacet
  facet normal 0 -0.0784703 0.996916
    outer loop
      vertex 1.6 9.6 4.7
      vertex 0 9.83465 4.71847
      vertex 0 9.6 4.7
    endloop
  endfacet
  facet normal 0 -0.760539 0.649292
    outer loop
      vertex 0 10.6607 5.13934
      vertex 1.6 10.8135 5.31832
      vertex 0 10.8135 5.31832
    endloop
  endfacet
  facet normal 0 -0.760539 0.649292
    outer loop
      vertex 1.6 10.8135 5.31832
      vertex 0 10.6607 5.13934
      vertex 1.6 10.6607 5.13934
    endloop
  endfacet
  facet normal -0 0.233408 0.972379
    outer loop
      vertex 0 9.36535 4.71847
      vertex 1.6 9.13647 4.77341
      vertex 1.6 9.36535 4.71847
    endloop
  endfacet
  facet normal 0 0.233408 0.972379
    outer loop
      vertex 1.6 9.13647 4.77341
      vertex 0 9.36535 4.71847
      vertex 0 9.13647 4.77341
    endloop
  endfacet
  facet normal 0 -0.760539 -0.649292
    outer loop
      vertex 0 10.8135 7.08168
      vertex 1.6 10.6607 7.26066
      vertex 0 10.6607 7.26066
    endloop
  endfacet
  facet normal 0 -0.760539 -0.649292
    outer loop
      vertex 1.6 10.6607 7.26066
      vertex 0 10.8135 7.08168
      vertex 1.6 10.8135 7.08168
    endloop
  endfacet
  facet normal 0 -0.923842 0.382775
    outer loop
      vertex 0 10.9365 5.51901
      vertex 1.6 11.0266 5.73647
      vertex 0 11.0266 5.73647
    endloop
  endfacet
  facet normal 0 -0.923842 0.382775
    outer loop
      vertex 1.6 11.0266 5.73647
      vertex 0 10.9365 5.51901
      vertex 1.6 10.9365 5.51901
    endloop
  endfacet
  facet normal 0 -0.996906 0.0785969
    outer loop
      vertex 0 11.0815 5.96535
      vertex 1.6 11.1 6.2
      vertex 0 11.1 6.2
    endloop
  endfacet
  facet normal 0 -0.996906 0.0785969
    outer loop
      vertex 1.6 11.1 6.2
      vertex 0 11.0815 5.96535
      vertex 1.6 11.0815 5.96535
    endloop
  endfacet
  facet normal 0 -0.972417 0.233248
    outer loop
      vertex 0 11.0266 5.73647
      vertex 1.6 11.0815 5.96535
      vertex 0 11.0815 5.96535
    endloop
  endfacet
  facet normal 0 -0.972417 0.233248
    outer loop
      vertex 1.6 11.0815 5.96535
      vertex 0 11.0266 5.73647
      vertex 1.6 11.0266 5.73647
    endloop
  endfacet
  facet normal -0 0.649464 0.760392
    outer loop
      vertex 0 8.71832 4.98647
      vertex 1.6 8.53934 5.13934
      vertex 1.6 8.71832 4.98647
    endloop
  endfacet
  facet normal 0 0.649464 0.760392
    outer loop
      vertex 1.6 8.53934 5.13934
      vertex 0 8.71832 4.98647
      vertex 0 8.53934 5.13934
    endloop
  endfacet
  facet normal 0 -0.522501 -0.852638
    outer loop
      vertex 0 10.281 7.53651
      vertex 1.6 10.4817 7.41352
      vertex 1.6 10.281 7.53651
    endloop
  endfacet
  facet normal -0 -0.522501 -0.852638
    outer loop
      vertex 1.6 10.4817 7.41352
      vertex 0 10.281 7.53651
      vertex 0 10.4817 7.41352
    endloop
  endfacet
  facet normal 0 -0.996906 -0.0785969
    outer loop
      vertex 0 11.1 6.2
      vertex 1.6 11.0815 6.43465
      vertex 0 11.0815 6.43465
    endloop
  endfacet
  facet normal 0 -0.996906 -0.0785969
    outer loop
      vertex 1.6 11.0815 6.43465
      vertex 0 11.1 6.2
      vertex 1.6 11.1 6.2
    endloop
  endfacet
  facet normal 0 -0.233437 0.972372
    outer loop
      vertex 0 10.0635 4.77341
      vertex 1.6 9.83465 4.71847
      vertex 1.6 10.0635 4.77341
    endloop
  endfacet
  facet normal 0 -0.233437 0.972372
    outer loop
      vertex 1.6 9.83465 4.71847
      vertex 0 10.0635 4.77341
      vertex 0 9.83465 4.71847
    endloop
  endfacet
  facet normal 0 -0.852608 -0.522551
    outer loop
      vertex 0 10.9365 6.88099
      vertex 1.6 10.8135 7.08168
      vertex 0 10.8135 7.08168
    endloop
  endfacet
  facet normal 0 -0.852608 -0.522551
    outer loop
      vertex 1.6 10.8135 7.08168
      vertex 0 10.9365 6.88099
      vertex 1.6 10.9365 6.88099
    endloop
  endfacet
  facet normal 0 -0.52247 0.852657
    outer loop
      vertex 0 10.4817 4.98647
      vertex 1.6 10.281 4.86349
      vertex 1.6 10.4817 4.98647
    endloop
  endfacet
  facet normal 0 -0.52247 0.852657
    outer loop
      vertex 1.6 10.281 4.86349
      vertex 0 10.4817 4.98647
      vertex 0 10.281 4.86349
    endloop
  endfacet
  facet normal 0 -0.649422 0.760428
    outer loop
      vertex 0 10.6607 5.13934
      vertex 1.6 10.4817 4.98647
      vertex 1.6 10.6607 5.13934
    endloop
  endfacet
  facet normal 0 -0.649422 0.760428
    outer loop
      vertex 1.6 10.4817 4.98647
      vertex 0 10.6607 5.13934
      vertex 0 10.4817 4.98647
    endloop
  endfacet
  facet normal 0 0.760392 -0.649464
    outer loop
      vertex 1.6 8.38647 7.08168
      vertex 0 8.53934 7.26066
      vertex 1.6 8.53934 7.26066
    endloop
  endfacet
  facet normal 0 0.760392 -0.649464
    outer loop
      vertex 0 8.53934 7.26066
      vertex 1.6 8.38647 7.08168
      vertex 0 8.38647 7.08168
    endloop
  endfacet
  facet normal 0 0.972369 0.233448
    outer loop
      vertex 1.6 8.17342 5.73647
      vertex 0 8.11847 5.96535
      vertex 1.6 8.11847 5.96535
    endloop
  endfacet
  facet normal 0 0.972369 0.233448
    outer loop
      vertex 0 8.11847 5.96535
      vertex 1.6 8.17342 5.73647
      vertex 0 8.17342 5.73647
    endloop
  endfacet
  facet normal -0 0.0784703 0.996916
    outer loop
      vertex 0 9.6 4.7
      vertex 1.6 9.36535 4.71847
      vertex 1.6 9.6 4.7
    endloop
  endfacet
  facet normal 0 0.0784703 0.996916
    outer loop
      vertex 1.6 9.36535 4.71847
      vertex 0 9.6 4.7
      vertex 0 9.36535 4.71847
    endloop
  endfacet
  facet normal -0 0.382702 0.923872
    outer loop
      vertex 0 9.13647 4.77341
      vertex 1.6 8.91901 4.86349
      vertex 1.6 9.13647 4.77341
    endloop
  endfacet
  facet normal 0 0.382702 0.923872
    outer loop
      vertex 1.6 8.91901 4.86349
      vertex 0 9.13647 4.77341
      vertex 0 8.91901 4.86349
    endloop
  endfacet
  facet normal 0 -0.852608 0.522551
    outer loop
      vertex 0 10.8135 5.31832
      vertex 1.6 10.9365 5.51901
      vertex 0 10.9365 5.51901
    endloop
  endfacet
  facet normal 0 -0.852608 0.522551
    outer loop
      vertex 1.6 10.9365 5.51901
      vertex 0 10.8135 5.31832
      vertex 1.6 10.8135 5.31832
    endloop
  endfacet
  facet normal 0 -0.233477 -0.972362
    outer loop
      vertex 0 9.83465 7.68153
      vertex 1.6 10.0635 7.62658
      vertex 1.6 9.83465 7.68153
    endloop
  endfacet
  facet normal -0 -0.233477 -0.972362
    outer loop
      vertex 1.6 10.0635 7.62658
      vertex 0 9.83465 7.68153
      vertex 0 10.0635 7.62658
    endloop
  endfacet
  facet normal 0 0.996916 -0.0784703
    outer loop
      vertex 1.6 8.1 6.2
      vertex 0 8.11847 6.43465
      vertex 1.6 8.11847 6.43465
    endloop
  endfacet
  facet normal 0 0.996916 -0.0784703
    outer loop
      vertex 0 8.11847 6.43465
      vertex 1.6 8.1 6.2
      vertex 0 8.1 6.2
    endloop
  endfacet
  facet normal 0 -0.923848 -0.382759
    outer loop
      vertex 0 11.0266 6.66352
      vertex 1.6 10.9365 6.88099
      vertex 0 10.9365 6.88099
    endloop
  endfacet
  facet normal 0 -0.923848 -0.382759
    outer loop
      vertex 1.6 10.9365 6.88099
      vertex 0 11.0266 6.66352
      vertex 1.6 11.0266 6.66352
    endloop
  endfacet
  facet normal 0 -0.972415 -0.233257
    outer loop
      vertex 0 11.0815 6.43465
      vertex 1.6 11.0266 6.66352
      vertex 0 11.0266 6.66352
    endloop
  endfacet
  facet normal 0 -0.972415 -0.233257
    outer loop
      vertex 1.6 11.0266 6.66352
      vertex 0 11.0815 6.43465
      vertex 1.6 11.0815 6.43465
    endloop
  endfacet
  facet normal 0 0.52252 -0.852627
    outer loop
      vertex 0 8.71832 7.41352
      vertex 1.6 8.91901 7.53651
      vertex 1.6 8.71832 7.41352
    endloop
  endfacet
  facet normal 0 0.52252 -0.852627
    outer loop
      vertex 1.6 8.91901 7.53651
      vertex 0 8.71832 7.41352
      vertex 0 8.91901 7.53651
    endloop
  endfacet
  facet normal 0 -0.649398 -0.760449
    outer loop
      vertex 0 10.4817 7.41352
      vertex 1.6 10.6607 7.26066
      vertex 1.6 10.4817 7.41352
    endloop
  endfacet
  facet normal -0 -0.649398 -0.760449
    outer loop
      vertex 1.6 10.6607 7.26066
      vertex 0 10.4817 7.41352
      vertex 0 10.6607 7.26066
    endloop
  endfacet
  facet normal 0 0.382666 -0.923887
    outer loop
      vertex 0 8.91901 7.53651
      vertex 1.6 9.13647 7.62658
      vertex 1.6 8.91901 7.53651
    endloop
  endfacet
  facet normal 0 0.382666 -0.923887
    outer loop
      vertex 1.6 9.13647 7.62658
      vertex 0 8.91901 7.53651
      vertex 0 9.13647 7.62658
    endloop
  endfacet
  facet normal 0 0.64944 -0.760413
    outer loop
      vertex 0 8.53934 7.26066
      vertex 1.6 8.71832 7.41352
      vertex 1.6 8.53934 7.26066
    endloop
  endfacet
  facet normal 0 0.64944 -0.760413
    outer loop
      vertex 1.6 8.71832 7.41352
      vertex 0 8.53934 7.26066
      vertex 0 8.71832 7.41352
    endloop
  endfacet
  facet normal 0 0.760392 0.649464
    outer loop
      vertex 1.6 8.53934 5.13934
      vertex 0 8.38647 5.31832
      vertex 1.6 8.38647 5.31832
    endloop
  endfacet
  facet normal 0 0.760392 0.649464
    outer loop
      vertex 0 8.38647 5.31832
      vertex 1.6 8.53934 5.13934
      vertex 0 8.53934 5.13934
    endloop
  endfacet
  facet normal 0 0.852646 0.522489
    outer loop
      vertex 1.6 8.38647 5.31832
      vertex 0 8.26349 5.51901
      vertex 1.6 8.26349 5.51901
    endloop
  endfacet
  facet normal 0 0.852646 0.522489
    outer loop
      vertex 0 8.26349 5.51901
      vertex 1.6 8.38647 5.31832
      vertex 0 8.38647 5.31832
    endloop
  endfacet
  facet normal 0 0.0784703 -0.996916
    outer loop
      vertex 0 9.36535 7.68153
      vertex 1.6 9.6 7.7
      vertex 1.6 9.36535 7.68153
    endloop
  endfacet
  facet normal 0 0.0784703 -0.996916
    outer loop
      vertex 1.6 9.6 7.7
      vertex 0 9.36535 7.68153
      vertex 0 9.6 7.7
    endloop
  endfacet
  facet normal 0 -0.382606 -0.923912
    outer loop
      vertex 0 10.0635 7.62658
      vertex 1.6 10.281 7.53651
      vertex 1.6 10.0635 7.62658
    endloop
  endfacet
  facet normal -0 -0.382606 -0.923912
    outer loop
      vertex 1.6 10.281 7.53651
      vertex 0 10.0635 7.62658
      vertex 0 10.281 7.53651
    endloop
  endfacet
  facet normal 0 0.923887 0.382666
    outer loop
      vertex 1.6 8.26349 5.51901
      vertex 0 8.17342 5.73647
      vertex 1.6 8.17342 5.73647
    endloop
  endfacet
  facet normal 0 0.923887 0.382666
    outer loop
      vertex 0 8.17342 5.73647
      vertex 1.6 8.26349 5.51901
      vertex 0 8.26349 5.51901
    endloop
  endfacet
  facet normal 0 -0.382642 0.923897
    outer loop
      vertex 0 10.281 4.86349
      vertex 1.6 10.0635 4.77341
      vertex 1.6 10.281 4.86349
    endloop
  endfacet
  facet normal 0 -0.382642 0.923897
    outer loop
      vertex 1.6 10.0635 4.77341
      vertex 0 10.281 4.86349
      vertex 0 10.0635 4.77341
    endloop
  endfacet
  facet normal 0 0.233448 -0.972369
    outer loop
      vertex 0 9.13647 7.62658
      vertex 1.6 9.36535 7.68153
      vertex 1.6 9.13647 7.62658
    endloop
  endfacet
  facet normal 0 0.233448 -0.972369
    outer loop
      vertex 1.6 9.36535 7.68153
      vertex 0 9.13647 7.62658
      vertex 0 9.36535 7.68153
    endloop
  endfacet
  facet normal -0 0.522489 0.852646
    outer loop
      vertex 0 8.91901 4.86349
      vertex 1.6 8.71832 4.98647
      vertex 1.6 8.91901 4.86349
    endloop
  endfacet
  facet normal 0 0.522489 0.852646
    outer loop
      vertex 1.6 8.71832 4.98647
      vertex 0 8.91901 4.86349
      vertex 0 8.71832 4.98647
    endloop
  endfacet
  facet normal 0 -0.0784703 -0.996916
    outer loop
      vertex 0 9.6 7.7
      vertex 1.6 9.83465 7.68153
      vertex 1.6 9.6 7.7
    endloop
  endfacet
  facet normal -0 -0.0784703 -0.996916
    outer loop
      vertex 1.6 9.83465 7.68153
      vertex 0 9.6 7.7
      vertex 0 9.83465 7.68153
    endloop
  endfacet
  facet normal 0 0.972415 -0.233257
    outer loop
      vertex 1.6 14.1185 6.43465
      vertex 0 14.1734 6.66352
      vertex 1.6 14.1734 6.66352
    endloop
  endfacet
  facet normal 0 0.972415 -0.233257
    outer loop
      vertex 0 14.1734 6.66352
      vertex 1.6 14.1185 6.43465
      vertex 0 14.1185 6.43465
    endloop
  endfacet
  facet normal 0 0.996906 0.0785969
    outer loop
      vertex 1.6 14.1185 5.96535
      vertex 0 14.1 6.2
      vertex 1.6 14.1 6.2
    endloop
  endfacet
  facet normal 0 0.996906 0.0785969
    outer loop
      vertex 0 14.1 6.2
      vertex 1.6 14.1185 5.96535
      vertex 0 14.1185 5.96535
    endloop
  endfacet
  facet normal 0 0.852608 -0.522551
    outer loop
      vertex 1.6 14.2635 6.88099
      vertex 0 14.3865 7.08168
      vertex 1.6 14.3865 7.08168
    endloop
  endfacet
  facet normal 0 0.852608 -0.522551
    outer loop
      vertex 0 14.3865 7.08168
      vertex 1.6 14.2635 6.88099
      vertex 0 14.2635 6.88099
    endloop
  endfacet
  facet normal 0 0.923848 -0.382759
    outer loop
      vertex 1.6 14.1734 6.66352
      vertex 0 14.2635 6.88099
      vertex 1.6 14.2635 6.88099
    endloop
  endfacet
  facet normal 0 0.923848 -0.382759
    outer loop
      vertex 0 14.2635 6.88099
      vertex 1.6 14.1734 6.66352
      vertex 0 14.1734 6.66352
    endloop
  endfacet
  facet normal 0 -0.0784536 0.996918
    outer loop
      vertex 0 15.8347 4.71847
      vertex 1.6 15.6 4.7
      vertex 1.6 15.8347 4.71847
    endloop
  endfacet
  facet normal 0 -0.0784536 0.996918
    outer loop
      vertex 1.6 15.6 4.7
      vertex 0 15.8347 4.71847
      vertex 0 15.6 4.7
    endloop
  endfacet
  facet normal 0 -0.760539 0.649292
    outer loop
      vertex 0 16.6607 5.13934
      vertex 1.6 16.8135 5.31832
      vertex 0 16.8135 5.31832
    endloop
  endfacet
  facet normal 0 -0.760539 0.649292
    outer loop
      vertex 1.6 16.8135 5.31832
      vertex 0 16.6607 5.13934
      vertex 1.6 16.6607 5.13934
    endloop
  endfacet
  facet normal -0 0.233485 0.97236
    outer loop
      vertex 0 15.3653 4.71847
      vertex 1.6 15.1365 4.77341
      vertex 1.6 15.3653 4.71847
    endloop
  endfacet
  facet normal 0 0.233485 0.97236
    outer loop
      vertex 1.6 15.1365 4.77341
      vertex 0 15.3653 4.71847
      vertex 0 15.1365 4.77341
    endloop
  endfacet
  facet normal 0 -0.760539 -0.649292
    outer loop
      vertex 0 16.8135 7.08168
      vertex 1.6 16.6607 7.26066
      vertex 0 16.6607 7.26066
    endloop
  endfacet
  facet normal 0 -0.760539 -0.649292
    outer loop
      vertex 1.6 16.6607 7.26066
      vertex 0 16.8135 7.08168
      vertex 1.6 16.8135 7.08168
    endloop
  endfacet
  facet normal 0 -0.923842 0.382775
    outer loop
      vertex 0 16.9365 5.51901
      vertex 1.6 17.0266 5.73647
      vertex 0 17.0266 5.73647
    endloop
  endfacet
  facet normal 0 -0.923842 0.382775
    outer loop
      vertex 1.6 17.0266 5.73647
      vertex 0 16.9365 5.51901
      vertex 1.6 16.9365 5.51901
    endloop
  endfacet
  facet normal 0 -0.996906 0.0785969
    outer loop
      vertex 0 17.0815 5.96535
      vertex 1.6 17.1 6.2
      vertex 0 17.1 6.2
    endloop
  endfacet
  facet normal 0 -0.996906 0.0785969
    outer loop
      vertex 1.6 17.1 6.2
      vertex 0 17.0815 5.96535
      vertex 1.6 17.0815 5.96535
    endloop
  endfacet
  facet normal -0 0.649422 0.760428
    outer loop
      vertex 0 14.7183 4.98647
      vertex 1.6 14.5393 5.13934
      vertex 1.6 14.7183 4.98647
    endloop
  endfacet
  facet normal 0 0.649422 0.760428
    outer loop
      vertex 1.6 14.5393 5.13934
      vertex 0 14.7183 4.98647
      vertex 0 14.5393 5.13934
    endloop
  endfacet
  facet normal 0 -0.996906 -0.0785969
    outer loop
      vertex 0 17.1 6.2
      vertex 1.6 17.0815 6.43465
      vertex 0 17.0815 6.43465
    endloop
  endfacet
  facet normal 0 -0.996906 -0.0785969
    outer loop
      vertex 1.6 17.0815 6.43465
      vertex 0 17.1 6.2
      vertex 1.6 17.1 6.2
    endloop
  endfacet
  facet normal 0 -0.522501 -0.852638
    outer loop
      vertex 0 16.281 7.53651
      vertex 1.6 16.4817 7.41352
      vertex 1.6 16.281 7.53651
    endloop
  endfacet
  facet normal -0 -0.522501 -0.852638
    outer loop
      vertex 1.6 16.4817 7.41352
      vertex 0 16.281 7.53651
      vertex 0 16.4817 7.41352
    endloop
  endfacet
  facet normal 0 -0.233485 0.97236
    outer loop
      vertex 0 16.0635 4.77341
      vertex 1.6 15.8347 4.71847
      vertex 1.6 16.0635 4.77341
    endloop
  endfacet
  facet normal 0 -0.233485 0.97236
    outer loop
      vertex 1.6 15.8347 4.71847
      vertex 0 16.0635 4.77341
      vertex 0 15.8347 4.71847
    endloop
  endfacet
  facet normal 0 -0.852608 -0.522551
    outer loop
      vertex 0 16.9365 6.88099
      vertex 1.6 16.8135 7.08168
      vertex 0 16.8135 7.08168
    endloop
  endfacet
  facet normal 0 -0.852608 -0.522551
    outer loop
      vertex 1.6 16.8135 7.08168
      vertex 0 16.9365 6.88099
      vertex 1.6 16.9365 6.88099
    endloop
  endfacet
  facet normal 0 -0.52247 0.852657
    outer loop
      vertex 0 16.4817 4.98647
      vertex 1.6 16.281 4.86349
      vertex 1.6 16.4817 4.98647
    endloop
  endfacet
  facet normal 0 -0.52247 0.852657
    outer loop
      vertex 1.6 16.281 4.86349
      vertex 0 16.4817 4.98647
      vertex 0 16.281 4.86349
    endloop
  endfacet
  facet normal 0 -0.649422 0.760428
    outer loop
      vertex 0 16.6607 5.13934
      vertex 1.6 16.4817 4.98647
      vertex 1.6 16.6607 5.13934
    endloop
  endfacet
  facet normal 0 -0.649422 0.760428
    outer loop
      vertex 1.6 16.4817 4.98647
      vertex 0 16.6607 5.13934
      vertex 0 16.4817 4.98647
    endloop
  endfacet
  facet normal 0 0.760539 -0.649292
    outer loop
      vertex 1.6 14.3865 7.08168
      vertex 0 14.5393 7.26066
      vertex 1.6 14.5393 7.26066
    endloop
  endfacet
  facet normal 0 0.760539 -0.649292
    outer loop
      vertex 0 14.5393 7.26066
      vertex 1.6 14.3865 7.08168
      vertex 0 14.3865 7.08168
    endloop
  endfacet
  facet normal 0 0.972417 0.233248
    outer loop
      vertex 1.6 14.1734 5.73647
      vertex 0 14.1185 5.96535
      vertex 1.6 14.1185 5.96535
    endloop
  endfacet
  facet normal 0 0.972417 0.233248
    outer loop
      vertex 0 14.1185 5.96535
      vertex 1.6 14.1734 5.73647
      vertex 0 14.1734 5.73647
    endloop
  endfacet
  facet normal -0 0.0784536 0.996918
    outer loop
      vertex 0 15.6 4.7
      vertex 1.6 15.3653 4.71847
      vertex 1.6 15.6 4.7
    endloop
  endfacet
  facet normal 0 0.0784536 0.996918
    outer loop
      vertex 1.6 15.3653 4.71847
      vertex 0 15.6 4.7
      vertex 0 15.3653 4.71847
    endloop
  endfacet
  facet normal -0 0.382642 0.923897
    outer loop
      vertex 0 15.1365 4.77341
      vertex 1.6 14.919 4.86349
      vertex 1.6 15.1365 4.77341
    endloop
  endfacet
  facet normal 0 0.382642 0.923897
    outer loop
      vertex 1.6 14.919 4.86349
      vertex 0 15.1365 4.77341
      vertex 0 14.919 4.86349
    endloop
  endfacet
  facet normal 0 -0.852608 0.522551
    outer loop
      vertex 0 16.8135 5.31832
      vertex 1.6 16.9365 5.51901
      vertex 0 16.9365 5.51901
    endloop
  endfacet
  facet normal 0 -0.852608 0.522551
    outer loop
      vertex 1.6 16.9365 5.51901
      vertex 0 16.8135 5.31832
      vertex 1.6 16.8135 5.31832
    endloop
  endfacet
  facet normal 0 -0.233526 -0.972351
    outer loop
      vertex 0 15.8347 7.68153
      vertex 1.6 16.0635 7.62658
      vertex 1.6 15.8347 7.68153
    endloop
  endfacet
  facet normal -0 -0.233526 -0.972351
    outer loop
      vertex 1.6 16.0635 7.62658
      vertex 0 15.8347 7.68153
      vertex 0 16.0635 7.62658
    endloop
  endfacet
  facet normal 0 0.996906 -0.0785969
    outer loop
      vertex 1.6 14.1 6.2
      vertex 0 14.1185 6.43465
      vertex 1.6 14.1185 6.43465
    endloop
  endfacet
  facet normal 0 0.996906 -0.0785969
    outer loop
      vertex 0 14.1185 6.43465
      vertex 1.6 14.1 6.2
      vertex 0 14.1 6.2
    endloop
  endfacet
  facet normal 0 -0.923848 -0.382759
    outer loop
      vertex 0 17.0266 6.66352
      vertex 1.6 16.9365 6.88099
      vertex 0 16.9365 6.88099
    endloop
  endfacet
  facet normal 0 -0.923848 -0.382759
    outer loop
      vertex 1.6 16.9365 6.88099
      vertex 0 17.0266 6.66352
      vertex 1.6 17.0266 6.66352
    endloop
  endfacet
  facet normal 0 -0.972415 -0.233257
    outer loop
      vertex 0 17.0815 6.43465
      vertex 1.6 17.0266 6.66352
      vertex 0 17.0266 6.66352
    endloop
  endfacet
  facet normal 0 -0.972415 -0.233257
    outer loop
      vertex 1.6 17.0266 6.66352
      vertex 0 17.0815 6.43465
      vertex 1.6 17.0815 6.43465
    endloop
  endfacet
  facet normal 0 0.522501 -0.852638
    outer loop
      vertex 0 14.7183 7.41352
      vertex 1.6 14.919 7.53651
      vertex 1.6 14.7183 7.41352
    endloop
  endfacet
  facet normal 0 0.522501 -0.852638
    outer loop
      vertex 1.6 14.919 7.53651
      vertex 0 14.7183 7.41352
      vertex 0 14.919 7.53651
    endloop
  endfacet
  facet normal 0 -0.649398 -0.760449
    outer loop
      vertex 0 16.4817 7.41352
      vertex 1.6 16.6607 7.26066
      vertex 1.6 16.4817 7.41352
    endloop
  endfacet
  facet normal -0 -0.649398 -0.760449
    outer loop
      vertex 1.6 16.6607 7.26066
      vertex 0 16.4817 7.41352
      vertex 0 16.6607 7.26066
    endloop
  endfacet
  facet normal 0 0.382606 -0.923912
    outer loop
      vertex 0 14.919 7.53651
      vertex 1.6 15.1365 7.62658
      vertex 1.6 14.919 7.53651
    endloop
  endfacet
  facet normal 0 0.382606 -0.923912
    outer loop
      vertex 1.6 15.1365 7.62658
      vertex 0 14.919 7.53651
      vertex 0 15.1365 7.62658
    endloop
  endfacet
  facet normal 0 0.649398 -0.760449
    outer loop
      vertex 0 14.5393 7.26066
      vertex 1.6 14.7183 7.41352
      vertex 1.6 14.5393 7.26066
    endloop
  endfacet
  facet normal 0 0.649398 -0.760449
    outer loop
      vertex 1.6 14.7183 7.41352
      vertex 0 14.5393 7.26066
      vertex 0 14.7183 7.41352
    endloop
  endfacet
  facet normal 0 0.760539 0.649292
    outer loop
      vertex 1.6 14.5393 5.13934
      vertex 0 14.3865 5.31832
      vertex 1.6 14.3865 5.31832
    endloop
  endfacet
  facet normal 0 0.760539 0.649292
    outer loop
      vertex 0 14.3865 5.31832
      vertex 1.6 14.5393 5.13934
      vertex 0 14.5393 5.13934
    endloop
  endfacet
  facet normal 0 0.852608 0.522551
    outer loop
      vertex 1.6 14.3865 5.31832
      vertex 0 14.2635 5.51901
      vertex 1.6 14.2635 5.51901
    endloop
  endfacet
  facet normal 0 0.852608 0.522551
    outer loop
      vertex 0 14.2635 5.51901
      vertex 1.6 14.3865 5.31832
      vertex 0 14.3865 5.31832
    endloop
  endfacet
  facet normal 0 0.0784536 -0.996918
    outer loop
      vertex 0 15.3653 7.68153
      vertex 1.6 15.6 7.7
      vertex 1.6 15.3653 7.68153
    endloop
  endfacet
  facet normal 0 0.0784536 -0.996918
    outer loop
      vertex 1.6 15.6 7.7
      vertex 0 15.3653 7.68153
      vertex 0 15.6 7.7
    endloop
  endfacet
  facet normal 0 -0.972417 0.233248
    outer loop
      vertex 0 17.0266 5.73647
      vertex 1.6 17.0815 5.96535
      vertex 0 17.0815 5.96535
    endloop
  endfacet
  facet normal 0 -0.972417 0.233248
    outer loop
      vertex 1.6 17.0815 5.96535
      vertex 0 17.0266 5.73647
      vertex 1.6 17.0266 5.73647
    endloop
  endfacet
  facet normal 0 -0.382606 -0.923912
    outer loop
      vertex 0 16.0635 7.62658
      vertex 1.6 16.281 7.53651
      vertex 1.6 16.0635 7.62658
    endloop
  endfacet
  facet normal -0 -0.382606 -0.923912
    outer loop
      vertex 1.6 16.281 7.53651
      vertex 0 16.0635 7.62658
      vertex 0 16.281 7.53651
    endloop
  endfacet
  facet normal 0 0.923842 0.382775
    outer loop
      vertex 1.6 14.2635 5.51901
      vertex 0 14.1734 5.73647
      vertex 1.6 14.1734 5.73647
    endloop
  endfacet
  facet normal 0 0.923842 0.382775
    outer loop
      vertex 0 14.1734 5.73647
      vertex 1.6 14.2635 5.51901
      vertex 0 14.2635 5.51901
    endloop
  endfacet
  facet normal 0 -0.382642 0.923897
    outer loop
      vertex 0 16.281 4.86349
      vertex 1.6 16.0635 4.77341
      vertex 1.6 16.281 4.86349
    endloop
  endfacet
  facet normal 0 -0.382642 0.923897
    outer loop
      vertex 1.6 16.0635 4.77341
      vertex 0 16.281 4.86349
      vertex 0 16.0635 4.77341
    endloop
  endfacet
  facet normal 0 0.233526 -0.972351
    outer loop
      vertex 0 15.1365 7.62658
      vertex 1.6 15.3653 7.68153
      vertex 1.6 15.1365 7.62658
    endloop
  endfacet
  facet normal 0 0.233526 -0.972351
    outer loop
      vertex 1.6 15.3653 7.68153
      vertex 0 15.1365 7.62658
      vertex 0 15.3653 7.68153
    endloop
  endfacet
  facet normal -0 0.52247 0.852657
    outer loop
      vertex 0 14.919 4.86349
      vertex 1.6 14.7183 4.98647
      vertex 1.6 14.919 4.86349
    endloop
  endfacet
  facet normal 0 0.52247 0.852657
    outer loop
      vertex 1.6 14.7183 4.98647
      vertex 0 14.919 4.86349
      vertex 0 14.7183 4.98647
    endloop
  endfacet
  facet normal 0 -0.0784536 -0.996918
    outer loop
      vertex 0 15.6 7.7
      vertex 1.6 15.8347 7.68153
      vertex 1.6 15.6 7.7
    endloop
  endfacet
  facet normal -0 -0.0784536 -0.996918
    outer loop
      vertex 1.6 15.8347 7.68153
      vertex 0 15.6 7.7
      vertex 0 15.8347 7.68153
    endloop
  endfacet
  facet normal -0.972316 0 -0.233669
    outer loop
      vertex 24.1408 -1.9 6.31733
      vertex 24.1133 0.5 6.43176
      vertex 24.1408 0.5 6.31733
    endloop
  endfacet
  facet normal -0.972316 -0 -0.233669
    outer loop
      vertex 24.1133 0.5 6.43176
      vertex 24.1408 -1.9 6.31733
      vertex 24.1133 -1.9 6.43176
    endloop
  endfacet
  facet normal -0.99694 0 -0.0781714
    outer loop
      vertex 24.15 -1.9 6.2
      vertex 24.1408 0.5 6.31733
      vertex 24.15 0.5 6.2
    endloop
  endfacet
  facet normal -0.99694 -0 -0.0781714
    outer loop
      vertex 24.1408 0.5 6.31733
      vertex 24.15 -1.9 6.2
      vertex 24.1408 -1.9 6.31733
    endloop
  endfacet
  facet normal -0.85262 0 0.522532
    outer loop
      vertex 24.0068 -1.9 5.75916
      vertex 24.0683 0.5 5.85951
      vertex 24.0068 0.5 5.75916
    endloop
  endfacet
  facet normal -0.85262 0 0.522532
    outer loop
      vertex 24.0683 0.5 5.85951
      vertex 24.0068 -1.9 5.75916
      vertex 24.0683 -1.9 5.85951
    endloop
  endfacet
  facet normal 0.760119 0 -0.649784
    outer loop
      vertex 22.8697 -1.9 6.73033
      vertex 22.7932 0.5 6.64084
      vertex 22.8697 0.5 6.73033
    endloop
  endfacet
  facet normal 0.760119 0 -0.649784
    outer loop
      vertex 22.7932 0.5 6.64084
      vertex 22.8697 -1.9 6.73033
      vertex 22.7932 -1.9 6.64084
    endloop
  endfacet
  facet normal -0.760119 0 0.649784
    outer loop
      vertex 23.9303 -1.9 5.66967
      vertex 24.0068 0.5 5.75916
      vertex 23.9303 0.5 5.66967
    endloop
  endfacet
  facet normal -0.760119 0 0.649784
    outer loop
      vertex 24.0068 0.5 5.75916
      vertex 23.9303 -1.9 5.66967
      vertex 24.0068 -1.9 5.75916
    endloop
  endfacet
  facet normal 0.972316 -0 0.233669
    outer loop
      vertex 22.6592 -1.9 6.08267
      vertex 22.6867 0.5 5.96824
      vertex 22.6592 0.5 6.08267
    endloop
  endfacet
  facet normal 0.972316 0 0.233669
    outer loop
      vertex 22.6867 0.5 5.96824
      vertex 22.6592 -1.9 6.08267
      vertex 22.6867 -1.9 5.96824
    endloop
  endfacet
  facet normal 0.923992 -0 0.382412
    outer loop
      vertex 22.6867 -1.9 5.96824
      vertex 22.7317 0.5 5.85951
      vertex 22.6867 0.5 5.96824
    endloop
  endfacet
  facet normal 0.923992 0 0.382412
    outer loop
      vertex 22.7317 0.5 5.85951
      vertex 22.6867 -1.9 5.96824
      vertex 22.7317 -1.9 5.85951
    endloop
  endfacet
  facet normal -0.923992 0 0.382412
    outer loop
      vertex 24.0683 -1.9 5.85951
      vertex 24.1133 0.5 5.96824
      vertex 24.0683 0.5 5.85951
    endloop
  endfacet
  facet normal -0.923992 0 0.382412
    outer loop
      vertex 24.1133 0.5 5.96824
      vertex 24.0683 -1.9 5.85951
      vertex 24.1133 -1.9 5.96824
    endloop
  endfacet
  facet normal 0.233373 0 -0.972387
    outer loop
      vertex 23.1682 -1.9 6.91329
      vertex 23.2827 0.5 6.94077
      vertex 23.2827 -1.9 6.94077
    endloop
  endfacet
  facet normal 0.233373 0 -0.972387
    outer loop
      vertex 23.2827 0.5 6.94077
      vertex 23.1682 -1.9 6.91329
      vertex 23.1682 0.5 6.91329
    endloop
  endfacet
  facet normal -0.760119 0 -0.649784
    outer loop
      vertex 24.0068 -1.9 6.64084
      vertex 23.9303 0.5 6.73033
      vertex 24.0068 0.5 6.64084
    endloop
  endfacet
  facet normal -0.760119 -0 -0.649784
    outer loop
      vertex 23.9303 0.5 6.73033
      vertex 24.0068 -1.9 6.64084
      vertex 23.9303 -1.9 6.73033
    endloop
  endfacet
  facet normal -0.0784447 0 0.996918
    outer loop
      vertex 23.4 0.5 5.45
      vertex 23.5173 -1.9 5.45923
      vertex 23.5173 0.5 5.45923
    endloop
  endfacet
  facet normal -0.0784447 0 0.996918
    outer loop
      vertex 23.5173 -1.9 5.45923
      vertex 23.4 0.5 5.45
      vertex 23.4 -1.9 5.45
    endloop
  endfacet
  facet normal -0.923992 0 -0.382412
    outer loop
      vertex 24.1133 -1.9 6.43176
      vertex 24.0683 0.5 6.54049
      vertex 24.1133 0.5 6.43176
    endloop
  endfacet
  facet normal -0.923992 -0 -0.382412
    outer loop
      vertex 24.0683 0.5 6.54049
      vertex 24.1133 -1.9 6.43176
      vertex 24.0683 -1.9 6.54049
    endloop
  endfacet
  facet normal 0.649398 0 -0.760449
    outer loop
      vertex 22.8697 -1.9 6.73033
      vertex 22.9592 0.5 6.80676
      vertex 22.9592 -1.9 6.80676
    endloop
  endfacet
  facet normal 0.649398 0 -0.760449
    outer loop
      vertex 22.9592 0.5 6.80676
      vertex 22.8697 -1.9 6.73033
      vertex 22.8697 0.5 6.73033
    endloop
  endfacet
  facet normal 0.972316 0 -0.233669
    outer loop
      vertex 22.6867 -1.9 6.43176
      vertex 22.6592 0.5 6.31733
      vertex 22.6867 0.5 6.43176
    endloop
  endfacet
  facet normal 0.972316 0 -0.233669
    outer loop
      vertex 22.6592 0.5 6.31733
      vertex 22.6867 -1.9 6.43176
      vertex 22.6592 -1.9 6.31733
    endloop
  endfacet
  facet normal -0.52266 0 -0.852541
    outer loop
      vertex 23.7405 -1.9 6.86825
      vertex 23.8408 0.5 6.80676
      vertex 23.8408 -1.9 6.80676
    endloop
  endfacet
  facet normal -0.52266 0 -0.852541
    outer loop
      vertex 23.8408 0.5 6.80676
      vertex 23.7405 -1.9 6.86825
      vertex 23.7405 0.5 6.86825
    endloop
  endfacet
  facet normal 0.85262 0 -0.522532
    outer loop
      vertex 22.7932 -1.9 6.64084
      vertex 22.7317 0.5 6.54049
      vertex 22.7932 0.5 6.64084
    endloop
  endfacet
  facet normal 0.85262 0 -0.522532
    outer loop
      vertex 22.7317 0.5 6.54049
      vertex 22.7932 -1.9 6.64084
      vertex 22.7317 -1.9 6.54049
    endloop
  endfacet
  facet normal -0.0784447 0 -0.996918
    outer loop
      vertex 23.4 -1.9 6.95
      vertex 23.5173 0.5 6.94077
      vertex 23.5173 -1.9 6.94077
    endloop
  endfacet
  facet normal -0.0784447 0 -0.996918
    outer loop
      vertex 23.5173 0.5 6.94077
      vertex 23.4 -1.9 6.95
      vertex 23.4 0.5 6.95
    endloop
  endfacet
  facet normal -0.972316 0 0.233669
    outer loop
      vertex 24.1133 -1.9 5.96824
      vertex 24.1408 0.5 6.08267
      vertex 24.1133 0.5 5.96824
    endloop
  endfacet
  facet normal -0.972316 0 0.233669
    outer loop
      vertex 24.1408 0.5 6.08267
      vertex 24.1133 -1.9 5.96824
      vertex 24.1408 -1.9 6.08267
    endloop
  endfacet
  facet normal 0.382792 0 -0.923834
    outer loop
      vertex 23.0595 -1.9 6.86825
      vertex 23.1682 0.5 6.91329
      vertex 23.1682 -1.9 6.91329
    endloop
  endfacet
  facet normal 0.382792 0 -0.923834
    outer loop
      vertex 23.1682 0.5 6.91329
      vertex 23.0595 -1.9 6.86825
      vertex 23.0595 0.5 6.86825
    endloop
  endfacet
  facet normal -0.85262 0 -0.522532
    outer loop
      vertex 24.0683 -1.9 6.54049
      vertex 24.0068 0.5 6.64084
      vertex 24.0683 0.5 6.54049
    endloop
  endfacet
  facet normal -0.85262 -0 -0.522532
    outer loop
      vertex 24.0068 0.5 6.64084
      vertex 24.0683 -1.9 6.54049
      vertex 24.0068 -1.9 6.64084
    endloop
  endfacet
  facet normal -0.233373 0 0.972387
    outer loop
      vertex 23.5173 0.5 5.45923
      vertex 23.6318 -1.9 5.48671
      vertex 23.6318 0.5 5.48671
    endloop
  endfacet
  facet normal -0.233373 0 0.972387
    outer loop
      vertex 23.6318 -1.9 5.48671
      vertex 23.5173 0.5 5.45923
      vertex 23.5173 -1.9 5.45923
    endloop
  endfacet
  facet normal 0.99694 0 -0.0781714
    outer loop
      vertex 22.6592 -1.9 6.31733
      vertex 22.65 0.5 6.2
      vertex 22.6592 0.5 6.31733
    endloop
  endfacet
  facet normal 0.99694 0 -0.0781714
    outer loop
      vertex 22.65 0.5 6.2
      vertex 22.6592 -1.9 6.31733
      vertex 22.65 -1.9 6.2
    endloop
  endfacet
  facet normal -0.382792 0 -0.923834
    outer loop
      vertex 23.6318 -1.9 6.91329
      vertex 23.7405 0.5 6.86825
      vertex 23.7405 -1.9 6.86825
    endloop
  endfacet
  facet normal -0.382792 0 -0.923834
    outer loop
      vertex 23.7405 0.5 6.86825
      vertex 23.6318 -1.9 6.91329
      vertex 23.6318 0.5 6.91329
    endloop
  endfacet
  facet normal -0.649398 0 0.760449
    outer loop
      vertex 23.8408 0.5 5.59324
      vertex 23.9303 -1.9 5.66967
      vertex 23.9303 0.5 5.66967
    endloop
  endfacet
  facet normal -0.649398 0 0.760449
    outer loop
      vertex 23.9303 -1.9 5.66967
      vertex 23.8408 0.5 5.59324
      vertex 23.8408 -1.9 5.59324
    endloop
  endfacet
  facet normal -0.38272 0 0.923865
    outer loop
      vertex 23.6318 0.5 5.48671
      vertex 23.7405 -1.9 5.53174
      vertex 23.7405 0.5 5.53174
    endloop
  endfacet
  facet normal -0.38272 0 0.923865
    outer loop
      vertex 23.7405 -1.9 5.53174
      vertex 23.6318 0.5 5.48671
      vertex 23.6318 -1.9 5.48671
    endloop
  endfacet
  facet normal -0.99694 0 0.0781714
    outer loop
      vertex 24.1408 -1.9 6.08267
      vertex 24.15 0.5 6.2
      vertex 24.1408 0.5 6.08267
    endloop
  endfacet
  facet normal -0.99694 0 0.0781714
    outer loop
      vertex 24.15 0.5 6.2
      vertex 24.1408 -1.9 6.08267
      vertex 24.15 -1.9 6.2
    endloop
  endfacet
  facet normal 0.52266 0 -0.852541
    outer loop
      vertex 22.9592 -1.9 6.80676
      vertex 23.0595 0.5 6.86825
      vertex 23.0595 -1.9 6.86825
    endloop
  endfacet
  facet normal 0.52266 0 -0.852541
    outer loop
      vertex 23.0595 0.5 6.86825
      vertex 22.9592 -1.9 6.80676
      vertex 22.9592 0.5 6.80676
    endloop
  endfacet
  facet normal -0.522721 0 0.852504
    outer loop
      vertex 23.7405 0.5 5.53174
      vertex 23.8408 -1.9 5.59324
      vertex 23.8408 0.5 5.59324
    endloop
  endfacet
  facet normal -0.522721 0 0.852504
    outer loop
      vertex 23.8408 -1.9 5.59324
      vertex 23.7405 0.5 5.53174
      vertex 23.7405 -1.9 5.53174
    endloop
  endfacet
  facet normal -0.649398 0 -0.760449
    outer loop
      vertex 23.8408 -1.9 6.80676
      vertex 23.9303 0.5 6.73033
      vertex 23.9303 -1.9 6.73033
    endloop
  endfacet
  facet normal -0.649398 0 -0.760449
    outer loop
      vertex 23.9303 0.5 6.73033
      vertex 23.8408 -1.9 6.80676
      vertex 23.8408 0.5 6.80676
    endloop
  endfacet
  facet normal -0.233373 0 -0.972387
    outer loop
      vertex 23.5173 -1.9 6.94077
      vertex 23.6318 0.5 6.91329
      vertex 23.6318 -1.9 6.91329
    endloop
  endfacet
  facet normal -0.233373 0 -0.972387
    outer loop
      vertex 23.6318 0.5 6.91329
      vertex 23.5173 -1.9 6.94077
      vertex 23.5173 0.5 6.94077
    endloop
  endfacet
  facet normal 0.0784447 0 -0.996918
    outer loop
      vertex 23.2827 -1.9 6.94077
      vertex 23.4 0.5 6.95
      vertex 23.4 -1.9 6.95
    endloop
  endfacet
  facet normal 0.0784447 0 -0.996918
    outer loop
      vertex 23.4 0.5 6.95
      vertex 23.2827 -1.9 6.94077
      vertex 23.2827 0.5 6.94077
    endloop
  endfacet
  facet normal 0.923992 0 -0.382412
    outer loop
      vertex 22.7317 -1.9 6.54049
      vertex 22.6867 0.5 6.43176
      vertex 22.7317 0.5 6.54049
    endloop
  endfacet
  facet normal 0.923992 0 -0.382412
    outer loop
      vertex 22.6867 0.5 6.43176
      vertex 22.7317 -1.9 6.54049
      vertex 22.6867 -1.9 6.43176
    endloop
  endfacet
  facet normal 0.760119 -0 0.649784
    outer loop
      vertex 22.7932 -1.9 5.75916
      vertex 22.8697 0.5 5.66967
      vertex 22.7932 0.5 5.75916
    endloop
  endfacet
  facet normal 0.760119 0 0.649784
    outer loop
      vertex 22.8697 0.5 5.66967
      vertex 22.7932 -1.9 5.75916
      vertex 22.8697 -1.9 5.66967
    endloop
  endfacet
  facet normal 0.649398 0 0.760449
    outer loop
      vertex 22.8697 0.5 5.66967
      vertex 22.9592 -1.9 5.59324
      vertex 22.9592 0.5 5.59324
    endloop
  endfacet
  facet normal 0.649398 0 0.760449
    outer loop
      vertex 22.9592 -1.9 5.59324
      vertex 22.8697 0.5 5.66967
      vertex 22.8697 -1.9 5.66967
    endloop
  endfacet
  facet normal 0.99694 -0 0.0781714
    outer loop
      vertex 22.65 -1.9 6.2
      vertex 22.6592 0.5 6.08267
      vertex 22.65 0.5 6.2
    endloop
  endfacet
  facet normal 0.99694 0 0.0781714
    outer loop
      vertex 22.6592 0.5 6.08267
      vertex 22.65 -1.9 6.2
      vertex 22.6592 -1.9 6.08267
    endloop
  endfacet
  facet normal 0.85262 -0 0.522532
    outer loop
      vertex 22.7317 -1.9 5.85951
      vertex 22.7932 0.5 5.75916
      vertex 22.7317 0.5 5.85951
    endloop
  endfacet
  facet normal 0.85262 0 0.522532
    outer loop
      vertex 22.7932 0.5 5.75916
      vertex 22.7317 -1.9 5.85951
      vertex 22.7932 -1.9 5.75916
    endloop
  endfacet
  facet normal 0.522721 0 0.852504
    outer loop
      vertex 22.9592 0.5 5.59324
      vertex 23.0595 -1.9 5.53174
      vertex 23.0595 0.5 5.53174
    endloop
  endfacet
  facet normal 0.522721 0 0.852504
    outer loop
      vertex 23.0595 -1.9 5.53174
      vertex 22.9592 0.5 5.59324
      vertex 22.9592 -1.9 5.59324
    endloop
  endfacet
  facet normal 0.0784447 0 0.996918
    outer loop
      vertex 23.2827 0.5 5.45923
      vertex 23.4 -1.9 5.45
      vertex 23.4 0.5 5.45
    endloop
  endfacet
  facet normal 0.0784447 0 0.996918
    outer loop
      vertex 23.4 -1.9 5.45
      vertex 23.2827 0.5 5.45923
      vertex 23.2827 -1.9 5.45923
    endloop
  endfacet
  facet normal 0.233373 0 0.972387
    outer loop
      vertex 23.1682 0.5 5.48671
      vertex 23.2827 -1.9 5.45923
      vertex 23.2827 0.5 5.45923
    endloop
  endfacet
  facet normal 0.233373 0 0.972387
    outer loop
      vertex 23.2827 -1.9 5.45923
      vertex 23.1682 0.5 5.48671
      vertex 23.1682 -1.9 5.48671
    endloop
  endfacet
  facet normal 0.38272 0 0.923865
    outer loop
      vertex 23.0595 0.5 5.53174
      vertex 23.1682 -1.9 5.48671
      vertex 23.1682 0.5 5.48671
    endloop
  endfacet
  facet normal 0.38272 0 0.923865
    outer loop
      vertex 23.1682 -1.9 5.48671
      vertex 23.0595 0.5 5.53174
      vertex 23.0595 -1.9 5.53174
    endloop
  endfacet
  facet normal 0 -1 0
    outer loop
      vertex 23.2827 0.5 6.94077
      vertex 23.5173 0.5 6.94077
      vertex 23.4 0.5 6.95
    endloop
  endfacet
  facet normal 0 -1 0
    outer loop
      vertex 23.1682 0.5 6.91329
      vertex 23.5173 0.5 6.94077
      vertex 23.2827 0.5 6.94077
    endloop
  endfacet
  facet normal 0 -1 0
    outer loop
      vertex 23.1682 0.5 6.91329
      vertex 23.6318 0.5 6.91329
      vertex 23.5173 0.5 6.94077
    endloop
  endfacet
  facet normal 0 -1 0
    outer loop
      vertex 23.0595 0.5 6.86825
      vertex 23.6318 0.5 6.91329
      vertex 23.1682 0.5 6.91329
    endloop
  endfacet
  facet normal 0 -1 0
    outer loop
      vertex 23.0595 0.5 6.86825
      vertex 23.7405 0.5 6.86825
      vertex 23.6318 0.5 6.91329
    endloop
  endfacet
  facet normal 0 -1 0
    outer loop
      vertex 22.9592 0.5 6.80676
      vertex 23.7405 0.5 6.86825
      vertex 23.0595 0.5 6.86825
    endloop
  endfacet
  facet normal 0 -1 0
    outer loop
      vertex 22.9592 0.5 6.80676
      vertex 23.8408 0.5 6.80676
      vertex 23.7405 0.5 6.86825
    endloop
  endfacet
  facet normal 0 -1 0
    outer loop
      vertex 22.8697 0.5 6.73033
      vertex 23.8408 0.5 6.80676
      vertex 22.9592 0.5 6.80676
    endloop
  endfacet
  facet normal 0 -1 0
    outer loop
      vertex 22.8697 0.5 6.73033
      vertex 23.9303 0.5 6.73033
      vertex 23.8408 0.5 6.80676
    endloop
  endfacet
  facet normal 0 -1 0
    outer loop
      vertex 22.7932 0.5 6.64084
      vertex 23.9303 0.5 6.73033
      vertex 22.8697 0.5 6.73033
    endloop
  endfacet
  facet normal 0 -1 0
    outer loop
      vertex 22.7932 0.5 6.64084
      vertex 24.0068 0.5 6.64084
      vertex 23.9303 0.5 6.73033
    endloop
  endfacet
  facet normal 0 -1 0
    outer loop
      vertex 22.7317 0.5 6.54049
      vertex 24.0068 0.5 6.64084
      vertex 22.7932 0.5 6.64084
    endloop
  endfacet
  facet normal 0 -1 0
    outer loop
      vertex 22.7317 0.5 6.54049
      vertex 24.0683 0.5 6.54049
      vertex 24.0068 0.5 6.64084
    endloop
  endfacet
  facet normal 0 -1 0
    outer loop
      vertex 22.6867 0.5 6.43176
      vertex 24.0683 0.5 6.54049
      vertex 22.7317 0.5 6.54049
    endloop
  endfacet
  facet normal 0 -1 0
    outer loop
      vertex 22.6867 0.5 6.43176
      vertex 24.1133 0.5 6.43176
      vertex 24.0683 0.5 6.54049
    endloop
  endfacet
  facet normal 0 -1 0
    outer loop
      vertex 22.6592 0.5 6.31733
      vertex 24.1133 0.5 6.43176
      vertex 22.6867 0.5 6.43176
    endloop
  endfacet
  facet normal 0 -1 0
    outer loop
      vertex 22.6592 0.5 6.31733
      vertex 24.1408 0.5 6.31733
      vertex 24.1133 0.5 6.43176
    endloop
  endfacet
  facet normal 0 -1 0
    outer loop
      vertex 22.65 0.5 6.2
      vertex 24.1408 0.5 6.31733
      vertex 22.6592 0.5 6.31733
    endloop
  endfacet
  facet normal 0 -1 0
    outer loop
      vertex 22.65 0.5 6.2
      vertex 24.15 0.5 6.2
      vertex 24.1408 0.5 6.31733
    endloop
  endfacet
  facet normal 0 -1 0
    outer loop
      vertex 22.6592 0.5 6.08267
      vertex 24.15 0.5 6.2
      vertex 22.65 0.5 6.2
    endloop
  endfacet
  facet normal 0 -1 0
    outer loop
      vertex 22.6592 0.5 6.08267
      vertex 24.1408 0.5 6.08267
      vertex 24.15 0.5 6.2
    endloop
  endfacet
  facet normal 0 -1 0
    outer loop
      vertex 22.6867 0.5 5.96824
      vertex 24.1408 0.5 6.08267
      vertex 22.6592 0.5 6.08267
    endloop
  endfacet
  facet normal 0 -1 0
    outer loop
      vertex 22.6867 0.5 5.96824
      vertex 24.1133 0.5 5.96824
      vertex 24.1408 0.5 6.08267
    endloop
  endfacet
  facet normal 0 -1 0
    outer loop
      vertex 22.7317 0.5 5.85951
      vertex 24.1133 0.5 5.96824
      vertex 22.6867 0.5 5.96824
    endloop
  endfacet
  facet normal 0 -1 0
    outer loop
      vertex 22.7317 0.5 5.85951
      vertex 24.0683 0.5 5.85951
      vertex 24.1133 0.5 5.96824
    endloop
  endfacet
  facet normal 0 -1 0
    outer loop
      vertex 22.7932 0.5 5.75916
      vertex 24.0683 0.5 5.85951
      vertex 22.7317 0.5 5.85951
    endloop
  endfacet
  facet normal 0 -1 0
    outer loop
      vertex 22.7932 0.5 5.75916
      vertex 24.0068 0.5 5.75916
      vertex 24.0683 0.5 5.85951
    endloop
  endfacet
  facet normal 0 -1 0
    outer loop
      vertex 22.8697 0.5 5.66967
      vertex 24.0068 0.5 5.75916
      vertex 22.7932 0.5 5.75916
    endloop
  endfacet
  facet normal 0 -1 0
    outer loop
      vertex 22.8697 0.5 5.66967
      vertex 23.9303 0.5 5.66967
      vertex 24.0068 0.5 5.75916
    endloop
  endfacet
  facet normal 0 -1 0
    outer loop
      vertex 22.9592 0.5 5.59324
      vertex 23.9303 0.5 5.66967
      vertex 22.8697 0.5 5.66967
    endloop
  endfacet
  facet normal 0 -1 0
    outer loop
      vertex 22.9592 0.5 5.59324
      vertex 23.8408 0.5 5.59324
      vertex 23.9303 0.5 5.66967
    endloop
  endfacet
  facet normal 0 -1 0
    outer loop
      vertex 23.0595 0.5 5.53174
      vertex 23.8408 0.5 5.59324
      vertex 22.9592 0.5 5.59324
    endloop
  endfacet
  facet normal 0 -1 0
    outer loop
      vertex 23.0595 0.5 5.53174
      vertex 23.7405 0.5 5.53174
      vertex 23.8408 0.5 5.59324
    endloop
  endfacet
  facet normal 0 -1 0
    outer loop
      vertex 23.1682 0.5 5.48671
      vertex 23.7405 0.5 5.53174
      vertex 23.0595 0.5 5.53174
    endloop
  endfacet
  facet normal 0 -1 0
    outer loop
      vertex 23.1682 0.5 5.48671
      vertex 23.6318 0.5 5.48671
      vertex 23.7405 0.5 5.53174
    endloop
  endfacet
  facet normal 0 -1 0
    outer loop
      vertex 23.2827 0.5 5.45923
      vertex 23.6318 0.5 5.48671
      vertex 23.1682 0.5 5.48671
    endloop
  endfacet
  facet normal 0 -1 0
    outer loop
      vertex 23.2827 0.5 5.45923
      vertex 23.5173 0.5 5.45923
      vertex 23.6318 0.5 5.48671
    endloop
  endfacet
  facet normal -0 -1 0
    outer loop
      vertex 23.5173 0.5 5.45923
      vertex 23.2827 0.5 5.45923
      vertex 23.4 0.5 5.45
    endloop
  endfacet
  facet normal -0.972316 0 -0.233669
    outer loop
      vertex 28.1408 -1.9 6.31733
      vertex 28.1133 0.5 6.43176
      vertex 28.1408 0.5 6.31733
    endloop
  endfacet
  facet normal -0.972316 -0 -0.233669
    outer loop
      vertex 28.1133 0.5 6.43176
      vertex 28.1408 -1.9 6.31733
      vertex 28.1133 -1.9 6.43176
    endloop
  endfacet
  facet normal -0.99694 0 -0.0781714
    outer loop
      vertex 28.15 -1.9 6.2
      vertex 28.1408 0.5 6.31733
      vertex 28.15 0.5 6.2
    endloop
  endfacet
  facet normal -0.99694 -0 -0.0781714
    outer loop
      vertex 28.1408 0.5 6.31733
      vertex 28.15 -1.9 6.2
      vertex 28.1408 -1.9 6.31733
    endloop
  endfacet
  facet normal -0.85262 0 0.522532
    outer loop
      vertex 28.0068 -1.9 5.75916
      vertex 28.0683 0.5 5.85951
      vertex 28.0068 0.5 5.75916
    endloop
  endfacet
  facet normal -0.85262 0 0.522532
    outer loop
      vertex 28.0683 0.5 5.85951
      vertex 28.0068 -1.9 5.75916
      vertex 28.0683 -1.9 5.85951
    endloop
  endfacet
  facet normal 0.760119 0 -0.649784
    outer loop
      vertex 26.8697 -1.9 6.73033
      vertex 26.7932 0.5 6.64084
      vertex 26.8697 0.5 6.73033
    endloop
  endfacet
  facet normal 0.760119 0 -0.649784
    outer loop
      vertex 26.7932 0.5 6.64084
      vertex 26.8697 -1.9 6.73033
      vertex 26.7932 -1.9 6.64084
    endloop
  endfacet
  facet normal -0.760119 0 0.649784
    outer loop
      vertex 27.9303 -1.9 5.66967
      vertex 28.0068 0.5 5.75916
      vertex 27.9303 0.5 5.66967
    endloop
  endfacet
  facet normal -0.760119 0 0.649784
    outer loop
      vertex 28.0068 0.5 5.75916
      vertex 27.9303 -1.9 5.66967
      vertex 28.0068 -1.9 5.75916
    endloop
  endfacet
  facet normal 0.972316 -0 0.233669
    outer loop
      vertex 26.6592 -1.9 6.08267
      vertex 26.6867 0.5 5.96824
      vertex 26.6592 0.5 6.08267
    endloop
  endfacet
  facet normal 0.972316 0 0.233669
    outer loop
      vertex 26.6867 0.5 5.96824
      vertex 26.6592 -1.9 6.08267
      vertex 26.6867 -1.9 5.96824
    endloop
  endfacet
  facet normal 0.923992 -0 0.382412
    outer loop
      vertex 26.6867 -1.9 5.96824
      vertex 26.7317 0.5 5.85951
      vertex 26.6867 0.5 5.96824
    endloop
  endfacet
  facet normal 0.923992 0 0.382412
    outer loop
      vertex 26.7317 0.5 5.85951
      vertex 26.6867 -1.9 5.96824
      vertex 26.7317 -1.9 5.85951
    endloop
  endfacet
  facet normal -0.923992 0 0.382412
    outer loop
      vertex 28.0683 -1.9 5.85951
      vertex 28.1133 0.5 5.96824
      vertex 28.0683 0.5 5.85951
    endloop
  endfacet
  facet normal -0.923992 0 0.382412
    outer loop
      vertex 28.1133 0.5 5.96824
      vertex 28.0683 -1.9 5.85951
      vertex 28.1133 -1.9 5.96824
    endloop
  endfacet
  facet normal 0.233373 0 -0.972387
    outer loop
      vertex 27.1682 -1.9 6.91329
      vertex 27.2827 0.5 6.94077
      vertex 27.2827 -1.9 6.94077
    endloop
  endfacet
  facet normal 0.233373 0 -0.972387
    outer loop
      vertex 27.2827 0.5 6.94077
      vertex 27.1682 -1.9 6.91329
      vertex 27.1682 0.5 6.91329
    endloop
  endfacet
  facet normal -0.760119 0 -0.649784
    outer loop
      vertex 28.0068 -1.9 6.64084
      vertex 27.9303 0.5 6.73033
      vertex 28.0068 0.5 6.64084
    endloop
  endfacet
  facet normal -0.760119 -0 -0.649784
    outer loop
      vertex 27.9303 0.5 6.73033
      vertex 28.0068 -1.9 6.64084
      vertex 27.9303 -1.9 6.73033
    endloop
  endfacet
  facet normal -0.0784447 0 0.996918
    outer loop
      vertex 27.4 0.5 5.45
      vertex 27.5173 -1.9 5.45923
      vertex 27.5173 0.5 5.45923
    endloop
  endfacet
  facet normal -0.0784447 0 0.996918
    outer loop
      vertex 27.5173 -1.9 5.45923
      vertex 27.4 0.5 5.45
      vertex 27.4 -1.9 5.45
    endloop
  endfacet
  facet normal -0.923992 0 -0.382412
    outer loop
      vertex 28.1133 -1.9 6.43176
      vertex 28.0683 0.5 6.54049
      vertex 28.1133 0.5 6.43176
    endloop
  endfacet
  facet normal -0.923992 -0 -0.382412
    outer loop
      vertex 28.0683 0.5 6.54049
      vertex 28.1133 -1.9 6.43176
      vertex 28.0683 -1.9 6.54049
    endloop
  endfacet
  facet normal 0.649398 0 -0.760449
    outer loop
      vertex 26.8697 -1.9 6.73033
      vertex 26.9592 0.5 6.80676
      vertex 26.9592 -1.9 6.80676
    endloop
  endfacet
  facet normal 0.649398 0 -0.760449
    outer loop
      vertex 26.9592 0.5 6.80676
      vertex 26.8697 -1.9 6.73033
      vertex 26.8697 0.5 6.73033
    endloop
  endfacet
  facet normal 0.972316 0 -0.233669
    outer loop
      vertex 26.6867 -1.9 6.43176
      vertex 26.6592 0.5 6.31733
      vertex 26.6867 0.5 6.43176
    endloop
  endfacet
  facet normal 0.972316 0 -0.233669
    outer loop
      vertex 26.6592 0.5 6.31733
      vertex 26.6867 -1.9 6.43176
      vertex 26.6592 -1.9 6.31733
    endloop
  endfacet
  facet normal -0.52266 0 -0.852541
    outer loop
      vertex 27.7405 -1.9 6.86825
      vertex 27.8408 0.5 6.80676
      vertex 27.8408 -1.9 6.80676
    endloop
  endfacet
  facet normal -0.52266 0 -0.852541
    outer loop
      vertex 27.8408 0.5 6.80676
      vertex 27.7405 -1.9 6.86825
      vertex 27.7405 0.5 6.86825
    endloop
  endfacet
  facet normal 0.85262 0 -0.522532
    outer loop
      vertex 26.7932 -1.9 6.64084
      vertex 26.7317 0.5 6.54049
      vertex 26.7932 0.5 6.64084
    endloop
  endfacet
  facet normal 0.85262 0 -0.522532
    outer loop
      vertex 26.7317 0.5 6.54049
      vertex 26.7932 -1.9 6.64084
      vertex 26.7317 -1.9 6.54049
    endloop
  endfacet
  facet normal -0.0784447 0 -0.996918
    outer loop
      vertex 27.4 -1.9 6.95
      vertex 27.5173 0.5 6.94077
      vertex 27.5173 -1.9 6.94077
    endloop
  endfacet
  facet normal -0.0784447 0 -0.996918
    outer loop
      vertex 27.5173 0.5 6.94077
      vertex 27.4 -1.9 6.95
      vertex 27.4 0.5 6.95
    endloop
  endfacet
  facet normal -0.972316 0 0.233669
    outer loop
      vertex 28.1133 -1.9 5.96824
      vertex 28.1408 0.5 6.08267
      vertex 28.1133 0.5 5.96824
    endloop
  endfacet
  facet normal -0.972316 0 0.233669
    outer loop
      vertex 28.1408 0.5 6.08267
      vertex 28.1133 -1.9 5.96824
      vertex 28.1408 -1.9 6.08267
    endloop
  endfacet
  facet normal 0.382792 0 -0.923834
    outer loop
      vertex 27.0595 -1.9 6.86825
      vertex 27.1682 0.5 6.91329
      vertex 27.1682 -1.9 6.91329
    endloop
  endfacet
  facet normal 0.382792 0 -0.923834
    outer loop
      vertex 27.1682 0.5 6.91329
      vertex 27.0595 -1.9 6.86825
      vertex 27.0595 0.5 6.86825
    endloop
  endfacet
  facet normal -0.85262 0 -0.522532
    outer loop
      vertex 28.0683 -1.9 6.54049
      vertex 28.0068 0.5 6.64084
      vertex 28.0683 0.5 6.54049
    endloop
  endfacet
  facet normal -0.85262 -0 -0.522532
    outer loop
      vertex 28.0068 0.5 6.64084
      vertex 28.0683 -1.9 6.54049
      vertex 28.0068 -1.9 6.64084
    endloop
  endfacet
  facet normal -0.233373 0 0.972387
    outer loop
      vertex 27.5173 0.5 5.45923
      vertex 27.6318 -1.9 5.48671
      vertex 27.6318 0.5 5.48671
    endloop
  endfacet
  facet normal -0.233373 0 0.972387
    outer loop
      vertex 27.6318 -1.9 5.48671
      vertex 27.5173 0.5 5.45923
      vertex 27.5173 -1.9 5.45923
    endloop
  endfacet
  facet normal 0.99694 0 -0.0781714
    outer loop
      vertex 26.6592 -1.9 6.31733
      vertex 26.65 0.5 6.2
      vertex 26.6592 0.5 6.31733
    endloop
  endfacet
  facet normal 0.99694 0 -0.0781714
    outer loop
      vertex 26.65 0.5 6.2
      vertex 26.6592 -1.9 6.31733
      vertex 26.65 -1.9 6.2
    endloop
  endfacet
  facet normal -0.382792 0 -0.923834
    outer loop
      vertex 27.6318 -1.9 6.91329
      vertex 27.7405 0.5 6.86825
      vertex 27.7405 -1.9 6.86825
    endloop
  endfacet
  facet normal -0.382792 0 -0.923834
    outer loop
      vertex 27.7405 0.5 6.86825
      vertex 27.6318 -1.9 6.91329
      vertex 27.6318 0.5 6.91329
    endloop
  endfacet
  facet normal -0.649398 0 0.760449
    outer loop
      vertex 27.8408 0.5 5.59324
      vertex 27.9303 -1.9 5.66967
      vertex 27.9303 0.5 5.66967
    endloop
  endfacet
  facet normal -0.649398 0 0.760449
    outer loop
      vertex 27.9303 -1.9 5.66967
      vertex 27.8408 0.5 5.59324
      vertex 27.8408 -1.9 5.59324
    endloop
  endfacet
  facet normal -0.38272 0 0.923865
    outer loop
      vertex 27.6318 0.5 5.48671
      vertex 27.7405 -1.9 5.53174
      vertex 27.7405 0.5 5.53174
    endloop
  endfacet
  facet normal -0.38272 0 0.923865
    outer loop
      vertex 27.7405 -1.9 5.53174
      vertex 27.6318 0.5 5.48671
      vertex 27.6318 -1.9 5.48671
    endloop
  endfacet
  facet normal -0.99694 0 0.0781714
    outer loop
      vertex 28.1408 -1.9 6.08267
      vertex 28.15 0.5 6.2
      vertex 28.1408 0.5 6.08267
    endloop
  endfacet
  facet normal -0.99694 0 0.0781714
    outer loop
      vertex 28.15 0.5 6.2
      vertex 28.1408 -1.9 6.08267
      vertex 28.15 -1.9 6.2
    endloop
  endfacet
  facet normal 0.52266 0 -0.852541
    outer loop
      vertex 26.9592 -1.9 6.80676
      vertex 27.0595 0.5 6.86825
      vertex 27.0595 -1.9 6.86825
    endloop
  endfacet
  facet normal 0.52266 0 -0.852541
    outer loop
      vertex 27.0595 0.5 6.86825
      vertex 26.9592 -1.9 6.80676
      vertex 26.9592 0.5 6.80676
    endloop
  endfacet
  facet normal -0.522721 0 0.852504
    outer loop
      vertex 27.7405 0.5 5.53174
      vertex 27.8408 -1.9 5.59324
      vertex 27.8408 0.5 5.59324
    endloop
  endfacet
  facet normal -0.522721 0 0.852504
    outer loop
      vertex 27.8408 -1.9 5.59324
      vertex 27.7405 0.5 5.53174
      vertex 27.7405 -1.9 5.53174
    endloop
  endfacet
  facet normal -0.649398 0 -0.760449
    outer loop
      vertex 27.8408 -1.9 6.80676
      vertex 27.9303 0.5 6.73033
      vertex 27.9303 -1.9 6.73033
    endloop
  endfacet
  facet normal -0.649398 0 -0.760449
    outer loop
      vertex 27.9303 0.5 6.73033
      vertex 27.8408 -1.9 6.80676
      vertex 27.8408 0.5 6.80676
    endloop
  endfacet
  facet normal -0.233373 0 -0.972387
    outer loop
      vertex 27.5173 -1.9 6.94077
      vertex 27.6318 0.5 6.91329
      vertex 27.6318 -1.9 6.91329
    endloop
  endfacet
  facet normal -0.233373 0 -0.972387
    outer loop
      vertex 27.6318 0.5 6.91329
      vertex 27.5173 -1.9 6.94077
      vertex 27.5173 0.5 6.94077
    endloop
  endfacet
  facet normal 0.0784447 0 -0.996918
    outer loop
      vertex 27.2827 -1.9 6.94077
      vertex 27.4 0.5 6.95
      vertex 27.4 -1.9 6.95
    endloop
  endfacet
  facet normal 0.0784447 0 -0.996918
    outer loop
      vertex 27.4 0.5 6.95
      vertex 27.2827 -1.9 6.94077
      vertex 27.2827 0.5 6.94077
    endloop
  endfacet
  facet normal 0.923992 0 -0.382412
    outer loop
      vertex 26.7317 -1.9 6.54049
      vertex 26.6867 0.5 6.43176
      vertex 26.7317 0.5 6.54049
    endloop
  endfacet
  facet normal 0.923992 0 -0.382412
    outer loop
      vertex 26.6867 0.5 6.43176
      vertex 26.7317 -1.9 6.54049
      vertex 26.6867 -1.9 6.43176
    endloop
  endfacet
  facet normal 0.760119 -0 0.649784
    outer loop
      vertex 26.7932 -1.9 5.75916
      vertex 26.8697 0.5 5.66967
      vertex 26.7932 0.5 5.75916
    endloop
  endfacet
  facet normal 0.760119 0 0.649784
    outer loop
      vertex 26.8697 0.5 5.66967
      vertex 26.7932 -1.9 5.75916
      vertex 26.8697 -1.9 5.66967
    endloop
  endfacet
  facet normal 0.649398 0 0.760449
    outer loop
      vertex 26.8697 0.5 5.66967
      vertex 26.9592 -1.9 5.59324
      vertex 26.9592 0.5 5.59324
    endloop
  endfacet
  facet normal 0.649398 0 0.760449
    outer loop
      vertex 26.9592 -1.9 5.59324
      vertex 26.8697 0.5 5.66967
      vertex 26.8697 -1.9 5.66967
    endloop
  endfacet
  facet normal 0.99694 -0 0.0781714
    outer loop
      vertex 26.65 -1.9 6.2
      vertex 26.6592 0.5 6.08267
      vertex 26.65 0.5 6.2
    endloop
  endfacet
  facet normal 0.99694 0 0.0781714
    outer loop
      vertex 26.6592 0.5 6.08267
      vertex 26.65 -1.9 6.2
      vertex 26.6592 -1.9 6.08267
    endloop
  endfacet
  facet normal 0.85262 -0 0.522532
    outer loop
      vertex 26.7317 -1.9 5.85951
      vertex 26.7932 0.5 5.75916
      vertex 26.7317 0.5 5.85951
    endloop
  endfacet
  facet normal 0.85262 0 0.522532
    outer loop
      vertex 26.7932 0.5 5.75916
      vertex 26.7317 -1.9 5.85951
      vertex 26.7932 -1.9 5.75916
    endloop
  endfacet
  facet normal 0.522721 0 0.852504
    outer loop
      vertex 26.9592 0.5 5.59324
      vertex 27.0595 -1.9 5.53174
      vertex 27.0595 0.5 5.53174
    endloop
  endfacet
  facet normal 0.522721 0 0.852504
    outer loop
      vertex 27.0595 -1.9 5.53174
      vertex 26.9592 0.5 5.59324
      vertex 26.9592 -1.9 5.59324
    endloop
  endfacet
  facet normal 0.0784447 0 0.996918
    outer loop
      vertex 27.2827 0.5 5.45923
      vertex 27.4 -1.9 5.45
      vertex 27.4 0.5 5.45
    endloop
  endfacet
  facet normal 0.0784447 0 0.996918
    outer loop
      vertex 27.4 -1.9 5.45
      vertex 27.2827 0.5 5.45923
      vertex 27.2827 -1.9 5.45923
    endloop
  endfacet
  facet normal 0.233373 0 0.972387
    outer loop
      vertex 27.1682 0.5 5.48671
      vertex 27.2827 -1.9 5.45923
      vertex 27.2827 0.5 5.45923
    endloop
  endfacet
  facet normal 0.233373 0 0.972387
    outer loop
      vertex 27.2827 -1.9 5.45923
      vertex 27.1682 0.5 5.48671
      vertex 27.1682 -1.9 5.48671
    endloop
  endfacet
  facet normal 0.38272 0 0.923865
    outer loop
      vertex 27.0595 0.5 5.53174
      vertex 27.1682 -1.9 5.48671
      vertex 27.1682 0.5 5.48671
    endloop
  endfacet
  facet normal 0.38272 0 0.923865
    outer loop
      vertex 27.1682 -1.9 5.48671
      vertex 27.0595 0.5 5.53174
      vertex 27.0595 -1.9 5.53174
    endloop
  endfacet
  facet normal 0 -1 0
    outer loop
      vertex 27.2827 0.5 6.94077
      vertex 27.5173 0.5 6.94077
      vertex 27.4 0.5 6.95
    endloop
  endfacet
  facet normal 0 -1 0
    outer loop
      vertex 27.1682 0.5 6.91329
      vertex 27.5173 0.5 6.94077
      vertex 27.2827 0.5 6.94077
    endloop
  endfacet
  facet normal 0 -1 0
    outer loop
      vertex 27.1682 0.5 6.91329
      vertex 27.6318 0.5 6.91329
      vertex 27.5173 0.5 6.94077
    endloop
  endfacet
  facet normal 0 -1 0
    outer loop
      vertex 27.0595 0.5 6.86825
      vertex 27.6318 0.5 6.91329
      vertex 27.1682 0.5 6.91329
    endloop
  endfacet
  facet normal 0 -1 0
    outer loop
      vertex 27.0595 0.5 6.86825
      vertex 27.7405 0.5 6.86825
      vertex 27.6318 0.5 6.91329
    endloop
  endfacet
  facet normal 0 -1 0
    outer loop
      vertex 26.9592 0.5 6.80676
      vertex 27.7405 0.5 6.86825
      vertex 27.0595 0.5 6.86825
    endloop
  endfacet
  facet normal 0 -1 0
    outer loop
      vertex 26.9592 0.5 6.80676
      vertex 27.8408 0.5 6.80676
      vertex 27.7405 0.5 6.86825
    endloop
  endfacet
  facet normal 0 -1 0
    outer loop
      vertex 26.8697 0.5 6.73033
      vertex 27.8408 0.5 6.80676
      vertex 26.9592 0.5 6.80676
    endloop
  endfacet
  facet normal 0 -1 0
    outer loop
      vertex 26.8697 0.5 6.73033
      vertex 27.9303 0.5 6.73033
      vertex 27.8408 0.5 6.80676
    endloop
  endfacet
  facet normal 0 -1 0
    outer loop
      vertex 26.7932 0.5 6.64084
      vertex 27.9303 0.5 6.73033
      vertex 26.8697 0.5 6.73033
    endloop
  endfacet
  facet normal 0 -1 0
    outer loop
      vertex 26.7932 0.5 6.64084
      vertex 28.0068 0.5 6.64084
      vertex 27.9303 0.5 6.73033
    endloop
  endfacet
  facet normal 0 -1 0
    outer loop
      vertex 26.7317 0.5 6.54049
      vertex 28.0068 0.5 6.64084
      vertex 26.7932 0.5 6.64084
    endloop
  endfacet
  facet normal 0 -1 0
    outer loop
      vertex 26.7317 0.5 6.54049
      vertex 28.0683 0.5 6.54049
      vertex 28.0068 0.5 6.64084
    endloop
  endfacet
  facet normal 0 -1 0
    outer loop
      vertex 26.6867 0.5 6.43176
      vertex 28.0683 0.5 6.54049
      vertex 26.7317 0.5 6.54049
    endloop
  endfacet
  facet normal 0 -1 0
    outer loop
      vertex 26.6867 0.5 6.43176
      vertex 28.1133 0.5 6.43176
      vertex 28.0683 0.5 6.54049
    endloop
  endfacet
  facet normal 0 -1 0
    outer loop
      vertex 26.6592 0.5 6.31733
      vertex 28.1133 0.5 6.43176
      vertex 26.6867 0.5 6.43176
    endloop
  endfacet
  facet normal 0 -1 0
    outer loop
      vertex 26.6592 0.5 6.31733
      vertex 28.1408 0.5 6.31733
      vertex 28.1133 0.5 6.43176
    endloop
  endfacet
  facet normal 0 -1 0
    outer loop
      vertex 26.65 0.5 6.2
      vertex 28.1408 0.5 6.31733
      vertex 26.6592 0.5 6.31733
    endloop
  endfacet
  facet normal 0 -1 0
    outer loop
      vertex 26.65 0.5 6.2
      vertex 28.15 0.5 6.2
      vertex 28.1408 0.5 6.31733
    endloop
  endfacet
  facet normal 0 -1 0
    outer loop
      vertex 26.6592 0.5 6.08267
      vertex 28.15 0.5 6.2
      vertex 26.65 0.5 6.2
    endloop
  endfacet
  facet normal 0 -1 0
    outer loop
      vertex 26.6592 0.5 6.08267
      vertex 28.1408 0.5 6.08267
      vertex 28.15 0.5 6.2
    endloop
  endfacet
  facet normal 0 -1 0
    outer loop
      vertex 26.6867 0.5 5.96824
      vertex 28.1408 0.5 6.08267
      vertex 26.6592 0.5 6.08267
    endloop
  endfacet
  facet normal 0 -1 0
    outer loop
      vertex 26.6867 0.5 5.96824
      vertex 28.1133 0.5 5.96824
      vertex 28.1408 0.5 6.08267
    endloop
  endfacet
  facet normal 0 -1 0
    outer loop
      vertex 26.7317 0.5 5.85951
      vertex 28.1133 0.5 5.96824
      vertex 26.6867 0.5 5.96824
    endloop
  endfacet
  facet normal 0 -1 0
    outer loop
      vertex 26.7317 0.5 5.85951
      vertex 28.0683 0.5 5.85951
      vertex 28.1133 0.5 5.96824
    endloop
  endfacet
  facet normal 0 -1 0
    outer loop
      vertex 26.7932 0.5 5.75916
      vertex 28.0683 0.5 5.85951
      vertex 26.7317 0.5 5.85951
    endloop
  endfacet
  facet normal 0 -1 0
    outer loop
      vertex 26.7932 0.5 5.75916
      vertex 28.0068 0.5 5.75916
      vertex 28.0683 0.5 5.85951
    endloop
  endfacet
  facet normal 0 -1 0
    outer loop
      vertex 26.8697 0.5 5.66967
      vertex 28.0068 0.5 5.75916
      vertex 26.7932 0.5 5.75916
    endloop
  endfacet
  facet normal 0 -1 0
    outer loop
      vertex 26.8697 0.5 5.66967
      vertex 27.9303 0.5 5.66967
      vertex 28.0068 0.5 5.75916
    endloop
  endfacet
  facet normal 0 -1 0
    outer loop
      vertex 26.9592 0.5 5.59324
      vertex 27.9303 0.5 5.66967
      vertex 26.8697 0.5 5.66967
    endloop
  endfacet
  facet normal 0 -1 0
    outer loop
      vertex 26.9592 0.5 5.59324
      vertex 27.8408 0.5 5.59324
      vertex 27.9303 0.5 5.66967
    endloop
  endfacet
  facet normal 0 -1 0
    outer loop
      vertex 27.0595 0.5 5.53174
      vertex 27.8408 0.5 5.59324
      vertex 26.9592 0.5 5.59324
    endloop
  endfacet
  facet normal 0 -1 0
    outer loop
      vertex 27.0595 0.5 5.53174
      vertex 27.7405 0.5 5.53174
      vertex 27.8408 0.5 5.59324
    endloop
  endfacet
  facet normal 0 -1 0
    outer loop
      vertex 27.1682 0.5 5.48671
      vertex 27.7405 0.5 5.53174
      vertex 27.0595 0.5 5.53174
    endloop
  endfacet
  facet normal 0 -1 0
    outer loop
      vertex 27.1682 0.5 5.48671
      vertex 27.6318 0.5 5.48671
      vertex 27.7405 0.5 5.53174
    endloop
  endfacet
  facet normal 0 -1 0
    outer loop
      vertex 27.2827 0.5 5.45923
      vertex 27.6318 0.5 5.48671
      vertex 27.1682 0.5 5.48671
    endloop
  endfacet
  facet normal 0 -1 0
    outer loop
      vertex 27.2827 0.5 5.45923
      vertex 27.5173 0.5 5.45923
      vertex 27.6318 0.5 5.48671
    endloop
  endfacet
  facet normal -0 -1 0
    outer loop
      vertex 27.5173 0.5 5.45923
      vertex 27.2827 0.5 5.45923
      vertex 27.4 0.5 5.45
    endloop
  endfacet
  facet normal -0.972316 0 -0.233669
    outer loop
      vertex 24.1408 24.7 6.31733
      vertex 24.1133 27.1 6.43176
      vertex 24.1408 27.1 6.31733
    endloop
  endfacet
  facet normal -0.972316 -0 -0.233669
    outer loop
      vertex 24.1133 27.1 6.43176
      vertex 24.1408 24.7 6.31733
      vertex 24.1133 24.7 6.43176
    endloop
  endfacet
  facet normal -0.99694 0 -0.0781714
    outer loop
      vertex 24.15 24.7 6.2
      vertex 24.1408 27.1 6.31733
      vertex 24.15 27.1 6.2
    endloop
  endfacet
  facet normal -0.99694 -0 -0.0781714
    outer loop
      vertex 24.1408 27.1 6.31733
      vertex 24.15 24.7 6.2
      vertex 24.1408 24.7 6.31733
    endloop
  endfacet
  facet normal -0.85262 0 0.522532
    outer loop
      vertex 24.0068 24.7 5.75916
      vertex 24.0683 27.1 5.85951
      vertex 24.0068 27.1 5.75916
    endloop
  endfacet
  facet normal -0.85262 0 0.522532
    outer loop
      vertex 24.0683 27.1 5.85951
      vertex 24.0068 24.7 5.75916
      vertex 24.0683 24.7 5.85951
    endloop
  endfacet
  facet normal 0.760119 0 -0.649784
    outer loop
      vertex 22.8697 24.7 6.73033
      vertex 22.7932 27.1 6.64084
      vertex 22.8697 27.1 6.73033
    endloop
  endfacet
  facet normal 0.760119 0 -0.649784
    outer loop
      vertex 22.7932 27.1 6.64084
      vertex 22.8697 24.7 6.73033
      vertex 22.7932 24.7 6.64084
    endloop
  endfacet
  facet normal -0.760119 0 0.649784
    outer loop
      vertex 23.9303 24.7 5.66967
      vertex 24.0068 27.1 5.75916
      vertex 23.9303 27.1 5.66967
    endloop
  endfacet
  facet normal -0.760119 0 0.649784
    outer loop
      vertex 24.0068 27.1 5.75916
      vertex 23.9303 24.7 5.66967
      vertex 24.0068 24.7 5.75916
    endloop
  endfacet
  facet normal 0.972316 -0 0.233669
    outer loop
      vertex 22.6592 24.7 6.08267
      vertex 22.6867 27.1 5.96824
      vertex 22.6592 27.1 6.08267
    endloop
  endfacet
  facet normal 0.972316 0 0.233669
    outer loop
      vertex 22.6867 27.1 5.96824
      vertex 22.6592 24.7 6.08267
      vertex 22.6867 24.7 5.96824
    endloop
  endfacet
  facet normal 0.923992 -0 0.382412
    outer loop
      vertex 22.6867 24.7 5.96824
      vertex 22.7317 27.1 5.85951
      vertex 22.6867 27.1 5.96824
    endloop
  endfacet
  facet normal 0.923992 0 0.382412
    outer loop
      vertex 22.7317 27.1 5.85951
      vertex 22.6867 24.7 5.96824
      vertex 22.7317 24.7 5.85951
    endloop
  endfacet
  facet normal -0.923992 0 0.382412
    outer loop
      vertex 24.0683 24.7 5.85951
      vertex 24.1133 27.1 5.96824
      vertex 24.0683 27.1 5.85951
    endloop
  endfacet
  facet normal -0.923992 0 0.382412
    outer loop
      vertex 24.1133 27.1 5.96824
      vertex 24.0683 24.7 5.85951
      vertex 24.1133 24.7 5.96824
    endloop
  endfacet
  facet normal 0.233373 0 -0.972387
    outer loop
      vertex 23.1682 24.7 6.91329
      vertex 23.2827 27.1 6.94077
      vertex 23.2827 24.7 6.94077
    endloop
  endfacet
  facet normal 0.233373 0 -0.972387
    outer loop
      vertex 23.2827 27.1 6.94077
      vertex 23.1682 24.7 6.91329
      vertex 23.1682 27.1 6.91329
    endloop
  endfacet
  facet normal -0.760119 0 -0.649784
    outer loop
      vertex 24.0068 24.7 6.64084
      vertex 23.9303 27.1 6.73033
      vertex 24.0068 27.1 6.64084
    endloop
  endfacet
  facet normal -0.760119 -0 -0.649784
    outer loop
      vertex 23.9303 27.1 6.73033
      vertex 24.0068 24.7 6.64084
      vertex 23.9303 24.7 6.73033
    endloop
  endfacet
  facet normal -0.0784447 0 0.996918
    outer loop
      vertex 23.4 27.1 5.45
      vertex 23.5173 24.7 5.45923
      vertex 23.5173 27.1 5.45923
    endloop
  endfacet
  facet normal -0.0784447 0 0.996918
    outer loop
      vertex 23.5173 24.7 5.45923
      vertex 23.4 27.1 5.45
      vertex 23.4 24.7 5.45
    endloop
  endfacet
  facet normal -0.923992 0 -0.382412
    outer loop
      vertex 24.1133 24.7 6.43176
      vertex 24.0683 27.1 6.54049
      vertex 24.1133 27.1 6.43176
    endloop
  endfacet
  facet normal -0.923992 -0 -0.382412
    outer loop
      vertex 24.0683 27.1 6.54049
      vertex 24.1133 24.7 6.43176
      vertex 24.0683 24.7 6.54049
    endloop
  endfacet
  facet normal 0.649398 0 -0.760449
    outer loop
      vertex 22.8697 24.7 6.73033
      vertex 22.9592 27.1 6.80676
      vertex 22.9592 24.7 6.80676
    endloop
  endfacet
  facet normal 0.649398 0 -0.760449
    outer loop
      vertex 22.9592 27.1 6.80676
      vertex 22.8697 24.7 6.73033
      vertex 22.8697 27.1 6.73033
    endloop
  endfacet
  facet normal 0.972316 0 -0.233669
    outer loop
      vertex 22.6867 24.7 6.43176
      vertex 22.6592 27.1 6.31733
      vertex 22.6867 27.1 6.43176
    endloop
  endfacet
  facet normal 0.972316 0 -0.233669
    outer loop
      vertex 22.6592 27.1 6.31733
      vertex 22.6867 24.7 6.43176
      vertex 22.6592 24.7 6.31733
    endloop
  endfacet
  facet normal -0.52266 0 -0.852541
    outer loop
      vertex 23.7405 24.7 6.86825
      vertex 23.8408 27.1 6.80676
      vertex 23.8408 24.7 6.80676
    endloop
  endfacet
  facet normal -0.52266 0 -0.852541
    outer loop
      vertex 23.8408 27.1 6.80676
      vertex 23.7405 24.7 6.86825
      vertex 23.7405 27.1 6.86825
    endloop
  endfacet
  facet normal 0.85262 0 -0.522532
    outer loop
      vertex 22.7932 24.7 6.64084
      vertex 22.7317 27.1 6.54049
      vertex 22.7932 27.1 6.64084
    endloop
  endfacet
  facet normal 0.85262 0 -0.522532
    outer loop
      vertex 22.7317 27.1 6.54049
      vertex 22.7932 24.7 6.64084
      vertex 22.7317 24.7 6.54049
    endloop
  endfacet
  facet normal -0.0784447 0 -0.996918
    outer loop
      vertex 23.4 24.7 6.95
      vertex 23.5173 27.1 6.94077
      vertex 23.5173 24.7 6.94077
    endloop
  endfacet
  facet normal -0.0784447 0 -0.996918
    outer loop
      vertex 23.5173 27.1 6.94077
      vertex 23.4 24.7 6.95
      vertex 23.4 27.1 6.95
    endloop
  endfacet
  facet normal -0.972316 0 0.233669
    outer loop
      vertex 24.1133 24.7 5.96824
      vertex 24.1408 27.1 6.08267
      vertex 24.1133 27.1 5.96824
    endloop
  endfacet
  facet normal -0.972316 0 0.233669
    outer loop
      vertex 24.1408 27.1 6.08267
      vertex 24.1133 24.7 5.96824
      vertex 24.1408 24.7 6.08267
    endloop
  endfacet
  facet normal 0.382792 0 -0.923834
    outer loop
      vertex 23.0595 24.7 6.86825
      vertex 23.1682 27.1 6.91329
      vertex 23.1682 24.7 6.91329
    endloop
  endfacet
  facet normal 0.382792 0 -0.923834
    outer loop
      vertex 23.1682 27.1 6.91329
      vertex 23.0595 24.7 6.86825
      vertex 23.0595 27.1 6.86825
    endloop
  endfacet
  facet normal -0.85262 0 -0.522532
    outer loop
      vertex 24.0683 24.7 6.54049
      vertex 24.0068 27.1 6.64084
      vertex 24.0683 27.1 6.54049
    endloop
  endfacet
  facet normal -0.85262 -0 -0.522532
    outer loop
      vertex 24.0068 27.1 6.64084
      vertex 24.0683 24.7 6.54049
      vertex 24.0068 24.7 6.64084
    endloop
  endfacet
  facet normal -0.233373 0 0.972387
    outer loop
      vertex 23.5173 27.1 5.45923
      vertex 23.6318 24.7 5.48671
      vertex 23.6318 27.1 5.48671
    endloop
  endfacet
  facet normal -0.233373 0 0.972387
    outer loop
      vertex 23.6318 24.7 5.48671
      vertex 23.5173 27.1 5.45923
      vertex 23.5173 24.7 5.45923
    endloop
  endfacet
  facet normal 0.99694 0 -0.0781714
    outer loop
      vertex 22.6592 24.7 6.31733
      vertex 22.65 27.1 6.2
      vertex 22.6592 27.1 6.31733
    endloop
  endfacet
  facet normal 0.99694 0 -0.0781714
    outer loop
      vertex 22.65 27.1 6.2
      vertex 22.6592 24.7 6.31733
      vertex 22.65 24.7 6.2
    endloop
  endfacet
  facet normal -0.382792 0 -0.923834
    outer loop
      vertex 23.6318 24.7 6.91329
      vertex 23.7405 27.1 6.86825
      vertex 23.7405 24.7 6.86825
    endloop
  endfacet
  facet normal -0.382792 0 -0.923834
    outer loop
      vertex 23.7405 27.1 6.86825
      vertex 23.6318 24.7 6.91329
      vertex 23.6318 27.1 6.91329
    endloop
  endfacet
  facet normal -0.649398 0 0.760449
    outer loop
      vertex 23.8408 27.1 5.59324
      vertex 23.9303 24.7 5.66967
      vertex 23.9303 27.1 5.66967
    endloop
  endfacet
  facet normal -0.649398 0 0.760449
    outer loop
      vertex 23.9303 24.7 5.66967
      vertex 23.8408 27.1 5.59324
      vertex 23.8408 24.7 5.59324
    endloop
  endfacet
  facet normal -0.38272 0 0.923865
    outer loop
      vertex 23.6318 27.1 5.48671
      vertex 23.7405 24.7 5.53174
      vertex 23.7405 27.1 5.53174
    endloop
  endfacet
  facet normal -0.38272 0 0.923865
    outer loop
      vertex 23.7405 24.7 5.53174
      vertex 23.6318 27.1 5.48671
      vertex 23.6318 24.7 5.48671
    endloop
  endfacet
  facet normal -0.99694 0 0.0781714
    outer loop
      vertex 24.1408 24.7 6.08267
      vertex 24.15 27.1 6.2
      vertex 24.1408 27.1 6.08267
    endloop
  endfacet
  facet normal -0.99694 0 0.0781714
    outer loop
      vertex 24.15 27.1 6.2
      vertex 24.1408 24.7 6.08267
      vertex 24.15 24.7 6.2
    endloop
  endfacet
  facet normal 0.52266 0 -0.852541
    outer loop
      vertex 22.9592 24.7 6.80676
      vertex 23.0595 27.1 6.86825
      vertex 23.0595 24.7 6.86825
    endloop
  endfacet
  facet normal 0.52266 0 -0.852541
    outer loop
      vertex 23.0595 27.1 6.86825
      vertex 22.9592 24.7 6.80676
      vertex 22.9592 27.1 6.80676
    endloop
  endfacet
  facet normal -0.522721 0 0.852504
    outer loop
      vertex 23.7405 27.1 5.53174
      vertex 23.8408 24.7 5.59324
      vertex 23.8408 27.1 5.59324
    endloop
  endfacet
  facet normal -0.522721 0 0.852504
    outer loop
      vertex 23.8408 24.7 5.59324
      vertex 23.7405 27.1 5.53174
      vertex 23.7405 24.7 5.53174
    endloop
  endfacet
  facet normal -0.649398 0 -0.760449
    outer loop
      vertex 23.8408 24.7 6.80676
      vertex 23.9303 27.1 6.73033
      vertex 23.9303 24.7 6.73033
    endloop
  endfacet
  facet normal -0.649398 0 -0.760449
    outer loop
      vertex 23.9303 27.1 6.73033
      vertex 23.8408 24.7 6.80676
      vertex 23.8408 27.1 6.80676
    endloop
  endfacet
  facet normal -0.233373 0 -0.972387
    outer loop
      vertex 23.5173 24.7 6.94077
      vertex 23.6318 27.1 6.91329
      vertex 23.6318 24.7 6.91329
    endloop
  endfacet
  facet normal -0.233373 0 -0.972387
    outer loop
      vertex 23.6318 27.1 6.91329
      vertex 23.5173 24.7 6.94077
      vertex 23.5173 27.1 6.94077
    endloop
  endfacet
  facet normal 0.0784447 0 -0.996918
    outer loop
      vertex 23.2827 24.7 6.94077
      vertex 23.4 27.1 6.95
      vertex 23.4 24.7 6.95
    endloop
  endfacet
  facet normal 0.0784447 0 -0.996918
    outer loop
      vertex 23.4 27.1 6.95
      vertex 23.2827 24.7 6.94077
      vertex 23.2827 27.1 6.94077
    endloop
  endfacet
  facet normal 0.923992 0 -0.382412
    outer loop
      vertex 22.7317 24.7 6.54049
      vertex 22.6867 27.1 6.43176
      vertex 22.7317 27.1 6.54049
    endloop
  endfacet
  facet normal 0.923992 0 -0.382412
    outer loop
      vertex 22.6867 27.1 6.43176
      vertex 22.7317 24.7 6.54049
      vertex 22.6867 24.7 6.43176
    endloop
  endfacet
  facet normal 0.760119 -0 0.649784
    outer loop
      vertex 22.7932 24.7 5.75916
      vertex 22.8697 27.1 5.66967
      vertex 22.7932 27.1 5.75916
    endloop
  endfacet
  facet normal 0.760119 0 0.649784
    outer loop
      vertex 22.8697 27.1 5.66967
      vertex 22.7932 24.7 5.75916
      vertex 22.8697 24.7 5.66967
    endloop
  endfacet
  facet normal 0.649398 0 0.760449
    outer loop
      vertex 22.8697 27.1 5.66967
      vertex 22.9592 24.7 5.59324
      vertex 22.9592 27.1 5.59324
    endloop
  endfacet
  facet normal 0.649398 0 0.760449
    outer loop
      vertex 22.9592 24.7 5.59324
      vertex 22.8697 27.1 5.66967
      vertex 22.8697 24.7 5.66967
    endloop
  endfacet
  facet normal 0 1 0
    outer loop
      vertex 23.5173 24.7 6.94077
      vertex 23.2827 24.7 6.94077
      vertex 23.4 24.7 6.95
    endloop
  endfacet
  facet normal 0 1 0
    outer loop
      vertex 23.6318 24.7 6.91329
      vertex 23.2827 24.7 6.94077
      vertex 23.5173 24.7 6.94077
    endloop
  endfacet
  facet normal 0 1 0
    outer loop
      vertex 23.6318 24.7 6.91329
      vertex 23.1682 24.7 6.91329
      vertex 23.2827 24.7 6.94077
    endloop
  endfacet
  facet normal 0 1 0
    outer loop
      vertex 23.7405 24.7 6.86825
      vertex 23.1682 24.7 6.91329
      vertex 23.6318 24.7 6.91329
    endloop
  endfacet
  facet normal 0 1 0
    outer loop
      vertex 23.7405 24.7 6.86825
      vertex 23.0595 24.7 6.86825
      vertex 23.1682 24.7 6.91329
    endloop
  endfacet
  facet normal 0 1 0
    outer loop
      vertex 23.8408 24.7 6.80676
      vertex 23.0595 24.7 6.86825
      vertex 23.7405 24.7 6.86825
    endloop
  endfacet
  facet normal 0 1 0
    outer loop
      vertex 23.8408 24.7 6.80676
      vertex 22.9592 24.7 6.80676
      vertex 23.0595 24.7 6.86825
    endloop
  endfacet
  facet normal 0 1 0
    outer loop
      vertex 23.9303 24.7 6.73033
      vertex 22.9592 24.7 6.80676
      vertex 23.8408 24.7 6.80676
    endloop
  endfacet
  facet normal 0 1 0
    outer loop
      vertex 23.9303 24.7 6.73033
      vertex 22.8697 24.7 6.73033
      vertex 22.9592 24.7 6.80676
    endloop
  endfacet
  facet normal 0 1 0
    outer loop
      vertex 24.0068 24.7 6.64084
      vertex 22.8697 24.7 6.73033
      vertex 23.9303 24.7 6.73033
    endloop
  endfacet
  facet normal 0 1 0
    outer loop
      vertex 24.0068 24.7 6.64084
      vertex 22.7932 24.7 6.64084
      vertex 22.8697 24.7 6.73033
    endloop
  endfacet
  facet normal 0 1 0
    outer loop
      vertex 24.0683 24.7 6.54049
      vertex 22.7932 24.7 6.64084
      vertex 24.0068 24.7 6.64084
    endloop
  endfacet
  facet normal 0 1 0
    outer loop
      vertex 24.0683 24.7 6.54049
      vertex 22.7317 24.7 6.54049
      vertex 22.7932 24.7 6.64084
    endloop
  endfacet
  facet normal 0 1 0
    outer loop
      vertex 24.1133 24.7 6.43176
      vertex 22.7317 24.7 6.54049
      vertex 24.0683 24.7 6.54049
    endloop
  endfacet
  facet normal 0 1 0
    outer loop
      vertex 24.1133 24.7 6.43176
      vertex 22.6867 24.7 6.43176
      vertex 22.7317 24.7 6.54049
    endloop
  endfacet
  facet normal 0 1 0
    outer loop
      vertex 24.1408 24.7 6.31733
      vertex 22.6867 24.7 6.43176
      vertex 24.1133 24.7 6.43176
    endloop
  endfacet
  facet normal 0 1 0
    outer loop
      vertex 24.1408 24.7 6.31733
      vertex 22.6592 24.7 6.31733
      vertex 22.6867 24.7 6.43176
    endloop
  endfacet
  facet normal 0 1 0
    outer loop
      vertex 24.15 24.7 6.2
      vertex 22.6592 24.7 6.31733
      vertex 24.1408 24.7 6.31733
    endloop
  endfacet
  facet normal 0 1 0
    outer loop
      vertex 24.15 24.7 6.2
      vertex 22.65 24.7 6.2
      vertex 22.6592 24.7 6.31733
    endloop
  endfacet
  facet normal 0 1 -0
    outer loop
      vertex 24.1408 24.7 6.08267
      vertex 22.65 24.7 6.2
      vertex 24.15 24.7 6.2
    endloop
  endfacet
  facet normal 0 1 0
    outer loop
      vertex 24.1408 24.7 6.08267
      vertex 22.6592 24.7 6.08267
      vertex 22.65 24.7 6.2
    endloop
  endfacet
  facet normal 0 1 -0
    outer loop
      vertex 24.1133 24.7 5.96824
      vertex 22.6592 24.7 6.08267
      vertex 24.1408 24.7 6.08267
    endloop
  endfacet
  facet normal 0 1 0
    outer loop
      vertex 24.1133 24.7 5.96824
      vertex 22.6867 24.7 5.96824
      vertex 22.6592 24.7 6.08267
    endloop
  endfacet
  facet normal 0 1 -0
    outer loop
      vertex 24.0683 24.7 5.85951
      vertex 22.6867 24.7 5.96824
      vertex 24.1133 24.7 5.96824
    endloop
  endfacet
  facet normal 0 1 0
    outer loop
      vertex 24.0683 24.7 5.85951
      vertex 22.7317 24.7 5.85951
      vertex 22.6867 24.7 5.96824
    endloop
  endfacet
  facet normal 0 1 -0
    outer loop
      vertex 24.0068 24.7 5.75916
      vertex 22.7317 24.7 5.85951
      vertex 24.0683 24.7 5.85951
    endloop
  endfacet
  facet normal 0 1 0
    outer loop
      vertex 24.0068 24.7 5.75916
      vertex 22.7932 24.7 5.75916
      vertex 22.7317 24.7 5.85951
    endloop
  endfacet
  facet normal 0 1 -0
    outer loop
      vertex 23.9303 24.7 5.66967
      vertex 22.7932 24.7 5.75916
      vertex 24.0068 24.7 5.75916
    endloop
  endfacet
  facet normal 0 1 0
    outer loop
      vertex 23.9303 24.7 5.66967
      vertex 22.8697 24.7 5.66967
      vertex 22.7932 24.7 5.75916
    endloop
  endfacet
  facet normal 0 1 -0
    outer loop
      vertex 23.8408 24.7 5.59324
      vertex 22.8697 24.7 5.66967
      vertex 23.9303 24.7 5.66967
    endloop
  endfacet
  facet normal 0 1 0
    outer loop
      vertex 23.8408 24.7 5.59324
      vertex 22.9592 24.7 5.59324
      vertex 22.8697 24.7 5.66967
    endloop
  endfacet
  facet normal 0 1 -0
    outer loop
      vertex 23.7405 24.7 5.53174
      vertex 22.9592 24.7 5.59324
      vertex 23.8408 24.7 5.59324
    endloop
  endfacet
  facet normal 0 1 0
    outer loop
      vertex 23.7405 24.7 5.53174
      vertex 23.0595 24.7 5.53174
      vertex 22.9592 24.7 5.59324
    endloop
  endfacet
  facet normal 0 1 -0
    outer loop
      vertex 23.6318 24.7 5.48671
      vertex 23.0595 24.7 5.53174
      vertex 23.7405 24.7 5.53174
    endloop
  endfacet
  facet normal 0 1 0
    outer loop
      vertex 23.6318 24.7 5.48671
      vertex 23.1682 24.7 5.48671
      vertex 23.0595 24.7 5.53174
    endloop
  endfacet
  facet normal 0 1 -0
    outer loop
      vertex 23.5173 24.7 5.45923
      vertex 23.1682 24.7 5.48671
      vertex 23.6318 24.7 5.48671
    endloop
  endfacet
  facet normal 0 1 0
    outer loop
      vertex 23.5173 24.7 5.45923
      vertex 23.2827 24.7 5.45923
      vertex 23.1682 24.7 5.48671
    endloop
  endfacet
  facet normal -0 1 0
    outer loop
      vertex 23.2827 24.7 5.45923
      vertex 23.5173 24.7 5.45923
      vertex 23.4 24.7 5.45
    endloop
  endfacet
  facet normal 0.99694 -0 0.0781714
    outer loop
      vertex 22.65 24.7 6.2
      vertex 22.6592 27.1 6.08267
      vertex 22.65 27.1 6.2
    endloop
  endfacet
  facet normal 0.99694 0 0.0781714
    outer loop
      vertex 22.6592 27.1 6.08267
      vertex 22.65 24.7 6.2
      vertex 22.6592 24.7 6.08267
    endloop
  endfacet
  facet normal 0.85262 -0 0.522532
    outer loop
      vertex 22.7317 24.7 5.85951
      vertex 22.7932 27.1 5.75916
      vertex 22.7317 27.1 5.85951
    endloop
  endfacet
  facet normal 0.85262 0 0.522532
    outer loop
      vertex 22.7932 27.1 5.75916
      vertex 22.7317 24.7 5.85951
      vertex 22.7932 24.7 5.75916
    endloop
  endfacet
  facet normal 0.522721 0 0.852504
    outer loop
      vertex 22.9592 27.1 5.59324
      vertex 23.0595 24.7 5.53174
      vertex 23.0595 27.1 5.53174
    endloop
  endfacet
  facet normal 0.522721 0 0.852504
    outer loop
      vertex 23.0595 24.7 5.53174
      vertex 22.9592 27.1 5.59324
      vertex 22.9592 24.7 5.59324
    endloop
  endfacet
  facet normal 0.0784447 0 0.996918
    outer loop
      vertex 23.2827 27.1 5.45923
      vertex 23.4 24.7 5.45
      vertex 23.4 27.1 5.45
    endloop
  endfacet
  facet normal 0.0784447 0 0.996918
    outer loop
      vertex 23.4 24.7 5.45
      vertex 23.2827 27.1 5.45923
      vertex 23.2827 24.7 5.45923
    endloop
  endfacet
  facet normal 0.233373 0 0.972387
    outer loop
      vertex 23.1682 27.1 5.48671
      vertex 23.2827 24.7 5.45923
      vertex 23.2827 27.1 5.45923
    endloop
  endfacet
  facet normal 0.233373 0 0.972387
    outer loop
      vertex 23.2827 24.7 5.45923
      vertex 23.1682 27.1 5.48671
      vertex 23.1682 24.7 5.48671
    endloop
  endfacet
  facet normal 0.38272 0 0.923865
    outer loop
      vertex 23.0595 27.1 5.53174
      vertex 23.1682 24.7 5.48671
      vertex 23.1682 27.1 5.48671
    endloop
  endfacet
  facet normal 0.38272 0 0.923865
    outer loop
      vertex 23.1682 24.7 5.48671
      vertex 23.0595 27.1 5.53174
      vertex 23.0595 24.7 5.53174
    endloop
  endfacet
  facet normal -0.972316 0 -0.233669
    outer loop
      vertex 28.1408 24.7 6.31733
      vertex 28.1133 27.1 6.43176
      vertex 28.1408 27.1 6.31733
    endloop
  endfacet
  facet normal -0.972316 -0 -0.233669
    outer loop
      vertex 28.1133 27.1 6.43176
      vertex 28.1408 24.7 6.31733
      vertex 28.1133 24.7 6.43176
    endloop
  endfacet
  facet normal -0.99694 0 -0.0781714
    outer loop
      vertex 28.15 24.7 6.2
      vertex 28.1408 27.1 6.31733
      vertex 28.15 27.1 6.2
    endloop
  endfacet
  facet normal -0.99694 -0 -0.0781714
    outer loop
      vertex 28.1408 27.1 6.31733
      vertex 28.15 24.7 6.2
      vertex 28.1408 24.7 6.31733
    endloop
  endfacet
  facet normal -0.85262 0 0.522532
    outer loop
      vertex 28.0068 24.7 5.75916
      vertex 28.0683 27.1 5.85951
      vertex 28.0068 27.1 5.75916
    endloop
  endfacet
  facet normal -0.85262 0 0.522532
    outer loop
      vertex 28.0683 27.1 5.85951
      vertex 28.0068 24.7 5.75916
      vertex 28.0683 24.7 5.85951
    endloop
  endfacet
  facet normal 0.760119 0 -0.649784
    outer loop
      vertex 26.8697 24.7 6.73033
      vertex 26.7932 27.1 6.64084
      vertex 26.8697 27.1 6.73033
    endloop
  endfacet
  facet normal 0.760119 0 -0.649784
    outer loop
      vertex 26.7932 27.1 6.64084
      vertex 26.8697 24.7 6.73033
      vertex 26.7932 24.7 6.64084
    endloop
  endfacet
  facet normal -0.760119 0 0.649784
    outer loop
      vertex 27.9303 24.7 5.66967
      vertex 28.0068 27.1 5.75916
      vertex 27.9303 27.1 5.66967
    endloop
  endfacet
  facet normal -0.760119 0 0.649784
    outer loop
      vertex 28.0068 27.1 5.75916
      vertex 27.9303 24.7 5.66967
      vertex 28.0068 24.7 5.75916
    endloop
  endfacet
  facet normal 0.972316 -0 0.233669
    outer loop
      vertex 26.6592 24.7 6.08267
      vertex 26.6867 27.1 5.96824
      vertex 26.6592 27.1 6.08267
    endloop
  endfacet
  facet normal 0.972316 0 0.233669
    outer loop
      vertex 26.6867 27.1 5.96824
      vertex 26.6592 24.7 6.08267
      vertex 26.6867 24.7 5.96824
    endloop
  endfacet
  facet normal 0.923992 -0 0.382412
    outer loop
      vertex 26.6867 24.7 5.96824
      vertex 26.7317 27.1 5.85951
      vertex 26.6867 27.1 5.96824
    endloop
  endfacet
  facet normal 0.923992 0 0.382412
    outer loop
      vertex 26.7317 27.1 5.85951
      vertex 26.6867 24.7 5.96824
      vertex 26.7317 24.7 5.85951
    endloop
  endfacet
  facet normal -0.923992 0 0.382412
    outer loop
      vertex 28.0683 24.7 5.85951
      vertex 28.1133 27.1 5.96824
      vertex 28.0683 27.1 5.85951
    endloop
  endfacet
  facet normal -0.923992 0 0.382412
    outer loop
      vertex 28.1133 27.1 5.96824
      vertex 28.0683 24.7 5.85951
      vertex 28.1133 24.7 5.96824
    endloop
  endfacet
  facet normal 0.233373 0 -0.972387
    outer loop
      vertex 27.1682 24.7 6.91329
      vertex 27.2827 27.1 6.94077
      vertex 27.2827 24.7 6.94077
    endloop
  endfacet
  facet normal 0.233373 0 -0.972387
    outer loop
      vertex 27.2827 27.1 6.94077
      vertex 27.1682 24.7 6.91329
      vertex 27.1682 27.1 6.91329
    endloop
  endfacet
  facet normal -0.760119 0 -0.649784
    outer loop
      vertex 28.0068 24.7 6.64084
      vertex 27.9303 27.1 6.73033
      vertex 28.0068 27.1 6.64084
    endloop
  endfacet
  facet normal -0.760119 -0 -0.649784
    outer loop
      vertex 27.9303 27.1 6.73033
      vertex 28.0068 24.7 6.64084
      vertex 27.9303 24.7 6.73033
    endloop
  endfacet
  facet normal -0.0784447 0 0.996918
    outer loop
      vertex 27.4 27.1 5.45
      vertex 27.5173 24.7 5.45923
      vertex 27.5173 27.1 5.45923
    endloop
  endfacet
  facet normal -0.0784447 0 0.996918
    outer loop
      vertex 27.5173 24.7 5.45923
      vertex 27.4 27.1 5.45
      vertex 27.4 24.7 5.45
    endloop
  endfacet
  facet normal -0.923992 0 -0.382412
    outer loop
      vertex 28.1133 24.7 6.43176
      vertex 28.0683 27.1 6.54049
      vertex 28.1133 27.1 6.43176
    endloop
  endfacet
  facet normal -0.923992 -0 -0.382412
    outer loop
      vertex 28.0683 27.1 6.54049
      vertex 28.1133 24.7 6.43176
      vertex 28.0683 24.7 6.54049
    endloop
  endfacet
  facet normal 0.649398 0 -0.760449
    outer loop
      vertex 26.8697 24.7 6.73033
      vertex 26.9592 27.1 6.80676
      vertex 26.9592 24.7 6.80676
    endloop
  endfacet
  facet normal 0.649398 0 -0.760449
    outer loop
      vertex 26.9592 27.1 6.80676
      vertex 26.8697 24.7 6.73033
      vertex 26.8697 27.1 6.73033
    endloop
  endfacet
  facet normal 0.972316 0 -0.233669
    outer loop
      vertex 26.6867 24.7 6.43176
      vertex 26.6592 27.1 6.31733
      vertex 26.6867 27.1 6.43176
    endloop
  endfacet
  facet normal 0.972316 0 -0.233669
    outer loop
      vertex 26.6592 27.1 6.31733
      vertex 26.6867 24.7 6.43176
      vertex 26.6592 24.7 6.31733
    endloop
  endfacet
  facet normal -0.52266 0 -0.852541
    outer loop
      vertex 27.7405 24.7 6.86825
      vertex 27.8408 27.1 6.80676
      vertex 27.8408 24.7 6.80676
    endloop
  endfacet
  facet normal -0.52266 0 -0.852541
    outer loop
      vertex 27.8408 27.1 6.80676
      vertex 27.7405 24.7 6.86825
      vertex 27.7405 27.1 6.86825
    endloop
  endfacet
  facet normal 0.85262 0 -0.522532
    outer loop
      vertex 26.7932 24.7 6.64084
      vertex 26.7317 27.1 6.54049
      vertex 26.7932 27.1 6.64084
    endloop
  endfacet
  facet normal 0.85262 0 -0.522532
    outer loop
      vertex 26.7317 27.1 6.54049
      vertex 26.7932 24.7 6.64084
      vertex 26.7317 24.7 6.54049
    endloop
  endfacet
  facet normal -0.0784447 0 -0.996918
    outer loop
      vertex 27.4 24.7 6.95
      vertex 27.5173 27.1 6.94077
      vertex 27.5173 24.7 6.94077
    endloop
  endfacet
  facet normal -0.0784447 0 -0.996918
    outer loop
      vertex 27.5173 27.1 6.94077
      vertex 27.4 24.7 6.95
      vertex 27.4 27.1 6.95
    endloop
  endfacet
  facet normal -0.972316 0 0.233669
    outer loop
      vertex 28.1133 24.7 5.96824
      vertex 28.1408 27.1 6.08267
      vertex 28.1133 27.1 5.96824
    endloop
  endfacet
  facet normal -0.972316 0 0.233669
    outer loop
      vertex 28.1408 27.1 6.08267
      vertex 28.1133 24.7 5.96824
      vertex 28.1408 24.7 6.08267
    endloop
  endfacet
  facet normal 0.382792 0 -0.923834
    outer loop
      vertex 27.0595 24.7 6.86825
      vertex 27.1682 27.1 6.91329
      vertex 27.1682 24.7 6.91329
    endloop
  endfacet
  facet normal 0.382792 0 -0.923834
    outer loop
      vertex 27.1682 27.1 6.91329
      vertex 27.0595 24.7 6.86825
      vertex 27.0595 27.1 6.86825
    endloop
  endfacet
  facet normal -0.85262 0 -0.522532
    outer loop
      vertex 28.0683 24.7 6.54049
      vertex 28.0068 27.1 6.64084
      vertex 28.0683 27.1 6.54049
    endloop
  endfacet
  facet normal -0.85262 -0 -0.522532
    outer loop
      vertex 28.0068 27.1 6.64084
      vertex 28.0683 24.7 6.54049
      vertex 28.0068 24.7 6.64084
    endloop
  endfacet
  facet normal -0.233373 0 0.972387
    outer loop
      vertex 27.5173 27.1 5.45923
      vertex 27.6318 24.7 5.48671
      vertex 27.6318 27.1 5.48671
    endloop
  endfacet
  facet normal -0.233373 0 0.972387
    outer loop
      vertex 27.6318 24.7 5.48671
      vertex 27.5173 27.1 5.45923
      vertex 27.5173 24.7 5.45923
    endloop
  endfacet
  facet normal 0.99694 0 -0.0781714
    outer loop
      vertex 26.6592 24.7 6.31733
      vertex 26.65 27.1 6.2
      vertex 26.6592 27.1 6.31733
    endloop
  endfacet
  facet normal 0.99694 0 -0.0781714
    outer loop
      vertex 26.65 27.1 6.2
      vertex 26.6592 24.7 6.31733
      vertex 26.65 24.7 6.2
    endloop
  endfacet
  facet normal -0.382792 0 -0.923834
    outer loop
      vertex 27.6318 24.7 6.91329
      vertex 27.7405 27.1 6.86825
      vertex 27.7405 24.7 6.86825
    endloop
  endfacet
  facet normal -0.382792 0 -0.923834
    outer loop
      vertex 27.7405 27.1 6.86825
      vertex 27.6318 24.7 6.91329
      vertex 27.6318 27.1 6.91329
    endloop
  endfacet
  facet normal -0.649398 0 0.760449
    outer loop
      vertex 27.8408 27.1 5.59324
      vertex 27.9303 24.7 5.66967
      vertex 27.9303 27.1 5.66967
    endloop
  endfacet
  facet normal -0.649398 0 0.760449
    outer loop
      vertex 27.9303 24.7 5.66967
      vertex 27.8408 27.1 5.59324
      vertex 27.8408 24.7 5.59324
    endloop
  endfacet
  facet normal -0.38272 0 0.923865
    outer loop
      vertex 27.6318 27.1 5.48671
      vertex 27.7405 24.7 5.53174
      vertex 27.7405 27.1 5.53174
    endloop
  endfacet
  facet normal -0.38272 0 0.923865
    outer loop
      vertex 27.7405 24.7 5.53174
      vertex 27.6318 27.1 5.48671
      vertex 27.6318 24.7 5.48671
    endloop
  endfacet
  facet normal -0.99694 0 0.0781714
    outer loop
      vertex 28.1408 24.7 6.08267
      vertex 28.15 27.1 6.2
      vertex 28.1408 27.1 6.08267
    endloop
  endfacet
  facet normal -0.99694 0 0.0781714
    outer loop
      vertex 28.15 27.1 6.2
      vertex 28.1408 24.7 6.08267
      vertex 28.15 24.7 6.2
    endloop
  endfacet
  facet normal 0.52266 0 -0.852541
    outer loop
      vertex 26.9592 24.7 6.80676
      vertex 27.0595 27.1 6.86825
      vertex 27.0595 24.7 6.86825
    endloop
  endfacet
  facet normal 0.52266 0 -0.852541
    outer loop
      vertex 27.0595 27.1 6.86825
      vertex 26.9592 24.7 6.80676
      vertex 26.9592 27.1 6.80676
    endloop
  endfacet
  facet normal -0.522721 0 0.852504
    outer loop
      vertex 27.7405 27.1 5.53174
      vertex 27.8408 24.7 5.59324
      vertex 27.8408 27.1 5.59324
    endloop
  endfacet
  facet normal -0.522721 0 0.852504
    outer loop
      vertex 27.8408 24.7 5.59324
      vertex 27.7405 27.1 5.53174
      vertex 27.7405 24.7 5.53174
    endloop
  endfacet
  facet normal -0.649398 0 -0.760449
    outer loop
      vertex 27.8408 24.7 6.80676
      vertex 27.9303 27.1 6.73033
      vertex 27.9303 24.7 6.73033
    endloop
  endfacet
  facet normal -0.649398 0 -0.760449
    outer loop
      vertex 27.9303 27.1 6.73033
      vertex 27.8408 24.7 6.80676
      vertex 27.8408 27.1 6.80676
    endloop
  endfacet
  facet normal -0.233373 0 -0.972387
    outer loop
      vertex 27.5173 24.7 6.94077
      vertex 27.6318 27.1 6.91329
      vertex 27.6318 24.7 6.91329
    endloop
  endfacet
  facet normal -0.233373 0 -0.972387
    outer loop
      vertex 27.6318 27.1 6.91329
      vertex 27.5173 24.7 6.94077
      vertex 27.5173 27.1 6.94077
    endloop
  endfacet
  facet normal 0.0784447 0 -0.996918
    outer loop
      vertex 27.2827 24.7 6.94077
      vertex 27.4 27.1 6.95
      vertex 27.4 24.7 6.95
    endloop
  endfacet
  facet normal 0.0784447 0 -0.996918
    outer loop
      vertex 27.4 27.1 6.95
      vertex 27.2827 24.7 6.94077
      vertex 27.2827 27.1 6.94077
    endloop
  endfacet
  facet normal 0.923992 0 -0.382412
    outer loop
      vertex 26.7317 24.7 6.54049
      vertex 26.6867 27.1 6.43176
      vertex 26.7317 27.1 6.54049
    endloop
  endfacet
  facet normal 0.923992 0 -0.382412
    outer loop
      vertex 26.6867 27.1 6.43176
      vertex 26.7317 24.7 6.54049
      vertex 26.6867 24.7 6.43176
    endloop
  endfacet
  facet normal 0.760119 -0 0.649784
    outer loop
      vertex 26.7932 24.7 5.75916
      vertex 26.8697 27.1 5.66967
      vertex 26.7932 27.1 5.75916
    endloop
  endfacet
  facet normal 0.760119 0 0.649784
    outer loop
      vertex 26.8697 27.1 5.66967
      vertex 26.7932 24.7 5.75916
      vertex 26.8697 24.7 5.66967
    endloop
  endfacet
  facet normal 0.649398 0 0.760449
    outer loop
      vertex 26.8697 27.1 5.66967
      vertex 26.9592 24.7 5.59324
      vertex 26.9592 27.1 5.59324
    endloop
  endfacet
  facet normal 0.649398 0 0.760449
    outer loop
      vertex 26.9592 24.7 5.59324
      vertex 26.8697 27.1 5.66967
      vertex 26.8697 24.7 5.66967
    endloop
  endfacet
  facet normal 0 1 0
    outer loop
      vertex 27.5173 24.7 6.94077
      vertex 27.2827 24.7 6.94077
      vertex 27.4 24.7 6.95
    endloop
  endfacet
  facet normal 0 1 0
    outer loop
      vertex 27.6318 24.7 6.91329
      vertex 27.2827 24.7 6.94077
      vertex 27.5173 24.7 6.94077
    endloop
  endfacet
  facet normal 0 1 0
    outer loop
      vertex 27.6318 24.7 6.91329
      vertex 27.1682 24.7 6.91329
      vertex 27.2827 24.7 6.94077
    endloop
  endfacet
  facet normal 0 1 0
    outer loop
      vertex 27.7405 24.7 6.86825
      vertex 27.1682 24.7 6.91329
      vertex 27.6318 24.7 6.91329
    endloop
  endfacet
  facet normal 0 1 0
    outer loop
      vertex 27.7405 24.7 6.86825
      vertex 27.0595 24.7 6.86825
      vertex 27.1682 24.7 6.91329
    endloop
  endfacet
  facet normal 0 1 0
    outer loop
      vertex 27.8408 24.7 6.80676
      vertex 27.0595 24.7 6.86825
      vertex 27.7405 24.7 6.86825
    endloop
  endfacet
  facet normal 0 1 0
    outer loop
      vertex 27.8408 24.7 6.80676
      vertex 26.9592 24.7 6.80676
      vertex 27.0595 24.7 6.86825
    endloop
  endfacet
  facet normal 0 1 0
    outer loop
      vertex 27.9303 24.7 6.73033
      vertex 26.9592 24.7 6.80676
      vertex 27.8408 24.7 6.80676
    endloop
  endfacet
  facet normal 0 1 0
    outer loop
      vertex 27.9303 24.7 6.73033
      vertex 26.8697 24.7 6.73033
      vertex 26.9592 24.7 6.80676
    endloop
  endfacet
  facet normal 0 1 0
    outer loop
      vertex 28.0068 24.7 6.64084
      vertex 26.8697 24.7 6.73033
      vertex 27.9303 24.7 6.73033
    endloop
  endfacet
  facet normal 0 1 0
    outer loop
      vertex 28.0068 24.7 6.64084
      vertex 26.7932 24.7 6.64084
      vertex 26.8697 24.7 6.73033
    endloop
  endfacet
  facet normal 0 1 0
    outer loop
      vertex 28.0683 24.7 6.54049
      vertex 26.7932 24.7 6.64084
      vertex 28.0068 24.7 6.64084
    endloop
  endfacet
  facet normal 0 1 0
    outer loop
      vertex 28.0683 24.7 6.54049
      vertex 26.7317 24.7 6.54049
      vertex 26.7932 24.7 6.64084
    endloop
  endfacet
  facet normal 0 1 0
    outer loop
      vertex 28.1133 24.7 6.43176
      vertex 26.7317 24.7 6.54049
      vertex 28.0683 24.7 6.54049
    endloop
  endfacet
  facet normal 0 1 0
    outer loop
      vertex 28.1133 24.7 6.43176
      vertex 26.6867 24.7 6.43176
      vertex 26.7317 24.7 6.54049
    endloop
  endfacet
  facet normal 0 1 0
    outer loop
      vertex 28.1408 24.7 6.31733
      vertex 26.6867 24.7 6.43176
      vertex 28.1133 24.7 6.43176
    endloop
  endfacet
  facet normal 0 1 0
    outer loop
      vertex 28.1408 24.7 6.31733
      vertex 26.6592 24.7 6.31733
      vertex 26.6867 24.7 6.43176
    endloop
  endfacet
  facet normal 0 1 0
    outer loop
      vertex 28.15 24.7 6.2
      vertex 26.6592 24.7 6.31733
      vertex 28.1408 24.7 6.31733
    endloop
  endfacet
  facet normal 0 1 0
    outer loop
      vertex 28.15 24.7 6.2
      vertex 26.65 24.7 6.2
      vertex 26.6592 24.7 6.31733
    endloop
  endfacet
  facet normal 0 1 -0
    outer loop
      vertex 28.1408 24.7 6.08267
      vertex 26.65 24.7 6.2
      vertex 28.15 24.7 6.2
    endloop
  endfacet
  facet normal 0 1 0
    outer loop
      vertex 28.1408 24.7 6.08267
      vertex 26.6592 24.7 6.08267
      vertex 26.65 24.7 6.2
    endloop
  endfacet
  facet normal 0 1 -0
    outer loop
      vertex 28.1133 24.7 5.96824
      vertex 26.6592 24.7 6.08267
      vertex 28.1408 24.7 6.08267
    endloop
  endfacet
  facet normal 0 1 0
    outer loop
      vertex 28.1133 24.7 5.96824
      vertex 26.6867 24.7 5.96824
      vertex 26.6592 24.7 6.08267
    endloop
  endfacet
  facet normal 0 1 -0
    outer loop
      vertex 28.0683 24.7 5.85951
      vertex 26.6867 24.7 5.96824
      vertex 28.1133 24.7 5.96824
    endloop
  endfacet
  facet normal 0 1 0
    outer loop
      vertex 28.0683 24.7 5.85951
      vertex 26.7317 24.7 5.85951
      vertex 26.6867 24.7 5.96824
    endloop
  endfacet
  facet normal 0 1 -0
    outer loop
      vertex 28.0068 24.7 5.75916
      vertex 26.7317 24.7 5.85951
      vertex 28.0683 24.7 5.85951
    endloop
  endfacet
  facet normal 0 1 0
    outer loop
      vertex 28.0068 24.7 5.75916
      vertex 26.7932 24.7 5.75916
      vertex 26.7317 24.7 5.85951
    endloop
  endfacet
  facet normal 0 1 -0
    outer loop
      vertex 27.9303 24.7 5.66967
      vertex 26.7932 24.7 5.75916
      vertex 28.0068 24.7 5.75916
    endloop
  endfacet
  facet normal 0 1 0
    outer loop
      vertex 27.9303 24.7 5.66967
      vertex 26.8697 24.7 5.66967
      vertex 26.7932 24.7 5.75916
    endloop
  endfacet
  facet normal 0 1 -0
    outer loop
      vertex 27.8408 24.7 5.59324
      vertex 26.8697 24.7 5.66967
      vertex 27.9303 24.7 5.66967
    endloop
  endfacet
  facet normal 0 1 0
    outer loop
      vertex 27.8408 24.7 5.59324
      vertex 26.9592 24.7 5.59324
      vertex 26.8697 24.7 5.66967
    endloop
  endfacet
  facet normal 0 1 -0
    outer loop
      vertex 27.7405 24.7 5.53174
      vertex 26.9592 24.7 5.59324
      vertex 27.8408 24.7 5.59324
    endloop
  endfacet
  facet normal 0 1 0
    outer loop
      vertex 27.7405 24.7 5.53174
      vertex 27.0595 24.7 5.53174
      vertex 26.9592 24.7 5.59324
    endloop
  endfacet
  facet normal 0 1 -0
    outer loop
      vertex 27.6318 24.7 5.48671
      vertex 27.0595 24.7 5.53174
      vertex 27.7405 24.7 5.53174
    endloop
  endfacet
  facet normal 0 1 0
    outer loop
      vertex 27.6318 24.7 5.48671
      vertex 27.1682 24.7 5.48671
      vertex 27.0595 24.7 5.53174
    endloop
  endfacet
  facet normal 0 1 -0
    outer loop
      vertex 27.5173 24.7 5.45923
      vertex 27.1682 24.7 5.48671
      vertex 27.6318 24.7 5.48671
    endloop
  endfacet
  facet normal 0 1 0
    outer loop
      vertex 27.5173 24.7 5.45923
      vertex 27.2827 24.7 5.45923
      vertex 27.1682 24.7 5.48671
    endloop
  endfacet
  facet normal -0 1 0
    outer loop
      vertex 27.2827 24.7 5.45923
      vertex 27.5173 24.7 5.45923
      vertex 27.4 24.7 5.45
    endloop
  endfacet
  facet normal 0.99694 -0 0.0781714
    outer loop
      vertex 26.65 24.7 6.2
      vertex 26.6592 27.1 6.08267
      vertex 26.65 27.1 6.2
    endloop
  endfacet
  facet normal 0.99694 0 0.0781714
    outer loop
      vertex 26.6592 27.1 6.08267
      vertex 26.65 24.7 6.2
      vertex 26.6592 24.7 6.08267
    endloop
  endfacet
  facet normal 0.85262 -0 0.522532
    outer loop
      vertex 26.7317 24.7 5.85951
      vertex 26.7932 27.1 5.75916
      vertex 26.7317 27.1 5.85951
    endloop
  endfacet
  facet normal 0.85262 0 0.522532
    outer loop
      vertex 26.7932 27.1 5.75916
      vertex 26.7317 24.7 5.85951
      vertex 26.7932 24.7 5.75916
    endloop
  endfacet
  facet normal 0.522721 0 0.852504
    outer loop
      vertex 26.9592 27.1 5.59324
      vertex 27.0595 24.7 5.53174
      vertex 27.0595 27.1 5.53174
    endloop
  endfacet
  facet normal 0.522721 0 0.852504
    outer loop
      vertex 27.0595 24.7 5.53174
      vertex 26.9592 27.1 5.59324
      vertex 26.9592 24.7 5.59324
    endloop
  endfacet
  facet normal 0.0784447 0 0.996918
    outer loop
      vertex 27.2827 27.1 5.45923
      vertex 27.4 24.7 5.45
      vertex 27.4 27.1 5.45
    endloop
  endfacet
  facet normal 0.0784447 0 0.996918
    outer loop
      vertex 27.4 24.7 5.45
      vertex 27.2827 27.1 5.45923
      vertex 27.2827 24.7 5.45923
    endloop
  endfacet
  facet normal 0.233373 0 0.972387
    outer loop
      vertex 27.1682 27.1 5.48671
      vertex 27.2827 24.7 5.45923
      vertex 27.2827 27.1 5.45923
    endloop
  endfacet
  facet normal 0.233373 0 0.972387
    outer loop
      vertex 27.2827 24.7 5.45923
      vertex 27.1682 27.1 5.48671
      vertex 27.1682 24.7 5.48671
    endloop
  endfacet
  facet normal 0.38272 0 0.923865
    outer loop
      vertex 27.0595 27.1 5.53174
      vertex 27.1682 24.7 5.48671
      vertex 27.1682 27.1 5.48671
    endloop
  endfacet
  facet normal 0.38272 0 0.923865
    outer loop
      vertex 27.1682 24.7 5.48671
      vertex 27.0595 27.1 5.53174
      vertex 27.0595 24.7 5.53174
    endloop
  endfacet
  facet normal 0.522532 0.85262 -0
    outer loop
      vertex 6.21411 5.71764 1.2
      vertex 6.10038 5.78734 3.2
      vertex 6.21411 5.71764 3.2
    endloop
  endfacet
  facet normal 0.522532 0.85262 0
    outer loop
      vertex 6.21411 5.71764 1.2
      vertex 6.10038 5.78734 1.2
      vertex 6.10038 5.78734 3.2
    endloop
  endfacet
  facet normal 0.522532 0.85262 -0
    outer loop
      vertex 6.21411 5.71764 0.7
      vertex 6.10038 5.78734 1.2
      vertex 6.21411 5.71764 1.2
    endloop
  endfacet
  facet normal 0.522532 0.85262 0
    outer loop
      vertex 6.10038 5.78734 1.2
      vertex 6.21411 5.71764 0.7
      vertex 6.10038 5.78734 0.7
    endloop
  endfacet
  facet normal -0.233475 0.972363 0
    outer loop
      vertex 6.86266 5.6666 1.2
      vertex 6.73297 5.63546 3.2
      vertex 6.86266 5.6666 3.2
    endloop
  endfacet
  facet normal -0.233475 0.972363 0
    outer loop
      vertex 6.86266 5.6666 1.2
      vertex 6.73297 5.63546 1.2
      vertex 6.73297 5.63546 3.2
    endloop
  endfacet
  facet normal -0.233475 0.972363 0
    outer loop
      vertex 6.86266 5.6666 0.7
      vertex 6.73297 5.63546 1.2
      vertex 6.86266 5.6666 1.2
    endloop
  endfacet
  facet normal -0.233475 0.972363 0
    outer loop
      vertex 6.73297 5.63546 1.2
      vertex 6.86266 5.6666 0.7
      vertex 6.73297 5.63546 0.7
    endloop
  endfacet
  facet normal -0.97238 -0.233404 0
    outer loop
      vertex 7.43953 6.60797 1.2
      vertex 7.4084 6.73766 1.2
      vertex 7.4084 6.73766 0.7
    endloop
  endfacet
  facet normal -0.97238 -0.233404 -0
    outer loop
      vertex 7.43953 6.60797 1.2
      vertex 7.4084 6.73766 0.7
      vertex 7.43953 6.60797 0.7
    endloop
  endfacet
  facet normal -0.97238 -0.233404 0
    outer loop
      vertex 7.4084 6.73766 1.2
      vertex 7.43953 6.60797 1.2
      vertex 7.4084 6.73766 3.2
    endloop
  endfacet
  facet normal -0.97238 -0.233404 0
    outer loop
      vertex 7.4084 6.73766 3.2
      vertex 7.43953 6.60797 1.2
      vertex 7.43953 6.60797 3.2
    endloop
  endfacet
  facet normal -0.996914 -0.0784966 0
    outer loop
      vertex 7.45 6.475 1.2
      vertex 7.43953 6.60797 1.2
      vertex 7.43953 6.60797 0.7
    endloop
  endfacet
  facet normal -0.996914 -0.0784966 -0
    outer loop
      vertex 7.45 6.475 1.2
      vertex 7.43953 6.60797 0.7
      vertex 7.45 6.475 0.7
    endloop
  endfacet
  facet normal -0.996914 -0.0784966 0
    outer loop
      vertex 7.43953 6.60797 1.2
      vertex 7.45 6.475 1.2
      vertex 7.43953 6.60797 3.2
    endloop
  endfacet
  facet normal -0.996914 -0.0784966 0
    outer loop
      vertex 7.43953 6.60797 3.2
      vertex 7.45 6.475 1.2
      vertex 7.45 6.475 3.2
    endloop
  endfacet
  facet normal -0.972384 0.233387 0
    outer loop
      vertex 7.4084 6.21233 1.2
      vertex 7.43953 6.34203 1.2
      vertex 7.43953 6.34203 0.7
    endloop
  endfacet
  facet normal -0.972384 0.233387 0
    outer loop
      vertex 7.4084 6.21233 1.2
      vertex 7.43953 6.34203 0.7
      vertex 7.4084 6.21233 0.7
    endloop
  endfacet
  facet normal -0.972384 0.233387 0
    outer loop
      vertex 7.43953 6.34203 1.2
      vertex 7.4084 6.21233 1.2
      vertex 7.43953 6.34203 3.2
    endloop
  endfacet
  facet normal -0.972384 0.233387 0
    outer loop
      vertex 7.43953 6.34203 3.2
      vertex 7.4084 6.21233 1.2
      vertex 7.4084 6.21233 3.2
    endloop
  endfacet
  facet normal 0.233458 0.972367 -0
    outer loop
      vertex 6.46703 5.63546 1.2
      vertex 6.33733 5.6666 3.2
      vertex 6.46703 5.63546 3.2
    endloop
  endfacet
  facet normal 0.233458 0.972367 0
    outer loop
      vertex 6.46703 5.63546 1.2
      vertex 6.33733 5.6666 1.2
      vertex 6.33733 5.6666 3.2
    endloop
  endfacet
  facet normal 0.233458 0.972367 -0
    outer loop
      vertex 6.46703 5.63546 0.7
      vertex 6.33733 5.6666 1.2
      vertex 6.46703 5.63546 1.2
    endloop
  endfacet
  facet normal 0.233458 0.972367 0
    outer loop
      vertex 6.33733 5.6666 1.2
      vertex 6.46703 5.63546 0.7
      vertex 6.33733 5.6666 0.7
    endloop
  endfacet
  facet normal -0.760409 -0.649444 0
    outer loop
      vertex 7.28766 6.97462 1.2
      vertex 7.20104 7.07604 1.2
      vertex 7.20104 7.07604 0.7
    endloop
  endfacet
  facet normal -0.760409 -0.649444 -0
    outer loop
      vertex 7.28766 6.97462 1.2
      vertex 7.20104 7.07604 0.7
      vertex 7.28766 6.97462 0.7
    endloop
  endfacet
  facet normal -0.760409 -0.649444 0
    outer loop
      vertex 7.20104 7.07604 1.2
      vertex 7.28766 6.97462 1.2
      vertex 7.20104 7.07604 3.2
    endloop
  endfacet
  facet normal -0.760409 -0.649444 0
    outer loop
      vertex 7.20104 7.07604 3.2
      vertex 7.28766 6.97462 1.2
      vertex 7.28766 6.97462 3.2
    endloop
  endfacet
  facet normal -0.649444 -0.760409 0
    outer loop
      vertex 7.09962 7.16266 1.2
      vertex 7.20104 7.07604 3.2
      vertex 7.09962 7.16266 3.2
    endloop
  endfacet
  facet normal -0.649444 -0.760409 0
    outer loop
      vertex 7.09962 7.16266 1.2
      vertex 7.20104 7.07604 1.2
      vertex 7.20104 7.07604 3.2
    endloop
  endfacet
  facet normal -0.649444 -0.760409 0
    outer loop
      vertex 7.09962 7.16266 0.7
      vertex 7.20104 7.07604 1.2
      vertex 7.09962 7.16266 1.2
    endloop
  endfacet
  facet normal -0.649444 -0.760409 -0
    outer loop
      vertex 7.20104 7.07604 1.2
      vertex 7.09962 7.16266 0.7
      vertex 7.20104 7.07604 0.7
    endloop
  endfacet
  facet normal -0.760409 0.649444 0
    outer loop
      vertex 7.20104 5.87396 1.2
      vertex 7.28766 5.97538 1.2
      vertex 7.28766 5.97538 0.7
    endloop
  endfacet
  facet normal -0.760409 0.649444 0
    outer loop
      vertex 7.20104 5.87396 1.2
      vertex 7.28766 5.97538 0.7
      vertex 7.20104 5.87396 0.7
    endloop
  endfacet
  facet normal -0.760409 0.649444 0
    outer loop
      vertex 7.28766 5.97538 1.2
      vertex 7.20104 5.87396 1.2
      vertex 7.28766 5.97538 3.2
    endloop
  endfacet
  facet normal -0.760409 0.649444 0
    outer loop
      vertex 7.28766 5.97538 3.2
      vertex 7.20104 5.87396 1.2
      vertex 7.20104 5.87396 3.2
    endloop
  endfacet
  facet normal -0.382661 0.923889 0
    outer loop
      vertex 6.98589 5.71764 1.2
      vertex 6.86266 5.6666 3.2
      vertex 6.98589 5.71764 3.2
    endloop
  endfacet
  facet normal -0.382661 0.923889 0
    outer loop
      vertex 6.98589 5.71764 1.2
      vertex 6.86266 5.6666 1.2
      vertex 6.86266 5.6666 3.2
    endloop
  endfacet
  facet normal -0.382661 0.923889 0
    outer loop
      vertex 6.98589 5.71764 0.7
      vertex 6.86266 5.6666 1.2
      vertex 6.98589 5.71764 1.2
    endloop
  endfacet
  facet normal -0.382661 0.923889 0
    outer loop
      vertex 6.86266 5.6666 1.2
      vertex 6.98589 5.71764 0.7
      vertex 6.86266 5.6666 0.7
    endloop
  endfacet
  facet normal 0.760409 0.649444 0
    outer loop
      vertex 5.99896 5.87396 1.2
      vertex 5.91234 5.97538 1.2
      vertex 5.91234 5.97538 3.2
    endloop
  endfacet
  facet normal 0.760409 0.649444 -0
    outer loop
      vertex 5.99896 5.87396 1.2
      vertex 5.91234 5.97538 3.2
      vertex 5.99896 5.87396 3.2
    endloop
  endfacet
  facet normal 0.760409 0.649444 0
    outer loop
      vertex 5.91234 5.97538 1.2
      vertex 5.99896 5.87396 1.2
      vertex 5.91234 5.97538 0.7
    endloop
  endfacet
  facet normal 0.760409 0.649444 0
    outer loop
      vertex 5.91234 5.97538 0.7
      vertex 5.99896 5.87396 1.2
      vertex 5.99896 5.87396 0.7
    endloop
  endfacet
  facet normal 0.85262 0.522532 0
    outer loop
      vertex 5.91234 5.97538 1.2
      vertex 5.84264 6.08911 1.2
      vertex 5.84264 6.08911 3.2
    endloop
  endfacet
  facet normal 0.85262 0.522532 -0
    outer loop
      vertex 5.91234 5.97538 1.2
      vertex 5.84264 6.08911 3.2
      vertex 5.91234 5.97538 3.2
    endloop
  endfacet
  facet normal 0.85262 0.522532 0
    outer loop
      vertex 5.84264 6.08911 1.2
      vertex 5.91234 5.97538 1.2
      vertex 5.84264 6.08911 0.7
    endloop
  endfacet
  facet normal 0.85262 0.522532 0
    outer loop
      vertex 5.84264 6.08911 0.7
      vertex 5.91234 5.97538 1.2
      vertex 5.91234 5.97538 0.7
    endloop
  endfacet
  facet normal 0.923889 -0.382661 0
    outer loop
      vertex 5.7916 6.73766 1.2
      vertex 5.84264 6.86089 1.2
      vertex 5.84264 6.86089 3.2
    endloop
  endfacet
  facet normal 0.923889 -0.382661 0
    outer loop
      vertex 5.7916 6.73766 1.2
      vertex 5.84264 6.86089 3.2
      vertex 5.7916 6.73766 3.2
    endloop
  endfacet
  facet normal 0.923889 -0.382661 0
    outer loop
      vertex 5.84264 6.86089 1.2
      vertex 5.7916 6.73766 1.2
      vertex 5.84264 6.86089 0.7
    endloop
  endfacet
  facet normal 0.923889 -0.382661 0
    outer loop
      vertex 5.84264 6.86089 0.7
      vertex 5.7916 6.73766 1.2
      vertex 5.7916 6.73766 0.7
    endloop
  endfacet
  facet normal 0.972367 0.233458 0
    outer loop
      vertex 5.7916 6.21233 1.2
      vertex 5.76046 6.34203 1.2
      vertex 5.76046 6.34203 3.2
    endloop
  endfacet
  facet normal 0.972367 0.233458 -0
    outer loop
      vertex 5.7916 6.21233 1.2
      vertex 5.76046 6.34203 3.2
      vertex 5.7916 6.21233 3.2
    endloop
  endfacet
  facet normal 0.972367 0.233458 0
    outer loop
      vertex 5.76046 6.34203 1.2
      vertex 5.7916 6.21233 1.2
      vertex 5.76046 6.34203 0.7
    endloop
  endfacet
  facet normal 0.972367 0.233458 0
    outer loop
      vertex 5.76046 6.34203 0.7
      vertex 5.7916 6.21233 1.2
      vertex 5.7916 6.21233 0.7
    endloop
  endfacet
  facet normal -0.85262 0.522532 0
    outer loop
      vertex 7.28766 5.97538 1.2
      vertex 7.35736 6.08911 1.2
      vertex 7.35736 6.08911 0.7
    endloop
  endfacet
  facet normal -0.85262 0.522532 0
    outer loop
      vertex 7.28766 5.97538 1.2
      vertex 7.35736 6.08911 0.7
      vertex 7.28766 5.97538 0.7
    endloop
  endfacet
  facet normal -0.85262 0.522532 0
    outer loop
      vertex 7.35736 6.08911 1.2
      vertex 7.28766 5.97538 1.2
      vertex 7.35736 6.08911 3.2
    endloop
  endfacet
  facet normal -0.85262 0.522532 0
    outer loop
      vertex 7.35736 6.08911 3.2
      vertex 7.28766 5.97538 1.2
      vertex 7.28766 5.97538 3.2
    endloop
  endfacet
  facet normal 0.382687 0.923878 -0
    outer loop
      vertex 6.33733 5.6666 1.2
      vertex 6.21411 5.71764 3.2
      vertex 6.33733 5.6666 3.2
    endloop
  endfacet
  facet normal 0.382687 0.923878 0
    outer loop
      vertex 6.33733 5.6666 1.2
      vertex 6.21411 5.71764 1.2
      vertex 6.21411 5.71764 3.2
    endloop
  endfacet
  facet normal 0.382687 0.923878 -0
    outer loop
      vertex 6.33733 5.6666 0.7
      vertex 6.21411 5.71764 1.2
      vertex 6.33733 5.6666 1.2
    endloop
  endfacet
  facet normal 0.382687 0.923878 0
    outer loop
      vertex 6.21411 5.71764 1.2
      vertex 6.33733 5.6666 0.7
      vertex 6.21411 5.71764 0.7
    endloop
  endfacet
  facet normal 0.382687 -0.923878 0
    outer loop
      vertex 6.21411 7.23236 1.2
      vertex 6.33733 7.2834 3.2
      vertex 6.21411 7.23236 3.2
    endloop
  endfacet
  facet normal 0.382687 -0.923878 0
    outer loop
      vertex 6.21411 7.23236 1.2
      vertex 6.33733 7.2834 1.2
      vertex 6.33733 7.2834 3.2
    endloop
  endfacet
  facet normal 0.382687 -0.923878 0
    outer loop
      vertex 6.21411 7.23236 0.7
      vertex 6.33733 7.2834 1.2
      vertex 6.21411 7.23236 1.2
    endloop
  endfacet
  facet normal 0.382687 -0.923878 0
    outer loop
      vertex 6.33733 7.2834 1.2
      vertex 6.21411 7.23236 0.7
      vertex 6.33733 7.2834 0.7
    endloop
  endfacet
  facet normal -0.923878 0.382687 0
    outer loop
      vertex 7.35736 6.08911 1.2
      vertex 7.4084 6.21233 1.2
      vertex 7.4084 6.21233 0.7
    endloop
  endfacet
  facet normal -0.923878 0.382687 0
    outer loop
      vertex 7.35736 6.08911 1.2
      vertex 7.4084 6.21233 0.7
      vertex 7.35736 6.08911 0.7
    endloop
  endfacet
  facet normal -0.923878 0.382687 0
    outer loop
      vertex 7.4084 6.21233 1.2
      vertex 7.35736 6.08911 1.2
      vertex 7.4084 6.21233 3.2
    endloop
  endfacet
  facet normal -0.923878 0.382687 0
    outer loop
      vertex 7.4084 6.21233 3.2
      vertex 7.35736 6.08911 1.2
      vertex 7.35736 6.08911 3.2
    endloop
  endfacet
  facet normal -0.382661 -0.923889 0
    outer loop
      vertex 6.86266 7.2834 1.2
      vertex 6.98589 7.23236 3.2
      vertex 6.86266 7.2834 3.2
    endloop
  endfacet
  facet normal -0.382661 -0.923889 0
    outer loop
      vertex 6.86266 7.2834 1.2
      vertex 6.98589 7.23236 1.2
      vertex 6.98589 7.23236 3.2
    endloop
  endfacet
  facet normal -0.382661 -0.923889 0
    outer loop
      vertex 6.86266 7.2834 0.7
      vertex 6.98589 7.23236 1.2
      vertex 6.86266 7.2834 1.2
    endloop
  endfacet
  facet normal -0.382661 -0.923889 -0
    outer loop
      vertex 6.98589 7.23236 1.2
      vertex 6.86266 7.2834 0.7
      vertex 6.98589 7.23236 0.7
    endloop
  endfacet
  facet normal 0.923878 0.382687 0
    outer loop
      vertex 5.84264 6.08911 1.2
      vertex 5.7916 6.21233 1.2
      vertex 5.7916 6.21233 3.2
    endloop
  endfacet
  facet normal 0.923878 0.382687 -0
    outer loop
      vertex 5.84264 6.08911 1.2
      vertex 5.7916 6.21233 3.2
      vertex 5.84264 6.08911 3.2
    endloop
  endfacet
  facet normal 0.923878 0.382687 0
    outer loop
      vertex 5.7916 6.21233 1.2
      vertex 5.84264 6.08911 1.2
      vertex 5.7916 6.21233 0.7
    endloop
  endfacet
  facet normal 0.923878 0.382687 0
    outer loop
      vertex 5.7916 6.21233 0.7
      vertex 5.84264 6.08911 1.2
      vertex 5.84264 6.08911 0.7
    endloop
  endfacet
  facet normal 0 0 1
    outer loop
      vertex 7.43953 6.60797 0.7
      vertex 7.43953 6.34203 0.7
      vertex 7.45 6.475 0.7
    endloop
  endfacet
  facet normal 0 0 1
    outer loop
      vertex 7.4084 6.73766 0.7
      vertex 7.43953 6.34203 0.7
      vertex 7.43953 6.60797 0.7
    endloop
  endfacet
  facet normal 0 0 1
    outer loop
      vertex 7.4084 6.73766 0.7
      vertex 7.4084 6.21233 0.7
      vertex 7.43953 6.34203 0.7
    endloop
  endfacet
  facet normal 0 0 1
    outer loop
      vertex 7.35736 6.86089 0.7
      vertex 7.4084 6.21233 0.7
      vertex 7.4084 6.73766 0.7
    endloop
  endfacet
  facet normal 0 0 1
    outer loop
      vertex 7.35736 6.86089 0.7
      vertex 7.35736 6.08911 0.7
      vertex 7.4084 6.21233 0.7
    endloop
  endfacet
  facet normal 0 0 1
    outer loop
      vertex 7.28766 6.97462 0.7
      vertex 7.35736 6.08911 0.7
      vertex 7.35736 6.86089 0.7
    endloop
  endfacet
  facet normal 0 0 1
    outer loop
      vertex 7.28766 6.97462 0.7
      vertex 7.28766 5.97538 0.7
      vertex 7.35736 6.08911 0.7
    endloop
  endfacet
  facet normal 0 0 1
    outer loop
      vertex 7.20104 7.07604 0.7
      vertex 7.28766 5.97538 0.7
      vertex 7.28766 6.97462 0.7
    endloop
  endfacet
  facet normal 0 0 1
    outer loop
      vertex 7.20104 7.07604 0.7
      vertex 7.20104 5.87396 0.7
      vertex 7.28766 5.97538 0.7
    endloop
  endfacet
  facet normal 0 0 1
    outer loop
      vertex 7.09962 7.16266 0.7
      vertex 7.20104 5.87396 0.7
      vertex 7.20104 7.07604 0.7
    endloop
  endfacet
  facet normal 0 0 1
    outer loop
      vertex 7.09962 7.16266 0.7
      vertex 7.09962 5.78734 0.7
      vertex 7.20104 5.87396 0.7
    endloop
  endfacet
  facet normal 0 0 1
    outer loop
      vertex 6.98589 7.23236 0.7
      vertex 7.09962 5.78734 0.7
      vertex 7.09962 7.16266 0.7
    endloop
  endfacet
  facet normal 0 0 1
    outer loop
      vertex 6.98589 7.23236 0.7
      vertex 6.98589 5.71764 0.7
      vertex 7.09962 5.78734 0.7
    endloop
  endfacet
  facet normal 0 0 1
    outer loop
      vertex 6.86266 7.2834 0.7
      vertex 6.98589 5.71764 0.7
      vertex 6.98589 7.23236 0.7
    endloop
  endfacet
  facet normal 0 0 1
    outer loop
      vertex 6.86266 7.2834 0.7
      vertex 6.86266 5.6666 0.7
      vertex 6.98589 5.71764 0.7
    endloop
  endfacet
  facet normal 0 0 1
    outer loop
      vertex 6.73297 7.31453 0.7
      vertex 6.86266 5.6666 0.7
      vertex 6.86266 7.2834 0.7
    endloop
  endfacet
  facet normal 0 0 1
    outer loop
      vertex 6.73297 7.31453 0.7
      vertex 6.73297 5.63546 0.7
      vertex 6.86266 5.6666 0.7
    endloop
  endfacet
  facet normal 0 0 1
    outer loop
      vertex 6.6 7.325 0.7
      vertex 6.73297 5.63546 0.7
      vertex 6.73297 7.31453 0.7
    endloop
  endfacet
  facet normal 0 0 1
    outer loop
      vertex 6.6 7.325 0.7
      vertex 6.6 5.625 0.7
      vertex 6.73297 5.63546 0.7
    endloop
  endfacet
  facet normal -0 0 1
    outer loop
      vertex 6.46703 7.31453 0.7
      vertex 6.6 5.625 0.7
      vertex 6.6 7.325 0.7
    endloop
  endfacet
  facet normal 0 0 1
    outer loop
      vertex 6.46703 7.31453 0.7
      vertex 6.46703 5.63546 0.7
      vertex 6.6 5.625 0.7
    endloop
  endfacet
  facet normal -0 0 1
    outer loop
      vertex 6.33733 7.2834 0.7
      vertex 6.46703 5.63546 0.7
      vertex 6.46703 7.31453 0.7
    endloop
  endfacet
  facet normal 0 0 1
    outer loop
      vertex 6.33733 7.2834 0.7
      vertex 6.33733 5.6666 0.7
      vertex 6.46703 5.63546 0.7
    endloop
  endfacet
  facet normal -0 0 1
    outer loop
      vertex 6.21411 7.23236 0.7
      vertex 6.33733 5.6666 0.7
      vertex 6.33733 7.2834 0.7
    endloop
  endfacet
  facet normal 0 0 1
    outer loop
      vertex 6.21411 7.23236 0.7
      vertex 6.21411 5.71764 0.7
      vertex 6.33733 5.6666 0.7
    endloop
  endfacet
  facet normal -0 0 1
    outer loop
      vertex 6.10038 7.16266 0.7
      vertex 6.21411 5.71764 0.7
      vertex 6.21411 7.23236 0.7
    endloop
  endfacet
  facet normal 0 0 1
    outer loop
      vertex 6.10038 7.16266 0.7
      vertex 6.10038 5.78734 0.7
      vertex 6.21411 5.71764 0.7
    endloop
  endfacet
  facet normal -0 0 1
    outer loop
      vertex 5.99896 7.07604 0.7
      vertex 6.10038 5.78734 0.7
      vertex 6.10038 7.16266 0.7
    endloop
  endfacet
  facet normal 0 0 1
    outer loop
      vertex 5.99896 7.07604 0.7
      vertex 5.99896 5.87396 0.7
      vertex 6.10038 5.78734 0.7
    endloop
  endfacet
  facet normal -0 0 1
    outer loop
      vertex 5.91234 6.97462 0.7
      vertex 5.99896 5.87396 0.7
      vertex 5.99896 7.07604 0.7
    endloop
  endfacet
  facet normal 0 0 1
    outer loop
      vertex 5.91234 6.97462 0.7
      vertex 5.91234 5.97538 0.7
      vertex 5.99896 5.87396 0.7
    endloop
  endfacet
  facet normal -0 0 1
    outer loop
      vertex 5.84264 6.86089 0.7
      vertex 5.91234 5.97538 0.7
      vertex 5.91234 6.97462 0.7
    endloop
  endfacet
  facet normal 0 0 1
    outer loop
      vertex 5.84264 6.86089 0.7
      vertex 5.84264 6.08911 0.7
      vertex 5.91234 5.97538 0.7
    endloop
  endfacet
  facet normal -0 0 1
    outer loop
      vertex 5.7916 6.73766 0.7
      vertex 5.84264 6.08911 0.7
      vertex 5.84264 6.86089 0.7
    endloop
  endfacet
  facet normal 0 0 1
    outer loop
      vertex 5.7916 6.73766 0.7
      vertex 5.7916 6.21233 0.7
      vertex 5.84264 6.08911 0.7
    endloop
  endfacet
  facet normal -0 0 1
    outer loop
      vertex 5.76046 6.60797 0.7
      vertex 5.7916 6.21233 0.7
      vertex 5.7916 6.73766 0.7
    endloop
  endfacet
  facet normal 0 0 1
    outer loop
      vertex 5.76046 6.60797 0.7
      vertex 5.76046 6.34203 0.7
      vertex 5.7916 6.21233 0.7
    endloop
  endfacet
  facet normal 0 -0 1
    outer loop
      vertex 5.76046 6.34203 0.7
      vertex 5.76046 6.60797 0.7
      vertex 5.75 6.475 0.7
    endloop
  endfacet
  facet normal -0.0784221 0.99692 0
    outer loop
      vertex 6.73297 5.63546 1.2
      vertex 6.6 5.625 3.2
      vertex 6.73297 5.63546 3.2
    endloop
  endfacet
  facet normal -0.0784221 0.99692 0
    outer loop
      vertex 6.73297 5.63546 1.2
      vertex 6.6 5.625 1.2
      vertex 6.6 5.625 3.2
    endloop
  endfacet
  facet normal -0.0784221 0.99692 0
    outer loop
      vertex 6.73297 5.63546 0.7
      vertex 6.6 5.625 1.2
      vertex 6.73297 5.63546 1.2
    endloop
  endfacet
  facet normal -0.0784221 0.99692 0
    outer loop
      vertex 6.6 5.625 1.2
      vertex 6.73297 5.63546 0.7
      vertex 6.6 5.625 0.7
    endloop
  endfacet
  facet normal -0.522532 0.85262 0
    outer loop
      vertex 7.09962 5.78734 1.2
      vertex 6.98589 5.71764 3.2
      vertex 7.09962 5.78734 3.2
    endloop
  endfacet
  facet normal -0.522532 0.85262 0
    outer loop
      vertex 7.09962 5.78734 1.2
      vertex 6.98589 5.71764 1.2
      vertex 6.98589 5.71764 3.2
    endloop
  endfacet
  facet normal -0.522532 0.85262 0
    outer loop
      vertex 7.09962 5.78734 0.7
      vertex 6.98589 5.71764 1.2
      vertex 7.09962 5.78734 1.2
    endloop
  endfacet
  facet normal -0.522532 0.85262 0
    outer loop
      vertex 6.98589 5.71764 1.2
      vertex 7.09962 5.78734 0.7
      vertex 6.98589 5.71764 0.7
    endloop
  endfacet
  facet normal 0.760409 -0.649444 0
    outer loop
      vertex 5.91234 6.97462 1.2
      vertex 5.99896 7.07604 1.2
      vertex 5.99896 7.07604 3.2
    endloop
  endfacet
  facet normal 0.760409 -0.649444 0
    outer loop
      vertex 5.91234 6.97462 1.2
      vertex 5.99896 7.07604 3.2
      vertex 5.91234 6.97462 3.2
    endloop
  endfacet
  facet normal 0.760409 -0.649444 0
    outer loop
      vertex 5.99896 7.07604 1.2
      vertex 5.91234 6.97462 1.2
      vertex 5.99896 7.07604 0.7
    endloop
  endfacet
  facet normal 0.760409 -0.649444 0
    outer loop
      vertex 5.99896 7.07604 0.7
      vertex 5.91234 6.97462 1.2
      vertex 5.91234 6.97462 0.7
    endloop
  endfacet
  facet normal 0.649444 -0.760409 0
    outer loop
      vertex 5.99896 7.07604 1.2
      vertex 6.10038 7.16266 3.2
      vertex 5.99896 7.07604 3.2
    endloop
  endfacet
  facet normal 0.649444 -0.760409 0
    outer loop
      vertex 5.99896 7.07604 1.2
      vertex 6.10038 7.16266 1.2
      vertex 6.10038 7.16266 3.2
    endloop
  endfacet
  facet normal 0.649444 -0.760409 0
    outer loop
      vertex 5.99896 7.07604 0.7
      vertex 6.10038 7.16266 1.2
      vertex 5.99896 7.07604 1.2
    endloop
  endfacet
  facet normal 0.649444 -0.760409 0
    outer loop
      vertex 6.10038 7.16266 1.2
      vertex 5.99896 7.07604 0.7
      vertex 6.10038 7.16266 0.7
    endloop
  endfacet
  facet normal 0.522532 -0.85262 0
    outer loop
      vertex 6.10038 7.16266 1.2
      vertex 6.21411 7.23236 3.2
      vertex 6.10038 7.16266 3.2
    endloop
  endfacet
  facet normal 0.522532 -0.85262 0
    outer loop
      vertex 6.10038 7.16266 1.2
      vertex 6.21411 7.23236 1.2
      vertex 6.21411 7.23236 3.2
    endloop
  endfacet
  facet normal 0.522532 -0.85262 0
    outer loop
      vertex 6.10038 7.16266 0.7
      vertex 6.21411 7.23236 1.2
      vertex 6.10038 7.16266 1.2
    endloop
  endfacet
  facet normal 0.522532 -0.85262 0
    outer loop
      vertex 6.21411 7.23236 1.2
      vertex 6.10038 7.16266 0.7
      vertex 6.21411 7.23236 0.7
    endloop
  endfacet
  facet normal 0.99692 0.0784221 0
    outer loop
      vertex 5.76046 6.34203 1.2
      vertex 5.75 6.475 1.2
      vertex 5.75 6.475 3.2
    endloop
  endfacet
  facet normal 0.99692 0.0784221 -0
    outer loop
      vertex 5.76046 6.34203 1.2
      vertex 5.75 6.475 3.2
      vertex 5.76046 6.34203 3.2
    endloop
  endfacet
  facet normal 0.99692 0.0784221 0
    outer loop
      vertex 5.75 6.475 1.2
      vertex 5.76046 6.34203 1.2
      vertex 5.75 6.475 0.7
    endloop
  endfacet
  facet normal 0.99692 0.0784221 0
    outer loop
      vertex 5.75 6.475 0.7
      vertex 5.76046 6.34203 1.2
      vertex 5.76046 6.34203 0.7
    endloop
  endfacet
  facet normal -0.233404 -0.97238 0
    outer loop
      vertex 6.73297 7.31453 1.2
      vertex 6.86266 7.2834 3.2
      vertex 6.73297 7.31453 3.2
    endloop
  endfacet
  facet normal -0.233404 -0.97238 0
    outer loop
      vertex 6.73297 7.31453 1.2
      vertex 6.86266 7.2834 1.2
      vertex 6.86266 7.2834 3.2
    endloop
  endfacet
  facet normal -0.233404 -0.97238 0
    outer loop
      vertex 6.73297 7.31453 0.7
      vertex 6.86266 7.2834 1.2
      vertex 6.73297 7.31453 1.2
    endloop
  endfacet
  facet normal -0.233404 -0.97238 -0
    outer loop
      vertex 6.86266 7.2834 1.2
      vertex 6.73297 7.31453 0.7
      vertex 6.86266 7.2834 0.7
    endloop
  endfacet
  facet normal -0.522532 -0.85262 0
    outer loop
      vertex 6.98589 7.23236 1.2
      vertex 7.09962 7.16266 3.2
      vertex 6.98589 7.23236 3.2
    endloop
  endfacet
  facet normal -0.522532 -0.85262 0
    outer loop
      vertex 6.98589 7.23236 1.2
      vertex 7.09962 7.16266 1.2
      vertex 7.09962 7.16266 3.2
    endloop
  endfacet
  facet normal -0.522532 -0.85262 0
    outer loop
      vertex 6.98589 7.23236 0.7
      vertex 7.09962 7.16266 1.2
      vertex 6.98589 7.23236 1.2
    endloop
  endfacet
  facet normal -0.522532 -0.85262 -0
    outer loop
      vertex 7.09962 7.16266 1.2
      vertex 6.98589 7.23236 0.7
      vertex 7.09962 7.16266 0.7
    endloop
  endfacet
  facet normal -0.649444 0.760409 0
    outer loop
      vertex 7.20104 5.87396 1.2
      vertex 7.09962 5.78734 3.2
      vertex 7.20104 5.87396 3.2
    endloop
  endfacet
  facet normal -0.649444 0.760409 0
    outer loop
      vertex 7.20104 5.87396 1.2
      vertex 7.09962 5.78734 1.2
      vertex 7.09962 5.78734 3.2
    endloop
  endfacet
  facet normal -0.649444 0.760409 0
    outer loop
      vertex 7.20104 5.87396 0.7
      vertex 7.09962 5.78734 1.2
      vertex 7.20104 5.87396 1.2
    endloop
  endfacet
  facet normal -0.649444 0.760409 0
    outer loop
      vertex 7.09962 5.78734 1.2
      vertex 7.20104 5.87396 0.7
      vertex 7.09962 5.78734 0.7
    endloop
  endfacet
  facet normal 0.233387 -0.972384 0
    outer loop
      vertex 6.33733 7.2834 1.2
      vertex 6.46703 7.31453 3.2
      vertex 6.33733 7.2834 3.2
    endloop
  endfacet
  facet normal 0.233387 -0.972384 0
    outer loop
      vertex 6.33733 7.2834 1.2
      vertex 6.46703 7.31453 1.2
      vertex 6.46703 7.31453 3.2
    endloop
  endfacet
  facet normal 0.233387 -0.972384 0
    outer loop
      vertex 6.33733 7.2834 0.7
      vertex 6.46703 7.31453 1.2
      vertex 6.33733 7.2834 1.2
    endloop
  endfacet
  facet normal 0.233387 -0.972384 0
    outer loop
      vertex 6.46703 7.31453 1.2
      vertex 6.33733 7.2834 0.7
      vertex 6.46703 7.31453 0.7
    endloop
  endfacet
  facet normal -0.85262 -0.522532 0
    outer loop
      vertex 7.35736 6.86089 1.2
      vertex 7.28766 6.97462 1.2
      vertex 7.28766 6.97462 0.7
    endloop
  endfacet
  facet normal -0.85262 -0.522532 -0
    outer loop
      vertex 7.35736 6.86089 1.2
      vertex 7.28766 6.97462 0.7
      vertex 7.35736 6.86089 0.7
    endloop
  endfacet
  facet normal -0.85262 -0.522532 0
    outer loop
      vertex 7.28766 6.97462 1.2
      vertex 7.35736 6.86089 1.2
      vertex 7.28766 6.97462 3.2
    endloop
  endfacet
  facet normal -0.85262 -0.522532 0
    outer loop
      vertex 7.28766 6.97462 3.2
      vertex 7.35736 6.86089 1.2
      vertex 7.35736 6.86089 3.2
    endloop
  endfacet
  facet normal 0.85262 -0.522532 0
    outer loop
      vertex 5.84264 6.86089 1.2
      vertex 5.91234 6.97462 1.2
      vertex 5.91234 6.97462 3.2
    endloop
  endfacet
  facet normal 0.85262 -0.522532 0
    outer loop
      vertex 5.84264 6.86089 1.2
      vertex 5.91234 6.97462 3.2
      vertex 5.84264 6.86089 3.2
    endloop
  endfacet
  facet normal 0.85262 -0.522532 0
    outer loop
      vertex 5.91234 6.97462 1.2
      vertex 5.84264 6.86089 1.2
      vertex 5.91234 6.97462 0.7
    endloop
  endfacet
  facet normal 0.85262 -0.522532 0
    outer loop
      vertex 5.91234 6.97462 0.7
      vertex 5.84264 6.86089 1.2
      vertex 5.84264 6.86089 0.7
    endloop
  endfacet
  facet normal -0.996914 0.0784966 0
    outer loop
      vertex 7.43953 6.34203 1.2
      vertex 7.45 6.475 1.2
      vertex 7.45 6.475 0.7
    endloop
  endfacet
  facet normal -0.996914 0.0784966 0
    outer loop
      vertex 7.43953 6.34203 1.2
      vertex 7.45 6.475 0.7
      vertex 7.43953 6.34203 0.7
    endloop
  endfacet
  facet normal -0.996914 0.0784966 0
    outer loop
      vertex 7.45 6.475 1.2
      vertex 7.43953 6.34203 1.2
      vertex 7.45 6.475 3.2
    endloop
  endfacet
  facet normal -0.996914 0.0784966 0
    outer loop
      vertex 7.45 6.475 3.2
      vertex 7.43953 6.34203 1.2
      vertex 7.43953 6.34203 3.2
    endloop
  endfacet
  facet normal 0.972363 -0.233475 0
    outer loop
      vertex 5.76046 6.60797 1.2
      vertex 5.7916 6.73766 1.2
      vertex 5.7916 6.73766 3.2
    endloop
  endfacet
  facet normal 0.972363 -0.233475 0
    outer loop
      vertex 5.76046 6.60797 1.2
      vertex 5.7916 6.73766 3.2
      vertex 5.76046 6.60797 3.2
    endloop
  endfacet
  facet normal 0.972363 -0.233475 0
    outer loop
      vertex 5.7916 6.73766 1.2
      vertex 5.76046 6.60797 1.2
      vertex 5.7916 6.73766 0.7
    endloop
  endfacet
  facet normal 0.972363 -0.233475 0
    outer loop
      vertex 5.7916 6.73766 0.7
      vertex 5.76046 6.60797 1.2
      vertex 5.76046 6.60797 0.7
    endloop
  endfacet
  facet normal 0.649444 0.760409 -0
    outer loop
      vertex 6.10038 5.78734 1.2
      vertex 5.99896 5.87396 3.2
      vertex 6.10038 5.78734 3.2
    endloop
  endfacet
  facet normal 0.649444 0.760409 0
    outer loop
      vertex 6.10038 5.78734 1.2
      vertex 5.99896 5.87396 1.2
      vertex 5.99896 5.87396 3.2
    endloop
  endfacet
  facet normal 0.649444 0.760409 -0
    outer loop
      vertex 6.10038 5.78734 0.7
      vertex 5.99896 5.87396 1.2
      vertex 6.10038 5.78734 1.2
    endloop
  endfacet
  facet normal 0.649444 0.760409 0
    outer loop
      vertex 5.99896 5.87396 1.2
      vertex 6.10038 5.78734 0.7
      vertex 5.99896 5.87396 0.7
    endloop
  endfacet
  facet normal 0.0784221 0.99692 -0
    outer loop
      vertex 6.6 5.625 1.2
      vertex 6.46703 5.63546 3.2
      vertex 6.6 5.625 3.2
    endloop
  endfacet
  facet normal 0.0784221 0.99692 0
    outer loop
      vertex 6.6 5.625 1.2
      vertex 6.46703 5.63546 1.2
      vertex 6.46703 5.63546 3.2
    endloop
  endfacet
  facet normal 0.0784221 0.99692 -0
    outer loop
      vertex 6.6 5.625 0.7
      vertex 6.46703 5.63546 1.2
      vertex 6.6 5.625 1.2
    endloop
  endfacet
  facet normal 0.0784221 0.99692 0
    outer loop
      vertex 6.46703 5.63546 1.2
      vertex 6.6 5.625 0.7
      vertex 6.46703 5.63546 0.7
    endloop
  endfacet
  facet normal -0.0784966 -0.996914 0
    outer loop
      vertex 6.6 7.325 1.2
      vertex 6.73297 7.31453 3.2
      vertex 6.6 7.325 3.2
    endloop
  endfacet
  facet normal -0.0784966 -0.996914 0
    outer loop
      vertex 6.6 7.325 1.2
      vertex 6.73297 7.31453 1.2
      vertex 6.73297 7.31453 3.2
    endloop
  endfacet
  facet normal -0.0784966 -0.996914 0
    outer loop
      vertex 6.6 7.325 0.7
      vertex 6.73297 7.31453 1.2
      vertex 6.6 7.325 1.2
    endloop
  endfacet
  facet normal -0.0784966 -0.996914 -0
    outer loop
      vertex 6.73297 7.31453 1.2
      vertex 6.6 7.325 0.7
      vertex 6.73297 7.31453 0.7
    endloop
  endfacet
  facet normal 0.0784966 -0.996914 0
    outer loop
      vertex 6.46703 7.31453 1.2
      vertex 6.6 7.325 3.2
      vertex 6.46703 7.31453 3.2
    endloop
  endfacet
  facet normal 0.0784966 -0.996914 0
    outer loop
      vertex 6.46703 7.31453 1.2
      vertex 6.6 7.325 1.2
      vertex 6.6 7.325 3.2
    endloop
  endfacet
  facet normal 0.0784966 -0.996914 0
    outer loop
      vertex 6.46703 7.31453 0.7
      vertex 6.6 7.325 1.2
      vertex 6.46703 7.31453 1.2
    endloop
  endfacet
  facet normal 0.0784966 -0.996914 0
    outer loop
      vertex 6.6 7.325 1.2
      vertex 6.46703 7.31453 0.7
      vertex 6.6 7.325 0.7
    endloop
  endfacet
  facet normal -0.923889 -0.382661 0
    outer loop
      vertex 7.4084 6.73766 1.2
      vertex 7.35736 6.86089 1.2
      vertex 7.35736 6.86089 0.7
    endloop
  endfacet
  facet normal -0.923889 -0.382661 -0
    outer loop
      vertex 7.4084 6.73766 1.2
      vertex 7.35736 6.86089 0.7
      vertex 7.4084 6.73766 0.7
    endloop
  endfacet
  facet normal -0.923889 -0.382661 0
    outer loop
      vertex 7.35736 6.86089 1.2
      vertex 7.4084 6.73766 1.2
      vertex 7.35736 6.86089 3.2
    endloop
  endfacet
  facet normal -0.923889 -0.382661 0
    outer loop
      vertex 7.35736 6.86089 3.2
      vertex 7.4084 6.73766 1.2
      vertex 7.4084 6.73766 3.2
    endloop
  endfacet
  facet normal 0.99692 -0.0784221 0
    outer loop
      vertex 5.75 6.475 1.2
      vertex 5.76046 6.60797 1.2
      vertex 5.76046 6.60797 3.2
    endloop
  endfacet
  facet normal 0.99692 -0.0784221 0
    outer loop
      vertex 5.75 6.475 1.2
      vertex 5.76046 6.60797 3.2
      vertex 5.75 6.475 3.2
    endloop
  endfacet
  facet normal 0.99692 -0.0784221 0
    outer loop
      vertex 5.76046 6.60797 1.2
      vertex 5.75 6.475 1.2
      vertex 5.76046 6.60797 0.7
    endloop
  endfacet
  facet normal 0.99692 -0.0784221 0
    outer loop
      vertex 5.76046 6.60797 0.7
      vertex 5.75 6.475 1.2
      vertex 5.75 6.475 0.7
    endloop
  endfacet
  facet normal 0.522532 0.85262 -0
    outer loop
      vertex 6.21411 17.9676 1.2
      vertex 6.10038 18.0373 3.2
      vertex 6.21411 17.9676 3.2
    endloop
  endfacet
  facet normal 0.522532 0.85262 0
    outer loop
      vertex 6.21411 17.9676 1.2
      vertex 6.10038 18.0373 1.2
      vertex 6.10038 18.0373 3.2
    endloop
  endfacet
  facet normal 0.522532 0.85262 -0
    outer loop
      vertex 6.21411 17.9676 0.7
      vertex 6.10038 18.0373 1.2
      vertex 6.21411 17.9676 1.2
    endloop
  endfacet
  facet normal 0.522532 0.85262 0
    outer loop
      vertex 6.10038 18.0373 1.2
      vertex 6.21411 17.9676 0.7
      vertex 6.10038 18.0373 0.7
    endloop
  endfacet
  facet normal -0.233191 0.972431 0
    outer loop
      vertex 6.86266 17.9166 1.2
      vertex 6.73297 17.8855 3.2
      vertex 6.86266 17.9166 3.2
    endloop
  endfacet
  facet normal -0.233191 0.972431 0
    outer loop
      vertex 6.86266 17.9166 1.2
      vertex 6.73297 17.8855 1.2
      vertex 6.73297 17.8855 3.2
    endloop
  endfacet
  facet normal -0.233191 0.972431 0
    outer loop
      vertex 6.86266 17.9166 0.7
      vertex 6.73297 17.8855 1.2
      vertex 6.86266 17.9166 1.2
    endloop
  endfacet
  facet normal -0.233191 0.972431 0
    outer loop
      vertex 6.73297 17.8855 1.2
      vertex 6.86266 17.9166 0.7
      vertex 6.73297 17.8855 0.7
    endloop
  endfacet
  facet normal -0.972384 -0.233387 0
    outer loop
      vertex 7.43953 18.858 1.2
      vertex 7.4084 18.9877 1.2
      vertex 7.4084 18.9877 0.7
    endloop
  endfacet
  facet normal -0.972384 -0.233387 -0
    outer loop
      vertex 7.43953 18.858 1.2
      vertex 7.4084 18.9877 0.7
      vertex 7.43953 18.858 0.7
    endloop
  endfacet
  facet normal -0.972384 -0.233387 0
    outer loop
      vertex 7.4084 18.9877 1.2
      vertex 7.43953 18.858 1.2
      vertex 7.4084 18.9877 3.2
    endloop
  endfacet
  facet normal -0.972384 -0.233387 0
    outer loop
      vertex 7.4084 18.9877 3.2
      vertex 7.43953 18.858 1.2
      vertex 7.43953 18.858 3.2
    endloop
  endfacet
  facet normal -0.996916 -0.078479 0
    outer loop
      vertex 7.45 18.725 1.2
      vertex 7.43953 18.858 1.2
      vertex 7.43953 18.858 0.7
    endloop
  endfacet
  facet normal -0.996916 -0.078479 -0
    outer loop
      vertex 7.45 18.725 1.2
      vertex 7.43953 18.858 0.7
      vertex 7.45 18.725 0.7
    endloop
  endfacet
  facet normal -0.996916 -0.078479 0
    outer loop
      vertex 7.43953 18.858 1.2
      vertex 7.45 18.725 1.2
      vertex 7.43953 18.858 3.2
    endloop
  endfacet
  facet normal -0.996916 -0.078479 0
    outer loop
      vertex 7.43953 18.858 3.2
      vertex 7.45 18.725 1.2
      vertex 7.45 18.725 3.2
    endloop
  endfacet
  facet normal -0.972384 0.233387 0
    outer loop
      vertex 7.4084 18.4623 1.2
      vertex 7.43953 18.592 1.2
      vertex 7.43953 18.592 0.7
    endloop
  endfacet
  facet normal -0.972384 0.233387 0
    outer loop
      vertex 7.4084 18.4623 1.2
      vertex 7.43953 18.592 0.7
      vertex 7.4084 18.4623 0.7
    endloop
  endfacet
  facet normal -0.972384 0.233387 0
    outer loop
      vertex 7.43953 18.592 1.2
      vertex 7.4084 18.4623 1.2
      vertex 7.43953 18.592 3.2
    endloop
  endfacet
  facet normal -0.972384 0.233387 0
    outer loop
      vertex 7.43953 18.592 3.2
      vertex 7.4084 18.4623 1.2
      vertex 7.4084 18.4623 3.2
    endloop
  endfacet
  facet normal 0.233174 0.972435 -0
    outer loop
      vertex 6.46703 17.8855 1.2
      vertex 6.33733 17.9166 3.2
      vertex 6.46703 17.8855 3.2
    endloop
  endfacet
  facet normal 0.233174 0.972435 0
    outer loop
      vertex 6.46703 17.8855 1.2
      vertex 6.33733 17.9166 1.2
      vertex 6.33733 17.9166 3.2
    endloop
  endfacet
  facet normal 0.233174 0.972435 -0
    outer loop
      vertex 6.46703 17.8855 0.7
      vertex 6.33733 17.9166 1.2
      vertex 6.46703 17.8855 1.2
    endloop
  endfacet
  facet normal 0.233174 0.972435 0
    outer loop
      vertex 6.33733 17.9166 1.2
      vertex 6.46703 17.8855 0.7
      vertex 6.33733 17.9166 0.7
    endloop
  endfacet
  facet normal -0.760346 -0.649518 0
    outer loop
      vertex 7.28766 19.2246 1.2
      vertex 7.20104 19.326 1.2
      vertex 7.20104 19.326 0.7
    endloop
  endfacet
  facet normal -0.760346 -0.649518 -0
    outer loop
      vertex 7.28766 19.2246 1.2
      vertex 7.20104 19.326 0.7
      vertex 7.28766 19.2246 0.7
    endloop
  endfacet
  facet normal -0.760346 -0.649518 0
    outer loop
      vertex 7.20104 19.326 1.2
      vertex 7.28766 19.2246 1.2
      vertex 7.20104 19.326 3.2
    endloop
  endfacet
  facet normal -0.760346 -0.649518 0
    outer loop
      vertex 7.20104 19.326 3.2
      vertex 7.28766 19.2246 1.2
      vertex 7.28766 19.2246 3.2
    endloop
  endfacet
  facet normal -0.649791 -0.760113 0
    outer loop
      vertex 7.09962 19.4127 1.2
      vertex 7.20104 19.326 3.2
      vertex 7.09962 19.4127 3.2
    endloop
  endfacet
  facet normal -0.649791 -0.760113 0
    outer loop
      vertex 7.09962 19.4127 1.2
      vertex 7.20104 19.326 1.2
      vertex 7.20104 19.326 3.2
    endloop
  endfacet
  facet normal -0.649791 -0.760113 0
    outer loop
      vertex 7.09962 19.4127 0.7
      vertex 7.20104 19.326 1.2
      vertex 7.09962 19.4127 1.2
    endloop
  endfacet
  facet normal -0.649791 -0.760113 -0
    outer loop
      vertex 7.20104 19.326 1.2
      vertex 7.09962 19.4127 0.7
      vertex 7.20104 19.326 0.7
    endloop
  endfacet
  facet normal -0.760346 0.649518 0
    outer loop
      vertex 7.20104 18.124 1.2
      vertex 7.28766 18.2254 1.2
      vertex 7.28766 18.2254 0.7
    endloop
  endfacet
  facet normal -0.760346 0.649518 0
    outer loop
      vertex 7.20104 18.124 1.2
      vertex 7.28766 18.2254 0.7
      vertex 7.20104 18.124 0.7
    endloop
  endfacet
  facet normal -0.760346 0.649518 0
    outer loop
      vertex 7.28766 18.2254 1.2
      vertex 7.20104 18.124 1.2
      vertex 7.28766 18.2254 3.2
    endloop
  endfacet
  facet normal -0.760346 0.649518 0
    outer loop
      vertex 7.28766 18.2254 3.2
      vertex 7.20104 18.124 1.2
      vertex 7.20104 18.124 3.2
    endloop
  endfacet
  facet normal 0.649791 -0.760113 0
    outer loop
      vertex 5.99896 19.326 1.2
      vertex 6.10038 19.4127 3.2
      vertex 5.99896 19.326 3.2
    endloop
  endfacet
  facet normal 0.649791 -0.760113 0
    outer loop
      vertex 5.99896 19.326 1.2
      vertex 6.10038 19.4127 1.2
      vertex 6.10038 19.4127 3.2
    endloop
  endfacet
  facet normal 0.649791 -0.760113 0
    outer loop
      vertex 5.99896 19.326 0.7
      vertex 6.10038 19.4127 1.2
      vertex 5.99896 19.326 1.2
    endloop
  endfacet
  facet normal 0.649791 -0.760113 0
    outer loop
      vertex 6.10038 19.4127 1.2
      vertex 5.99896 19.326 0.7
      vertex 6.10038 19.4127 0.7
    endloop
  endfacet
  facet normal -0.382405 0.923995 0
    outer loop
      vertex 6.98589 17.9676 1.2
      vertex 6.86266 17.9166 3.2
      vertex 6.98589 17.9676 3.2
    endloop
  endfacet
  facet normal -0.382405 0.923995 0
    outer loop
      vertex 6.98589 17.9676 1.2
      vertex 6.86266 17.9166 1.2
      vertex 6.86266 17.9166 3.2
    endloop
  endfacet
  facet normal -0.382405 0.923995 0
    outer loop
      vertex 6.98589 17.9676 0.7
      vertex 6.86266 17.9166 1.2
      vertex 6.98589 17.9676 1.2
    endloop
  endfacet
  facet normal -0.382405 0.923995 0
    outer loop
      vertex 6.86266 17.9166 1.2
      vertex 6.98589 17.9676 0.7
      vertex 6.86266 17.9166 0.7
    endloop
  endfacet
  facet normal 0.760346 0.649518 0
    outer loop
      vertex 5.99896 18.124 1.2
      vertex 5.91234 18.2254 1.2
      vertex 5.91234 18.2254 3.2
    endloop
  endfacet
  facet normal 0.760346 0.649518 -0
    outer loop
      vertex 5.99896 18.124 1.2
      vertex 5.91234 18.2254 3.2
      vertex 5.99896 18.124 3.2
    endloop
  endfacet
  facet normal 0.760346 0.649518 0
    outer loop
      vertex 5.91234 18.2254 1.2
      vertex 5.99896 18.124 1.2
      vertex 5.91234 18.2254 0.7
    endloop
  endfacet
  facet normal 0.760346 0.649518 0
    outer loop
      vertex 5.91234 18.2254 0.7
      vertex 5.99896 18.124 1.2
      vertex 5.99896 18.124 0.7
    endloop
  endfacet
  facet normal 0.852558 0.522632 0
    outer loop
      vertex 5.91234 18.2254 1.2
      vertex 5.84264 18.3391 1.2
      vertex 5.84264 18.3391 3.2
    endloop
  endfacet
  facet normal 0.852558 0.522632 -0
    outer loop
      vertex 5.91234 18.2254 1.2
      vertex 5.84264 18.3391 3.2
      vertex 5.91234 18.2254 3.2
    endloop
  endfacet
  facet normal 0.852558 0.522632 0
    outer loop
      vertex 5.84264 18.3391 1.2
      vertex 5.91234 18.2254 1.2
      vertex 5.84264 18.3391 0.7
    endloop
  endfacet
  facet normal 0.852558 0.522632 0
    outer loop
      vertex 5.84264 18.3391 0.7
      vertex 5.91234 18.2254 1.2
      vertex 5.91234 18.2254 0.7
    endloop
  endfacet
  facet normal 0.923856 -0.38274 0
    outer loop
      vertex 5.7916 18.9877 1.2
      vertex 5.84264 19.1109 1.2
      vertex 5.84264 19.1109 3.2
    endloop
  endfacet
  facet normal 0.923856 -0.38274 0
    outer loop
      vertex 5.7916 18.9877 1.2
      vertex 5.84264 19.1109 3.2
      vertex 5.7916 18.9877 3.2
    endloop
  endfacet
  facet normal 0.923856 -0.38274 0
    outer loop
      vertex 5.84264 19.1109 1.2
      vertex 5.7916 18.9877 1.2
      vertex 5.84264 19.1109 0.7
    endloop
  endfacet
  facet normal 0.923856 -0.38274 0
    outer loop
      vertex 5.84264 19.1109 0.7
      vertex 5.7916 18.9877 1.2
      vertex 5.7916 18.9877 0.7
    endloop
  endfacet
  facet normal 0.972367 0.233458 0
    outer loop
      vertex 5.7916 18.4623 1.2
      vertex 5.76046 18.592 1.2
      vertex 5.76046 18.592 3.2
    endloop
  endfacet
  facet normal 0.972367 0.233458 -0
    outer loop
      vertex 5.7916 18.4623 1.2
      vertex 5.76046 18.592 3.2
      vertex 5.7916 18.4623 3.2
    endloop
  endfacet
  facet normal 0.972367 0.233458 0
    outer loop
      vertex 5.76046 18.592 1.2
      vertex 5.7916 18.4623 1.2
      vertex 5.76046 18.592 0.7
    endloop
  endfacet
  facet normal 0.972367 0.233458 0
    outer loop
      vertex 5.76046 18.592 0.7
      vertex 5.7916 18.4623 1.2
      vertex 5.7916 18.4623 0.7
    endloop
  endfacet
  facet normal -0.852558 0.522632 0
    outer loop
      vertex 7.28766 18.2254 1.2
      vertex 7.35736 18.3391 1.2
      vertex 7.35736 18.3391 0.7
    endloop
  endfacet
  facet normal -0.852558 0.522632 0
    outer loop
      vertex 7.28766 18.2254 1.2
      vertex 7.35736 18.3391 0.7
      vertex 7.28766 18.2254 0.7
    endloop
  endfacet
  facet normal -0.852558 0.522632 0
    outer loop
      vertex 7.35736 18.3391 1.2
      vertex 7.28766 18.2254 1.2
      vertex 7.35736 18.3391 3.2
    endloop
  endfacet
  facet normal -0.852558 0.522632 0
    outer loop
      vertex 7.35736 18.3391 3.2
      vertex 7.28766 18.2254 1.2
      vertex 7.28766 18.2254 3.2
    endloop
  endfacet
  facet normal 0.382431 0.923984 -0
    outer loop
      vertex 6.33733 17.9166 1.2
      vertex 6.21411 17.9676 3.2
      vertex 6.33733 17.9166 3.2
    endloop
  endfacet
  facet normal 0.382431 0.923984 0
    outer loop
      vertex 6.33733 17.9166 1.2
      vertex 6.21411 17.9676 1.2
      vertex 6.21411 17.9676 3.2
    endloop
  endfacet
  facet normal 0.382431 0.923984 -0
    outer loop
      vertex 6.33733 17.9166 0.7
      vertex 6.21411 17.9676 1.2
      vertex 6.33733 17.9166 1.2
    endloop
  endfacet
  facet normal 0.382431 0.923984 0
    outer loop
      vertex 6.21411 17.9676 1.2
      vertex 6.33733 17.9166 0.7
      vertex 6.21411 17.9676 0.7
    endloop
  endfacet
  facet normal 0.382431 -0.923984 0
    outer loop
      vertex 6.21411 19.4824 1.2
      vertex 6.33733 19.5334 3.2
      vertex 6.21411 19.4824 3.2
    endloop
  endfacet
  facet normal 0.382431 -0.923984 0
    outer loop
      vertex 6.21411 19.4824 1.2
      vertex 6.33733 19.5334 1.2
      vertex 6.33733 19.5334 3.2
    endloop
  endfacet
  facet normal 0.382431 -0.923984 0
    outer loop
      vertex 6.21411 19.4824 0.7
      vertex 6.33733 19.5334 1.2
      vertex 6.21411 19.4824 1.2
    endloop
  endfacet
  facet normal 0.382431 -0.923984 0
    outer loop
      vertex 6.33733 19.5334 1.2
      vertex 6.21411 19.4824 0.7
      vertex 6.33733 19.5334 0.7
    endloop
  endfacet
  facet normal -0.923856 0.38274 0
    outer loop
      vertex 7.35736 18.3391 1.2
      vertex 7.4084 18.4623 1.2
      vertex 7.4084 18.4623 0.7
    endloop
  endfacet
  facet normal -0.923856 0.38274 0
    outer loop
      vertex 7.35736 18.3391 1.2
      vertex 7.4084 18.4623 0.7
      vertex 7.35736 18.3391 0.7
    endloop
  endfacet
  facet normal -0.923856 0.38274 0
    outer loop
      vertex 7.4084 18.4623 1.2
      vertex 7.35736 18.3391 1.2
      vertex 7.4084 18.4623 3.2
    endloop
  endfacet
  facet normal -0.923856 0.38274 0
    outer loop
      vertex 7.4084 18.4623 3.2
      vertex 7.35736 18.3391 1.2
      vertex 7.35736 18.3391 3.2
    endloop
  endfacet
  facet normal -0.382405 -0.923995 0
    outer loop
      vertex 6.86266 19.5334 1.2
      vertex 6.98589 19.4824 3.2
      vertex 6.86266 19.5334 3.2
    endloop
  endfacet
  facet normal -0.382405 -0.923995 0
    outer loop
      vertex 6.86266 19.5334 1.2
      vertex 6.98589 19.4824 1.2
      vertex 6.98589 19.4824 3.2
    endloop
  endfacet
  facet normal -0.382405 -0.923995 0
    outer loop
      vertex 6.86266 19.5334 0.7
      vertex 6.98589 19.4824 1.2
      vertex 6.86266 19.5334 1.2
    endloop
  endfacet
  facet normal -0.382405 -0.923995 -0
    outer loop
      vertex 6.98589 19.4824 1.2
      vertex 6.86266 19.5334 0.7
      vertex 6.98589 19.4824 0.7
    endloop
  endfacet
  facet normal 0.923856 0.38274 0
    outer loop
      vertex 5.84264 18.3391 1.2
      vertex 5.7916 18.4623 1.2
      vertex 5.7916 18.4623 3.2
    endloop
  endfacet
  facet normal 0.923856 0.38274 -0
    outer loop
      vertex 5.84264 18.3391 1.2
      vertex 5.7916 18.4623 3.2
      vertex 5.84264 18.3391 3.2
    endloop
  endfacet
  facet normal 0.923856 0.38274 0
    outer loop
      vertex 5.7916 18.4623 1.2
      vertex 5.84264 18.3391 1.2
      vertex 5.7916 18.4623 0.7
    endloop
  endfacet
  facet normal 0.923856 0.38274 0
    outer loop
      vertex 5.7916 18.4623 0.7
      vertex 5.84264 18.3391 1.2
      vertex 5.84264 18.3391 0.7
    endloop
  endfacet
  facet normal 0 0 1
    outer loop
      vertex 7.43953 18.858 0.7
      vertex 7.43953 18.592 0.7
      vertex 7.45 18.725 0.7
    endloop
  endfacet
  facet normal 0 0 1
    outer loop
      vertex 7.4084 18.9877 0.7
      vertex 7.43953 18.592 0.7
      vertex 7.43953 18.858 0.7
    endloop
  endfacet
  facet normal 0 0 1
    outer loop
      vertex 7.4084 18.9877 0.7
      vertex 7.4084 18.4623 0.7
      vertex 7.43953 18.592 0.7
    endloop
  endfacet
  facet normal 0 0 1
    outer loop
      vertex 7.35736 19.1109 0.7
      vertex 7.4084 18.4623 0.7
      vertex 7.4084 18.9877 0.7
    endloop
  endfacet
  facet normal 0 0 1
    outer loop
      vertex 7.35736 19.1109 0.7
      vertex 7.35736 18.3391 0.7
      vertex 7.4084 18.4623 0.7
    endloop
  endfacet
  facet normal 0 0 1
    outer loop
      vertex 7.28766 19.2246 0.7
      vertex 7.35736 18.3391 0.7
      vertex 7.35736 19.1109 0.7
    endloop
  endfacet
  facet normal 0 0 1
    outer loop
      vertex 7.28766 19.2246 0.7
      vertex 7.28766 18.2254 0.7
      vertex 7.35736 18.3391 0.7
    endloop
  endfacet
  facet normal 0 0 1
    outer loop
      vertex 7.20104 19.326 0.7
      vertex 7.28766 18.2254 0.7
      vertex 7.28766 19.2246 0.7
    endloop
  endfacet
  facet normal 0 0 1
    outer loop
      vertex 7.20104 19.326 0.7
      vertex 7.20104 18.124 0.7
      vertex 7.28766 18.2254 0.7
    endloop
  endfacet
  facet normal 0 0 1
    outer loop
      vertex 7.09962 19.4127 0.7
      vertex 7.20104 18.124 0.7
      vertex 7.20104 19.326 0.7
    endloop
  endfacet
  facet normal 0 0 1
    outer loop
      vertex 7.09962 19.4127 0.7
      vertex 7.09962 18.0373 0.7
      vertex 7.20104 18.124 0.7
    endloop
  endfacet
  facet normal 0 0 1
    outer loop
      vertex 6.98589 19.4824 0.7
      vertex 7.09962 18.0373 0.7
      vertex 7.09962 19.4127 0.7
    endloop
  endfacet
  facet normal 0 0 1
    outer loop
      vertex 6.98589 19.4824 0.7
      vertex 6.98589 17.9676 0.7
      vertex 7.09962 18.0373 0.7
    endloop
  endfacet
  facet normal 0 0 1
    outer loop
      vertex 6.86266 19.5334 0.7
      vertex 6.98589 17.9676 0.7
      vertex 6.98589 19.4824 0.7
    endloop
  endfacet
  facet normal 0 0 1
    outer loop
      vertex 6.86266 19.5334 0.7
      vertex 6.86266 17.9166 0.7
      vertex 6.98589 17.9676 0.7
    endloop
  endfacet
  facet normal 0 0 1
    outer loop
      vertex 6.73297 19.5645 0.7
      vertex 6.86266 17.9166 0.7
      vertex 6.86266 19.5334 0.7
    endloop
  endfacet
  facet normal 0 0 1
    outer loop
      vertex 6.73297 19.5645 0.7
      vertex 6.73297 17.8855 0.7
      vertex 6.86266 17.9166 0.7
    endloop
  endfacet
  facet normal 0 0 1
    outer loop
      vertex 6.6 19.575 0.7
      vertex 6.73297 17.8855 0.7
      vertex 6.73297 19.5645 0.7
    endloop
  endfacet
  facet normal 0 0 1
    outer loop
      vertex 6.6 19.575 0.7
      vertex 6.6 17.875 0.7
      vertex 6.73297 17.8855 0.7
    endloop
  endfacet
  facet normal -0 0 1
    outer loop
      vertex 6.46703 19.5645 0.7
      vertex 6.6 17.875 0.7
      vertex 6.6 19.575 0.7
    endloop
  endfacet
  facet normal 0 0 1
    outer loop
      vertex 6.46703 19.5645 0.7
      vertex 6.46703 17.8855 0.7
      vertex 6.6 17.875 0.7
    endloop
  endfacet
  facet normal -0 0 1
    outer loop
      vertex 6.33733 19.5334 0.7
      vertex 6.46703 17.8855 0.7
      vertex 6.46703 19.5645 0.7
    endloop
  endfacet
  facet normal 0 0 1
    outer loop
      vertex 6.33733 19.5334 0.7
      vertex 6.33733 17.9166 0.7
      vertex 6.46703 17.8855 0.7
    endloop
  endfacet
  facet normal -0 0 1
    outer loop
      vertex 6.21411 19.4824 0.7
      vertex 6.33733 17.9166 0.7
      vertex 6.33733 19.5334 0.7
    endloop
  endfacet
  facet normal 0 0 1
    outer loop
      vertex 6.21411 19.4824 0.7
      vertex 6.21411 17.9676 0.7
      vertex 6.33733 17.9166 0.7
    endloop
  endfacet
  facet normal -0 0 1
    outer loop
      vertex 6.10038 19.4127 0.7
      vertex 6.21411 17.9676 0.7
      vertex 6.21411 19.4824 0.7
    endloop
  endfacet
  facet normal 0 0 1
    outer loop
      vertex 6.10038 19.4127 0.7
      vertex 6.10038 18.0373 0.7
      vertex 6.21411 17.9676 0.7
    endloop
  endfacet
  facet normal -0 0 1
    outer loop
      vertex 5.99896 19.326 0.7
      vertex 6.10038 18.0373 0.7
      vertex 6.10038 19.4127 0.7
    endloop
  endfacet
  facet normal 0 0 1
    outer loop
      vertex 5.99896 19.326 0.7
      vertex 5.99896 18.124 0.7
      vertex 6.10038 18.0373 0.7
    endloop
  endfacet
  facet normal -0 0 1
    outer loop
      vertex 5.91234 19.2246 0.7
      vertex 5.99896 18.124 0.7
      vertex 5.99896 19.326 0.7
    endloop
  endfacet
  facet normal 0 0 1
    outer loop
      vertex 5.91234 19.2246 0.7
      vertex 5.91234 18.2254 0.7
      vertex 5.99896 18.124 0.7
    endloop
  endfacet
  facet normal -0 0 1
    outer loop
      vertex 5.84264 19.1109 0.7
      vertex 5.91234 18.2254 0.7
      vertex 5.91234 19.2246 0.7
    endloop
  endfacet
  facet normal 0 0 1
    outer loop
      vertex 5.84264 19.1109 0.7
      vertex 5.84264 18.3391 0.7
      vertex 5.91234 18.2254 0.7
    endloop
  endfacet
  facet normal -0 0 1
    outer loop
      vertex 5.7916 18.9877 0.7
      vertex 5.84264 18.3391 0.7
      vertex 5.84264 19.1109 0.7
    endloop
  endfacet
  facet normal 0 0 1
    outer loop
      vertex 5.7916 18.9877 0.7
      vertex 5.7916 18.4623 0.7
      vertex 5.84264 18.3391 0.7
    endloop
  endfacet
  facet normal -0 0 1
    outer loop
      vertex 5.76046 18.858 0.7
      vertex 5.7916 18.4623 0.7
      vertex 5.7916 18.9877 0.7
    endloop
  endfacet
  facet normal 0 0 1
    outer loop
      vertex 5.76046 18.858 0.7
      vertex 5.76046 18.592 0.7
      vertex 5.7916 18.4623 0.7
    endloop
  endfacet
  facet normal 0 -0 1
    outer loop
      vertex 5.76046 18.592 0.7
      vertex 5.76046 18.858 0.7
      vertex 5.75 18.725 0.7
    endloop
  endfacet
  facet normal -0.0787201 0.996897 0
    outer loop
      vertex 6.73297 17.8855 1.2
      vertex 6.6 17.875 3.2
      vertex 6.73297 17.8855 3.2
    endloop
  endfacet
  facet normal -0.0787201 0.996897 0
    outer loop
      vertex 6.73297 17.8855 1.2
      vertex 6.6 17.875 1.2
      vertex 6.6 17.875 3.2
    endloop
  endfacet
  facet normal -0.0787201 0.996897 0
    outer loop
      vertex 6.73297 17.8855 0.7
      vertex 6.6 17.875 1.2
      vertex 6.73297 17.8855 1.2
    endloop
  endfacet
  facet normal -0.0787201 0.996897 0
    outer loop
      vertex 6.6 17.875 1.2
      vertex 6.73297 17.8855 0.7
      vertex 6.6 17.875 0.7
    endloop
  endfacet
  facet normal -0.923856 -0.38274 0
    outer loop
      vertex 7.4084 18.9877 1.2
      vertex 7.35736 19.1109 1.2
      vertex 7.35736 19.1109 0.7
    endloop
  endfacet
  facet normal -0.923856 -0.38274 -0
    outer loop
      vertex 7.4084 18.9877 1.2
      vertex 7.35736 19.1109 0.7
      vertex 7.4084 18.9877 0.7
    endloop
  endfacet
  facet normal -0.923856 -0.38274 0
    outer loop
      vertex 7.35736 19.1109 1.2
      vertex 7.4084 18.9877 1.2
      vertex 7.35736 19.1109 3.2
    endloop
  endfacet
  facet normal -0.923856 -0.38274 0
    outer loop
      vertex 7.35736 19.1109 3.2
      vertex 7.4084 18.9877 1.2
      vertex 7.4084 18.9877 3.2
    endloop
  endfacet
  facet normal -0.522532 0.85262 0
    outer loop
      vertex 7.09962 18.0373 1.2
      vertex 6.98589 17.9676 3.2
      vertex 7.09962 18.0373 3.2
    endloop
  endfacet
  facet normal -0.522532 0.85262 0
    outer loop
      vertex 7.09962 18.0373 1.2
      vertex 6.98589 17.9676 1.2
      vertex 6.98589 17.9676 3.2
    endloop
  endfacet
  facet normal -0.522532 0.85262 0
    outer loop
      vertex 7.09962 18.0373 0.7
      vertex 6.98589 17.9676 1.2
      vertex 7.09962 18.0373 1.2
    endloop
  endfacet
  facet normal -0.522532 0.85262 0
    outer loop
      vertex 6.98589 17.9676 1.2
      vertex 7.09962 18.0373 0.7
      vertex 6.98589 17.9676 0.7
    endloop
  endfacet
  facet normal 0.760346 -0.649518 0
    outer loop
      vertex 5.91234 19.2246 1.2
      vertex 5.99896 19.326 1.2
      vertex 5.99896 19.326 3.2
    endloop
  endfacet
  facet normal 0.760346 -0.649518 0
    outer loop
      vertex 5.91234 19.2246 1.2
      vertex 5.99896 19.326 3.2
      vertex 5.91234 19.2246 3.2
    endloop
  endfacet
  facet normal 0.760346 -0.649518 0
    outer loop
      vertex 5.99896 19.326 1.2
      vertex 5.91234 19.2246 1.2
      vertex 5.99896 19.326 0.7
    endloop
  endfacet
  facet normal 0.760346 -0.649518 0
    outer loop
      vertex 5.99896 19.326 0.7
      vertex 5.91234 19.2246 1.2
      vertex 5.91234 19.2246 0.7
    endloop
  endfacet
  facet normal 0.522532 -0.85262 0
    outer loop
      vertex 6.10038 19.4127 1.2
      vertex 6.21411 19.4824 3.2
      vertex 6.10038 19.4127 3.2
    endloop
  endfacet
  facet normal 0.522532 -0.85262 0
    outer loop
      vertex 6.10038 19.4127 1.2
      vertex 6.21411 19.4824 1.2
      vertex 6.21411 19.4824 3.2
    endloop
  endfacet
  facet normal 0.522532 -0.85262 0
    outer loop
      vertex 6.10038 19.4127 0.7
      vertex 6.21411 19.4824 1.2
      vertex 6.10038 19.4127 1.2
    endloop
  endfacet
  facet normal 0.522532 -0.85262 0
    outer loop
      vertex 6.21411 19.4824 1.2
      vertex 6.10038 19.4127 0.7
      vertex 6.21411 19.4824 0.7
    endloop
  endfacet
  facet normal 0.996922 0.0784045 0
    outer loop
      vertex 5.76046 18.592 1.2
      vertex 5.75 18.725 1.2
      vertex 5.75 18.725 3.2
    endloop
  endfacet
  facet normal 0.996922 0.0784045 -0
    outer loop
      vertex 5.76046 18.592 1.2
      vertex 5.75 18.725 3.2
      vertex 5.76046 18.592 3.2
    endloop
  endfacet
  facet normal 0.996922 0.0784045 0
    outer loop
      vertex 5.75 18.725 1.2
      vertex 5.76046 18.592 1.2
      vertex 5.75 18.725 0.7
    endloop
  endfacet
  facet normal 0.996922 0.0784045 0
    outer loop
      vertex 5.75 18.725 0.7
      vertex 5.76046 18.592 1.2
      vertex 5.76046 18.592 0.7
    endloop
  endfacet
  facet normal -0.233191 -0.972431 0
    outer loop
      vertex 6.73297 19.5645 1.2
      vertex 6.86266 19.5334 3.2
      vertex 6.73297 19.5645 3.2
    endloop
  endfacet
  facet normal -0.233191 -0.972431 0
    outer loop
      vertex 6.73297 19.5645 1.2
      vertex 6.86266 19.5334 1.2
      vertex 6.86266 19.5334 3.2
    endloop
  endfacet
  facet normal -0.233191 -0.972431 0
    outer loop
      vertex 6.73297 19.5645 0.7
      vertex 6.86266 19.5334 1.2
      vertex 6.73297 19.5645 1.2
    endloop
  endfacet
  facet normal -0.233191 -0.972431 -0
    outer loop
      vertex 6.86266 19.5334 1.2
      vertex 6.73297 19.5645 0.7
      vertex 6.86266 19.5334 0.7
    endloop
  endfacet
  facet normal -0.522532 -0.85262 0
    outer loop
      vertex 6.98589 19.4824 1.2
      vertex 7.09962 19.4127 3.2
      vertex 6.98589 19.4824 3.2
    endloop
  endfacet
  facet normal -0.522532 -0.85262 0
    outer loop
      vertex 6.98589 19.4824 1.2
      vertex 7.09962 19.4127 1.2
      vertex 7.09962 19.4127 3.2
    endloop
  endfacet
  facet normal -0.522532 -0.85262 0
    outer loop
      vertex 6.98589 19.4824 0.7
      vertex 7.09962 19.4127 1.2
      vertex 6.98589 19.4824 1.2
    endloop
  endfacet
  facet normal -0.522532 -0.85262 -0
    outer loop
      vertex 7.09962 19.4127 1.2
      vertex 6.98589 19.4824 0.7
      vertex 7.09962 19.4127 0.7
    endloop
  endfacet
  facet normal -0.649791 0.760113 0
    outer loop
      vertex 7.20104 18.124 1.2
      vertex 7.09962 18.0373 3.2
      vertex 7.20104 18.124 3.2
    endloop
  endfacet
  facet normal -0.649791 0.760113 0
    outer loop
      vertex 7.20104 18.124 1.2
      vertex 7.09962 18.0373 1.2
      vertex 7.09962 18.0373 3.2
    endloop
  endfacet
  facet normal -0.649791 0.760113 0
    outer loop
      vertex 7.20104 18.124 0.7
      vertex 7.09962 18.0373 1.2
      vertex 7.20104 18.124 1.2
    endloop
  endfacet
  facet normal -0.649791 0.760113 0
    outer loop
      vertex 7.09962 18.0373 1.2
      vertex 7.20104 18.124 0.7
      vertex 7.09962 18.0373 0.7
    endloop
  endfacet
  facet normal 0.233174 -0.972435 0
    outer loop
      vertex 6.33733 19.5334 1.2
      vertex 6.46703 19.5645 3.2
      vertex 6.33733 19.5334 3.2
    endloop
  endfacet
  facet normal 0.233174 -0.972435 0
    outer loop
      vertex 6.33733 19.5334 1.2
      vertex 6.46703 19.5645 1.2
      vertex 6.46703 19.5645 3.2
    endloop
  endfacet
  facet normal 0.233174 -0.972435 0
    outer loop
      vertex 6.33733 19.5334 0.7
      vertex 6.46703 19.5645 1.2
      vertex 6.33733 19.5334 1.2
    endloop
  endfacet
  facet normal 0.233174 -0.972435 0
    outer loop
      vertex 6.46703 19.5645 1.2
      vertex 6.33733 19.5334 0.7
      vertex 6.46703 19.5645 0.7
    endloop
  endfacet
  facet normal -0.852558 -0.522632 0
    outer loop
      vertex 7.35736 19.1109 1.2
      vertex 7.28766 19.2246 1.2
      vertex 7.28766 19.2246 0.7
    endloop
  endfacet
  facet normal -0.852558 -0.522632 -0
    outer loop
      vertex 7.35736 19.1109 1.2
      vertex 7.28766 19.2246 0.7
      vertex 7.35736 19.1109 0.7
    endloop
  endfacet
  facet normal -0.852558 -0.522632 0
    outer loop
      vertex 7.28766 19.2246 1.2
      vertex 7.35736 19.1109 1.2
      vertex 7.28766 19.2246 3.2
    endloop
  endfacet
  facet normal -0.852558 -0.522632 0
    outer loop
      vertex 7.28766 19.2246 3.2
      vertex 7.35736 19.1109 1.2
      vertex 7.35736 19.1109 3.2
    endloop
  endfacet
  facet normal 0.852558 -0.522632 0
    outer loop
      vertex 5.84264 19.1109 1.2
      vertex 5.91234 19.2246 1.2
      vertex 5.91234 19.2246 3.2
    endloop
  endfacet
  facet normal 0.852558 -0.522632 0
    outer loop
      vertex 5.84264 19.1109 1.2
      vertex 5.91234 19.2246 3.2
      vertex 5.84264 19.1109 3.2
    endloop
  endfacet
  facet normal 0.852558 -0.522632 0
    outer loop
      vertex 5.91234 19.2246 1.2
      vertex 5.84264 19.1109 1.2
      vertex 5.91234 19.2246 0.7
    endloop
  endfacet
  facet normal 0.852558 -0.522632 0
    outer loop
      vertex 5.91234 19.2246 0.7
      vertex 5.84264 19.1109 1.2
      vertex 5.84264 19.1109 0.7
    endloop
  endfacet
  facet normal -0.996916 0.078479 0
    outer loop
      vertex 7.43953 18.592 1.2
      vertex 7.45 18.725 1.2
      vertex 7.45 18.725 0.7
    endloop
  endfacet
  facet normal -0.996916 0.078479 0
    outer loop
      vertex 7.43953 18.592 1.2
      vertex 7.45 18.725 0.7
      vertex 7.43953 18.592 0.7
    endloop
  endfacet
  facet normal -0.996916 0.078479 0
    outer loop
      vertex 7.45 18.725 1.2
      vertex 7.43953 18.592 1.2
      vertex 7.45 18.725 3.2
    endloop
  endfacet
  facet normal -0.996916 0.078479 0
    outer loop
      vertex 7.45 18.725 3.2
      vertex 7.43953 18.592 1.2
      vertex 7.43953 18.592 3.2
    endloop
  endfacet
  facet normal 0.972367 -0.233458 0
    outer loop
      vertex 5.76046 18.858 1.2
      vertex 5.7916 18.9877 1.2
      vertex 5.7916 18.9877 3.2
    endloop
  endfacet
  facet normal 0.972367 -0.233458 0
    outer loop
      vertex 5.76046 18.858 1.2
      vertex 5.7916 18.9877 3.2
      vertex 5.76046 18.858 3.2
    endloop
  endfacet
  facet normal 0.972367 -0.233458 0
    outer loop
      vertex 5.7916 18.9877 1.2
      vertex 5.76046 18.858 1.2
      vertex 5.7916 18.9877 0.7
    endloop
  endfacet
  facet normal 0.972367 -0.233458 0
    outer loop
      vertex 5.7916 18.9877 0.7
      vertex 5.76046 18.858 1.2
      vertex 5.76046 18.858 0.7
    endloop
  endfacet
  facet normal 0.649791 0.760113 -0
    outer loop
      vertex 6.10038 18.0373 1.2
      vertex 5.99896 18.124 3.2
      vertex 6.10038 18.0373 3.2
    endloop
  endfacet
  facet normal 0.649791 0.760113 0
    outer loop
      vertex 6.10038 18.0373 1.2
      vertex 5.99896 18.124 1.2
      vertex 5.99896 18.124 3.2
    endloop
  endfacet
  facet normal 0.649791 0.760113 -0
    outer loop
      vertex 6.10038 18.0373 0.7
      vertex 5.99896 18.124 1.2
      vertex 6.10038 18.0373 1.2
    endloop
  endfacet
  facet normal 0.649791 0.760113 0
    outer loop
      vertex 5.99896 18.124 1.2
      vertex 6.10038 18.0373 0.7
      vertex 5.99896 18.124 0.7
    endloop
  endfacet
  facet normal 0.0787201 0.996897 -0
    outer loop
      vertex 6.6 17.875 1.2
      vertex 6.46703 17.8855 3.2
      vertex 6.6 17.875 3.2
    endloop
  endfacet
  facet normal 0.0787201 0.996897 0
    outer loop
      vertex 6.6 17.875 1.2
      vertex 6.46703 17.8855 1.2
      vertex 6.46703 17.8855 3.2
    endloop
  endfacet
  facet normal 0.0787201 0.996897 -0
    outer loop
      vertex 6.6 17.875 0.7
      vertex 6.46703 17.8855 1.2
      vertex 6.6 17.875 1.2
    endloop
  endfacet
  facet normal 0.0787201 0.996897 0
    outer loop
      vertex 6.46703 17.8855 1.2
      vertex 6.6 17.875 0.7
      vertex 6.46703 17.8855 0.7
    endloop
  endfacet
  facet normal -0.0787201 -0.996897 0
    outer loop
      vertex 6.6 19.575 1.2
      vertex 6.73297 19.5645 3.2
      vertex 6.6 19.575 3.2
    endloop
  endfacet
  facet normal -0.0787201 -0.996897 0
    outer loop
      vertex 6.6 19.575 1.2
      vertex 6.73297 19.5645 1.2
      vertex 6.73297 19.5645 3.2
    endloop
  endfacet
  facet normal -0.0787201 -0.996897 0
    outer loop
      vertex 6.6 19.575 0.7
      vertex 6.73297 19.5645 1.2
      vertex 6.6 19.575 1.2
    endloop
  endfacet
  facet normal -0.0787201 -0.996897 -0
    outer loop
      vertex 6.73297 19.5645 1.2
      vertex 6.6 19.575 0.7
      vertex 6.73297 19.5645 0.7
    endloop
  endfacet
  facet normal 0.0787201 -0.996897 0
    outer loop
      vertex 6.46703 19.5645 1.2
      vertex 6.6 19.575 3.2
      vertex 6.46703 19.5645 3.2
    endloop
  endfacet
  facet normal 0.0787201 -0.996897 0
    outer loop
      vertex 6.46703 19.5645 1.2
      vertex 6.6 19.575 1.2
      vertex 6.6 19.575 3.2
    endloop
  endfacet
  facet normal 0.0787201 -0.996897 0
    outer loop
      vertex 6.46703 19.5645 0.7
      vertex 6.6 19.575 1.2
      vertex 6.46703 19.5645 1.2
    endloop
  endfacet
  facet normal 0.0787201 -0.996897 0
    outer loop
      vertex 6.6 19.575 1.2
      vertex 6.46703 19.5645 0.7
      vertex 6.6 19.575 0.7
    endloop
  endfacet
  facet normal 0.996922 -0.0784045 0
    outer loop
      vertex 5.75 18.725 1.2
      vertex 5.76046 18.858 1.2
      vertex 5.76046 18.858 3.2
    endloop
  endfacet
  facet normal 0.996922 -0.0784045 0
    outer loop
      vertex 5.75 18.725 1.2
      vertex 5.76046 18.858 3.2
      vertex 5.75 18.725 3.2
    endloop
  endfacet
  facet normal 0.996922 -0.0784045 0
    outer loop
      vertex 5.76046 18.858 1.2
      vertex 5.75 18.725 1.2
      vertex 5.76046 18.858 0.7
    endloop
  endfacet
  facet normal 0.996922 -0.0784045 0
    outer loop
      vertex 5.76046 18.858 0.7
      vertex 5.75 18.725 1.2
      vertex 5.75 18.725 0.7
    endloop
  endfacet
  facet normal 0.522632 0.852558 -0
    outer loop
      vertex 26.2141 5.71764 1.2
      vertex 26.1004 5.78734 3.2
      vertex 26.2141 5.71764 3.2
    endloop
  endfacet
  facet normal 0.522632 0.852558 0
    outer loop
      vertex 26.2141 5.71764 1.2
      vertex 26.1004 5.78734 1.2
      vertex 26.1004 5.78734 3.2
    endloop
  endfacet
  facet normal 0.522632 0.852558 -0
    outer loop
      vertex 26.2141 5.71764 0.7
      vertex 26.1004 5.78734 1.2
      vertex 26.2141 5.71764 1.2
    endloop
  endfacet
  facet normal 0.522632 0.852558 0
    outer loop
      vertex 26.1004 5.78734 1.2
      vertex 26.2141 5.71764 0.7
      vertex 26.1004 5.78734 0.7
    endloop
  endfacet
  facet normal -0.233458 0.972367 0
    outer loop
      vertex 26.8627 5.6666 1.2
      vertex 26.733 5.63546 3.2
      vertex 26.8627 5.6666 3.2
    endloop
  endfacet
  facet normal -0.233458 0.972367 0
    outer loop
      vertex 26.8627 5.6666 1.2
      vertex 26.733 5.63546 1.2
      vertex 26.733 5.63546 3.2
    endloop
  endfacet
  facet normal -0.233458 0.972367 0
    outer loop
      vertex 26.8627 5.6666 0.7
      vertex 26.733 5.63546 1.2
      vertex 26.8627 5.6666 1.2
    endloop
  endfacet
  facet normal -0.233458 0.972367 0
    outer loop
      vertex 26.733 5.63546 1.2
      vertex 26.8627 5.6666 0.7
      vertex 26.733 5.63546 0.7
    endloop
  endfacet
  facet normal -0.972431 -0.233191 0
    outer loop
      vertex 27.4395 6.60797 1.2
      vertex 27.4084 6.73766 1.2
      vertex 27.4084 6.73766 0.7
    endloop
  endfacet
  facet normal -0.972431 -0.233191 -0
    outer loop
      vertex 27.4395 6.60797 1.2
      vertex 27.4084 6.73766 0.7
      vertex 27.4395 6.60797 0.7
    endloop
  endfacet
  facet normal -0.972431 -0.233191 0
    outer loop
      vertex 27.4084 6.73766 1.2
      vertex 27.4395 6.60797 1.2
      vertex 27.4084 6.73766 3.2
    endloop
  endfacet
  facet normal -0.972431 -0.233191 0
    outer loop
      vertex 27.4084 6.73766 3.2
      vertex 27.4395 6.60797 1.2
      vertex 27.4395 6.60797 3.2
    endloop
  endfacet
  facet normal -0.996897 -0.0787201 0
    outer loop
      vertex 27.45 6.475 1.2
      vertex 27.4395 6.60797 1.2
      vertex 27.4395 6.60797 0.7
    endloop
  endfacet
  facet normal -0.996897 -0.0787201 -0
    outer loop
      vertex 27.45 6.475 1.2
      vertex 27.4395 6.60797 0.7
      vertex 27.45 6.475 0.7
    endloop
  endfacet
  facet normal -0.996897 -0.0787201 0
    outer loop
      vertex 27.4395 6.60797 1.2
      vertex 27.45 6.475 1.2
      vertex 27.4395 6.60797 3.2
    endloop
  endfacet
  facet normal -0.996897 -0.0787201 0
    outer loop
      vertex 27.4395 6.60797 3.2
      vertex 27.45 6.475 1.2
      vertex 27.45 6.475 3.2
    endloop
  endfacet
  facet normal -0.972435 0.233174 0
    outer loop
      vertex 27.4084 6.21233 1.2
      vertex 27.4395 6.34203 1.2
      vertex 27.4395 6.34203 0.7
    endloop
  endfacet
  facet normal -0.972435 0.233174 0
    outer loop
      vertex 27.4084 6.21233 1.2
      vertex 27.4395 6.34203 0.7
      vertex 27.4084 6.21233 0.7
    endloop
  endfacet
  facet normal -0.972435 0.233174 0
    outer loop
      vertex 27.4395 6.34203 1.2
      vertex 27.4084 6.21233 1.2
      vertex 27.4395 6.34203 3.2
    endloop
  endfacet
  facet normal -0.972435 0.233174 0
    outer loop
      vertex 27.4395 6.34203 3.2
      vertex 27.4084 6.21233 1.2
      vertex 27.4084 6.21233 3.2
    endloop
  endfacet
  facet normal 0.233458 0.972367 -0
    outer loop
      vertex 26.467 5.63546 1.2
      vertex 26.3373 5.6666 3.2
      vertex 26.467 5.63546 3.2
    endloop
  endfacet
  facet normal 0.233458 0.972367 0
    outer loop
      vertex 26.467 5.63546 1.2
      vertex 26.3373 5.6666 1.2
      vertex 26.3373 5.6666 3.2
    endloop
  endfacet
  facet normal 0.233458 0.972367 -0
    outer loop
      vertex 26.467 5.63546 0.7
      vertex 26.3373 5.6666 1.2
      vertex 26.467 5.63546 1.2
    endloop
  endfacet
  facet normal 0.233458 0.972367 0
    outer loop
      vertex 26.3373 5.6666 1.2
      vertex 26.467 5.63546 0.7
      vertex 26.3373 5.6666 0.7
    endloop
  endfacet
  facet normal -0.760113 -0.649791 0
    outer loop
      vertex 27.2877 6.97462 1.2
      vertex 27.201 7.07604 1.2
      vertex 27.201 7.07604 0.7
    endloop
  endfacet
  facet normal -0.760113 -0.649791 -0
    outer loop
      vertex 27.2877 6.97462 1.2
      vertex 27.201 7.07604 0.7
      vertex 27.2877 6.97462 0.7
    endloop
  endfacet
  facet normal -0.760113 -0.649791 0
    outer loop
      vertex 27.201 7.07604 1.2
      vertex 27.2877 6.97462 1.2
      vertex 27.201 7.07604 3.2
    endloop
  endfacet
  facet normal -0.760113 -0.649791 0
    outer loop
      vertex 27.201 7.07604 3.2
      vertex 27.2877 6.97462 1.2
      vertex 27.2877 6.97462 3.2
    endloop
  endfacet
  facet normal -0.649518 -0.760346 0
    outer loop
      vertex 27.0996 7.16266 1.2
      vertex 27.201 7.07604 3.2
      vertex 27.0996 7.16266 3.2
    endloop
  endfacet
  facet normal -0.649518 -0.760346 0
    outer loop
      vertex 27.0996 7.16266 1.2
      vertex 27.201 7.07604 1.2
      vertex 27.201 7.07604 3.2
    endloop
  endfacet
  facet normal -0.649518 -0.760346 0
    outer loop
      vertex 27.0996 7.16266 0.7
      vertex 27.201 7.07604 1.2
      vertex 27.0996 7.16266 1.2
    endloop
  endfacet
  facet normal -0.649518 -0.760346 -0
    outer loop
      vertex 27.201 7.07604 1.2
      vertex 27.0996 7.16266 0.7
      vertex 27.201 7.07604 0.7
    endloop
  endfacet
  facet normal -0.760113 0.649791 0
    outer loop
      vertex 27.201 5.87396 1.2
      vertex 27.2877 5.97538 1.2
      vertex 27.2877 5.97538 0.7
    endloop
  endfacet
  facet normal -0.760113 0.649791 0
    outer loop
      vertex 27.201 5.87396 1.2
      vertex 27.2877 5.97538 0.7
      vertex 27.201 5.87396 0.7
    endloop
  endfacet
  facet normal -0.760113 0.649791 0
    outer loop
      vertex 27.2877 5.97538 1.2
      vertex 27.201 5.87396 1.2
      vertex 27.2877 5.97538 3.2
    endloop
  endfacet
  facet normal -0.760113 0.649791 0
    outer loop
      vertex 27.2877 5.97538 3.2
      vertex 27.201 5.87396 1.2
      vertex 27.201 5.87396 3.2
    endloop
  endfacet
  facet normal 0.649518 -0.760346 0
    outer loop
      vertex 25.999 7.07604 1.2
      vertex 26.1004 7.16266 3.2
      vertex 25.999 7.07604 3.2
    endloop
  endfacet
  facet normal 0.649518 -0.760346 0
    outer loop
      vertex 25.999 7.07604 1.2
      vertex 26.1004 7.16266 1.2
      vertex 26.1004 7.16266 3.2
    endloop
  endfacet
  facet normal 0.649518 -0.760346 0
    outer loop
      vertex 25.999 7.07604 0.7
      vertex 26.1004 7.16266 1.2
      vertex 25.999 7.07604 1.2
    endloop
  endfacet
  facet normal 0.649518 -0.760346 0
    outer loop
      vertex 26.1004 7.16266 1.2
      vertex 25.999 7.07604 0.7
      vertex 26.1004 7.16266 0.7
    endloop
  endfacet
  facet normal -0.38274 0.923856 0
    outer loop
      vertex 26.9859 5.71764 1.2
      vertex 26.8627 5.6666 3.2
      vertex 26.9859 5.71764 3.2
    endloop
  endfacet
  facet normal -0.38274 0.923856 0
    outer loop
      vertex 26.9859 5.71764 1.2
      vertex 26.8627 5.6666 1.2
      vertex 26.8627 5.6666 3.2
    endloop
  endfacet
  facet normal -0.38274 0.923856 0
    outer loop
      vertex 26.9859 5.71764 0.7
      vertex 26.8627 5.6666 1.2
      vertex 26.9859 5.71764 1.2
    endloop
  endfacet
  facet normal -0.38274 0.923856 0
    outer loop
      vertex 26.8627 5.6666 1.2
      vertex 26.9859 5.71764 0.7
      vertex 26.8627 5.6666 0.7
    endloop
  endfacet
  facet normal 0.760113 0.649791 0
    outer loop
      vertex 25.999 5.87396 1.2
      vertex 25.9123 5.97538 1.2
      vertex 25.9123 5.97538 3.2
    endloop
  endfacet
  facet normal 0.760113 0.649791 -0
    outer loop
      vertex 25.999 5.87396 1.2
      vertex 25.9123 5.97538 3.2
      vertex 25.999 5.87396 3.2
    endloop
  endfacet
  facet normal 0.760113 0.649791 0
    outer loop
      vertex 25.9123 5.97538 1.2
      vertex 25.999 5.87396 1.2
      vertex 25.9123 5.97538 0.7
    endloop
  endfacet
  facet normal 0.760113 0.649791 0
    outer loop
      vertex 25.9123 5.97538 0.7
      vertex 25.999 5.87396 1.2
      vertex 25.999 5.87396 0.7
    endloop
  endfacet
  facet normal 0.85262 0.522532 0
    outer loop
      vertex 25.9123 5.97538 1.2
      vertex 25.8426 6.08911 1.2
      vertex 25.8426 6.08911 3.2
    endloop
  endfacet
  facet normal 0.85262 0.522532 -0
    outer loop
      vertex 25.9123 5.97538 1.2
      vertex 25.8426 6.08911 3.2
      vertex 25.9123 5.97538 3.2
    endloop
  endfacet
  facet normal 0.85262 0.522532 0
    outer loop
      vertex 25.8426 6.08911 1.2
      vertex 25.9123 5.97538 1.2
      vertex 25.8426 6.08911 0.7
    endloop
  endfacet
  facet normal 0.85262 0.522532 0
    outer loop
      vertex 25.8426 6.08911 0.7
      vertex 25.9123 5.97538 1.2
      vertex 25.9123 5.97538 0.7
    endloop
  endfacet
  facet normal 0.923995 -0.382405 0
    outer loop
      vertex 25.7916 6.73766 1.2
      vertex 25.8426 6.86089 1.2
      vertex 25.8426 6.86089 3.2
    endloop
  endfacet
  facet normal 0.923995 -0.382405 0
    outer loop
      vertex 25.7916 6.73766 1.2
      vertex 25.8426 6.86089 3.2
      vertex 25.7916 6.73766 3.2
    endloop
  endfacet
  facet normal 0.923995 -0.382405 0
    outer loop
      vertex 25.8426 6.86089 1.2
      vertex 25.7916 6.73766 1.2
      vertex 25.8426 6.86089 0.7
    endloop
  endfacet
  facet normal 0.923995 -0.382405 0
    outer loop
      vertex 25.8426 6.86089 0.7
      vertex 25.7916 6.73766 1.2
      vertex 25.7916 6.73766 0.7
    endloop
  endfacet
  facet normal 0.972435 0.233174 0
    outer loop
      vertex 25.7916 6.21233 1.2
      vertex 25.7605 6.34203 1.2
      vertex 25.7605 6.34203 3.2
    endloop
  endfacet
  facet normal 0.972435 0.233174 -0
    outer loop
      vertex 25.7916 6.21233 1.2
      vertex 25.7605 6.34203 3.2
      vertex 25.7916 6.21233 3.2
    endloop
  endfacet
  facet normal 0.972435 0.233174 0
    outer loop
      vertex 25.7605 6.34203 1.2
      vertex 25.7916 6.21233 1.2
      vertex 25.7605 6.34203 0.7
    endloop
  endfacet
  facet normal 0.972435 0.233174 0
    outer loop
      vertex 25.7605 6.34203 0.7
      vertex 25.7916 6.21233 1.2
      vertex 25.7916 6.21233 0.7
    endloop
  endfacet
  facet normal -0.85262 0.522532 0
    outer loop
      vertex 27.2877 5.97538 1.2
      vertex 27.3574 6.08911 1.2
      vertex 27.3574 6.08911 0.7
    endloop
  endfacet
  facet normal -0.85262 0.522532 0
    outer loop
      vertex 27.2877 5.97538 1.2
      vertex 27.3574 6.08911 0.7
      vertex 27.2877 5.97538 0.7
    endloop
  endfacet
  facet normal -0.85262 0.522532 0
    outer loop
      vertex 27.3574 6.08911 1.2
      vertex 27.2877 5.97538 1.2
      vertex 27.3574 6.08911 3.2
    endloop
  endfacet
  facet normal -0.85262 0.522532 0
    outer loop
      vertex 27.3574 6.08911 3.2
      vertex 27.2877 5.97538 1.2
      vertex 27.2877 5.97538 3.2
    endloop
  endfacet
  facet normal 0.38274 0.923856 -0
    outer loop
      vertex 26.3373 5.6666 1.2
      vertex 26.2141 5.71764 3.2
      vertex 26.3373 5.6666 3.2
    endloop
  endfacet
  facet normal 0.38274 0.923856 0
    outer loop
      vertex 26.3373 5.6666 1.2
      vertex 26.2141 5.71764 1.2
      vertex 26.2141 5.71764 3.2
    endloop
  endfacet
  facet normal 0.38274 0.923856 -0
    outer loop
      vertex 26.3373 5.6666 0.7
      vertex 26.2141 5.71764 1.2
      vertex 26.3373 5.6666 1.2
    endloop
  endfacet
  facet normal 0.38274 0.923856 0
    outer loop
      vertex 26.2141 5.71764 1.2
      vertex 26.3373 5.6666 0.7
      vertex 26.2141 5.71764 0.7
    endloop
  endfacet
  facet normal 0.38274 -0.923856 0
    outer loop
      vertex 26.2141 7.23236 1.2
      vertex 26.3373 7.2834 3.2
      vertex 26.2141 7.23236 3.2
    endloop
  endfacet
  facet normal 0.38274 -0.923856 0
    outer loop
      vertex 26.2141 7.23236 1.2
      vertex 26.3373 7.2834 1.2
      vertex 26.3373 7.2834 3.2
    endloop
  endfacet
  facet normal 0.38274 -0.923856 0
    outer loop
      vertex 26.2141 7.23236 0.7
      vertex 26.3373 7.2834 1.2
      vertex 26.2141 7.23236 1.2
    endloop
  endfacet
  facet normal 0.38274 -0.923856 0
    outer loop
      vertex 26.3373 7.2834 1.2
      vertex 26.2141 7.23236 0.7
      vertex 26.3373 7.2834 0.7
    endloop
  endfacet
  facet normal -0.923984 0.382431 0
    outer loop
      vertex 27.3574 6.08911 1.2
      vertex 27.4084 6.21233 1.2
      vertex 27.4084 6.21233 0.7
    endloop
  endfacet
  facet normal -0.923984 0.382431 0
    outer loop
      vertex 27.3574 6.08911 1.2
      vertex 27.4084 6.21233 0.7
      vertex 27.3574 6.08911 0.7
    endloop
  endfacet
  facet normal -0.923984 0.382431 0
    outer loop
      vertex 27.4084 6.21233 1.2
      vertex 27.3574 6.08911 1.2
      vertex 27.4084 6.21233 3.2
    endloop
  endfacet
  facet normal -0.923984 0.382431 0
    outer loop
      vertex 27.4084 6.21233 3.2
      vertex 27.3574 6.08911 1.2
      vertex 27.3574 6.08911 3.2
    endloop
  endfacet
  facet normal -0.38274 -0.923856 0
    outer loop
      vertex 26.8627 7.2834 1.2
      vertex 26.9859 7.23236 3.2
      vertex 26.8627 7.2834 3.2
    endloop
  endfacet
  facet normal -0.38274 -0.923856 0
    outer loop
      vertex 26.8627 7.2834 1.2
      vertex 26.9859 7.23236 1.2
      vertex 26.9859 7.23236 3.2
    endloop
  endfacet
  facet normal -0.38274 -0.923856 0
    outer loop
      vertex 26.8627 7.2834 0.7
      vertex 26.9859 7.23236 1.2
      vertex 26.8627 7.2834 1.2
    endloop
  endfacet
  facet normal -0.38274 -0.923856 -0
    outer loop
      vertex 26.9859 7.23236 1.2
      vertex 26.8627 7.2834 0.7
      vertex 26.9859 7.23236 0.7
    endloop
  endfacet
  facet normal 0.923984 0.382431 0
    outer loop
      vertex 25.8426 6.08911 1.2
      vertex 25.7916 6.21233 1.2
      vertex 25.7916 6.21233 3.2
    endloop
  endfacet
  facet normal 0.923984 0.382431 -0
    outer loop
      vertex 25.8426 6.08911 1.2
      vertex 25.7916 6.21233 3.2
      vertex 25.8426 6.08911 3.2
    endloop
  endfacet
  facet normal 0.923984 0.382431 0
    outer loop
      vertex 25.7916 6.21233 1.2
      vertex 25.8426 6.08911 1.2
      vertex 25.7916 6.21233 0.7
    endloop
  endfacet
  facet normal 0.923984 0.382431 0
    outer loop
      vertex 25.7916 6.21233 0.7
      vertex 25.8426 6.08911 1.2
      vertex 25.8426 6.08911 0.7
    endloop
  endfacet
  facet normal 0 0 1
    outer loop
      vertex 27.4395 6.60797 0.7
      vertex 27.4395 6.34203 0.7
      vertex 27.45 6.475 0.7
    endloop
  endfacet
  facet normal 0 0 1
    outer loop
      vertex 27.4084 6.73766 0.7
      vertex 27.4395 6.34203 0.7
      vertex 27.4395 6.60797 0.7
    endloop
  endfacet
  facet normal 0 0 1
    outer loop
      vertex 27.4084 6.73766 0.7
      vertex 27.4084 6.21233 0.7
      vertex 27.4395 6.34203 0.7
    endloop
  endfacet
  facet normal 0 0 1
    outer loop
      vertex 27.3574 6.86089 0.7
      vertex 27.4084 6.21233 0.7
      vertex 27.4084 6.73766 0.7
    endloop
  endfacet
  facet normal 0 0 1
    outer loop
      vertex 27.3574 6.86089 0.7
      vertex 27.3574 6.08911 0.7
      vertex 27.4084 6.21233 0.7
    endloop
  endfacet
  facet normal 0 0 1
    outer loop
      vertex 27.2877 6.97462 0.7
      vertex 27.3574 6.08911 0.7
      vertex 27.3574 6.86089 0.7
    endloop
  endfacet
  facet normal 0 0 1
    outer loop
      vertex 27.2877 6.97462 0.7
      vertex 27.2877 5.97538 0.7
      vertex 27.3574 6.08911 0.7
    endloop
  endfacet
  facet normal 0 0 1
    outer loop
      vertex 27.201 7.07604 0.7
      vertex 27.2877 5.97538 0.7
      vertex 27.2877 6.97462 0.7
    endloop
  endfacet
  facet normal 0 0 1
    outer loop
      vertex 27.201 7.07604 0.7
      vertex 27.201 5.87396 0.7
      vertex 27.2877 5.97538 0.7
    endloop
  endfacet
  facet normal 0 0 1
    outer loop
      vertex 27.0996 7.16266 0.7
      vertex 27.201 5.87396 0.7
      vertex 27.201 7.07604 0.7
    endloop
  endfacet
  facet normal 0 0 1
    outer loop
      vertex 27.0996 7.16266 0.7
      vertex 27.0996 5.78734 0.7
      vertex 27.201 5.87396 0.7
    endloop
  endfacet
  facet normal 0 0 1
    outer loop
      vertex 26.9859 7.23236 0.7
      vertex 27.0996 5.78734 0.7
      vertex 27.0996 7.16266 0.7
    endloop
  endfacet
  facet normal 0 0 1
    outer loop
      vertex 26.9859 7.23236 0.7
      vertex 26.9859 5.71764 0.7
      vertex 27.0996 5.78734 0.7
    endloop
  endfacet
  facet normal 0 0 1
    outer loop
      vertex 26.8627 7.2834 0.7
      vertex 26.9859 5.71764 0.7
      vertex 26.9859 7.23236 0.7
    endloop
  endfacet
  facet normal 0 0 1
    outer loop
      vertex 26.8627 7.2834 0.7
      vertex 26.8627 5.6666 0.7
      vertex 26.9859 5.71764 0.7
    endloop
  endfacet
  facet normal 0 0 1
    outer loop
      vertex 26.733 7.31453 0.7
      vertex 26.8627 5.6666 0.7
      vertex 26.8627 7.2834 0.7
    endloop
  endfacet
  facet normal 0 0 1
    outer loop
      vertex 26.733 7.31453 0.7
      vertex 26.733 5.63546 0.7
      vertex 26.8627 5.6666 0.7
    endloop
  endfacet
  facet normal 0 0 1
    outer loop
      vertex 26.6 7.325 0.7
      vertex 26.733 5.63546 0.7
      vertex 26.733 7.31453 0.7
    endloop
  endfacet
  facet normal 0 0 1
    outer loop
      vertex 26.6 7.325 0.7
      vertex 26.6 5.625 0.7
      vertex 26.733 5.63546 0.7
    endloop
  endfacet
  facet normal -0 0 1
    outer loop
      vertex 26.467 7.31453 0.7
      vertex 26.6 5.625 0.7
      vertex 26.6 7.325 0.7
    endloop
  endfacet
  facet normal 0 0 1
    outer loop
      vertex 26.467 7.31453 0.7
      vertex 26.467 5.63546 0.7
      vertex 26.6 5.625 0.7
    endloop
  endfacet
  facet normal -0 0 1
    outer loop
      vertex 26.3373 7.2834 0.7
      vertex 26.467 5.63546 0.7
      vertex 26.467 7.31453 0.7
    endloop
  endfacet
  facet normal 0 0 1
    outer loop
      vertex 26.3373 7.2834 0.7
      vertex 26.3373 5.6666 0.7
      vertex 26.467 5.63546 0.7
    endloop
  endfacet
  facet normal -0 0 1
    outer loop
      vertex 26.2141 7.23236 0.7
      vertex 26.3373 5.6666 0.7
      vertex 26.3373 7.2834 0.7
    endloop
  endfacet
  facet normal 0 0 1
    outer loop
      vertex 26.2141 7.23236 0.7
      vertex 26.2141 5.71764 0.7
      vertex 26.3373 5.6666 0.7
    endloop
  endfacet
  facet normal -0 0 1
    outer loop
      vertex 26.1004 7.16266 0.7
      vertex 26.2141 5.71764 0.7
      vertex 26.2141 7.23236 0.7
    endloop
  endfacet
  facet normal 0 0 1
    outer loop
      vertex 26.1004 7.16266 0.7
      vertex 26.1004 5.78734 0.7
      vertex 26.2141 5.71764 0.7
    endloop
  endfacet
  facet normal -0 0 1
    outer loop
      vertex 25.999 7.07604 0.7
      vertex 26.1004 5.78734 0.7
      vertex 26.1004 7.16266 0.7
    endloop
  endfacet
  facet normal 0 0 1
    outer loop
      vertex 25.999 7.07604 0.7
      vertex 25.999 5.87396 0.7
      vertex 26.1004 5.78734 0.7
    endloop
  endfacet
  facet normal -0 0 1
    outer loop
      vertex 25.9123 6.97462 0.7
      vertex 25.999 5.87396 0.7
      vertex 25.999 7.07604 0.7
    endloop
  endfacet
  facet normal 0 0 1
    outer loop
      vertex 25.9123 6.97462 0.7
      vertex 25.9123 5.97538 0.7
      vertex 25.999 5.87396 0.7
    endloop
  endfacet
  facet normal -0 0 1
    outer loop
      vertex 25.8426 6.86089 0.7
      vertex 25.9123 5.97538 0.7
      vertex 25.9123 6.97462 0.7
    endloop
  endfacet
  facet normal 0 0 1
    outer loop
      vertex 25.8426 6.86089 0.7
      vertex 25.8426 6.08911 0.7
      vertex 25.9123 5.97538 0.7
    endloop
  endfacet
  facet normal -0 0 1
    outer loop
      vertex 25.7916 6.73766 0.7
      vertex 25.8426 6.08911 0.7
      vertex 25.8426 6.86089 0.7
    endloop
  endfacet
  facet normal 0 0 1
    outer loop
      vertex 25.7916 6.73766 0.7
      vertex 25.7916 6.21233 0.7
      vertex 25.8426 6.08911 0.7
    endloop
  endfacet
  facet normal -0 0 1
    outer loop
      vertex 25.7605 6.60797 0.7
      vertex 25.7916 6.21233 0.7
      vertex 25.7916 6.73766 0.7
    endloop
  endfacet
  facet normal 0 0 1
    outer loop
      vertex 25.7605 6.60797 0.7
      vertex 25.7605 6.34203 0.7
      vertex 25.7916 6.21233 0.7
    endloop
  endfacet
  facet normal 0 -0 1
    outer loop
      vertex 25.7605 6.34203 0.7
      vertex 25.7605 6.60797 0.7
      vertex 25.75 6.475 0.7
    endloop
  endfacet
  facet normal -0.0784045 0.996922 0
    outer loop
      vertex 26.733 5.63546 1.2
      vertex 26.6 5.625 3.2
      vertex 26.733 5.63546 3.2
    endloop
  endfacet
  facet normal -0.0784045 0.996922 0
    outer loop
      vertex 26.733 5.63546 1.2
      vertex 26.6 5.625 1.2
      vertex 26.6 5.625 3.2
    endloop
  endfacet
  facet normal -0.0784045 0.996922 0
    outer loop
      vertex 26.733 5.63546 0.7
      vertex 26.6 5.625 1.2
      vertex 26.733 5.63546 1.2
    endloop
  endfacet
  facet normal -0.0784045 0.996922 0
    outer loop
      vertex 26.6 5.625 1.2
      vertex 26.733 5.63546 0.7
      vertex 26.6 5.625 0.7
    endloop
  endfacet
  facet normal -0.923995 -0.382405 0
    outer loop
      vertex 27.4084 6.73766 1.2
      vertex 27.3574 6.86089 1.2
      vertex 27.3574 6.86089 0.7
    endloop
  endfacet
  facet normal -0.923995 -0.382405 -0
    outer loop
      vertex 27.4084 6.73766 1.2
      vertex 27.3574 6.86089 0.7
      vertex 27.4084 6.73766 0.7
    endloop
  endfacet
  facet normal -0.923995 -0.382405 0
    outer loop
      vertex 27.3574 6.86089 1.2
      vertex 27.4084 6.73766 1.2
      vertex 27.3574 6.86089 3.2
    endloop
  endfacet
  facet normal -0.923995 -0.382405 0
    outer loop
      vertex 27.3574 6.86089 3.2
      vertex 27.4084 6.73766 1.2
      vertex 27.4084 6.73766 3.2
    endloop
  endfacet
  facet normal -0.522632 0.852558 0
    outer loop
      vertex 27.0996 5.78734 1.2
      vertex 26.9859 5.71764 3.2
      vertex 27.0996 5.78734 3.2
    endloop
  endfacet
  facet normal -0.522632 0.852558 0
    outer loop
      vertex 27.0996 5.78734 1.2
      vertex 26.9859 5.71764 1.2
      vertex 26.9859 5.71764 3.2
    endloop
  endfacet
  facet normal -0.522632 0.852558 0
    outer loop
      vertex 27.0996 5.78734 0.7
      vertex 26.9859 5.71764 1.2
      vertex 27.0996 5.78734 1.2
    endloop
  endfacet
  facet normal -0.522632 0.852558 0
    outer loop
      vertex 26.9859 5.71764 1.2
      vertex 27.0996 5.78734 0.7
      vertex 26.9859 5.71764 0.7
    endloop
  endfacet
  facet normal 0.760113 -0.649791 0
    outer loop
      vertex 25.9123 6.97462 1.2
      vertex 25.999 7.07604 1.2
      vertex 25.999 7.07604 3.2
    endloop
  endfacet
  facet normal 0.760113 -0.649791 0
    outer loop
      vertex 25.9123 6.97462 1.2
      vertex 25.999 7.07604 3.2
      vertex 25.9123 6.97462 3.2
    endloop
  endfacet
  facet normal 0.760113 -0.649791 0
    outer loop
      vertex 25.999 7.07604 1.2
      vertex 25.9123 6.97462 1.2
      vertex 25.999 7.07604 0.7
    endloop
  endfacet
  facet normal 0.760113 -0.649791 0
    outer loop
      vertex 25.999 7.07604 0.7
      vertex 25.9123 6.97462 1.2
      vertex 25.9123 6.97462 0.7
    endloop
  endfacet
  facet normal 0.522632 -0.852558 0
    outer loop
      vertex 26.1004 7.16266 1.2
      vertex 26.2141 7.23236 3.2
      vertex 26.1004 7.16266 3.2
    endloop
  endfacet
  facet normal 0.522632 -0.852558 0
    outer loop
      vertex 26.1004 7.16266 1.2
      vertex 26.2141 7.23236 1.2
      vertex 26.2141 7.23236 3.2
    endloop
  endfacet
  facet normal 0.522632 -0.852558 0
    outer loop
      vertex 26.1004 7.16266 0.7
      vertex 26.2141 7.23236 1.2
      vertex 26.1004 7.16266 1.2
    endloop
  endfacet
  facet normal 0.522632 -0.852558 0
    outer loop
      vertex 26.2141 7.23236 1.2
      vertex 26.1004 7.16266 0.7
      vertex 26.2141 7.23236 0.7
    endloop
  endfacet
  facet normal 0.996897 0.0787201 0
    outer loop
      vertex 25.7605 6.34203 1.2
      vertex 25.75 6.475 1.2
      vertex 25.75 6.475 3.2
    endloop
  endfacet
  facet normal 0.996897 0.0787201 -0
    outer loop
      vertex 25.7605 6.34203 1.2
      vertex 25.75 6.475 3.2
      vertex 25.7605 6.34203 3.2
    endloop
  endfacet
  facet normal 0.996897 0.0787201 0
    outer loop
      vertex 25.75 6.475 1.2
      vertex 25.7605 6.34203 1.2
      vertex 25.75 6.475 0.7
    endloop
  endfacet
  facet normal 0.996897 0.0787201 0
    outer loop
      vertex 25.75 6.475 0.7
      vertex 25.7605 6.34203 1.2
      vertex 25.7605 6.34203 0.7
    endloop
  endfacet
  facet normal -0.233387 -0.972384 0
    outer loop
      vertex 26.733 7.31453 1.2
      vertex 26.8627 7.2834 3.2
      vertex 26.733 7.31453 3.2
    endloop
  endfacet
  facet normal -0.233387 -0.972384 0
    outer loop
      vertex 26.733 7.31453 1.2
      vertex 26.8627 7.2834 1.2
      vertex 26.8627 7.2834 3.2
    endloop
  endfacet
  facet normal -0.233387 -0.972384 0
    outer loop
      vertex 26.733 7.31453 0.7
      vertex 26.8627 7.2834 1.2
      vertex 26.733 7.31453 1.2
    endloop
  endfacet
  facet normal -0.233387 -0.972384 -0
    outer loop
      vertex 26.8627 7.2834 1.2
      vertex 26.733 7.31453 0.7
      vertex 26.8627 7.2834 0.7
    endloop
  endfacet
  facet normal -0.522632 -0.852558 0
    outer loop
      vertex 26.9859 7.23236 1.2
      vertex 27.0996 7.16266 3.2
      vertex 26.9859 7.23236 3.2
    endloop
  endfacet
  facet normal -0.522632 -0.852558 0
    outer loop
      vertex 26.9859 7.23236 1.2
      vertex 27.0996 7.16266 1.2
      vertex 27.0996 7.16266 3.2
    endloop
  endfacet
  facet normal -0.522632 -0.852558 0
    outer loop
      vertex 26.9859 7.23236 0.7
      vertex 27.0996 7.16266 1.2
      vertex 26.9859 7.23236 1.2
    endloop
  endfacet
  facet normal -0.522632 -0.852558 -0
    outer loop
      vertex 27.0996 7.16266 1.2
      vertex 26.9859 7.23236 0.7
      vertex 27.0996 7.16266 0.7
    endloop
  endfacet
  facet normal -0.649518 0.760346 0
    outer loop
      vertex 27.201 5.87396 1.2
      vertex 27.0996 5.78734 3.2
      vertex 27.201 5.87396 3.2
    endloop
  endfacet
  facet normal -0.649518 0.760346 0
    outer loop
      vertex 27.201 5.87396 1.2
      vertex 27.0996 5.78734 1.2
      vertex 27.0996 5.78734 3.2
    endloop
  endfacet
  facet normal -0.649518 0.760346 0
    outer loop
      vertex 27.201 5.87396 0.7
      vertex 27.0996 5.78734 1.2
      vertex 27.201 5.87396 1.2
    endloop
  endfacet
  facet normal -0.649518 0.760346 0
    outer loop
      vertex 27.0996 5.78734 1.2
      vertex 27.201 5.87396 0.7
      vertex 27.0996 5.78734 0.7
    endloop
  endfacet
  facet normal 0.233387 -0.972384 0
    outer loop
      vertex 26.3373 7.2834 1.2
      vertex 26.467 7.31453 3.2
      vertex 26.3373 7.2834 3.2
    endloop
  endfacet
  facet normal 0.233387 -0.972384 0
    outer loop
      vertex 26.3373 7.2834 1.2
      vertex 26.467 7.31453 1.2
      vertex 26.467 7.31453 3.2
    endloop
  endfacet
  facet normal 0.233387 -0.972384 0
    outer loop
      vertex 26.3373 7.2834 0.7
      vertex 26.467 7.31453 1.2
      vertex 26.3373 7.2834 1.2
    endloop
  endfacet
  facet normal 0.233387 -0.972384 0
    outer loop
      vertex 26.467 7.31453 1.2
      vertex 26.3373 7.2834 0.7
      vertex 26.467 7.31453 0.7
    endloop
  endfacet
  facet normal -0.85262 -0.522532 0
    outer loop
      vertex 27.3574 6.86089 1.2
      vertex 27.2877 6.97462 1.2
      vertex 27.2877 6.97462 0.7
    endloop
  endfacet
  facet normal -0.85262 -0.522532 -0
    outer loop
      vertex 27.3574 6.86089 1.2
      vertex 27.2877 6.97462 0.7
      vertex 27.3574 6.86089 0.7
    endloop
  endfacet
  facet normal -0.85262 -0.522532 0
    outer loop
      vertex 27.2877 6.97462 1.2
      vertex 27.3574 6.86089 1.2
      vertex 27.2877 6.97462 3.2
    endloop
  endfacet
  facet normal -0.85262 -0.522532 0
    outer loop
      vertex 27.2877 6.97462 3.2
      vertex 27.3574 6.86089 1.2
      vertex 27.3574 6.86089 3.2
    endloop
  endfacet
  facet normal 0.85262 -0.522532 0
    outer loop
      vertex 25.8426 6.86089 1.2
      vertex 25.9123 6.97462 1.2
      vertex 25.9123 6.97462 3.2
    endloop
  endfacet
  facet normal 0.85262 -0.522532 0
    outer loop
      vertex 25.8426 6.86089 1.2
      vertex 25.9123 6.97462 3.2
      vertex 25.8426 6.86089 3.2
    endloop
  endfacet
  facet normal 0.85262 -0.522532 0
    outer loop
      vertex 25.9123 6.97462 1.2
      vertex 25.8426 6.86089 1.2
      vertex 25.9123 6.97462 0.7
    endloop
  endfacet
  facet normal 0.85262 -0.522532 0
    outer loop
      vertex 25.9123 6.97462 0.7
      vertex 25.8426 6.86089 1.2
      vertex 25.8426 6.86089 0.7
    endloop
  endfacet
  facet normal -0.996897 0.0787201 0
    outer loop
      vertex 27.4395 6.34203 1.2
      vertex 27.45 6.475 1.2
      vertex 27.45 6.475 0.7
    endloop
  endfacet
  facet normal -0.996897 0.0787201 0
    outer loop
      vertex 27.4395 6.34203 1.2
      vertex 27.45 6.475 0.7
      vertex 27.4395 6.34203 0.7
    endloop
  endfacet
  facet normal -0.996897 0.0787201 0
    outer loop
      vertex 27.45 6.475 1.2
      vertex 27.4395 6.34203 1.2
      vertex 27.45 6.475 3.2
    endloop
  endfacet
  facet normal -0.996897 0.0787201 0
    outer loop
      vertex 27.45 6.475 3.2
      vertex 27.4395 6.34203 1.2
      vertex 27.4395 6.34203 3.2
    endloop
  endfacet
  facet normal 0.972431 -0.233191 0
    outer loop
      vertex 25.7605 6.60797 1.2
      vertex 25.7916 6.73766 1.2
      vertex 25.7916 6.73766 3.2
    endloop
  endfacet
  facet normal 0.972431 -0.233191 0
    outer loop
      vertex 25.7605 6.60797 1.2
      vertex 25.7916 6.73766 3.2
      vertex 25.7605 6.60797 3.2
    endloop
  endfacet
  facet normal 0.972431 -0.233191 0
    outer loop
      vertex 25.7916 6.73766 1.2
      vertex 25.7605 6.60797 1.2
      vertex 25.7916 6.73766 0.7
    endloop
  endfacet
  facet normal 0.972431 -0.233191 0
    outer loop
      vertex 25.7916 6.73766 0.7
      vertex 25.7605 6.60797 1.2
      vertex 25.7605 6.60797 0.7
    endloop
  endfacet
  facet normal 0.649518 0.760346 -0
    outer loop
      vertex 26.1004 5.78734 1.2
      vertex 25.999 5.87396 3.2
      vertex 26.1004 5.78734 3.2
    endloop
  endfacet
  facet normal 0.649518 0.760346 0
    outer loop
      vertex 26.1004 5.78734 1.2
      vertex 25.999 5.87396 1.2
      vertex 25.999 5.87396 3.2
    endloop
  endfacet
  facet normal 0.649518 0.760346 -0
    outer loop
      vertex 26.1004 5.78734 0.7
      vertex 25.999 5.87396 1.2
      vertex 26.1004 5.78734 1.2
    endloop
  endfacet
  facet normal 0.649518 0.760346 0
    outer loop
      vertex 25.999 5.87396 1.2
      vertex 26.1004 5.78734 0.7
      vertex 25.999 5.87396 0.7
    endloop
  endfacet
  facet normal 0.0784045 0.996922 -0
    outer loop
      vertex 26.6 5.625 1.2
      vertex 26.467 5.63546 3.2
      vertex 26.6 5.625 3.2
    endloop
  endfacet
  facet normal 0.0784045 0.996922 0
    outer loop
      vertex 26.6 5.625 1.2
      vertex 26.467 5.63546 1.2
      vertex 26.467 5.63546 3.2
    endloop
  endfacet
  facet normal 0.0784045 0.996922 -0
    outer loop
      vertex 26.6 5.625 0.7
      vertex 26.467 5.63546 1.2
      vertex 26.6 5.625 1.2
    endloop
  endfacet
  facet normal 0.0784045 0.996922 0
    outer loop
      vertex 26.467 5.63546 1.2
      vertex 26.6 5.625 0.7
      vertex 26.467 5.63546 0.7
    endloop
  endfacet
  facet normal -0.078479 -0.996916 0
    outer loop
      vertex 26.6 7.325 1.2
      vertex 26.733 7.31453 3.2
      vertex 26.6 7.325 3.2
    endloop
  endfacet
  facet normal -0.078479 -0.996916 0
    outer loop
      vertex 26.6 7.325 1.2
      vertex 26.733 7.31453 1.2
      vertex 26.733 7.31453 3.2
    endloop
  endfacet
  facet normal -0.078479 -0.996916 0
    outer loop
      vertex 26.6 7.325 0.7
      vertex 26.733 7.31453 1.2
      vertex 26.6 7.325 1.2
    endloop
  endfacet
  facet normal -0.078479 -0.996916 -0
    outer loop
      vertex 26.733 7.31453 1.2
      vertex 26.6 7.325 0.7
      vertex 26.733 7.31453 0.7
    endloop
  endfacet
  facet normal 0.078479 -0.996916 0
    outer loop
      vertex 26.467 7.31453 1.2
      vertex 26.6 7.325 3.2
      vertex 26.467 7.31453 3.2
    endloop
  endfacet
  facet normal 0.078479 -0.996916 0
    outer loop
      vertex 26.467 7.31453 1.2
      vertex 26.6 7.325 1.2
      vertex 26.6 7.325 3.2
    endloop
  endfacet
  facet normal 0.078479 -0.996916 0
    outer loop
      vertex 26.467 7.31453 0.7
      vertex 26.6 7.325 1.2
      vertex 26.467 7.31453 1.2
    endloop
  endfacet
  facet normal 0.078479 -0.996916 0
    outer loop
      vertex 26.6 7.325 1.2
      vertex 26.467 7.31453 0.7
      vertex 26.6 7.325 0.7
    endloop
  endfacet
  facet normal 0.996897 -0.0787201 0
    outer loop
      vertex 25.75 6.475 1.2
      vertex 25.7605 6.60797 1.2
      vertex 25.7605 6.60797 3.2
    endloop
  endfacet
  facet normal 0.996897 -0.0787201 0
    outer loop
      vertex 25.75 6.475 1.2
      vertex 25.7605 6.60797 3.2
      vertex 25.75 6.475 3.2
    endloop
  endfacet
  facet normal 0.996897 -0.0787201 0
    outer loop
      vertex 25.7605 6.60797 1.2
      vertex 25.75 6.475 1.2
      vertex 25.7605 6.60797 0.7
    endloop
  endfacet
  facet normal 0.996897 -0.0787201 0
    outer loop
      vertex 25.7605 6.60797 0.7
      vertex 25.75 6.475 1.2
      vertex 25.75 6.475 0.7
    endloop
  endfacet
  facet normal 0.522632 0.852558 -0
    outer loop
      vertex 26.2141 17.9676 1.2
      vertex 26.1004 18.0373 3.2
      vertex 26.2141 17.9676 3.2
    endloop
  endfacet
  facet normal 0.522632 0.852558 0
    outer loop
      vertex 26.2141 17.9676 1.2
      vertex 26.1004 18.0373 1.2
      vertex 26.1004 18.0373 3.2
    endloop
  endfacet
  facet normal 0.522632 0.852558 -0
    outer loop
      vertex 26.2141 17.9676 0.7
      vertex 26.1004 18.0373 1.2
      vertex 26.2141 17.9676 1.2
    endloop
  endfacet
  facet normal 0.522632 0.852558 0
    outer loop
      vertex 26.1004 18.0373 1.2
      vertex 26.2141 17.9676 0.7
      vertex 26.1004 18.0373 0.7
    endloop
  endfacet
  facet normal -0.233174 0.972435 0
    outer loop
      vertex 26.8627 17.9166 1.2
      vertex 26.733 17.8855 3.2
      vertex 26.8627 17.9166 3.2
    endloop
  endfacet
  facet normal -0.233174 0.972435 0
    outer loop
      vertex 26.8627 17.9166 1.2
      vertex 26.733 17.8855 1.2
      vertex 26.733 17.8855 3.2
    endloop
  endfacet
  facet normal -0.233174 0.972435 0
    outer loop
      vertex 26.8627 17.9166 0.7
      vertex 26.733 17.8855 1.2
      vertex 26.8627 17.9166 1.2
    endloop
  endfacet
  facet normal -0.233174 0.972435 0
    outer loop
      vertex 26.733 17.8855 1.2
      vertex 26.8627 17.9166 0.7
      vertex 26.733 17.8855 0.7
    endloop
  endfacet
  facet normal -0.972435 -0.233174 0
    outer loop
      vertex 27.4395 18.858 1.2
      vertex 27.4084 18.9877 1.2
      vertex 27.4084 18.9877 0.7
    endloop
  endfacet
  facet normal -0.972435 -0.233174 -0
    outer loop
      vertex 27.4395 18.858 1.2
      vertex 27.4084 18.9877 0.7
      vertex 27.4395 18.858 0.7
    endloop
  endfacet
  facet normal -0.972435 -0.233174 0
    outer loop
      vertex 27.4084 18.9877 1.2
      vertex 27.4395 18.858 1.2
      vertex 27.4084 18.9877 3.2
    endloop
  endfacet
  facet normal -0.972435 -0.233174 0
    outer loop
      vertex 27.4084 18.9877 3.2
      vertex 27.4395 18.858 1.2
      vertex 27.4395 18.858 3.2
    endloop
  endfacet
  facet normal -0.996898 -0.0787025 0
    outer loop
      vertex 27.45 18.725 1.2
      vertex 27.4395 18.858 1.2
      vertex 27.4395 18.858 0.7
    endloop
  endfacet
  facet normal -0.996898 -0.0787025 -0
    outer loop
      vertex 27.45 18.725 1.2
      vertex 27.4395 18.858 0.7
      vertex 27.45 18.725 0.7
    endloop
  endfacet
  facet normal -0.996898 -0.0787025 0
    outer loop
      vertex 27.4395 18.858 1.2
      vertex 27.45 18.725 1.2
      vertex 27.4395 18.858 3.2
    endloop
  endfacet
  facet normal -0.996898 -0.0787025 0
    outer loop
      vertex 27.4395 18.858 3.2
      vertex 27.45 18.725 1.2
      vertex 27.45 18.725 3.2
    endloop
  endfacet
  facet normal -0.972435 0.233174 0
    outer loop
      vertex 27.4084 18.4623 1.2
      vertex 27.4395 18.592 1.2
      vertex 27.4395 18.592 0.7
    endloop
  endfacet
  facet normal -0.972435 0.233174 0
    outer loop
      vertex 27.4084 18.4623 1.2
      vertex 27.4395 18.592 0.7
      vertex 27.4084 18.4623 0.7
    endloop
  endfacet
  facet normal -0.972435 0.233174 0
    outer loop
      vertex 27.4395 18.592 1.2
      vertex 27.4084 18.4623 1.2
      vertex 27.4395 18.592 3.2
    endloop
  endfacet
  facet normal -0.972435 0.233174 0
    outer loop
      vertex 27.4395 18.592 3.2
      vertex 27.4084 18.4623 1.2
      vertex 27.4084 18.4623 3.2
    endloop
  endfacet
  facet normal 0.233174 0.972435 -0
    outer loop
      vertex 26.467 17.8855 1.2
      vertex 26.3373 17.9166 3.2
      vertex 26.467 17.8855 3.2
    endloop
  endfacet
  facet normal 0.233174 0.972435 0
    outer loop
      vertex 26.467 17.8855 1.2
      vertex 26.3373 17.9166 1.2
      vertex 26.3373 17.9166 3.2
    endloop
  endfacet
  facet normal 0.233174 0.972435 -0
    outer loop
      vertex 26.467 17.8855 0.7
      vertex 26.3373 17.9166 1.2
      vertex 26.467 17.8855 1.2
    endloop
  endfacet
  facet normal 0.233174 0.972435 0
    outer loop
      vertex 26.3373 17.9166 1.2
      vertex 26.467 17.8855 0.7
      vertex 26.3373 17.9166 0.7
    endloop
  endfacet
  facet normal -0.76005 -0.649865 0
    outer loop
      vertex 27.2877 19.2246 1.2
      vertex 27.201 19.326 1.2
      vertex 27.201 19.326 0.7
    endloop
  endfacet
  facet normal -0.76005 -0.649865 -0
    outer loop
      vertex 27.2877 19.2246 1.2
      vertex 27.201 19.326 0.7
      vertex 27.2877 19.2246 0.7
    endloop
  endfacet
  facet normal -0.76005 -0.649865 0
    outer loop
      vertex 27.201 19.326 1.2
      vertex 27.2877 19.2246 1.2
      vertex 27.201 19.326 3.2
    endloop
  endfacet
  facet normal -0.76005 -0.649865 0
    outer loop
      vertex 27.201 19.326 3.2
      vertex 27.2877 19.2246 1.2
      vertex 27.2877 19.2246 3.2
    endloop
  endfacet
  facet normal -0.649865 -0.76005 0
    outer loop
      vertex 27.0996 19.4127 1.2
      vertex 27.201 19.326 3.2
      vertex 27.0996 19.4127 3.2
    endloop
  endfacet
  facet normal -0.649865 -0.76005 0
    outer loop
      vertex 27.0996 19.4127 1.2
      vertex 27.201 19.326 1.2
      vertex 27.201 19.326 3.2
    endloop
  endfacet
  facet normal -0.649865 -0.76005 0
    outer loop
      vertex 27.0996 19.4127 0.7
      vertex 27.201 19.326 1.2
      vertex 27.0996 19.4127 1.2
    endloop
  endfacet
  facet normal -0.649865 -0.76005 -0
    outer loop
      vertex 27.201 19.326 1.2
      vertex 27.0996 19.4127 0.7
      vertex 27.201 19.326 0.7
    endloop
  endfacet
  facet normal -0.76005 0.649865 0
    outer loop
      vertex 27.201 18.124 1.2
      vertex 27.2877 18.2254 1.2
      vertex 27.2877 18.2254 0.7
    endloop
  endfacet
  facet normal -0.76005 0.649865 0
    outer loop
      vertex 27.201 18.124 1.2
      vertex 27.2877 18.2254 0.7
      vertex 27.201 18.124 0.7
    endloop
  endfacet
  facet normal -0.76005 0.649865 0
    outer loop
      vertex 27.2877 18.2254 1.2
      vertex 27.201 18.124 1.2
      vertex 27.2877 18.2254 3.2
    endloop
  endfacet
  facet normal -0.76005 0.649865 0
    outer loop
      vertex 27.2877 18.2254 3.2
      vertex 27.201 18.124 1.2
      vertex 27.201 18.124 3.2
    endloop
  endfacet
  facet normal -0.382484 0.923962 0
    outer loop
      vertex 26.9859 17.9676 1.2
      vertex 26.8627 17.9166 3.2
      vertex 26.9859 17.9676 3.2
    endloop
  endfacet
  facet normal -0.382484 0.923962 0
    outer loop
      vertex 26.9859 17.9676 1.2
      vertex 26.8627 17.9166 1.2
      vertex 26.8627 17.9166 3.2
    endloop
  endfacet
  facet normal -0.382484 0.923962 0
    outer loop
      vertex 26.9859 17.9676 0.7
      vertex 26.8627 17.9166 1.2
      vertex 26.9859 17.9676 1.2
    endloop
  endfacet
  facet normal -0.382484 0.923962 0
    outer loop
      vertex 26.8627 17.9166 1.2
      vertex 26.9859 17.9676 0.7
      vertex 26.8627 17.9166 0.7
    endloop
  endfacet
  facet normal 0.76005 0.649865 0
    outer loop
      vertex 25.999 18.124 1.2
      vertex 25.9123 18.2254 1.2
      vertex 25.9123 18.2254 3.2
    endloop
  endfacet
  facet normal 0.76005 0.649865 -0
    outer loop
      vertex 25.999 18.124 1.2
      vertex 25.9123 18.2254 3.2
      vertex 25.999 18.124 3.2
    endloop
  endfacet
  facet normal 0.76005 0.649865 0
    outer loop
      vertex 25.9123 18.2254 1.2
      vertex 25.999 18.124 1.2
      vertex 25.9123 18.2254 0.7
    endloop
  endfacet
  facet normal 0.76005 0.649865 0
    outer loop
      vertex 25.9123 18.2254 0.7
      vertex 25.999 18.124 1.2
      vertex 25.999 18.124 0.7
    endloop
  endfacet
  facet normal 0.852558 0.522632 0
    outer loop
      vertex 25.9123 18.2254 1.2
      vertex 25.8426 18.3391 1.2
      vertex 25.8426 18.3391 3.2
    endloop
  endfacet
  facet normal 0.852558 0.522632 -0
    outer loop
      vertex 25.9123 18.2254 1.2
      vertex 25.8426 18.3391 3.2
      vertex 25.9123 18.2254 3.2
    endloop
  endfacet
  facet normal 0.852558 0.522632 0
    outer loop
      vertex 25.8426 18.3391 1.2
      vertex 25.9123 18.2254 1.2
      vertex 25.8426 18.3391 0.7
    endloop
  endfacet
  facet normal 0.852558 0.522632 0
    outer loop
      vertex 25.8426 18.3391 0.7
      vertex 25.9123 18.2254 1.2
      vertex 25.9123 18.2254 0.7
    endloop
  endfacet
  facet normal 0.923962 -0.382484 0
    outer loop
      vertex 25.7916 18.9877 1.2
      vertex 25.8426 19.1109 1.2
      vertex 25.8426 19.1109 3.2
    endloop
  endfacet
  facet normal 0.923962 -0.382484 0
    outer loop
      vertex 25.7916 18.9877 1.2
      vertex 25.8426 19.1109 3.2
      vertex 25.7916 18.9877 3.2
    endloop
  endfacet
  facet normal 0.923962 -0.382484 0
    outer loop
      vertex 25.8426 19.1109 1.2
      vertex 25.7916 18.9877 1.2
      vertex 25.8426 19.1109 0.7
    endloop
  endfacet
  facet normal 0.923962 -0.382484 0
    outer loop
      vertex 25.8426 19.1109 0.7
      vertex 25.7916 18.9877 1.2
      vertex 25.7916 18.9877 0.7
    endloop
  endfacet
  facet normal 0.972435 0.233174 0
    outer loop
      vertex 25.7916 18.4623 1.2
      vertex 25.7605 18.592 1.2
      vertex 25.7605 18.592 3.2
    endloop
  endfacet
  facet normal 0.972435 0.233174 -0
    outer loop
      vertex 25.7916 18.4623 1.2
      vertex 25.7605 18.592 3.2
      vertex 25.7916 18.4623 3.2
    endloop
  endfacet
  facet normal 0.972435 0.233174 0
    outer loop
      vertex 25.7605 18.592 1.2
      vertex 25.7916 18.4623 1.2
      vertex 25.7605 18.592 0.7
    endloop
  endfacet
  facet normal 0.972435 0.233174 0
    outer loop
      vertex 25.7605 18.592 0.7
      vertex 25.7916 18.4623 1.2
      vertex 25.7916 18.4623 0.7
    endloop
  endfacet
  facet normal -0.852558 0.522632 0
    outer loop
      vertex 27.2877 18.2254 1.2
      vertex 27.3574 18.3391 1.2
      vertex 27.3574 18.3391 0.7
    endloop
  endfacet
  facet normal -0.852558 0.522632 0
    outer loop
      vertex 27.2877 18.2254 1.2
      vertex 27.3574 18.3391 0.7
      vertex 27.2877 18.2254 0.7
    endloop
  endfacet
  facet normal -0.852558 0.522632 0
    outer loop
      vertex 27.3574 18.3391 1.2
      vertex 27.2877 18.2254 1.2
      vertex 27.3574 18.3391 3.2
    endloop
  endfacet
  facet normal -0.852558 0.522632 0
    outer loop
      vertex 27.3574 18.3391 3.2
      vertex 27.2877 18.2254 1.2
      vertex 27.2877 18.2254 3.2
    endloop
  endfacet
  facet normal 0.382484 0.923962 -0
    outer loop
      vertex 26.3373 17.9166 1.2
      vertex 26.2141 17.9676 3.2
      vertex 26.3373 17.9166 3.2
    endloop
  endfacet
  facet normal 0.382484 0.923962 0
    outer loop
      vertex 26.3373 17.9166 1.2
      vertex 26.2141 17.9676 1.2
      vertex 26.2141 17.9676 3.2
    endloop
  endfacet
  facet normal 0.382484 0.923962 -0
    outer loop
      vertex 26.3373 17.9166 0.7
      vertex 26.2141 17.9676 1.2
      vertex 26.3373 17.9166 1.2
    endloop
  endfacet
  facet normal 0.382484 0.923962 0
    outer loop
      vertex 26.2141 17.9676 1.2
      vertex 26.3373 17.9166 0.7
      vertex 26.2141 17.9676 0.7
    endloop
  endfacet
  facet normal 0.382484 -0.923962 0
    outer loop
      vertex 26.2141 19.4824 1.2
      vertex 26.3373 19.5334 3.2
      vertex 26.2141 19.4824 3.2
    endloop
  endfacet
  facet normal 0.382484 -0.923962 0
    outer loop
      vertex 26.2141 19.4824 1.2
      vertex 26.3373 19.5334 1.2
      vertex 26.3373 19.5334 3.2
    endloop
  endfacet
  facet normal 0.382484 -0.923962 0
    outer loop
      vertex 26.2141 19.4824 0.7
      vertex 26.3373 19.5334 1.2
      vertex 26.2141 19.4824 1.2
    endloop
  endfacet
  facet normal 0.382484 -0.923962 0
    outer loop
      vertex 26.3373 19.5334 1.2
      vertex 26.2141 19.4824 0.7
      vertex 26.3373 19.5334 0.7
    endloop
  endfacet
  facet normal -0.923962 0.382484 0
    outer loop
      vertex 27.3574 18.3391 1.2
      vertex 27.4084 18.4623 1.2
      vertex 27.4084 18.4623 0.7
    endloop
  endfacet
  facet normal -0.923962 0.382484 0
    outer loop
      vertex 27.3574 18.3391 1.2
      vertex 27.4084 18.4623 0.7
      vertex 27.3574 18.3391 0.7
    endloop
  endfacet
  facet normal -0.923962 0.382484 0
    outer loop
      vertex 27.4084 18.4623 1.2
      vertex 27.3574 18.3391 1.2
      vertex 27.4084 18.4623 3.2
    endloop
  endfacet
  facet normal -0.923962 0.382484 0
    outer loop
      vertex 27.4084 18.4623 3.2
      vertex 27.3574 18.3391 1.2
      vertex 27.3574 18.3391 3.2
    endloop
  endfacet
  facet normal -0.382484 -0.923962 0
    outer loop
      vertex 26.8627 19.5334 1.2
      vertex 26.9859 19.4824 3.2
      vertex 26.8627 19.5334 3.2
    endloop
  endfacet
  facet normal -0.382484 -0.923962 0
    outer loop
      vertex 26.8627 19.5334 1.2
      vertex 26.9859 19.4824 1.2
      vertex 26.9859 19.4824 3.2
    endloop
  endfacet
  facet normal -0.382484 -0.923962 0
    outer loop
      vertex 26.8627 19.5334 0.7
      vertex 26.9859 19.4824 1.2
      vertex 26.8627 19.5334 1.2
    endloop
  endfacet
  facet normal -0.382484 -0.923962 -0
    outer loop
      vertex 26.9859 19.4824 1.2
      vertex 26.8627 19.5334 0.7
      vertex 26.9859 19.4824 0.7
    endloop
  endfacet
  facet normal 0.923962 0.382484 0
    outer loop
      vertex 25.8426 18.3391 1.2
      vertex 25.7916 18.4623 1.2
      vertex 25.7916 18.4623 3.2
    endloop
  endfacet
  facet normal 0.923962 0.382484 -0
    outer loop
      vertex 25.8426 18.3391 1.2
      vertex 25.7916 18.4623 3.2
      vertex 25.8426 18.3391 3.2
    endloop
  endfacet
  facet normal 0.923962 0.382484 0
    outer loop
      vertex 25.7916 18.4623 1.2
      vertex 25.8426 18.3391 1.2
      vertex 25.7916 18.4623 0.7
    endloop
  endfacet
  facet normal 0.923962 0.382484 0
    outer loop
      vertex 25.7916 18.4623 0.7
      vertex 25.8426 18.3391 1.2
      vertex 25.8426 18.3391 0.7
    endloop
  endfacet
  facet normal 0 0 1
    outer loop
      vertex 27.4395 18.858 0.7
      vertex 27.4395 18.592 0.7
      vertex 27.45 18.725 0.7
    endloop
  endfacet
  facet normal 0 0 1
    outer loop
      vertex 27.4084 18.9877 0.7
      vertex 27.4395 18.592 0.7
      vertex 27.4395 18.858 0.7
    endloop
  endfacet
  facet normal 0 0 1
    outer loop
      vertex 27.4084 18.9877 0.7
      vertex 27.4084 18.4623 0.7
      vertex 27.4395 18.592 0.7
    endloop
  endfacet
  facet normal 0 0 1
    outer loop
      vertex 27.3574 19.1109 0.7
      vertex 27.4084 18.4623 0.7
      vertex 27.4084 18.9877 0.7
    endloop
  endfacet
  facet normal 0 0 1
    outer loop
      vertex 27.3574 19.1109 0.7
      vertex 27.3574 18.3391 0.7
      vertex 27.4084 18.4623 0.7
    endloop
  endfacet
  facet normal 0 0 1
    outer loop
      vertex 27.2877 19.2246 0.7
      vertex 27.3574 18.3391 0.7
      vertex 27.3574 19.1109 0.7
    endloop
  endfacet
  facet normal 0 0 1
    outer loop
      vertex 27.2877 19.2246 0.7
      vertex 27.2877 18.2254 0.7
      vertex 27.3574 18.3391 0.7
    endloop
  endfacet
  facet normal 0 0 1
    outer loop
      vertex 27.201 19.326 0.7
      vertex 27.2877 18.2254 0.7
      vertex 27.2877 19.2246 0.7
    endloop
  endfacet
  facet normal 0 0 1
    outer loop
      vertex 27.201 19.326 0.7
      vertex 27.201 18.124 0.7
      vertex 27.2877 18.2254 0.7
    endloop
  endfacet
  facet normal 0 0 1
    outer loop
      vertex 27.0996 19.4127 0.7
      vertex 27.201 18.124 0.7
      vertex 27.201 19.326 0.7
    endloop
  endfacet
  facet normal 0 0 1
    outer loop
      vertex 27.0996 19.4127 0.7
      vertex 27.0996 18.0373 0.7
      vertex 27.201 18.124 0.7
    endloop
  endfacet
  facet normal 0 0 1
    outer loop
      vertex 26.9859 19.4824 0.7
      vertex 27.0996 18.0373 0.7
      vertex 27.0996 19.4127 0.7
    endloop
  endfacet
  facet normal 0 0 1
    outer loop
      vertex 26.9859 19.4824 0.7
      vertex 26.9859 17.9676 0.7
      vertex 27.0996 18.0373 0.7
    endloop
  endfacet
  facet normal 0 0 1
    outer loop
      vertex 26.8627 19.5334 0.7
      vertex 26.9859 17.9676 0.7
      vertex 26.9859 19.4824 0.7
    endloop
  endfacet
  facet normal 0 0 1
    outer loop
      vertex 26.8627 19.5334 0.7
      vertex 26.8627 17.9166 0.7
      vertex 26.9859 17.9676 0.7
    endloop
  endfacet
  facet normal 0 0 1
    outer loop
      vertex 26.733 19.5645 0.7
      vertex 26.8627 17.9166 0.7
      vertex 26.8627 19.5334 0.7
    endloop
  endfacet
  facet normal 0 0 1
    outer loop
      vertex 26.733 19.5645 0.7
      vertex 26.733 17.8855 0.7
      vertex 26.8627 17.9166 0.7
    endloop
  endfacet
  facet normal 0 0 1
    outer loop
      vertex 26.6 19.575 0.7
      vertex 26.733 17.8855 0.7
      vertex 26.733 19.5645 0.7
    endloop
  endfacet
  facet normal 0 0 1
    outer loop
      vertex 26.6 19.575 0.7
      vertex 26.6 17.875 0.7
      vertex 26.733 17.8855 0.7
    endloop
  endfacet
  facet normal -0 0 1
    outer loop
      vertex 26.467 19.5645 0.7
      vertex 26.6 17.875 0.7
      vertex 26.6 19.575 0.7
    endloop
  endfacet
  facet normal 0 0 1
    outer loop
      vertex 26.467 19.5645 0.7
      vertex 26.467 17.8855 0.7
      vertex 26.6 17.875 0.7
    endloop
  endfacet
  facet normal -0 0 1
    outer loop
      vertex 26.3373 19.5334 0.7
      vertex 26.467 17.8855 0.7
      vertex 26.467 19.5645 0.7
    endloop
  endfacet
  facet normal 0 0 1
    outer loop
      vertex 26.3373 19.5334 0.7
      vertex 26.3373 17.9166 0.7
      vertex 26.467 17.8855 0.7
    endloop
  endfacet
  facet normal -0 0 1
    outer loop
      vertex 26.2141 19.4824 0.7
      vertex 26.3373 17.9166 0.7
      vertex 26.3373 19.5334 0.7
    endloop
  endfacet
  facet normal 0 0 1
    outer loop
      vertex 26.2141 19.4824 0.7
      vertex 26.2141 17.9676 0.7
      vertex 26.3373 17.9166 0.7
    endloop
  endfacet
  facet normal -0 0 1
    outer loop
      vertex 26.1004 19.4127 0.7
      vertex 26.2141 17.9676 0.7
      vertex 26.2141 19.4824 0.7
    endloop
  endfacet
  facet normal 0 0 1
    outer loop
      vertex 26.1004 19.4127 0.7
      vertex 26.1004 18.0373 0.7
      vertex 26.2141 17.9676 0.7
    endloop
  endfacet
  facet normal -0 0 1
    outer loop
      vertex 25.999 19.326 0.7
      vertex 26.1004 18.0373 0.7
      vertex 26.1004 19.4127 0.7
    endloop
  endfacet
  facet normal 0 0 1
    outer loop
      vertex 25.999 19.326 0.7
      vertex 25.999 18.124 0.7
      vertex 26.1004 18.0373 0.7
    endloop
  endfacet
  facet normal -0 0 1
    outer loop
      vertex 25.9123 19.2246 0.7
      vertex 25.999 18.124 0.7
      vertex 25.999 19.326 0.7
    endloop
  endfacet
  facet normal 0 0 1
    outer loop
      vertex 25.9123 19.2246 0.7
      vertex 25.9123 18.2254 0.7
      vertex 25.999 18.124 0.7
    endloop
  endfacet
  facet normal -0 0 1
    outer loop
      vertex 25.8426 19.1109 0.7
      vertex 25.9123 18.2254 0.7
      vertex 25.9123 19.2246 0.7
    endloop
  endfacet
  facet normal 0 0 1
    outer loop
      vertex 25.8426 19.1109 0.7
      vertex 25.8426 18.3391 0.7
      vertex 25.9123 18.2254 0.7
    endloop
  endfacet
  facet normal -0 0 1
    outer loop
      vertex 25.7916 18.9877 0.7
      vertex 25.8426 18.3391 0.7
      vertex 25.8426 19.1109 0.7
    endloop
  endfacet
  facet normal 0 0 1
    outer loop
      vertex 25.7916 18.9877 0.7
      vertex 25.7916 18.4623 0.7
      vertex 25.8426 18.3391 0.7
    endloop
  endfacet
  facet normal -0 0 1
    outer loop
      vertex 25.7605 18.858 0.7
      vertex 25.7916 18.4623 0.7
      vertex 25.7916 18.9877 0.7
    endloop
  endfacet
  facet normal 0 0 1
    outer loop
      vertex 25.7605 18.858 0.7
      vertex 25.7605 18.592 0.7
      vertex 25.7916 18.4623 0.7
    endloop
  endfacet
  facet normal 0 -0 1
    outer loop
      vertex 25.7605 18.592 0.7
      vertex 25.7605 18.858 0.7
      vertex 25.75 18.725 0.7
    endloop
  endfacet
  facet normal -0.0787025 0.996898 0
    outer loop
      vertex 26.733 17.8855 1.2
      vertex 26.6 17.875 3.2
      vertex 26.733 17.8855 3.2
    endloop
  endfacet
  facet normal -0.0787025 0.996898 0
    outer loop
      vertex 26.733 17.8855 1.2
      vertex 26.6 17.875 1.2
      vertex 26.6 17.875 3.2
    endloop
  endfacet
  facet normal -0.0787025 0.996898 0
    outer loop
      vertex 26.733 17.8855 0.7
      vertex 26.6 17.875 1.2
      vertex 26.733 17.8855 1.2
    endloop
  endfacet
  facet normal -0.0787025 0.996898 0
    outer loop
      vertex 26.6 17.875 1.2
      vertex 26.733 17.8855 0.7
      vertex 26.6 17.875 0.7
    endloop
  endfacet
  facet normal -0.923962 -0.382484 0
    outer loop
      vertex 27.4084 18.9877 1.2
      vertex 27.3574 19.1109 1.2
      vertex 27.3574 19.1109 0.7
    endloop
  endfacet
  facet normal -0.923962 -0.382484 -0
    outer loop
      vertex 27.4084 18.9877 1.2
      vertex 27.3574 19.1109 0.7
      vertex 27.4084 18.9877 0.7
    endloop
  endfacet
  facet normal -0.923962 -0.382484 0
    outer loop
      vertex 27.3574 19.1109 1.2
      vertex 27.4084 18.9877 1.2
      vertex 27.3574 19.1109 3.2
    endloop
  endfacet
  facet normal -0.923962 -0.382484 0
    outer loop
      vertex 27.3574 19.1109 3.2
      vertex 27.4084 18.9877 1.2
      vertex 27.4084 18.9877 3.2
    endloop
  endfacet
  facet normal -0.522632 0.852558 0
    outer loop
      vertex 27.0996 18.0373 1.2
      vertex 26.9859 17.9676 3.2
      vertex 27.0996 18.0373 3.2
    endloop
  endfacet
  facet normal -0.522632 0.852558 0
    outer loop
      vertex 27.0996 18.0373 1.2
      vertex 26.9859 17.9676 1.2
      vertex 26.9859 17.9676 3.2
    endloop
  endfacet
  facet normal -0.522632 0.852558 0
    outer loop
      vertex 27.0996 18.0373 0.7
      vertex 26.9859 17.9676 1.2
      vertex 27.0996 18.0373 1.2
    endloop
  endfacet
  facet normal -0.522632 0.852558 0
    outer loop
      vertex 26.9859 17.9676 1.2
      vertex 27.0996 18.0373 0.7
      vertex 26.9859 17.9676 0.7
    endloop
  endfacet
  facet normal 0.76005 -0.649865 0
    outer loop
      vertex 25.9123 19.2246 1.2
      vertex 25.999 19.326 1.2
      vertex 25.999 19.326 3.2
    endloop
  endfacet
  facet normal 0.76005 -0.649865 0
    outer loop
      vertex 25.9123 19.2246 1.2
      vertex 25.999 19.326 3.2
      vertex 25.9123 19.2246 3.2
    endloop
  endfacet
  facet normal 0.76005 -0.649865 0
    outer loop
      vertex 25.999 19.326 1.2
      vertex 25.9123 19.2246 1.2
      vertex 25.999 19.326 0.7
    endloop
  endfacet
  facet normal 0.76005 -0.649865 0
    outer loop
      vertex 25.999 19.326 0.7
      vertex 25.9123 19.2246 1.2
      vertex 25.9123 19.2246 0.7
    endloop
  endfacet
  facet normal 0.649865 -0.76005 0
    outer loop
      vertex 25.999 19.326 1.2
      vertex 26.1004 19.4127 3.2
      vertex 25.999 19.326 3.2
    endloop
  endfacet
  facet normal 0.649865 -0.76005 0
    outer loop
      vertex 25.999 19.326 1.2
      vertex 26.1004 19.4127 1.2
      vertex 26.1004 19.4127 3.2
    endloop
  endfacet
  facet normal 0.649865 -0.76005 0
    outer loop
      vertex 25.999 19.326 0.7
      vertex 26.1004 19.4127 1.2
      vertex 25.999 19.326 1.2
    endloop
  endfacet
  facet normal 0.649865 -0.76005 0
    outer loop
      vertex 26.1004 19.4127 1.2
      vertex 25.999 19.326 0.7
      vertex 26.1004 19.4127 0.7
    endloop
  endfacet
  facet normal 0.522632 -0.852558 0
    outer loop
      vertex 26.1004 19.4127 1.2
      vertex 26.2141 19.4824 3.2
      vertex 26.1004 19.4127 3.2
    endloop
  endfacet
  facet normal 0.522632 -0.852558 0
    outer loop
      vertex 26.1004 19.4127 1.2
      vertex 26.2141 19.4824 1.2
      vertex 26.2141 19.4824 3.2
    endloop
  endfacet
  facet normal 0.522632 -0.852558 0
    outer loop
      vertex 26.1004 19.4127 0.7
      vertex 26.2141 19.4824 1.2
      vertex 26.1004 19.4127 1.2
    endloop
  endfacet
  facet normal 0.522632 -0.852558 0
    outer loop
      vertex 26.2141 19.4824 1.2
      vertex 26.1004 19.4127 0.7
      vertex 26.2141 19.4824 0.7
    endloop
  endfacet
  facet normal 0.996898 0.0787025 0
    outer loop
      vertex 25.7605 18.592 1.2
      vertex 25.75 18.725 1.2
      vertex 25.75 18.725 3.2
    endloop
  endfacet
  facet normal 0.996898 0.0787025 -0
    outer loop
      vertex 25.7605 18.592 1.2
      vertex 25.75 18.725 3.2
      vertex 25.7605 18.592 3.2
    endloop
  endfacet
  facet normal 0.996898 0.0787025 0
    outer loop
      vertex 25.75 18.725 1.2
      vertex 25.7605 18.592 1.2
      vertex 25.75 18.725 0.7
    endloop
  endfacet
  facet normal 0.996898 0.0787025 0
    outer loop
      vertex 25.75 18.725 0.7
      vertex 25.7605 18.592 1.2
      vertex 25.7605 18.592 0.7
    endloop
  endfacet
  facet normal -0.233174 -0.972435 0
    outer loop
      vertex 26.733 19.5645 1.2
      vertex 26.8627 19.5334 3.2
      vertex 26.733 19.5645 3.2
    endloop
  endfacet
  facet normal -0.233174 -0.972435 0
    outer loop
      vertex 26.733 19.5645 1.2
      vertex 26.8627 19.5334 1.2
      vertex 26.8627 19.5334 3.2
    endloop
  endfacet
  facet normal -0.233174 -0.972435 0
    outer loop
      vertex 26.733 19.5645 0.7
      vertex 26.8627 19.5334 1.2
      vertex 26.733 19.5645 1.2
    endloop
  endfacet
  facet normal -0.233174 -0.972435 -0
    outer loop
      vertex 26.8627 19.5334 1.2
      vertex 26.733 19.5645 0.7
      vertex 26.8627 19.5334 0.7
    endloop
  endfacet
  facet normal -0.522632 -0.852558 0
    outer loop
      vertex 26.9859 19.4824 1.2
      vertex 27.0996 19.4127 3.2
      vertex 26.9859 19.4824 3.2
    endloop
  endfacet
  facet normal -0.522632 -0.852558 0
    outer loop
      vertex 26.9859 19.4824 1.2
      vertex 27.0996 19.4127 1.2
      vertex 27.0996 19.4127 3.2
    endloop
  endfacet
  facet normal -0.522632 -0.852558 0
    outer loop
      vertex 26.9859 19.4824 0.7
      vertex 27.0996 19.4127 1.2
      vertex 26.9859 19.4824 1.2
    endloop
  endfacet
  facet normal -0.522632 -0.852558 -0
    outer loop
      vertex 27.0996 19.4127 1.2
      vertex 26.9859 19.4824 0.7
      vertex 27.0996 19.4127 0.7
    endloop
  endfacet
  facet normal -0.649865 0.76005 0
    outer loop
      vertex 27.201 18.124 1.2
      vertex 27.0996 18.0373 3.2
      vertex 27.201 18.124 3.2
    endloop
  endfacet
  facet normal -0.649865 0.76005 0
    outer loop
      vertex 27.201 18.124 1.2
      vertex 27.0996 18.0373 1.2
      vertex 27.0996 18.0373 3.2
    endloop
  endfacet
  facet normal -0.649865 0.76005 0
    outer loop
      vertex 27.201 18.124 0.7
      vertex 27.0996 18.0373 1.2
      vertex 27.201 18.124 1.2
    endloop
  endfacet
  facet normal -0.649865 0.76005 0
    outer loop
      vertex 27.0996 18.0373 1.2
      vertex 27.201 18.124 0.7
      vertex 27.0996 18.0373 0.7
    endloop
  endfacet
  facet normal 0.233174 -0.972435 0
    outer loop
      vertex 26.3373 19.5334 1.2
      vertex 26.467 19.5645 3.2
      vertex 26.3373 19.5334 3.2
    endloop
  endfacet
  facet normal 0.233174 -0.972435 0
    outer loop
      vertex 26.3373 19.5334 1.2
      vertex 26.467 19.5645 1.2
      vertex 26.467 19.5645 3.2
    endloop
  endfacet
  facet normal 0.233174 -0.972435 0
    outer loop
      vertex 26.3373 19.5334 0.7
      vertex 26.467 19.5645 1.2
      vertex 26.3373 19.5334 1.2
    endloop
  endfacet
  facet normal 0.233174 -0.972435 0
    outer loop
      vertex 26.467 19.5645 1.2
      vertex 26.3373 19.5334 0.7
      vertex 26.467 19.5645 0.7
    endloop
  endfacet
  facet normal -0.852558 -0.522632 0
    outer loop
      vertex 27.3574 19.1109 1.2
      vertex 27.2877 19.2246 1.2
      vertex 27.2877 19.2246 0.7
    endloop
  endfacet
  facet normal -0.852558 -0.522632 -0
    outer loop
      vertex 27.3574 19.1109 1.2
      vertex 27.2877 19.2246 0.7
      vertex 27.3574 19.1109 0.7
    endloop
  endfacet
  facet normal -0.852558 -0.522632 0
    outer loop
      vertex 27.2877 19.2246 1.2
      vertex 27.3574 19.1109 1.2
      vertex 27.2877 19.2246 3.2
    endloop
  endfacet
  facet normal -0.852558 -0.522632 0
    outer loop
      vertex 27.2877 19.2246 3.2
      vertex 27.3574 19.1109 1.2
      vertex 27.3574 19.1109 3.2
    endloop
  endfacet
  facet normal 0.852558 -0.522632 0
    outer loop
      vertex 25.8426 19.1109 1.2
      vertex 25.9123 19.2246 1.2
      vertex 25.9123 19.2246 3.2
    endloop
  endfacet
  facet normal 0.852558 -0.522632 0
    outer loop
      vertex 25.8426 19.1109 1.2
      vertex 25.9123 19.2246 3.2
      vertex 25.8426 19.1109 3.2
    endloop
  endfacet
  facet normal 0.852558 -0.522632 0
    outer loop
      vertex 25.9123 19.2246 1.2
      vertex 25.8426 19.1109 1.2
      vertex 25.9123 19.2246 0.7
    endloop
  endfacet
  facet normal 0.852558 -0.522632 0
    outer loop
      vertex 25.9123 19.2246 0.7
      vertex 25.8426 19.1109 1.2
      vertex 25.8426 19.1109 0.7
    endloop
  endfacet
  facet normal -0.996898 0.0787025 0
    outer loop
      vertex 27.4395 18.592 1.2
      vertex 27.45 18.725 1.2
      vertex 27.45 18.725 0.7
    endloop
  endfacet
  facet normal -0.996898 0.0787025 0
    outer loop
      vertex 27.4395 18.592 1.2
      vertex 27.45 18.725 0.7
      vertex 27.4395 18.592 0.7
    endloop
  endfacet
  facet normal -0.996898 0.0787025 0
    outer loop
      vertex 27.45 18.725 1.2
      vertex 27.4395 18.592 1.2
      vertex 27.45 18.725 3.2
    endloop
  endfacet
  facet normal -0.996898 0.0787025 0
    outer loop
      vertex 27.45 18.725 3.2
      vertex 27.4395 18.592 1.2
      vertex 27.4395 18.592 3.2
    endloop
  endfacet
  facet normal 0.972435 -0.233174 0
    outer loop
      vertex 25.7605 18.858 1.2
      vertex 25.7916 18.9877 1.2
      vertex 25.7916 18.9877 3.2
    endloop
  endfacet
  facet normal 0.972435 -0.233174 0
    outer loop
      vertex 25.7605 18.858 1.2
      vertex 25.7916 18.9877 3.2
      vertex 25.7605 18.858 3.2
    endloop
  endfacet
  facet normal 0.972435 -0.233174 0
    outer loop
      vertex 25.7916 18.9877 1.2
      vertex 25.7605 18.858 1.2
      vertex 25.7916 18.9877 0.7
    endloop
  endfacet
  facet normal 0.972435 -0.233174 0
    outer loop
      vertex 25.7916 18.9877 0.7
      vertex 25.7605 18.858 1.2
      vertex 25.7605 18.858 0.7
    endloop
  endfacet
  facet normal 0.649865 0.76005 -0
    outer loop
      vertex 26.1004 18.0373 1.2
      vertex 25.999 18.124 3.2
      vertex 26.1004 18.0373 3.2
    endloop
  endfacet
  facet normal 0.649865 0.76005 0
    outer loop
      vertex 26.1004 18.0373 1.2
      vertex 25.999 18.124 1.2
      vertex 25.999 18.124 3.2
    endloop
  endfacet
  facet normal 0.649865 0.76005 -0
    outer loop
      vertex 26.1004 18.0373 0.7
      vertex 25.999 18.124 1.2
      vertex 26.1004 18.0373 1.2
    endloop
  endfacet
  facet normal 0.649865 0.76005 0
    outer loop
      vertex 25.999 18.124 1.2
      vertex 26.1004 18.0373 0.7
      vertex 25.999 18.124 0.7
    endloop
  endfacet
  facet normal 0.0787025 0.996898 -0
    outer loop
      vertex 26.6 17.875 1.2
      vertex 26.467 17.8855 3.2
      vertex 26.6 17.875 3.2
    endloop
  endfacet
  facet normal 0.0787025 0.996898 0
    outer loop
      vertex 26.6 17.875 1.2
      vertex 26.467 17.8855 1.2
      vertex 26.467 17.8855 3.2
    endloop
  endfacet
  facet normal 0.0787025 0.996898 -0
    outer loop
      vertex 26.6 17.875 0.7
      vertex 26.467 17.8855 1.2
      vertex 26.6 17.875 1.2
    endloop
  endfacet
  facet normal 0.0787025 0.996898 0
    outer loop
      vertex 26.467 17.8855 1.2
      vertex 26.6 17.875 0.7
      vertex 26.467 17.8855 0.7
    endloop
  endfacet
  facet normal -0.0787025 -0.996898 0
    outer loop
      vertex 26.6 19.575 1.2
      vertex 26.733 19.5645 3.2
      vertex 26.6 19.575 3.2
    endloop
  endfacet
  facet normal -0.0787025 -0.996898 0
    outer loop
      vertex 26.6 19.575 1.2
      vertex 26.733 19.5645 1.2
      vertex 26.733 19.5645 3.2
    endloop
  endfacet
  facet normal -0.0787025 -0.996898 0
    outer loop
      vertex 26.6 19.575 0.7
      vertex 26.733 19.5645 1.2
      vertex 26.6 19.575 1.2
    endloop
  endfacet
  facet normal -0.0787025 -0.996898 -0
    outer loop
      vertex 26.733 19.5645 1.2
      vertex 26.6 19.575 0.7
      vertex 26.733 19.5645 0.7
    endloop
  endfacet
  facet normal 0.0787025 -0.996898 0
    outer loop
      vertex 26.467 19.5645 1.2
      vertex 26.6 19.575 3.2
      vertex 26.467 19.5645 3.2
    endloop
  endfacet
  facet normal 0.0787025 -0.996898 0
    outer loop
      vertex 26.467 19.5645 1.2
      vertex 26.6 19.575 1.2
      vertex 26.6 19.575 3.2
    endloop
  endfacet
  facet normal 0.0787025 -0.996898 0
    outer loop
      vertex 26.467 19.5645 0.7
      vertex 26.6 19.575 1.2
      vertex 26.467 19.5645 1.2
    endloop
  endfacet
  facet normal 0.0787025 -0.996898 0
    outer loop
      vertex 26.6 19.575 1.2
      vertex 26.467 19.5645 0.7
      vertex 26.6 19.575 0.7
    endloop
  endfacet
  facet normal 0.996898 -0.0787025 0
    outer loop
      vertex 25.75 18.725 1.2
      vertex 25.7605 18.858 1.2
      vertex 25.7605 18.858 3.2
    endloop
  endfacet
  facet normal 0.996898 -0.0787025 0
    outer loop
      vertex 25.75 18.725 1.2
      vertex 25.7605 18.858 3.2
      vertex 25.75 18.725 3.2
    endloop
  endfacet
  facet normal 0.996898 -0.0787025 0
    outer loop
      vertex 25.7605 18.858 1.2
      vertex 25.75 18.725 1.2
      vertex 25.7605 18.858 0.7
    endloop
  endfacet
  facet normal 0.996898 -0.0787025 0
    outer loop
      vertex 25.7605 18.858 0.7
      vertex 25.75 18.725 1.2
      vertex 25.75 18.725 0.7
    endloop
  endfacet
  facet normal -1 0 0
    outer loop
      vertex 31.6 23.6 1.2
      vertex 31.6 14.35 6.2
      vertex 31.6 23.6 11.2
    endloop
  endfacet
  facet normal -1 0 0
    outer loop
      vertex 31.6 23.6 1.2
      vertex 31.6 14.3285 5.92624
      vertex 31.6 14.35 6.2
    endloop
  endfacet
  facet normal -1 0 0
    outer loop
      vertex 31.6 23.6 1.2
      vertex 31.6 14.2643 5.65922
      vertex 31.6 14.3285 5.92624
    endloop
  endfacet
  facet normal -1 0 0
    outer loop
      vertex 31.6 23.6 1.2
      vertex 31.6 14.1593 5.40552
      vertex 31.6 14.2643 5.65922
    endloop
  endfacet
  facet normal -1 0 0
    outer loop
      vertex 31.6 23.6 1.2
      vertex 31.6 14.0158 5.17138
      vertex 31.6 14.1593 5.40552
    endloop
  endfacet
  facet normal -1 0 0
    outer loop
      vertex 31.6 23.6 1.2
      vertex 31.6 13.8374 4.96256
      vertex 31.6 14.0158 5.17138
    endloop
  endfacet
  facet normal -1 0 0
    outer loop
      vertex 31.6 23.6 1.2
      vertex 31.6 13.6286 4.78422
      vertex 31.6 13.8374 4.96256
    endloop
  endfacet
  facet normal -1 0 0
    outer loop
      vertex 31.6 23.6 1.2
      vertex 31.6 13.3945 4.64074
      vertex 31.6 13.6286 4.78422
    endloop
  endfacet
  facet normal -1 0 0
    outer loop
      vertex 31.6 23.6 1.2
      vertex 31.6 13.1408 4.53565
      vertex 31.6 13.3945 4.64074
    endloop
  endfacet
  facet normal -1 0 0
    outer loop
      vertex 31.6 23.6 1.2
      vertex 31.6 12.8738 4.47155
      vertex 31.6 13.1408 4.53565
    endloop
  endfacet
  facet normal -1 0 0
    outer loop
      vertex 31.6 23.6 1.2
      vertex 31.6 12.6 4.45
      vertex 31.6 12.8738 4.47155
    endloop
  endfacet
  facet normal -1 0 0
    outer loop
      vertex 31.6 1.6 1.2
      vertex 31.6 12.6 4.45
      vertex 31.6 23.6 1.2
    endloop
  endfacet
  facet normal -1 -0 0
    outer loop
      vertex 31.6 12.6 4.45
      vertex 31.6 1.6 1.2
      vertex 31.6 12.3262 4.47155
    endloop
  endfacet
  facet normal -1 -0 0
    outer loop
      vertex 31.6 10.8715 5.92624
      vertex 31.6 1.6 1.2
      vertex 31.6 10.85 6.2
    endloop
  endfacet
  facet normal -1 -0 0
    outer loop
      vertex 31.6 10.9357 5.65922
      vertex 31.6 1.6 1.2
      vertex 31.6 10.8715 5.92624
    endloop
  endfacet
  facet normal -1 -0 0
    outer loop
      vertex 31.6 11.0407 5.40552
      vertex 31.6 1.6 1.2
      vertex 31.6 10.9357 5.65922
    endloop
  endfacet
  facet normal -1 -0 0
    outer loop
      vertex 31.6 11.1842 5.17138
      vertex 31.6 1.6 1.2
      vertex 31.6 11.0407 5.40552
    endloop
  endfacet
  facet normal -1 -0 0
    outer loop
      vertex 31.6 11.3626 4.96256
      vertex 31.6 1.6 1.2
      vertex 31.6 11.1842 5.17138
    endloop
  endfacet
  facet normal -1 -0 0
    outer loop
      vertex 31.6 11.5714 4.78422
      vertex 31.6 1.6 1.2
      vertex 31.6 11.3626 4.96256
    endloop
  endfacet
  facet normal -1 -0 0
    outer loop
      vertex 31.6 11.8055 4.64074
      vertex 31.6 1.6 1.2
      vertex 31.6 11.5714 4.78422
    endloop
  endfacet
  facet normal -1 -0 0
    outer loop
      vertex 31.6 12.0592 4.53565
      vertex 31.6 1.6 1.2
      vertex 31.6 11.8055 4.64074
    endloop
  endfacet
  facet normal -1 -0 0
    outer loop
      vertex 31.6 12.3262 4.47155
      vertex 31.6 1.6 1.2
      vertex 31.6 12.0592 4.53565
    endloop
  endfacet
  facet normal -1 0 0
    outer loop
      vertex 31.6 14.3285 6.47376
      vertex 31.6 23.6 11.2
      vertex 31.6 14.35 6.2
    endloop
  endfacet
  facet normal -1 0 0
    outer loop
      vertex 31.6 14.2643 6.74078
      vertex 31.6 23.6 11.2
      vertex 31.6 14.3285 6.47376
    endloop
  endfacet
  facet normal -1 0 0
    outer loop
      vertex 31.6 14.1593 6.99448
      vertex 31.6 23.6 11.2
      vertex 31.6 14.2643 6.74078
    endloop
  endfacet
  facet normal -1 0 0
    outer loop
      vertex 31.6 14.0158 7.22862
      vertex 31.6 23.6 11.2
      vertex 31.6 14.1593 6.99448
    endloop
  endfacet
  facet normal -1 0 0
    outer loop
      vertex 31.6 13.8374 7.43744
      vertex 31.6 23.6 11.2
      vertex 31.6 14.0158 7.22862
    endloop
  endfacet
  facet normal -1 0 0
    outer loop
      vertex 31.6 13.6286 7.61578
      vertex 31.6 23.6 11.2
      vertex 31.6 13.8374 7.43744
    endloop
  endfacet
  facet normal -1 0 0
    outer loop
      vertex 31.6 13.3945 7.75926
      vertex 31.6 23.6 11.2
      vertex 31.6 13.6286 7.61578
    endloop
  endfacet
  facet normal -1 0 0
    outer loop
      vertex 31.6 13.1408 7.86435
      vertex 31.6 23.6 11.2
      vertex 31.6 13.3945 7.75926
    endloop
  endfacet
  facet normal -1 0 0
    outer loop
      vertex 31.6 12.8738 7.92845
      vertex 31.6 23.6 11.2
      vertex 31.6 13.1408 7.86435
    endloop
  endfacet
  facet normal -1 0 0
    outer loop
      vertex 31.6 12.6 7.95
      vertex 31.6 23.6 11.2
      vertex 31.6 12.8738 7.92845
    endloop
  endfacet
  facet normal -1 0 0
    outer loop
      vertex 31.6 1.6 11.2
      vertex 31.6 12.6 7.95
      vertex 31.6 12.3262 7.92845
    endloop
  endfacet
  facet normal -1 0 0
    outer loop
      vertex 31.6 1.6 11.2
      vertex 31.6 12.3262 7.92845
      vertex 31.6 12.0592 7.86435
    endloop
  endfacet
  facet normal -1 0 0
    outer loop
      vertex 31.6 1.6 11.2
      vertex 31.6 10.85 6.2
      vertex 31.6 1.6 1.2
    endloop
  endfacet
  facet normal -1 0 0
    outer loop
      vertex 31.6 10.85 6.2
      vertex 31.6 1.6 11.2
      vertex 31.6 10.8715 6.47376
    endloop
  endfacet
  facet normal -1 0 0
    outer loop
      vertex 31.6 10.8715 6.47376
      vertex 31.6 1.6 11.2
      vertex 31.6 10.9357 6.74078
    endloop
  endfacet
  facet normal -1 0 0
    outer loop
      vertex 31.6 10.9357 6.74078
      vertex 31.6 1.6 11.2
      vertex 31.6 11.0407 6.99448
    endloop
  endfacet
  facet normal -1 0 0
    outer loop
      vertex 31.6 11.0407 6.99448
      vertex 31.6 1.6 11.2
      vertex 31.6 11.1842 7.22862
    endloop
  endfacet
  facet normal -1 0 0
    outer loop
      vertex 31.6 11.1842 7.22862
      vertex 31.6 1.6 11.2
      vertex 31.6 11.3626 7.43744
    endloop
  endfacet
  facet normal -1 0 0
    outer loop
      vertex 31.6 12.6 7.95
      vertex 31.6 1.6 11.2
      vertex 31.6 23.6 11.2
    endloop
  endfacet
  facet normal -1 0 0
    outer loop
      vertex 31.6 11.8055 7.75926
      vertex 31.6 1.6 11.2
      vertex 31.6 12.0592 7.86435
    endloop
  endfacet
  facet normal -1 0 0
    outer loop
      vertex 31.6 11.5714 7.61578
      vertex 31.6 1.6 11.2
      vertex 31.6 11.8055 7.75926
    endloop
  endfacet
  facet normal -1 0 0
    outer loop
      vertex 31.6 11.3626 7.43744
      vertex 31.6 1.6 11.2
      vertex 31.6 11.5714 7.61578
    endloop
  endfacet
  facet normal 0 0 1
    outer loop
      vertex 8.60476 17.7035 1.2
      vertex 24.5952 17.7035 1.2
      vertex 8.73988 18.0297 1.2
    endloop
  endfacet
  facet normal 0 0 1
    outer loop
      vertex 24.5952 7.49648 1.2
      vertex 8.8223 6.82698 1.2
      vertex 8.85 6.475 1.2
    endloop
  endfacet
  facet normal 0 0 1
    outer loop
      vertex 24.5952 17.7035 1.2
      vertex 8.60476 17.7035 1.2
      vertex 24.5952 7.49648 1.2
    endloop
  endfacet
  facet normal 0 0 1
    outer loop
      vertex 24.5952 7.49648 1.2
      vertex 8.73988 7.17029 1.2
      vertex 8.8223 6.82698 1.2
    endloop
  endfacet
  facet normal 0 0 1
    outer loop
      vertex 8.60476 7.49648 1.2
      vertex 24.5952 7.49648 1.2
      vertex 8.60476 17.7035 1.2
    endloop
  endfacet
  facet normal 0 0 1
    outer loop
      vertex 24.5952 7.49648 1.2
      vertex 8.60476 7.49648 1.2
      vertex 8.73988 7.17029 1.2
    endloop
  endfacet
  facet normal -0 0 1
    outer loop
      vertex 8.42029 17.4025 1.2
      vertex 8.60476 7.49648 1.2
      vertex 8.60476 17.7035 1.2
    endloop
  endfacet
  facet normal 0 0 1
    outer loop
      vertex 8.42029 17.4025 1.2
      vertex 8.42029 7.79752 1.2
      vertex 8.60476 7.49648 1.2
    endloop
  endfacet
  facet normal -0 0 1
    outer loop
      vertex 8.19099 17.134 1.2
      vertex 8.42029 7.79752 1.2
      vertex 8.42029 17.4025 1.2
    endloop
  endfacet
  facet normal 0 0 1
    outer loop
      vertex 8.19099 17.134 1.2
      vertex 8.19099 8.06599 1.2
      vertex 8.42029 7.79752 1.2
    endloop
  endfacet
  facet normal -0 0 1
    outer loop
      vertex 7.92252 16.9047 1.2
      vertex 8.19099 8.06599 1.2
      vertex 8.19099 17.134 1.2
    endloop
  endfacet
  facet normal 0 0 1
    outer loop
      vertex 7.92252 16.9047 1.2
      vertex 7.92252 8.29529 1.2
      vertex 8.19099 8.06599 1.2
    endloop
  endfacet
  facet normal -0 0 1
    outer loop
      vertex 7.62148 16.7202 1.2
      vertex 7.92252 8.29529 1.2
      vertex 7.92252 16.9047 1.2
    endloop
  endfacet
  facet normal 0 0 1
    outer loop
      vertex 7.62148 16.7202 1.2
      vertex 7.62148 8.47976 1.2
      vertex 7.92252 8.29529 1.2
    endloop
  endfacet
  facet normal -0 0 1
    outer loop
      vertex 7.29529 16.5851 1.2
      vertex 7.62148 8.47976 1.2
      vertex 7.62148 16.7202 1.2
    endloop
  endfacet
  facet normal 0 0 1
    outer loop
      vertex 7.29529 16.5851 1.2
      vertex 7.29529 8.61488 1.2
      vertex 7.62148 8.47976 1.2
    endloop
  endfacet
  facet normal -0 0 1
    outer loop
      vertex 6.95198 16.5027 1.2
      vertex 7.29529 8.61488 1.2
      vertex 7.29529 16.5851 1.2
    endloop
  endfacet
  facet normal 0 0 1
    outer loop
      vertex 6.95198 16.5027 1.2
      vertex 6.95198 8.6973 1.2
      vertex 7.29529 8.61488 1.2
    endloop
  endfacet
  facet normal -0 0 1
    outer loop
      vertex 6.6 16.475 1.2
      vertex 6.95198 8.6973 1.2
      vertex 6.95198 16.5027 1.2
    endloop
  endfacet
  facet normal 0 0 1
    outer loop
      vertex 6.6 16.475 1.2
      vertex 6.6 8.725 1.2
      vertex 6.95198 8.6973 1.2
    endloop
  endfacet
  facet normal 0 0 1
    outer loop
      vertex 6.24802 16.5027 1.2
      vertex 6.6 8.725 1.2
      vertex 6.6 16.475 1.2
    endloop
  endfacet
  facet normal 0 0 1
    outer loop
      vertex 6.24802 16.5027 1.2
      vertex 6.24802 8.6973 1.2
      vertex 6.6 8.725 1.2
    endloop
  endfacet
  facet normal 0 0 1
    outer loop
      vertex 5.90471 16.5851 1.2
      vertex 6.24802 8.6973 1.2
      vertex 6.24802 16.5027 1.2
    endloop
  endfacet
  facet normal 0 0 1
    outer loop
      vertex 5.90471 16.5851 1.2
      vertex 5.90471 8.61488 1.2
      vertex 6.24802 8.6973 1.2
    endloop
  endfacet
  facet normal 0 0 1
    outer loop
      vertex 5.57852 16.7202 1.2
      vertex 5.90471 8.61488 1.2
      vertex 5.90471 16.5851 1.2
    endloop
  endfacet
  facet normal 0 0 1
    outer loop
      vertex 5.57852 16.7202 1.2
      vertex 5.57852 8.47976 1.2
      vertex 5.90471 8.61488 1.2
    endloop
  endfacet
  facet normal 0 0 1
    outer loop
      vertex 5.27748 16.9047 1.2
      vertex 5.57852 8.47976 1.2
      vertex 5.57852 16.7202 1.2
    endloop
  endfacet
  facet normal 0 0 1
    outer loop
      vertex 5.27748 16.9047 1.2
      vertex 5.27748 8.29529 1.2
      vertex 5.57852 8.47976 1.2
    endloop
  endfacet
  facet normal 0 0 1
    outer loop
      vertex 5.00901 17.134 1.2
      vertex 5.27748 8.29529 1.2
      vertex 5.27748 16.9047 1.2
    endloop
  endfacet
  facet normal 0 0 1
    outer loop
      vertex 5.00901 17.134 1.2
      vertex 5.00901 8.06599 1.2
      vertex 5.27748 8.29529 1.2
    endloop
  endfacet
  facet normal 0 0 1
    outer loop
      vertex 4.77971 17.4025 1.2
      vertex 5.00901 8.06599 1.2
      vertex 5.00901 17.134 1.2
    endloop
  endfacet
  facet normal 0 0 1
    outer loop
      vertex 4.77971 17.4025 1.2
      vertex 4.77971 7.79752 1.2
      vertex 5.00901 8.06599 1.2
    endloop
  endfacet
  facet normal 0 0 1
    outer loop
      vertex 4.59523 17.7035 1.2
      vertex 4.77971 7.79752 1.2
      vertex 4.77971 17.4025 1.2
    endloop
  endfacet
  facet normal 0 0 1
    outer loop
      vertex 4.59523 17.7035 1.2
      vertex 4.59523 7.49648 1.2
      vertex 4.77971 7.79752 1.2
    endloop
  endfacet
  facet normal 0 0 1
    outer loop
      vertex 4.46012 18.0297 1.2
      vertex 4.59523 7.49648 1.2
      vertex 4.59523 17.7035 1.2
    endloop
  endfacet
  facet normal 0 0 1
    outer loop
      vertex 4.46012 18.0297 1.2
      vertex 4.46012 7.17029 1.2
      vertex 4.59523 7.49648 1.2
    endloop
  endfacet
  facet normal 0 0 1
    outer loop
      vertex 1.6 23.6 1.2
      vertex 4.46012 18.0297 1.2
      vertex 4.3777 18.373 1.2
    endloop
  endfacet
  facet normal 0 0 1
    outer loop
      vertex 4.46012 18.0297 1.2
      vertex 1.6 23.6 1.2
      vertex 4.46012 7.17029 1.2
    endloop
  endfacet
  facet normal 0 0 1
    outer loop
      vertex 1.6 23.6 1.2
      vertex 4.3777 18.373 1.2
      vertex 4.35 18.725 1.2
    endloop
  endfacet
  facet normal 0 0 1
    outer loop
      vertex 1.6 1.6 1.2
      vertex 4.46012 7.17029 1.2
      vertex 1.6 23.6 1.2
    endloop
  endfacet
  facet normal 0 0 1
    outer loop
      vertex 31.6 23.6 1.2
      vertex 28.7399 18.0297 1.2
      vertex 31.6 1.6 1.2
    endloop
  endfacet
  facet normal 0 0 1
    outer loop
      vertex 31.6 1.6 1.2
      vertex 28.8223 6.82698 1.2
      vertex 28.85 6.475 1.2
    endloop
  endfacet
  facet normal -0 0 1
    outer loop
      vertex 28.7399 7.17029 1.2
      vertex 31.6 1.6 1.2
      vertex 28.7399 18.0297 1.2
    endloop
  endfacet
  facet normal 0 0 1
    outer loop
      vertex 31.6 1.6 1.2
      vertex 28.7399 7.17029 1.2
      vertex 28.8223 6.82698 1.2
    endloop
  endfacet
  facet normal -0 0 1
    outer loop
      vertex 28.6048 17.7035 1.2
      vertex 28.7399 7.17029 1.2
      vertex 28.7399 18.0297 1.2
    endloop
  endfacet
  facet normal 0 0 1
    outer loop
      vertex 28.6048 17.7035 1.2
      vertex 28.6048 7.49648 1.2
      vertex 28.7399 7.17029 1.2
    endloop
  endfacet
  facet normal -0 0 1
    outer loop
      vertex 28.4203 17.4025 1.2
      vertex 28.6048 7.49648 1.2
      vertex 28.6048 17.7035 1.2
    endloop
  endfacet
  facet normal 0 0 1
    outer loop
      vertex 28.4203 17.4025 1.2
      vertex 28.4203 7.79752 1.2
      vertex 28.6048 7.49648 1.2
    endloop
  endfacet
  facet normal -0 0 1
    outer loop
      vertex 28.191 17.134 1.2
      vertex 28.4203 7.79752 1.2
      vertex 28.4203 17.4025 1.2
    endloop
  endfacet
  facet normal 0 0 1
    outer loop
      vertex 28.191 17.134 1.2
      vertex 28.191 8.06599 1.2
      vertex 28.4203 7.79752 1.2
    endloop
  endfacet
  facet normal -0 0 1
    outer loop
      vertex 27.9225 16.9047 1.2
      vertex 28.191 8.06599 1.2
      vertex 28.191 17.134 1.2
    endloop
  endfacet
  facet normal 0 0 1
    outer loop
      vertex 27.9225 16.9047 1.2
      vertex 27.9225 8.29529 1.2
      vertex 28.191 8.06599 1.2
    endloop
  endfacet
  facet normal -0 0 1
    outer loop
      vertex 27.6215 16.7202 1.2
      vertex 27.9225 8.29529 1.2
      vertex 27.9225 16.9047 1.2
    endloop
  endfacet
  facet normal 0 0 1
    outer loop
      vertex 27.6215 16.7202 1.2
      vertex 27.6215 8.47976 1.2
      vertex 27.9225 8.29529 1.2
    endloop
  endfacet
  facet normal -0 0 1
    outer loop
      vertex 27.2953 16.5851 1.2
      vertex 27.6215 8.47976 1.2
      vertex 27.6215 16.7202 1.2
    endloop
  endfacet
  facet normal 0 0 1
    outer loop
      vertex 27.2953 16.5851 1.2
      vertex 27.2953 8.61488 1.2
      vertex 27.6215 8.47976 1.2
    endloop
  endfacet
  facet normal -0 0 1
    outer loop
      vertex 26.952 16.5027 1.2
      vertex 27.2953 8.61488 1.2
      vertex 27.2953 16.5851 1.2
    endloop
  endfacet
  facet normal 0 0 1
    outer loop
      vertex 26.952 16.5027 1.2
      vertex 26.952 8.6973 1.2
      vertex 27.2953 8.61488 1.2
    endloop
  endfacet
  facet normal -0 0 1
    outer loop
      vertex 26.6 16.475 1.2
      vertex 26.952 8.6973 1.2
      vertex 26.952 16.5027 1.2
    endloop
  endfacet
  facet normal 0 0 1
    outer loop
      vertex 26.6 16.475 1.2
      vertex 26.6 8.725 1.2
      vertex 26.952 8.6973 1.2
    endloop
  endfacet
  facet normal 0 0 1
    outer loop
      vertex 26.248 16.5027 1.2
      vertex 26.6 8.725 1.2
      vertex 26.6 16.475 1.2
    endloop
  endfacet
  facet normal 0 0 1
    outer loop
      vertex 26.248 16.5027 1.2
      vertex 26.248 8.6973 1.2
      vertex 26.6 8.725 1.2
    endloop
  endfacet
  facet normal 0 0 1
    outer loop
      vertex 25.9047 16.5851 1.2
      vertex 26.248 8.6973 1.2
      vertex 26.248 16.5027 1.2
    endloop
  endfacet
  facet normal 0 0 1
    outer loop
      vertex 25.9047 16.5851 1.2
      vertex 25.9047 8.61488 1.2
      vertex 26.248 8.6973 1.2
    endloop
  endfacet
  facet normal 0 0 1
    outer loop
      vertex 25.5785 16.7202 1.2
      vertex 25.9047 8.61488 1.2
      vertex 25.9047 16.5851 1.2
    endloop
  endfacet
  facet normal 0 0 1
    outer loop
      vertex 25.5785 16.7202 1.2
      vertex 25.5785 8.47976 1.2
      vertex 25.9047 8.61488 1.2
    endloop
  endfacet
  facet normal 0 0 1
    outer loop
      vertex 25.2775 16.9047 1.2
      vertex 25.5785 8.47976 1.2
      vertex 25.5785 16.7202 1.2
    endloop
  endfacet
  facet normal 0 0 1
    outer loop
      vertex 25.2775 16.9047 1.2
      vertex 25.2775 8.29529 1.2
      vertex 25.5785 8.47976 1.2
    endloop
  endfacet
  facet normal 0 0 1
    outer loop
      vertex 25.009 17.134 1.2
      vertex 25.2775 8.29529 1.2
      vertex 25.2775 16.9047 1.2
    endloop
  endfacet
  facet normal 0 0 1
    outer loop
      vertex 25.009 17.134 1.2
      vertex 25.009 8.06599 1.2
      vertex 25.2775 8.29529 1.2
    endloop
  endfacet
  facet normal 0 0 1
    outer loop
      vertex 24.7797 17.4025 1.2
      vertex 25.009 8.06599 1.2
      vertex 25.009 17.134 1.2
    endloop
  endfacet
  facet normal 0 0 1
    outer loop
      vertex 24.7797 17.4025 1.2
      vertex 24.7797 7.79752 1.2
      vertex 25.009 8.06599 1.2
    endloop
  endfacet
  facet normal 0 0 1
    outer loop
      vertex 24.5952 17.7035 1.2
      vertex 24.7797 7.79752 1.2
      vertex 24.7797 17.4025 1.2
    endloop
  endfacet
  facet normal 0 0 1
    outer loop
      vertex 24.5952 17.7035 1.2
      vertex 24.5952 7.49648 1.2
      vertex 24.7797 7.79752 1.2
    endloop
  endfacet
  facet normal 0 0 1
    outer loop
      vertex 24.3777 18.373 1.2
      vertex 8.8223 18.373 1.2
      vertex 24.4601 18.0297 1.2
    endloop
  endfacet
  facet normal 0 0 1
    outer loop
      vertex 8.73988 18.0297 1.2
      vertex 24.4601 18.0297 1.2
      vertex 8.8223 18.373 1.2
    endloop
  endfacet
  facet normal 0 0 1
    outer loop
      vertex 8.8223 18.373 1.2
      vertex 24.3777 18.373 1.2
      vertex 8.85 18.725 1.2
    endloop
  endfacet
  facet normal 0 0 1
    outer loop
      vertex 24.4601 18.0297 1.2
      vertex 8.73988 18.0297 1.2
      vertex 24.5952 17.7035 1.2
    endloop
  endfacet
  facet normal -0 0 1
    outer loop
      vertex 8.85 18.725 1.2
      vertex 24.3777 18.373 1.2
      vertex 24.35 18.725 1.2
    endloop
  endfacet
  facet normal 0 0 1
    outer loop
      vertex 24.5952 7.49648 1.2
      vertex 8.85 6.475 1.2
      vertex 24.4601 7.17029 1.2
    endloop
  endfacet
  facet normal 0 0 1
    outer loop
      vertex 28.8223 18.373 1.2
      vertex 31.6 23.6 1.2
      vertex 28.85 18.725 1.2
    endloop
  endfacet
  facet normal 0 0 1
    outer loop
      vertex 31.6 23.6 1.2
      vertex 28.8223 19.077 1.2
      vertex 28.85 18.725 1.2
    endloop
  endfacet
  facet normal 0 0 1
    outer loop
      vertex 31.6 23.6 1.2
      vertex 28.7399 19.4203 1.2
      vertex 28.8223 19.077 1.2
    endloop
  endfacet
  facet normal 0 0 1
    outer loop
      vertex 31.6 23.6 1.2
      vertex 28.6048 19.7465 1.2
      vertex 28.7399 19.4203 1.2
    endloop
  endfacet
  facet normal 0 0 1
    outer loop
      vertex 31.6 23.6 1.2
      vertex 28.4203 20.0475 1.2
      vertex 28.6048 19.7465 1.2
    endloop
  endfacet
  facet normal 0 0 1
    outer loop
      vertex 31.6 23.6 1.2
      vertex 28.191 20.316 1.2
      vertex 28.4203 20.0475 1.2
    endloop
  endfacet
  facet normal 0 0 1
    outer loop
      vertex 31.6 23.6 1.2
      vertex 27.9225 20.5453 1.2
      vertex 28.191 20.316 1.2
    endloop
  endfacet
  facet normal 0 0 1
    outer loop
      vertex 31.6 23.6 1.2
      vertex 27.6215 20.7298 1.2
      vertex 27.9225 20.5453 1.2
    endloop
  endfacet
  facet normal 0 0 1
    outer loop
      vertex 31.6 23.6 1.2
      vertex 27.2953 20.8649 1.2
      vertex 27.6215 20.7298 1.2
    endloop
  endfacet
  facet normal 0 0 1
    outer loop
      vertex 31.6 23.6 1.2
      vertex 26.952 20.9473 1.2
      vertex 27.2953 20.8649 1.2
    endloop
  endfacet
  facet normal 0 0 1
    outer loop
      vertex 31.6 23.6 1.2
      vertex 26.6 20.975 1.2
      vertex 26.952 20.9473 1.2
    endloop
  endfacet
  facet normal 0 0 1
    outer loop
      vertex 31.6 23.6 1.2
      vertex 26.248 20.9473 1.2
      vertex 26.6 20.975 1.2
    endloop
  endfacet
  facet normal 0 0 1
    outer loop
      vertex 31.6 23.6 1.2
      vertex 25.9047 20.8649 1.2
      vertex 26.248 20.9473 1.2
    endloop
  endfacet
  facet normal 0 0 1
    outer loop
      vertex 7.29529 20.8649 1.2
      vertex 25.9047 20.8649 1.2
      vertex 31.6 23.6 1.2
    endloop
  endfacet
  facet normal 0 0 1
    outer loop
      vertex 24.4601 7.17029 1.2
      vertex 8.85 6.475 1.2
      vertex 24.3777 6.82698 1.2
    endloop
  endfacet
  facet normal 0 0 1
    outer loop
      vertex 24.3777 19.077 1.2
      vertex 8.85 18.725 1.2
      vertex 24.35 18.725 1.2
    endloop
  endfacet
  facet normal 0 0 1
    outer loop
      vertex 8.8223 19.077 1.2
      vertex 24.3777 19.077 1.2
      vertex 24.4601 19.4203 1.2
    endloop
  endfacet
  facet normal 0 0 1
    outer loop
      vertex 8.73988 19.4203 1.2
      vertex 24.4601 19.4203 1.2
      vertex 24.5952 19.7465 1.2
    endloop
  endfacet
  facet normal 0 0 1
    outer loop
      vertex 8.60476 19.7465 1.2
      vertex 24.5952 19.7465 1.2
      vertex 24.7797 20.0475 1.2
    endloop
  endfacet
  facet normal 0 0 1
    outer loop
      vertex 8.42029 20.0475 1.2
      vertex 24.7797 20.0475 1.2
      vertex 25.009 20.316 1.2
    endloop
  endfacet
  facet normal 0 0 1
    outer loop
      vertex 8.19099 20.316 1.2
      vertex 25.009 20.316 1.2
      vertex 25.2775 20.5453 1.2
    endloop
  endfacet
  facet normal 0 0 1
    outer loop
      vertex 7.92252 20.5453 1.2
      vertex 25.2775 20.5453 1.2
      vertex 25.5785 20.7298 1.2
    endloop
  endfacet
  facet normal 0 0 1
    outer loop
      vertex 25.9047 20.8649 1.2
      vertex 7.29529 20.8649 1.2
      vertex 25.5785 20.7298 1.2
    endloop
  endfacet
  facet normal 0 0 1
    outer loop
      vertex 24.3777 19.077 1.2
      vertex 8.8223 19.077 1.2
      vertex 8.85 18.725 1.2
    endloop
  endfacet
  facet normal 0 0 1
    outer loop
      vertex 24.4601 19.4203 1.2
      vertex 8.73988 19.4203 1.2
      vertex 8.8223 19.077 1.2
    endloop
  endfacet
  facet normal 0 0 1
    outer loop
      vertex 24.5952 19.7465 1.2
      vertex 8.60476 19.7465 1.2
      vertex 8.73988 19.4203 1.2
    endloop
  endfacet
  facet normal 0 0 1
    outer loop
      vertex 24.7797 20.0475 1.2
      vertex 8.42029 20.0475 1.2
      vertex 8.60476 19.7465 1.2
    endloop
  endfacet
  facet normal 0 0 1
    outer loop
      vertex 25.009 20.316 1.2
      vertex 8.19099 20.316 1.2
      vertex 8.42029 20.0475 1.2
    endloop
  endfacet
  facet normal 0 0 1
    outer loop
      vertex 25.2775 20.5453 1.2
      vertex 7.92252 20.5453 1.2
      vertex 8.19099 20.316 1.2
    endloop
  endfacet
  facet normal 0 0 1
    outer loop
      vertex 25.5785 20.7298 1.2
      vertex 7.62148 20.7298 1.2
      vertex 7.92252 20.5453 1.2
    endloop
  endfacet
  facet normal 0 0 1
    outer loop
      vertex 25.5785 20.7298 1.2
      vertex 7.29529 20.8649 1.2
      vertex 7.62148 20.7298 1.2
    endloop
  endfacet
  facet normal -0 0 1
    outer loop
      vertex 1.6 23.6 1.2
      vertex 7.29529 20.8649 1.2
      vertex 31.6 23.6 1.2
    endloop
  endfacet
  facet normal 0 0 1
    outer loop
      vertex 7.29529 20.8649 1.2
      vertex 1.6 23.6 1.2
      vertex 6.95198 20.9473 1.2
    endloop
  endfacet
  facet normal 0 0 1
    outer loop
      vertex 6.95198 20.9473 1.2
      vertex 1.6 23.6 1.2
      vertex 6.6 20.975 1.2
    endloop
  endfacet
  facet normal 0 0 1
    outer loop
      vertex 4.46012 7.17029 1.2
      vertex 1.6 1.6 1.2
      vertex 4.3777 6.82698 1.2
    endloop
  endfacet
  facet normal 0 0 1
    outer loop
      vertex 4.3777 19.077 1.2
      vertex 1.6 23.6 1.2
      vertex 4.35 18.725 1.2
    endloop
  endfacet
  facet normal 0 0 1
    outer loop
      vertex 4.46012 19.4203 1.2
      vertex 1.6 23.6 1.2
      vertex 4.3777 19.077 1.2
    endloop
  endfacet
  facet normal 0 0 1
    outer loop
      vertex 4.59523 19.7465 1.2
      vertex 1.6 23.6 1.2
      vertex 4.46012 19.4203 1.2
    endloop
  endfacet
  facet normal 0 0 1
    outer loop
      vertex 4.77971 20.0475 1.2
      vertex 1.6 23.6 1.2
      vertex 4.59523 19.7465 1.2
    endloop
  endfacet
  facet normal 0 0 1
    outer loop
      vertex 5.00901 20.316 1.2
      vertex 1.6 23.6 1.2
      vertex 4.77971 20.0475 1.2
    endloop
  endfacet
  facet normal 0 0 1
    outer loop
      vertex 5.27748 20.5453 1.2
      vertex 1.6 23.6 1.2
      vertex 5.00901 20.316 1.2
    endloop
  endfacet
  facet normal 0 0 1
    outer loop
      vertex 5.57852 20.7298 1.2
      vertex 1.6 23.6 1.2
      vertex 5.27748 20.5453 1.2
    endloop
  endfacet
  facet normal 0 0 1
    outer loop
      vertex 5.90471 20.8649 1.2
      vertex 1.6 23.6 1.2
      vertex 5.57852 20.7298 1.2
    endloop
  endfacet
  facet normal 0 0 1
    outer loop
      vertex 6.24802 20.9473 1.2
      vertex 1.6 23.6 1.2
      vertex 5.90471 20.8649 1.2
    endloop
  endfacet
  facet normal 0 0 1
    outer loop
      vertex 6.6 20.975 1.2
      vertex 1.6 23.6 1.2
      vertex 6.24802 20.9473 1.2
    endloop
  endfacet
  facet normal 0 0 1
    outer loop
      vertex 28.7399 18.0297 1.2
      vertex 31.6 23.6 1.2
      vertex 28.8223 18.373 1.2
    endloop
  endfacet
  facet normal -0 0 1
    outer loop
      vertex 28.8223 6.12302 1.2
      vertex 31.6 1.6 1.2
      vertex 28.85 6.475 1.2
    endloop
  endfacet
  facet normal -0 0 1
    outer loop
      vertex 28.7399 5.77971 1.2
      vertex 31.6 1.6 1.2
      vertex 28.8223 6.12302 1.2
    endloop
  endfacet
  facet normal -0 0 1
    outer loop
      vertex 28.6048 5.45352 1.2
      vertex 31.6 1.6 1.2
      vertex 28.7399 5.77971 1.2
    endloop
  endfacet
  facet normal -0 0 1
    outer loop
      vertex 28.4203 5.15248 1.2
      vertex 31.6 1.6 1.2
      vertex 28.6048 5.45352 1.2
    endloop
  endfacet
  facet normal -0 0 1
    outer loop
      vertex 28.191 4.88401 1.2
      vertex 31.6 1.6 1.2
      vertex 28.4203 5.15248 1.2
    endloop
  endfacet
  facet normal -0 0 1
    outer loop
      vertex 27.9225 4.65471 1.2
      vertex 31.6 1.6 1.2
      vertex 28.191 4.88401 1.2
    endloop
  endfacet
  facet normal -0 0 1
    outer loop
      vertex 27.6215 4.47023 1.2
      vertex 31.6 1.6 1.2
      vertex 27.9225 4.65471 1.2
    endloop
  endfacet
  facet normal -0 0 1
    outer loop
      vertex 27.2953 4.33512 1.2
      vertex 31.6 1.6 1.2
      vertex 27.6215 4.47023 1.2
    endloop
  endfacet
  facet normal -0 0 1
    outer loop
      vertex 26.952 4.2527 1.2
      vertex 31.6 1.6 1.2
      vertex 27.2953 4.33512 1.2
    endloop
  endfacet
  facet normal -0 0 1
    outer loop
      vertex 26.6 4.225 1.2
      vertex 31.6 1.6 1.2
      vertex 26.952 4.2527 1.2
    endloop
  endfacet
  facet normal 0 0 1
    outer loop
      vertex 26.248 4.2527 1.2
      vertex 31.6 1.6 1.2
      vertex 26.6 4.225 1.2
    endloop
  endfacet
  facet normal 0 0 1
    outer loop
      vertex 25.9047 4.33512 1.2
      vertex 31.6 1.6 1.2
      vertex 26.248 4.2527 1.2
    endloop
  endfacet
  facet normal 0 0 1
    outer loop
      vertex 7.29529 4.33512 1.2
      vertex 25.9047 4.33512 1.2
      vertex 25.5785 4.47023 1.2
    endloop
  endfacet
  facet normal 0 0 1
    outer loop
      vertex 24.3777 6.82698 1.2
      vertex 8.85 6.475 1.2
      vertex 24.35 6.475 1.2
    endloop
  endfacet
  facet normal 0 0 1
    outer loop
      vertex 24.35 6.475 1.2
      vertex 8.85 6.475 1.2
      vertex 24.3777 6.12302 1.2
    endloop
  endfacet
  facet normal 0 0 1
    outer loop
      vertex 8.8223 6.12302 1.2
      vertex 24.3777 6.12302 1.2
      vertex 8.85 6.475 1.2
    endloop
  endfacet
  facet normal 0 0 1
    outer loop
      vertex 24.3777 6.12302 1.2
      vertex 8.8223 6.12302 1.2
      vertex 24.4601 5.77971 1.2
    endloop
  endfacet
  facet normal 0 0 1
    outer loop
      vertex 8.73988 5.77971 1.2
      vertex 24.4601 5.77971 1.2
      vertex 8.8223 6.12302 1.2
    endloop
  endfacet
  facet normal 0 0 1
    outer loop
      vertex 24.4601 5.77971 1.2
      vertex 8.73988 5.77971 1.2
      vertex 24.5952 5.45352 1.2
    endloop
  endfacet
  facet normal 0 0 1
    outer loop
      vertex 8.60476 5.45352 1.2
      vertex 24.5952 5.45352 1.2
      vertex 8.73988 5.77971 1.2
    endloop
  endfacet
  facet normal 0 0 1
    outer loop
      vertex 24.5952 5.45352 1.2
      vertex 8.60476 5.45352 1.2
      vertex 24.7797 5.15248 1.2
    endloop
  endfacet
  facet normal 0 0 1
    outer loop
      vertex 8.42029 5.15248 1.2
      vertex 24.7797 5.15248 1.2
      vertex 8.60476 5.45352 1.2
    endloop
  endfacet
  facet normal 0 0 1
    outer loop
      vertex 24.7797 5.15248 1.2
      vertex 8.42029 5.15248 1.2
      vertex 25.009 4.88401 1.2
    endloop
  endfacet
  facet normal 0 0 1
    outer loop
      vertex 8.19099 4.88401 1.2
      vertex 25.009 4.88401 1.2
      vertex 8.42029 5.15248 1.2
    endloop
  endfacet
  facet normal 0 0 1
    outer loop
      vertex 25.009 4.88401 1.2
      vertex 8.19099 4.88401 1.2
      vertex 25.2775 4.65471 1.2
    endloop
  endfacet
  facet normal 0 0 1
    outer loop
      vertex 7.92252 4.65471 1.2
      vertex 25.2775 4.65471 1.2
      vertex 8.19099 4.88401 1.2
    endloop
  endfacet
  facet normal 0 0 1
    outer loop
      vertex 25.2775 4.65471 1.2
      vertex 7.92252 4.65471 1.2
      vertex 25.5785 4.47023 1.2
    endloop
  endfacet
  facet normal 0 0 1
    outer loop
      vertex 7.62148 4.47023 1.2
      vertex 25.5785 4.47023 1.2
      vertex 7.92252 4.65471 1.2
    endloop
  endfacet
  facet normal 0 0 1
    outer loop
      vertex 7.29529 4.33512 1.2
      vertex 25.5785 4.47023 1.2
      vertex 7.62148 4.47023 1.2
    endloop
  endfacet
  facet normal 0 0 1
    outer loop
      vertex 25.9047 4.33512 1.2
      vertex 7.29529 4.33512 1.2
      vertex 31.6 1.6 1.2
    endloop
  endfacet
  facet normal 0 0 1
    outer loop
      vertex 1.6 1.6 1.2
      vertex 7.29529 4.33512 1.2
      vertex 6.95198 4.2527 1.2
    endloop
  endfacet
  facet normal 0 0 1
    outer loop
      vertex 1.6 1.6 1.2
      vertex 6.95198 4.2527 1.2
      vertex 6.6 4.225 1.2
    endloop
  endfacet
  facet normal 0 0 1
    outer loop
      vertex 1.6 1.6 1.2
      vertex 6.6 4.225 1.2
      vertex 6.24802 4.2527 1.2
    endloop
  endfacet
  facet normal 0 0 1
    outer loop
      vertex 4.3777 6.82698 1.2
      vertex 1.6 1.6 1.2
      vertex 4.35 6.475 1.2
    endloop
  endfacet
  facet normal 0 0 1
    outer loop
      vertex 7.29529 4.33512 1.2
      vertex 1.6 1.6 1.2
      vertex 31.6 1.6 1.2
    endloop
  endfacet
  facet normal 0 0 1
    outer loop
      vertex 5.90471 4.33512 1.2
      vertex 1.6 1.6 1.2
      vertex 6.24802 4.2527 1.2
    endloop
  endfacet
  facet normal 0 0 1
    outer loop
      vertex 5.57852 4.47023 1.2
      vertex 1.6 1.6 1.2
      vertex 5.90471 4.33512 1.2
    endloop
  endfacet
  facet normal 0 0 1
    outer loop
      vertex 5.27748 4.65471 1.2
      vertex 1.6 1.6 1.2
      vertex 5.57852 4.47023 1.2
    endloop
  endfacet
  facet normal 0 0 1
    outer loop
      vertex 5.00901 4.88401 1.2
      vertex 1.6 1.6 1.2
      vertex 5.27748 4.65471 1.2
    endloop
  endfacet
  facet normal 0 0 1
    outer loop
      vertex 4.77971 5.15248 1.2
      vertex 1.6 1.6 1.2
      vertex 5.00901 4.88401 1.2
    endloop
  endfacet
  facet normal 0 0 1
    outer loop
      vertex 4.59523 5.45352 1.2
      vertex 1.6 1.6 1.2
      vertex 4.77971 5.15248 1.2
    endloop
  endfacet
  facet normal 0 0 1
    outer loop
      vertex 4.46012 5.77971 1.2
      vertex 1.6 1.6 1.2
      vertex 4.59523 5.45352 1.2
    endloop
  endfacet
  facet normal 0 0 1
    outer loop
      vertex 4.3777 6.12302 1.2
      vertex 1.6 1.6 1.2
      vertex 4.46012 5.77971 1.2
    endloop
  endfacet
  facet normal 0 0 1
    outer loop
      vertex 4.35 6.475 1.2
      vertex 1.6 1.6 1.2
      vertex 4.3777 6.12302 1.2
    endloop
  endfacet
  facet normal 1 0 0
    outer loop
      vertex 1.6 23.6 11.2
      vertex 1.6 17.1 6.2
      vertex 1.6 23.6 1.2
    endloop
  endfacet
  facet normal 1 0 0
    outer loop
      vertex 1.6 23.6 11.2
      vertex 1.6 17.0815 6.43465
      vertex 1.6 17.1 6.2
    endloop
  endfacet
  facet normal 1 0 0
    outer loop
      vertex 1.6 23.6 11.2
      vertex 1.6 17.0266 6.66352
      vertex 1.6 17.0815 6.43465
    endloop
  endfacet
  facet normal 1 0 0
    outer loop
      vertex 1.6 23.6 11.2
      vertex 1.6 16.9365 6.88099
      vertex 1.6 17.0266 6.66352
    endloop
  endfacet
  facet normal 1 0 0
    outer loop
      vertex 1.6 23.6 11.2
      vertex 1.6 16.8135 7.08168
      vertex 1.6 16.9365 6.88099
    endloop
  endfacet
  facet normal 1 0 0
    outer loop
      vertex 1.6 23.6 11.2
      vertex 1.6 16.6607 7.26066
      vertex 1.6 16.8135 7.08168
    endloop
  endfacet
  facet normal 1 0 0
    outer loop
      vertex 1.6 23.6 11.2
      vertex 1.6 16.4817 7.41352
      vertex 1.6 16.6607 7.26066
    endloop
  endfacet
  facet normal 1 0 0
    outer loop
      vertex 1.6 23.6 11.2
      vertex 1.6 16.281 7.53651
      vertex 1.6 16.4817 7.41352
    endloop
  endfacet
  facet normal 1 0 0
    outer loop
      vertex 1.6 23.6 11.2
      vertex 1.6 16.0635 7.62658
      vertex 1.6 16.281 7.53651
    endloop
  endfacet
  facet normal 1 0 0
    outer loop
      vertex 1.6 23.6 11.2
      vertex 1.6 15.8347 7.68153
      vertex 1.6 16.0635 7.62658
    endloop
  endfacet
  facet normal 1 0 0
    outer loop
      vertex 1.6 23.6 11.2
      vertex 1.6 15.6 7.7
      vertex 1.6 15.8347 7.68153
    endloop
  endfacet
  facet normal 1 0 0
    outer loop
      vertex 1.6 23.6 11.2
      vertex 1.6 15.3653 7.68153
      vertex 1.6 15.6 7.7
    endloop
  endfacet
  facet normal 1 0 0
    outer loop
      vertex 1.6 9.83465 7.68153
      vertex 1.6 15.3653 7.68153
      vertex 1.6 23.6 11.2
    endloop
  endfacet
  facet normal 1 0 0
    outer loop
      vertex 1.6 15.3653 7.68153
      vertex 1.6 9.83465 7.68153
      vertex 1.6 15.1365 7.62658
    endloop
  endfacet
  facet normal 1 0 0
    outer loop
      vertex 1.6 14.1185 6.43465
      vertex 1.6 11.1 6.2
      vertex 1.6 14.1 6.2
    endloop
  endfacet
  facet normal 1 0 0
    outer loop
      vertex 1.6 11.0815 6.43465
      vertex 1.6 14.1185 6.43465
      vertex 1.6 14.1734 6.66352
    endloop
  endfacet
  facet normal 1 0 0
    outer loop
      vertex 1.6 11.0266 6.66352
      vertex 1.6 14.1734 6.66352
      vertex 1.6 14.2635 6.88099
    endloop
  endfacet
  facet normal 1 0 0
    outer loop
      vertex 1.6 10.9365 6.88099
      vertex 1.6 14.2635 6.88099
      vertex 1.6 14.3865 7.08168
    endloop
  endfacet
  facet normal 1 0 0
    outer loop
      vertex 1.6 10.8135 7.08168
      vertex 1.6 14.3865 7.08168
      vertex 1.6 14.5393 7.26066
    endloop
  endfacet
  facet normal 1 0 0
    outer loop
      vertex 1.6 10.6607 7.26066
      vertex 1.6 14.5393 7.26066
      vertex 1.6 14.7183 7.41352
    endloop
  endfacet
  facet normal 1 0 0
    outer loop
      vertex 1.6 10.4817 7.41352
      vertex 1.6 14.7183 7.41352
      vertex 1.6 14.919 7.53651
    endloop
  endfacet
  facet normal 1 0 -0
    outer loop
      vertex 1.6 10.0635 7.62658
      vertex 1.6 15.1365 7.62658
      vertex 1.6 9.83465 7.68153
    endloop
  endfacet
  facet normal 1 0 0
    outer loop
      vertex 1.6 14.1185 6.43465
      vertex 1.6 11.0815 6.43465
      vertex 1.6 11.1 6.2
    endloop
  endfacet
  facet normal 1 0 0
    outer loop
      vertex 1.6 14.1734 6.66352
      vertex 1.6 11.0266 6.66352
      vertex 1.6 11.0815 6.43465
    endloop
  endfacet
  facet normal 1 0 0
    outer loop
      vertex 1.6 14.2635 6.88099
      vertex 1.6 10.9365 6.88099
      vertex 1.6 11.0266 6.66352
    endloop
  endfacet
  facet normal 1 0 0
    outer loop
      vertex 1.6 14.3865 7.08168
      vertex 1.6 10.8135 7.08168
      vertex 1.6 10.9365 6.88099
    endloop
  endfacet
  facet normal 1 0 0
    outer loop
      vertex 1.6 14.5393 7.26066
      vertex 1.6 10.6607 7.26066
      vertex 1.6 10.8135 7.08168
    endloop
  endfacet
  facet normal 1 0 0
    outer loop
      vertex 1.6 14.7183 7.41352
      vertex 1.6 10.4817 7.41352
      vertex 1.6 10.6607 7.26066
    endloop
  endfacet
  facet normal 1 0 0
    outer loop
      vertex 1.6 14.919 7.53651
      vertex 1.6 10.281 7.53651
      vertex 1.6 10.4817 7.41352
    endloop
  endfacet
  facet normal 1 0 0
    outer loop
      vertex 1.6 14.919 7.53651
      vertex 1.6 10.0635 7.62658
      vertex 1.6 10.281 7.53651
    endloop
  endfacet
  facet normal 1 0 0
    outer loop
      vertex 1.6 15.1365 7.62658
      vertex 1.6 10.0635 7.62658
      vertex 1.6 14.919 7.53651
    endloop
  endfacet
  facet normal 1 -0 0
    outer loop
      vertex 1.6 1.6 11.2
      vertex 1.6 9.83465 7.68153
      vertex 1.6 23.6 11.2
    endloop
  endfacet
  facet normal 1 0 0
    outer loop
      vertex 1.6 9.83465 7.68153
      vertex 1.6 1.6 11.2
      vertex 1.6 9.6 7.7
    endloop
  endfacet
  facet normal 1 0 0
    outer loop
      vertex 1.6 9.6 7.7
      vertex 1.6 1.6 11.2
      vertex 1.6 9.36535 7.68153
    endloop
  endfacet
  facet normal 1 0 0
    outer loop
      vertex 1.6 8.11847 6.43465
      vertex 1.6 1.6 11.2
      vertex 1.6 8.1 6.2
    endloop
  endfacet
  facet normal 1 0 0
    outer loop
      vertex 1.6 8.17342 6.66352
      vertex 1.6 1.6 11.2
      vertex 1.6 8.11847 6.43465
    endloop
  endfacet
  facet normal 1 0 0
    outer loop
      vertex 1.6 8.26349 6.88099
      vertex 1.6 1.6 11.2
      vertex 1.6 8.17342 6.66352
    endloop
  endfacet
  facet normal 1 0 0
    outer loop
      vertex 1.6 8.38647 7.08168
      vertex 1.6 1.6 11.2
      vertex 1.6 8.26349 6.88099
    endloop
  endfacet
  facet normal 1 0 0
    outer loop
      vertex 1.6 8.53934 7.26066
      vertex 1.6 1.6 11.2
      vertex 1.6 8.38647 7.08168
    endloop
  endfacet
  facet normal 1 0 0
    outer loop
      vertex 1.6 8.71832 7.41352
      vertex 1.6 1.6 11.2
      vertex 1.6 8.53934 7.26066
    endloop
  endfacet
  facet normal 1 0 0
    outer loop
      vertex 1.6 8.91901 7.53651
      vertex 1.6 1.6 11.2
      vertex 1.6 8.71832 7.41352
    endloop
  endfacet
  facet normal 1 0 0
    outer loop
      vertex 1.6 9.13647 7.62658
      vertex 1.6 1.6 11.2
      vertex 1.6 8.91901 7.53651
    endloop
  endfacet
  facet normal 1 0 0
    outer loop
      vertex 1.6 9.36535 7.68153
      vertex 1.6 1.6 11.2
      vertex 1.6 9.13647 7.62658
    endloop
  endfacet
  facet normal 1 -0 0
    outer loop
      vertex 1.6 17.0815 5.96535
      vertex 1.6 23.6 1.2
      vertex 1.6 17.1 6.2
    endloop
  endfacet
  facet normal 1 -0 0
    outer loop
      vertex 1.6 17.0266 5.73647
      vertex 1.6 23.6 1.2
      vertex 1.6 17.0815 5.96535
    endloop
  endfacet
  facet normal 1 -0 0
    outer loop
      vertex 1.6 16.9365 5.51901
      vertex 1.6 23.6 1.2
      vertex 1.6 17.0266 5.73647
    endloop
  endfacet
  facet normal 1 -0 0
    outer loop
      vertex 1.6 16.8135 5.31832
      vertex 1.6 23.6 1.2
      vertex 1.6 16.9365 5.51901
    endloop
  endfacet
  facet normal 1 -0 0
    outer loop
      vertex 1.6 16.6607 5.13934
      vertex 1.6 23.6 1.2
      vertex 1.6 16.8135 5.31832
    endloop
  endfacet
  facet normal 1 -0 0
    outer loop
      vertex 1.6 16.4817 4.98647
      vertex 1.6 23.6 1.2
      vertex 1.6 16.6607 5.13934
    endloop
  endfacet
  facet normal 1 -0 0
    outer loop
      vertex 1.6 16.281 4.86349
      vertex 1.6 23.6 1.2
      vertex 1.6 16.4817 4.98647
    endloop
  endfacet
  facet normal 1 -0 0
    outer loop
      vertex 1.6 16.0635 4.77341
      vertex 1.6 23.6 1.2
      vertex 1.6 16.281 4.86349
    endloop
  endfacet
  facet normal 1 -0 0
    outer loop
      vertex 1.6 15.8347 4.71847
      vertex 1.6 23.6 1.2
      vertex 1.6 16.0635 4.77341
    endloop
  endfacet
  facet normal 1 -0 0
    outer loop
      vertex 1.6 15.6 4.7
      vertex 1.6 23.6 1.2
      vertex 1.6 15.8347 4.71847
    endloop
  endfacet
  facet normal 1 0 0
    outer loop
      vertex 1.6 15.3653 4.71847
      vertex 1.6 23.6 1.2
      vertex 1.6 15.6 4.7
    endloop
  endfacet
  facet normal 1 0 0
    outer loop
      vertex 1.6 9.83465 4.71847
      vertex 1.6 15.3653 4.71847
      vertex 1.6 15.1365 4.77341
    endloop
  endfacet
  facet normal 1 0 0
    outer loop
      vertex 1.6 10.0635 4.77341
      vertex 1.6 15.1365 4.77341
      vertex 1.6 14.919 4.86349
    endloop
  endfacet
  facet normal 1 -0 0
    outer loop
      vertex 1.6 11.1 6.2
      vertex 1.6 14.1185 5.96535
      vertex 1.6 14.1 6.2
    endloop
  endfacet
  facet normal 1 0 0
    outer loop
      vertex 1.6 11.0815 5.96535
      vertex 1.6 14.1185 5.96535
      vertex 1.6 11.1 6.2
    endloop
  endfacet
  facet normal 1 0 0
    outer loop
      vertex 1.6 14.1185 5.96535
      vertex 1.6 11.0815 5.96535
      vertex 1.6 14.1734 5.73647
    endloop
  endfacet
  facet normal 1 0 0
    outer loop
      vertex 1.6 11.0266 5.73647
      vertex 1.6 14.1734 5.73647
      vertex 1.6 11.0815 5.96535
    endloop
  endfacet
  facet normal 1 0 0
    outer loop
      vertex 1.6 14.1734 5.73647
      vertex 1.6 11.0266 5.73647
      vertex 1.6 14.2635 5.51901
    endloop
  endfacet
  facet normal 1 0 0
    outer loop
      vertex 1.6 10.9365 5.51901
      vertex 1.6 14.2635 5.51901
      vertex 1.6 11.0266 5.73647
    endloop
  endfacet
  facet normal 1 0 0
    outer loop
      vertex 1.6 14.2635 5.51901
      vertex 1.6 10.9365 5.51901
      vertex 1.6 14.3865 5.31832
    endloop
  endfacet
  facet normal 1 0 0
    outer loop
      vertex 1.6 10.8135 5.31832
      vertex 1.6 14.3865 5.31832
      vertex 1.6 10.9365 5.51901
    endloop
  endfacet
  facet normal 1 0 0
    outer loop
      vertex 1.6 14.3865 5.31832
      vertex 1.6 10.8135 5.31832
      vertex 1.6 14.5393 5.13934
    endloop
  endfacet
  facet normal 1 0 0
    outer loop
      vertex 1.6 10.6607 5.13934
      vertex 1.6 14.5393 5.13934
      vertex 1.6 10.8135 5.31832
    endloop
  endfacet
  facet normal 1 0 0
    outer loop
      vertex 1.6 14.5393 5.13934
      vertex 1.6 10.6607 5.13934
      vertex 1.6 14.7183 4.98647
    endloop
  endfacet
  facet normal 1 0 0
    outer loop
      vertex 1.6 10.4817 4.98647
      vertex 1.6 14.7183 4.98647
      vertex 1.6 10.6607 5.13934
    endloop
  endfacet
  facet normal 1 0 0
    outer loop
      vertex 1.6 14.7183 4.98647
      vertex 1.6 10.4817 4.98647
      vertex 1.6 14.919 4.86349
    endloop
  endfacet
  facet normal 1 0 0
    outer loop
      vertex 1.6 10.281 4.86349
      vertex 1.6 14.919 4.86349
      vertex 1.6 10.4817 4.98647
    endloop
  endfacet
  facet normal 1 0 0
    outer loop
      vertex 1.6 10.0635 4.77341
      vertex 1.6 14.919 4.86349
      vertex 1.6 10.281 4.86349
    endloop
  endfacet
  facet normal 1 0 0
    outer loop
      vertex 1.6 15.1365 4.77341
      vertex 1.6 10.0635 4.77341
      vertex 1.6 9.83465 4.71847
    endloop
  endfacet
  facet normal 1 0 0
    outer loop
      vertex 1.6 15.3653 4.71847
      vertex 1.6 9.83465 4.71847
      vertex 1.6 23.6 1.2
    endloop
  endfacet
  facet normal 1 0 0
    outer loop
      vertex 1.6 1.6 1.2
      vertex 1.6 9.83465 4.71847
      vertex 1.6 9.6 4.7
    endloop
  endfacet
  facet normal 1 0 0
    outer loop
      vertex 1.6 1.6 1.2
      vertex 1.6 9.6 4.7
      vertex 1.6 9.36535 4.71847
    endloop
  endfacet
  facet normal 1 0 0
    outer loop
      vertex 1.6 1.6 1.2
      vertex 1.6 9.36535 4.71847
      vertex 1.6 9.13647 4.77341
    endloop
  endfacet
  facet normal 1 0 0
    outer loop
      vertex 1.6 1.6 1.2
      vertex 1.6 8.1 6.2
      vertex 1.6 1.6 11.2
    endloop
  endfacet
  facet normal 1 0 0
    outer loop
      vertex 1.6 8.1 6.2
      vertex 1.6 1.6 1.2
      vertex 1.6 8.11847 5.96535
    endloop
  endfacet
  facet normal 1 0 0
    outer loop
      vertex 1.6 8.11847 5.96535
      vertex 1.6 1.6 1.2
      vertex 1.6 8.17342 5.73647
    endloop
  endfacet
  facet normal 1 0 0
    outer loop
      vertex 1.6 8.17342 5.73647
      vertex 1.6 1.6 1.2
      vertex 1.6 8.26349 5.51901
    endloop
  endfacet
  facet normal 1 0 0
    outer loop
      vertex 1.6 8.26349 5.51901
      vertex 1.6 1.6 1.2
      vertex 1.6 8.38647 5.31832
    endloop
  endfacet
  facet normal 1 0 0
    outer loop
      vertex 1.6 9.83465 4.71847
      vertex 1.6 1.6 1.2
      vertex 1.6 23.6 1.2
    endloop
  endfacet
  facet normal 1 0 0
    outer loop
      vertex 1.6 8.91901 4.86349
      vertex 1.6 1.6 1.2
      vertex 1.6 9.13647 4.77341
    endloop
  endfacet
  facet normal 1 0 0
    outer loop
      vertex 1.6 8.71832 4.98647
      vertex 1.6 1.6 1.2
      vertex 1.6 8.91901 4.86349
    endloop
  endfacet
  facet normal 1 0 0
    outer loop
      vertex 1.6 8.53934 5.13934
      vertex 1.6 1.6 1.2
      vertex 1.6 8.71832 4.98647
    endloop
  endfacet
  facet normal 1 0 0
    outer loop
      vertex 1.6 8.38647 5.31832
      vertex 1.6 1.6 1.2
      vertex 1.6 8.53934 5.13934
    endloop
  endfacet
  facet normal 0 -1 0
    outer loop
      vertex 1.6 23.6 1.2
      vertex 31.6 23.6 11.2
      vertex 1.6 23.6 11.2
    endloop
  endfacet
  facet normal 0 -1 -0
    outer loop
      vertex 31.6 23.6 11.2
      vertex 1.6 23.6 1.2
      vertex 31.6 23.6 1.2
    endloop
  endfacet
  facet normal 0 1 -0
    outer loop
      vertex 31.6 1.6 1.2
      vertex 1.6 1.6 11.2
      vertex 31.6 1.6 11.2
    endloop
  endfacet
  facet normal 0 1 0
    outer loop
      vertex 1.6 1.6 11.2
      vertex 31.6 1.6 1.2
      vertex 1.6 1.6 1.2
    endloop
  endfacet
  facet normal -1 0 0
    outer loop
      vertex 49.2 1.6 1.2
      vertex 49.2 23.6 11.2
      vertex 49.2 23.6 1.2
    endloop
  endfacet
  facet normal -1 -0 0
    outer loop
      vertex 49.2 23.6 11.2
      vertex 49.2 1.6 1.2
      vertex 49.2 1.6 11.2
    endloop
  endfacet
  facet normal 0 0 1
    outer loop
      vertex 49.2 23.6 1.2
      vertex 46.95 12.6 1.2
      vertex 49.2 1.6 1.2
    endloop
  endfacet
  facet normal 0 0 1
    outer loop
      vertex 49.2 23.6 1.2
      vertex 46.8792 13.4995 1.2
      vertex 46.95 12.6 1.2
    endloop
  endfacet
  facet normal 0 0 1
    outer loop
      vertex 49.2 23.6 1.2
      vertex 46.6686 14.3768 1.2
      vertex 46.8792 13.4995 1.2
    endloop
  endfacet
  facet normal 0 0 1
    outer loop
      vertex 49.2 23.6 1.2
      vertex 46.3233 15.2104 1.2
      vertex 46.6686 14.3768 1.2
    endloop
  endfacet
  facet normal 0 0 1
    outer loop
      vertex 49.2 23.6 1.2
      vertex 45.8518 15.9798 1.2
      vertex 46.3233 15.2104 1.2
    endloop
  endfacet
  facet normal 0 0 1
    outer loop
      vertex 49.2 23.6 1.2
      vertex 45.2659 16.6659 1.2
      vertex 45.8518 15.9798 1.2
    endloop
  endfacet
  facet normal 0 0 1
    outer loop
      vertex 49.2 23.6 1.2
      vertex 44.5798 17.2518 1.2
      vertex 45.2659 16.6659 1.2
    endloop
  endfacet
  facet normal 0 0 1
    outer loop
      vertex 49.2 23.6 1.2
      vertex 43.8104 17.7233 1.2
      vertex 44.5798 17.2518 1.2
    endloop
  endfacet
  facet normal 0 0 1
    outer loop
      vertex 49.2 23.6 1.2
      vertex 42.9768 18.0686 1.2
      vertex 43.8104 17.7233 1.2
    endloop
  endfacet
  facet normal 0 0 1
    outer loop
      vertex 49.2 23.6 1.2
      vertex 42.0995 18.2792 1.2
      vertex 42.9768 18.0686 1.2
    endloop
  endfacet
  facet normal 0 0 1
    outer loop
      vertex 49.2 23.6 1.2
      vertex 41.2 18.35 1.2
      vertex 42.0995 18.2792 1.2
    endloop
  endfacet
  facet normal -0 0 1
    outer loop
      vertex 33.2 23.6 1.2
      vertex 41.2 18.35 1.2
      vertex 49.2 23.6 1.2
    endloop
  endfacet
  facet normal 0 0 1
    outer loop
      vertex 41.2 18.35 1.2
      vertex 33.2 23.6 1.2
      vertex 40.3005 18.2792 1.2
    endloop
  endfacet
  facet normal 0 0 1
    outer loop
      vertex 40.3005 18.2792 1.2
      vertex 33.2 23.6 1.2
      vertex 39.4232 18.0686 1.2
    endloop
  endfacet
  facet normal 0 0 1
    outer loop
      vertex 35.5208 13.4995 1.2
      vertex 33.2 23.6 1.2
      vertex 35.45 12.6 1.2
    endloop
  endfacet
  facet normal 0 0 1
    outer loop
      vertex 35.7314 14.3768 1.2
      vertex 33.2 23.6 1.2
      vertex 35.5208 13.4995 1.2
    endloop
  endfacet
  facet normal 0 0 1
    outer loop
      vertex 36.0767 15.2104 1.2
      vertex 33.2 23.6 1.2
      vertex 35.7314 14.3768 1.2
    endloop
  endfacet
  facet normal 0 0 1
    outer loop
      vertex 36.5482 15.9798 1.2
      vertex 33.2 23.6 1.2
      vertex 36.0767 15.2104 1.2
    endloop
  endfacet
  facet normal 0 0 1
    outer loop
      vertex 37.1341 16.6659 1.2
      vertex 33.2 23.6 1.2
      vertex 36.5482 15.9798 1.2
    endloop
  endfacet
  facet normal 0 0 1
    outer loop
      vertex 37.8202 17.2518 1.2
      vertex 33.2 23.6 1.2
      vertex 37.1341 16.6659 1.2
    endloop
  endfacet
  facet normal 0 0 1
    outer loop
      vertex 38.5896 17.7233 1.2
      vertex 33.2 23.6 1.2
      vertex 37.8202 17.2518 1.2
    endloop
  endfacet
  facet normal 0 0 1
    outer loop
      vertex 39.4232 18.0686 1.2
      vertex 33.2 23.6 1.2
      vertex 38.5896 17.7233 1.2
    endloop
  endfacet
  facet normal -0 0 1
    outer loop
      vertex 46.8792 11.7005 1.2
      vertex 49.2 1.6 1.2
      vertex 46.95 12.6 1.2
    endloop
  endfacet
  facet normal -0 0 1
    outer loop
      vertex 46.6686 10.8232 1.2
      vertex 49.2 1.6 1.2
      vertex 46.8792 11.7005 1.2
    endloop
  endfacet
  facet normal -0 0 1
    outer loop
      vertex 46.3233 9.98955 1.2
      vertex 49.2 1.6 1.2
      vertex 46.6686 10.8232 1.2
    endloop
  endfacet
  facet normal -0 0 1
    outer loop
      vertex 45.8518 9.22023 1.2
      vertex 49.2 1.6 1.2
      vertex 46.3233 9.98955 1.2
    endloop
  endfacet
  facet normal -0 0 1
    outer loop
      vertex 45.2659 8.53414 1.2
      vertex 49.2 1.6 1.2
      vertex 45.8518 9.22023 1.2
    endloop
  endfacet
  facet normal -0 0 1
    outer loop
      vertex 44.5798 7.94815 1.2
      vertex 49.2 1.6 1.2
      vertex 45.2659 8.53414 1.2
    endloop
  endfacet
  facet normal -0 0 1
    outer loop
      vertex 43.8104 7.47671 1.2
      vertex 49.2 1.6 1.2
      vertex 44.5798 7.94815 1.2
    endloop
  endfacet
  facet normal -0 0 1
    outer loop
      vertex 42.9768 7.13142 1.2
      vertex 49.2 1.6 1.2
      vertex 43.8104 7.47671 1.2
    endloop
  endfacet
  facet normal -0 0 1
    outer loop
      vertex 42.0995 6.92079 1.2
      vertex 49.2 1.6 1.2
      vertex 42.9768 7.13142 1.2
    endloop
  endfacet
  facet normal -0 0 1
    outer loop
      vertex 41.2 6.85 1.2
      vertex 49.2 1.6 1.2
      vertex 42.0995 6.92079 1.2
    endloop
  endfacet
  facet normal 0 0 1
    outer loop
      vertex 33.2 1.6 1.2
      vertex 41.2 6.85 1.2
      vertex 40.3005 6.92079 1.2
    endloop
  endfacet
  facet normal 0 0 1
    outer loop
      vertex 33.2 1.6 1.2
      vertex 40.3005 6.92079 1.2
      vertex 39.4232 7.13142 1.2
    endloop
  endfacet
  facet normal 0 0 1
    outer loop
      vertex 33.2 1.6 1.2
      vertex 39.4232 7.13142 1.2
      vertex 38.5896 7.47671 1.2
    endloop
  endfacet
  facet normal 0 0 1
    outer loop
      vertex 33.2 1.6 1.2
      vertex 35.45 12.6 1.2
      vertex 33.2 23.6 1.2
    endloop
  endfacet
  facet normal 0 0 1
    outer loop
      vertex 41.2 6.85 1.2
      vertex 33.2 1.6 1.2
      vertex 49.2 1.6 1.2
    endloop
  endfacet
  facet normal 0 0 1
    outer loop
      vertex 37.8202 7.94815 1.2
      vertex 33.2 1.6 1.2
      vertex 38.5896 7.47671 1.2
    endloop
  endfacet
  facet normal 0 0 1
    outer loop
      vertex 37.1341 8.53414 1.2
      vertex 33.2 1.6 1.2
      vertex 37.8202 7.94815 1.2
    endloop
  endfacet
  facet normal 0 0 1
    outer loop
      vertex 36.5482 9.22023 1.2
      vertex 33.2 1.6 1.2
      vertex 37.1341 8.53414 1.2
    endloop
  endfacet
  facet normal 0 0 1
    outer loop
      vertex 36.0767 9.98955 1.2
      vertex 33.2 1.6 1.2
      vertex 36.5482 9.22023 1.2
    endloop
  endfacet
  facet normal 0 0 1
    outer loop
      vertex 35.7314 10.8232 1.2
      vertex 33.2 1.6 1.2
      vertex 36.0767 9.98955 1.2
    endloop
  endfacet
  facet normal 0 0 1
    outer loop
      vertex 35.5208 11.7005 1.2
      vertex 33.2 1.6 1.2
      vertex 35.7314 10.8232 1.2
    endloop
  endfacet
  facet normal 0 0 1
    outer loop
      vertex 35.45 12.6 1.2
      vertex 33.2 1.6 1.2
      vertex 35.5208 11.7005 1.2
    endloop
  endfacet
  facet normal 1 0 0
    outer loop
      vertex 33.2 23.6 11.2
      vertex 33.2 14.35 6.2
      vertex 33.2 23.6 1.2
    endloop
  endfacet
  facet normal 1 0 0
    outer loop
      vertex 33.2 23.6 11.2
      vertex 33.2 14.3285 6.47376
      vertex 33.2 14.35 6.2
    endloop
  endfacet
  facet normal 1 0 0
    outer loop
      vertex 33.2 23.6 11.2
      vertex 33.2 14.2643 6.74078
      vertex 33.2 14.3285 6.47376
    endloop
  endfacet
  facet normal 1 0 0
    outer loop
      vertex 33.2 23.6 11.2
      vertex 33.2 14.1593 6.99448
      vertex 33.2 14.2643 6.74078
    endloop
  endfacet
  facet normal 1 0 0
    outer loop
      vertex 33.2 23.6 11.2
      vertex 33.2 14.0158 7.22862
      vertex 33.2 14.1593 6.99448
    endloop
  endfacet
  facet normal 1 0 0
    outer loop
      vertex 33.2 23.6 11.2
      vertex 33.2 13.8374 7.43744
      vertex 33.2 14.0158 7.22862
    endloop
  endfacet
  facet normal 1 0 0
    outer loop
      vertex 33.2 23.6 11.2
      vertex 33.2 13.6286 7.61578
      vertex 33.2 13.8374 7.43744
    endloop
  endfacet
  facet normal 1 0 0
    outer loop
      vertex 33.2 23.6 11.2
      vertex 33.2 13.3945 7.75926
      vertex 33.2 13.6286 7.61578
    endloop
  endfacet
  facet normal 1 0 0
    outer loop
      vertex 33.2 23.6 11.2
      vertex 33.2 13.1408 7.86435
      vertex 33.2 13.3945 7.75926
    endloop
  endfacet
  facet normal 1 0 0
    outer loop
      vertex 33.2 23.6 11.2
      vertex 33.2 12.8738 7.92845
      vertex 33.2 13.1408 7.86435
    endloop
  endfacet
  facet normal 1 0 0
    outer loop
      vertex 33.2 23.6 11.2
      vertex 33.2 12.6 7.95
      vertex 33.2 12.8738 7.92845
    endloop
  endfacet
  facet normal 1 -0 0
    outer loop
      vertex 33.2 1.6 11.2
      vertex 33.2 12.6 7.95
      vertex 33.2 23.6 11.2
    endloop
  endfacet
  facet normal 1 0 0
    outer loop
      vertex 33.2 12.6 7.95
      vertex 33.2 1.6 11.2
      vertex 33.2 12.3262 7.92845
    endloop
  endfacet
  facet normal 1 0 0
    outer loop
      vertex 33.2 10.8715 6.47376
      vertex 33.2 1.6 11.2
      vertex 33.2 10.85 6.2
    endloop
  endfacet
  facet normal 1 0 0
    outer loop
      vertex 33.2 10.9357 6.74078
      vertex 33.2 1.6 11.2
      vertex 33.2 10.8715 6.47376
    endloop
  endfacet
  facet normal 1 0 0
    outer loop
      vertex 33.2 11.0407 6.99448
      vertex 33.2 1.6 11.2
      vertex 33.2 10.9357 6.74078
    endloop
  endfacet
  facet normal 1 0 0
    outer loop
      vertex 33.2 11.1842 7.22862
      vertex 33.2 1.6 11.2
      vertex 33.2 11.0407 6.99448
    endloop
  endfacet
  facet normal 1 0 0
    outer loop
      vertex 33.2 11.3626 7.43744
      vertex 33.2 1.6 11.2
      vertex 33.2 11.1842 7.22862
    endloop
  endfacet
  facet normal 1 0 0
    outer loop
      vertex 33.2 11.5714 7.61578
      vertex 33.2 1.6 11.2
      vertex 33.2 11.3626 7.43744
    endloop
  endfacet
  facet normal 1 0 0
    outer loop
      vertex 33.2 11.8055 7.75926
      vertex 33.2 1.6 11.2
      vertex 33.2 11.5714 7.61578
    endloop
  endfacet
  facet normal 1 0 0
    outer loop
      vertex 33.2 12.0592 7.86435
      vertex 33.2 1.6 11.2
      vertex 33.2 11.8055 7.75926
    endloop
  endfacet
  facet normal 1 0 0
    outer loop
      vertex 33.2 12.3262 7.92845
      vertex 33.2 1.6 11.2
      vertex 33.2 12.0592 7.86435
    endloop
  endfacet
  facet normal 1 -0 0
    outer loop
      vertex 33.2 14.3285 5.92624
      vertex 33.2 23.6 1.2
      vertex 33.2 14.35 6.2
    endloop
  endfacet
  facet normal 1 -0 0
    outer loop
      vertex 33.2 14.2643 5.65922
      vertex 33.2 23.6 1.2
      vertex 33.2 14.3285 5.92624
    endloop
  endfacet
  facet normal 1 -0 0
    outer loop
      vertex 33.2 14.1593 5.40552
      vertex 33.2 23.6 1.2
      vertex 33.2 14.2643 5.65922
    endloop
  endfacet
  facet normal 1 -0 0
    outer loop
      vertex 33.2 14.0158 5.17138
      vertex 33.2 23.6 1.2
      vertex 33.2 14.1593 5.40552
    endloop
  endfacet
  facet normal 1 -0 0
    outer loop
      vertex 33.2 13.8374 4.96256
      vertex 33.2 23.6 1.2
      vertex 33.2 14.0158 5.17138
    endloop
  endfacet
  facet normal 1 -0 0
    outer loop
      vertex 33.2 13.6286 4.78422
      vertex 33.2 23.6 1.2
      vertex 33.2 13.8374 4.96256
    endloop
  endfacet
  facet normal 1 -0 0
    outer loop
      vertex 33.2 13.3945 4.64074
      vertex 33.2 23.6 1.2
      vertex 33.2 13.6286 4.78422
    endloop
  endfacet
  facet normal 1 -0 0
    outer loop
      vertex 33.2 13.1408 4.53565
      vertex 33.2 23.6 1.2
      vertex 33.2 13.3945 4.64074
    endloop
  endfacet
  facet normal 1 -0 0
    outer loop
      vertex 33.2 12.8738 4.47155
      vertex 33.2 23.6 1.2
      vertex 33.2 13.1408 4.53565
    endloop
  endfacet
  facet normal 1 -0 0
    outer loop
      vertex 33.2 12.6 4.45
      vertex 33.2 23.6 1.2
      vertex 33.2 12.8738 4.47155
    endloop
  endfacet
  facet normal 1 0 0
    outer loop
      vertex 33.2 1.6 1.2
      vertex 33.2 12.6 4.45
      vertex 33.2 12.3262 4.47155
    endloop
  endfacet
  facet normal 1 0 0
    outer loop
      vertex 33.2 1.6 1.2
      vertex 33.2 12.3262 4.47155
      vertex 33.2 12.0592 4.53565
    endloop
  endfacet
  facet normal 1 0 0
    outer loop
      vertex 33.2 1.6 1.2
      vertex 33.2 10.85 6.2
      vertex 33.2 1.6 11.2
    endloop
  endfacet
  facet normal 1 0 0
    outer loop
      vertex 33.2 10.85 6.2
      vertex 33.2 1.6 1.2
      vertex 33.2 10.8715 5.92624
    endloop
  endfacet
  facet normal 1 0 0
    outer loop
      vertex 33.2 10.8715 5.92624
      vertex 33.2 1.6 1.2
      vertex 33.2 10.9357 5.65922
    endloop
  endfacet
  facet normal 1 0 0
    outer loop
      vertex 33.2 10.9357 5.65922
      vertex 33.2 1.6 1.2
      vertex 33.2 11.0407 5.40552
    endloop
  endfacet
  facet normal 1 0 0
    outer loop
      vertex 33.2 11.0407 5.40552
      vertex 33.2 1.6 1.2
      vertex 33.2 11.1842 5.17138
    endloop
  endfacet
  facet normal 1 0 0
    outer loop
      vertex 33.2 11.1842 5.17138
      vertex 33.2 1.6 1.2
      vertex 33.2 11.3626 4.96256
    endloop
  endfacet
  facet normal 1 0 0
    outer loop
      vertex 33.2 12.6 4.45
      vertex 33.2 1.6 1.2
      vertex 33.2 23.6 1.2
    endloop
  endfacet
  facet normal 1 0 0
    outer loop
      vertex 33.2 11.8055 4.64074
      vertex 33.2 1.6 1.2
      vertex 33.2 12.0592 4.53565
    endloop
  endfacet
  facet normal 1 0 0
    outer loop
      vertex 33.2 11.5714 4.78422
      vertex 33.2 1.6 1.2
      vertex 33.2 11.8055 4.64074
    endloop
  endfacet
  facet normal 1 0 0
    outer loop
      vertex 33.2 11.3626 4.96256
      vertex 33.2 1.6 1.2
      vertex 33.2 11.5714 4.78422
    endloop
  endfacet
  facet normal 0 -1 0
    outer loop
      vertex 33.2 23.6 1.2
      vertex 49.2 23.6 11.2
      vertex 33.2 23.6 11.2
    endloop
  endfacet
  facet normal 0 -1 -0
    outer loop
      vertex 49.2 23.6 11.2
      vertex 33.2 23.6 1.2
      vertex 49.2 23.6 1.2
    endloop
  endfacet
  facet normal 0 1 -0
    outer loop
      vertex 49.2 1.6 1.2
      vertex 33.2 1.6 11.2
      vertex 49.2 1.6 11.2
    endloop
  endfacet
  facet normal 0 1 0
    outer loop
      vertex 33.2 1.6 11.2
      vertex 49.2 1.6 1.2
      vertex 33.2 1.6 1.2
    endloop
  endfacet
  facet normal 0 -0.382696 0.923874
    outer loop
      vertex 31.6 13.3945 4.64074
      vertex 33.2 13.1408 4.53565
      vertex 33.2 13.3945 4.64074
    endloop
  endfacet
  facet normal 0 -0.382696 0.923874
    outer loop
      vertex 33.2 13.1408 4.53565
      vertex 31.6 13.3945 4.64074
      vertex 31.6 13.1408 4.53565
    endloop
  endfacet
  facet normal 0 -0.52256 0.852602
    outer loop
      vertex 31.6 13.6286 4.78422
      vertex 33.2 13.3945 4.64074
      vertex 33.2 13.6286 4.78422
    endloop
  endfacet
  facet normal 0 -0.52256 0.852602
    outer loop
      vertex 33.2 13.3945 4.64074
      vertex 31.6 13.6286 4.78422
      vertex 31.6 13.3945 4.64074
    endloop
  endfacet
  facet normal 0 0.0784644 -0.996917
    outer loop
      vertex 31.6 12.3262 7.92845
      vertex 33.2 12.6 7.95
      vertex 33.2 12.3262 7.92845
    endloop
  endfacet
  facet normal 0 0.0784644 -0.996917
    outer loop
      vertex 33.2 12.6 7.95
      vertex 31.6 12.3262 7.92845
      vertex 31.6 12.6 7.95
    endloop
  endfacet
  facet normal 0 -0.972292 0.23377
    outer loop
      vertex 31.6 14.2643 5.65922
      vertex 33.2 14.3285 5.92624
      vertex 31.6 14.3285 5.92624
    endloop
  endfacet
  facet normal 0 -0.972292 0.23377
    outer loop
      vertex 33.2 14.3285 5.92624
      vertex 31.6 14.2643 5.65922
      vertex 33.2 14.2643 5.65922
    endloop
  endfacet
  facet normal 0 -0.0784644 0.996917
    outer loop
      vertex 31.6 12.8738 4.47155
      vertex 33.2 12.6 4.45
      vertex 33.2 12.8738 4.47155
    endloop
  endfacet
  facet normal 0 -0.0784644 0.996917
    outer loop
      vertex 33.2 12.6 4.45
      vertex 31.6 12.8738 4.47155
      vertex 31.6 12.6 4.45
    endloop
  endfacet
  facet normal 0 -0.52256 -0.852602
    outer loop
      vertex 31.6 13.3945 7.75926
      vertex 33.2 13.6286 7.61578
      vertex 33.2 13.3945 7.75926
    endloop
  endfacet
  facet normal -0 -0.52256 -0.852602
    outer loop
      vertex 33.2 13.6286 7.61578
      vertex 31.6 13.3945 7.75926
      vertex 31.6 13.6286 7.61578
    endloop
  endfacet
  facet normal 0 0.99693 -0.0782949
    outer loop
      vertex 33.2 10.85 6.2
      vertex 31.6 10.8715 6.47376
      vertex 33.2 10.8715 6.47376
    endloop
  endfacet
  facet normal 0 0.99693 -0.0782949
    outer loop
      vertex 31.6 10.8715 6.47376
      vertex 33.2 10.85 6.2
      vertex 31.6 10.85 6.2
    endloop
  endfacet
  facet normal 0 0.233442 -0.972371
    outer loop
      vertex 31.6 12.0592 7.86435
      vertex 33.2 12.3262 7.92845
      vertex 33.2 12.0592 7.86435
    endloop
  endfacet
  facet normal 0 0.233442 -0.972371
    outer loop
      vertex 33.2 12.3262 7.92845
      vertex 31.6 12.0592 7.86435
      vertex 31.6 12.3262 7.92845
    endloop
  endfacet
  facet normal 0 0.85261 0.522548
    outer loop
      vertex 33.2 11.1842 5.17138
      vertex 31.6 11.0407 5.40552
      vertex 33.2 11.0407 5.40552
    endloop
  endfacet
  facet normal 0 0.85261 0.522548
    outer loop
      vertex 31.6 11.0407 5.40552
      vertex 33.2 11.1842 5.17138
      vertex 31.6 11.1842 5.17138
    endloop
  endfacet
  facet normal -0 0.382696 0.923874
    outer loop
      vertex 31.6 12.0592 4.53565
      vertex 33.2 11.8055 4.64074
      vertex 33.2 12.0592 4.53565
    endloop
  endfacet
  facet normal 0 0.382696 0.923874
    outer loop
      vertex 33.2 11.8055 4.64074
      vertex 31.6 12.0592 4.53565
      vertex 31.6 11.8055 4.64074
    endloop
  endfacet
  facet normal 0 -0.233442 0.972371
    outer loop
      vertex 31.6 13.1408 4.53565
      vertex 33.2 12.8738 4.47155
      vertex 33.2 13.1408 4.53565
    endloop
  endfacet
  facet normal 0 -0.233442 0.972371
    outer loop
      vertex 33.2 12.8738 4.47155
      vertex 31.6 13.1408 4.53565
      vertex 31.6 12.8738 4.47155
    endloop
  endfacet
  facet normal 0 -0.85261 -0.522548
    outer loop
      vertex 31.6 14.1593 6.99448
      vertex 33.2 14.0158 7.22862
      vertex 31.6 14.0158 7.22862
    endloop
  endfacet
  facet normal 0 -0.85261 -0.522548
    outer loop
      vertex 33.2 14.0158 7.22862
      vertex 31.6 14.1593 6.99448
      vertex 33.2 14.1593 6.99448
    endloop
  endfacet
  facet normal 0 0.972292 0.23377
    outer loop
      vertex 33.2 10.9357 5.65922
      vertex 31.6 10.8715 5.92624
      vertex 33.2 10.8715 5.92624
    endloop
  endfacet
  facet normal 0 0.972292 0.23377
    outer loop
      vertex 31.6 10.8715 5.92624
      vertex 33.2 10.9357 5.65922
      vertex 31.6 10.9357 5.65922
    endloop
  endfacet
  facet normal 0 -0.972292 -0.23377
    outer loop
      vertex 31.6 14.3285 6.47376
      vertex 33.2 14.2643 6.74078
      vertex 31.6 14.2643 6.74078
    endloop
  endfacet
  facet normal 0 -0.972292 -0.23377
    outer loop
      vertex 33.2 14.2643 6.74078
      vertex 31.6 14.3285 6.47376
      vertex 33.2 14.3285 6.47376
    endloop
  endfacet
  facet normal 0 0.382696 -0.923874
    outer loop
      vertex 31.6 11.8055 7.75926
      vertex 33.2 12.0592 7.86435
      vertex 33.2 11.8055 7.75926
    endloop
  endfacet
  facet normal 0 0.382696 -0.923874
    outer loop
      vertex 33.2 12.0592 7.86435
      vertex 31.6 11.8055 7.75926
      vertex 31.6 12.0592 7.86435
    endloop
  endfacet
  facet normal 0 -0.0784644 -0.996917
    outer loop
      vertex 31.6 12.6 7.95
      vertex 33.2 12.8738 7.92845
      vertex 33.2 12.6 7.95
    endloop
  endfacet
  facet normal -0 -0.0784644 -0.996917
    outer loop
      vertex 33.2 12.8738 7.92845
      vertex 31.6 12.6 7.95
      vertex 31.6 12.8738 7.92845
    endloop
  endfacet
  facet normal 0 -0.92399 0.382416
    outer loop
      vertex 31.6 14.1593 5.40552
      vertex 33.2 14.2643 5.65922
      vertex 31.6 14.2643 5.65922
    endloop
  endfacet
  facet normal 0 -0.92399 0.382416
    outer loop
      vertex 33.2 14.2643 5.65922
      vertex 31.6 14.1593 5.40552
      vertex 33.2 14.1593 5.40552
    endloop
  endfacet
  facet normal -0 0.52256 0.852602
    outer loop
      vertex 31.6 11.8055 4.64074
      vertex 33.2 11.5714 4.78422
      vertex 33.2 11.8055 4.64074
    endloop
  endfacet
  facet normal 0 0.52256 0.852602
    outer loop
      vertex 33.2 11.5714 4.78422
      vertex 31.6 11.8055 4.64074
      vertex 31.6 11.5714 4.78422
    endloop
  endfacet
  facet normal 0 -0.760314 -0.649555
    outer loop
      vertex 31.6 14.0158 7.22862
      vertex 33.2 13.8374 7.43744
      vertex 31.6 13.8374 7.43744
    endloop
  endfacet
  facet normal 0 -0.760314 -0.649555
    outer loop
      vertex 33.2 13.8374 7.43744
      vertex 31.6 14.0158 7.22862
      vertex 33.2 14.0158 7.22862
    endloop
  endfacet
  facet normal 0 -0.649465 0.760392
    outer loop
      vertex 31.6 13.8374 4.96256
      vertex 33.2 13.6286 4.78422
      vertex 33.2 13.8374 4.96256
    endloop
  endfacet
  facet normal 0 -0.649465 0.760392
    outer loop
      vertex 33.2 13.6286 4.78422
      vertex 31.6 13.8374 4.96256
      vertex 31.6 13.6286 4.78422
    endloop
  endfacet
  facet normal 0 0.92399 0.382416
    outer loop
      vertex 33.2 11.0407 5.40552
      vertex 31.6 10.9357 5.65922
      vertex 33.2 10.9357 5.65922
    endloop
  endfacet
  facet normal 0 0.92399 0.382416
    outer loop
      vertex 31.6 10.9357 5.65922
      vertex 33.2 11.0407 5.40552
      vertex 31.6 11.0407 5.40552
    endloop
  endfacet
  facet normal 0 -0.760314 0.649555
    outer loop
      vertex 31.6 13.8374 4.96256
      vertex 33.2 14.0158 5.17138
      vertex 31.6 14.0158 5.17138
    endloop
  endfacet
  facet normal 0 -0.760314 0.649555
    outer loop
      vertex 33.2 14.0158 5.17138
      vertex 31.6 13.8374 4.96256
      vertex 33.2 13.8374 4.96256
    endloop
  endfacet
  facet normal 0 -0.99693 -0.0782949
    outer loop
      vertex 31.6 14.35 6.2
      vertex 33.2 14.3285 6.47376
      vertex 31.6 14.3285 6.47376
    endloop
  endfacet
  facet normal 0 -0.99693 -0.0782949
    outer loop
      vertex 33.2 14.3285 6.47376
      vertex 31.6 14.35 6.2
      vertex 33.2 14.35 6.2
    endloop
  endfacet
  facet normal 0 -0.85261 0.522548
    outer loop
      vertex 31.6 14.0158 5.17138
      vertex 33.2 14.1593 5.40552
      vertex 31.6 14.1593 5.40552
    endloop
  endfacet
  facet normal 0 -0.85261 0.522548
    outer loop
      vertex 33.2 14.1593 5.40552
      vertex 31.6 14.0158 5.17138
      vertex 33.2 14.0158 5.17138
    endloop
  endfacet
  facet normal 0 0.52256 -0.852602
    outer loop
      vertex 31.6 11.5714 7.61578
      vertex 33.2 11.8055 7.75926
      vertex 33.2 11.5714 7.61578
    endloop
  endfacet
  facet normal 0 0.52256 -0.852602
    outer loop
      vertex 33.2 11.8055 7.75926
      vertex 31.6 11.5714 7.61578
      vertex 31.6 11.8055 7.75926
    endloop
  endfacet
  facet normal -0 0.649465 0.760392
    outer loop
      vertex 31.6 11.5714 4.78422
      vertex 33.2 11.3626 4.96256
      vertex 33.2 11.5714 4.78422
    endloop
  endfacet
  facet normal 0 0.649465 0.760392
    outer loop
      vertex 33.2 11.3626 4.96256
      vertex 31.6 11.5714 4.78422
      vertex 31.6 11.3626 4.96256
    endloop
  endfacet
  facet normal -0 0.0784644 0.996917
    outer loop
      vertex 31.6 12.6 4.45
      vertex 33.2 12.3262 4.47155
      vertex 33.2 12.6 4.45
    endloop
  endfacet
  facet normal 0 0.0784644 0.996917
    outer loop
      vertex 33.2 12.3262 4.47155
      vertex 31.6 12.6 4.45
      vertex 31.6 12.3262 4.47155
    endloop
  endfacet
  facet normal -0 0.233442 0.972371
    outer loop
      vertex 31.6 12.3262 4.47155
      vertex 33.2 12.0592 4.53565
      vertex 33.2 12.3262 4.47155
    endloop
  endfacet
  facet normal 0 0.233442 0.972371
    outer loop
      vertex 33.2 12.0592 4.53565
      vertex 31.6 12.3262 4.47155
      vertex 31.6 12.0592 4.53565
    endloop
  endfacet
  facet normal 0 0.760314 0.649555
    outer loop
      vertex 33.2 11.3626 4.96256
      vertex 31.6 11.1842 5.17138
      vertex 33.2 11.1842 5.17138
    endloop
  endfacet
  facet normal 0 0.760314 0.649555
    outer loop
      vertex 31.6 11.1842 5.17138
      vertex 33.2 11.3626 4.96256
      vertex 31.6 11.3626 4.96256
    endloop
  endfacet
  facet normal 0 0.649465 -0.760392
    outer loop
      vertex 31.6 11.3626 7.43744
      vertex 33.2 11.5714 7.61578
      vertex 33.2 11.3626 7.43744
    endloop
  endfacet
  facet normal 0 0.649465 -0.760392
    outer loop
      vertex 33.2 11.5714 7.61578
      vertex 31.6 11.3626 7.43744
      vertex 31.6 11.5714 7.61578
    endloop
  endfacet
  facet normal 0 -0.92399 -0.382416
    outer loop
      vertex 31.6 14.2643 6.74078
      vertex 33.2 14.1593 6.99448
      vertex 31.6 14.1593 6.99448
    endloop
  endfacet
  facet normal 0 -0.92399 -0.382416
    outer loop
      vertex 33.2 14.1593 6.99448
      vertex 31.6 14.2643 6.74078
      vertex 33.2 14.2643 6.74078
    endloop
  endfacet
  facet normal 0 -0.649465 -0.760392
    outer loop
      vertex 31.6 13.6286 7.61578
      vertex 33.2 13.8374 7.43744
      vertex 33.2 13.6286 7.61578
    endloop
  endfacet
  facet normal -0 -0.649465 -0.760392
    outer loop
      vertex 33.2 13.8374 7.43744
      vertex 31.6 13.6286 7.61578
      vertex 31.6 13.8374 7.43744
    endloop
  endfacet
  facet normal 0 0.972292 -0.23377
    outer loop
      vertex 33.2 10.8715 6.47376
      vertex 31.6 10.9357 6.74078
      vertex 33.2 10.9357 6.74078
    endloop
  endfacet
  facet normal 0 0.972292 -0.23377
    outer loop
      vertex 31.6 10.9357 6.74078
      vertex 33.2 10.8715 6.47376
      vertex 31.6 10.8715 6.47376
    endloop
  endfacet
  facet normal 0 -0.99693 0.0782949
    outer loop
      vertex 31.6 14.3285 5.92624
      vertex 33.2 14.35 6.2
      vertex 31.6 14.35 6.2
    endloop
  endfacet
  facet normal 0 -0.99693 0.0782949
    outer loop
      vertex 33.2 14.35 6.2
      vertex 31.6 14.3285 5.92624
      vertex 33.2 14.3285 5.92624
    endloop
  endfacet
  facet normal 0 -0.233442 -0.972371
    outer loop
      vertex 31.6 12.8738 7.92845
      vertex 33.2 13.1408 7.86435
      vertex 33.2 12.8738 7.92845
    endloop
  endfacet
  facet normal -0 -0.233442 -0.972371
    outer loop
      vertex 33.2 13.1408 7.86435
      vertex 31.6 12.8738 7.92845
      vertex 31.6 13.1408 7.86435
    endloop
  endfacet
  facet normal 0 -0.382696 -0.923874
    outer loop
      vertex 31.6 13.1408 7.86435
      vertex 33.2 13.3945 7.75926
      vertex 33.2 13.1408 7.86435
    endloop
  endfacet
  facet normal -0 -0.382696 -0.923874
    outer loop
      vertex 33.2 13.3945 7.75926
      vertex 31.6 13.1408 7.86435
      vertex 31.6 13.3945 7.75926
    endloop
  endfacet
  facet normal 0 0.92399 -0.382416
    outer loop
      vertex 33.2 10.9357 6.74078
      vertex 31.6 11.0407 6.99448
      vertex 33.2 11.0407 6.99448
    endloop
  endfacet
  facet normal 0 0.92399 -0.382416
    outer loop
      vertex 31.6 11.0407 6.99448
      vertex 33.2 10.9357 6.74078
      vertex 31.6 10.9357 6.74078
    endloop
  endfacet
  facet normal 0 0.99693 0.0782949
    outer loop
      vertex 33.2 10.8715 5.92624
      vertex 31.6 10.85 6.2
      vertex 33.2 10.85 6.2
    endloop
  endfacet
  facet normal 0 0.99693 0.0782949
    outer loop
      vertex 31.6 10.85 6.2
      vertex 33.2 10.8715 5.92624
      vertex 31.6 10.8715 5.92624
    endloop
  endfacet
  facet normal 0 0.760314 -0.649555
    outer loop
      vertex 33.2 11.1842 7.22862
      vertex 31.6 11.3626 7.43744
      vertex 33.2 11.3626 7.43744
    endloop
  endfacet
  facet normal 0 0.760314 -0.649555
    outer loop
      vertex 31.6 11.3626 7.43744
      vertex 33.2 11.1842 7.22862
      vertex 31.6 11.1842 7.22862
    endloop
  endfacet
  facet normal 0 0.85261 -0.522548
    outer loop
      vertex 33.2 11.0407 6.99448
      vertex 31.6 11.1842 7.22862
      vertex 33.2 11.1842 7.22862
    endloop
  endfacet
  facet normal 0 0.85261 -0.522548
    outer loop
      vertex 31.6 11.1842 7.22862
      vertex 33.2 11.0407 6.99448
      vertex 31.6 11.0407 6.99448
    endloop
  endfacet
  facet normal 0.233442 0.972371 -0
    outer loop
      vertex 7.29529 8.61488 1.2
      vertex 6.95198 8.6973 3.2
      vertex 7.29529 8.61488 3.2
    endloop
  endfacet
  facet normal 0.233442 0.972371 0
    outer loop
      vertex 6.95198 8.6973 3.2
      vertex 7.29529 8.61488 1.2
      vertex 6.95198 8.6973 1.2
    endloop
  endfacet
  facet normal 0.760399 -0.649456 0
    outer loop
      vertex 8.19099 4.88401 3.2
      vertex 8.42029 5.15248 1.2
      vertex 8.42029 5.15248 3.2
    endloop
  endfacet
  facet normal 0.760399 -0.649456 0
    outer loop
      vertex 8.42029 5.15248 1.2
      vertex 8.19099 4.88401 3.2
      vertex 8.19099 4.88401 1.2
    endloop
  endfacet
  facet normal 0.972371 0.233442 0
    outer loop
      vertex 8.8223 6.82698 3.2
      vertex 8.73988 7.17029 1.2
      vertex 8.73988 7.17029 3.2
    endloop
  endfacet
  facet normal 0.972371 0.233442 0
    outer loop
      vertex 8.73988 7.17029 1.2
      vertex 8.8223 6.82698 3.2
      vertex 8.8223 6.82698 1.2
    endloop
  endfacet
  facet normal -0.649456 0.760399 0
    outer loop
      vertex 5.27748 8.29529 1.2
      vertex 5.00901 8.06599 3.2
      vertex 5.27748 8.29529 3.2
    endloop
  endfacet
  facet normal -0.649456 0.760399 0
    outer loop
      vertex 5.00901 8.06599 3.2
      vertex 5.27748 8.29529 1.2
      vertex 5.00901 8.06599 1.2
    endloop
  endfacet
  facet normal 0.85265 0.522483 0
    outer loop
      vertex 8.60476 7.49648 3.2
      vertex 8.42029 7.79752 1.2
      vertex 8.42029 7.79752 3.2
    endloop
  endfacet
  facet normal 0.85265 0.522483 0
    outer loop
      vertex 8.42029 7.79752 1.2
      vertex 8.60476 7.49648 3.2
      vertex 8.60476 7.49648 1.2
    endloop
  endfacet
  facet normal 0.85265 -0.522483 0
    outer loop
      vertex 8.42029 5.15248 3.2
      vertex 8.60476 5.45352 1.2
      vertex 8.60476 5.45352 3.2
    endloop
  endfacet
  facet normal 0.85265 -0.522483 0
    outer loop
      vertex 8.60476 5.45352 1.2
      vertex 8.42029 5.15248 3.2
      vertex 8.42029 5.15248 1.2
    endloop
  endfacet
  facet normal 0.0784551 -0.996918 0
    outer loop
      vertex 6.6 4.225 1.2
      vertex 6.95198 4.2527 3.2
      vertex 6.6 4.225 3.2
    endloop
  endfacet
  facet normal 0.0784551 -0.996918 0
    outer loop
      vertex 6.95198 4.2527 3.2
      vertex 6.6 4.225 1.2
      vertex 6.95198 4.2527 1.2
    endloop
  endfacet
  facet normal -0.996918 -0.0784551 0
    outer loop
      vertex 4.3777 6.12302 1.2
      vertex 4.35 6.475 3.2
      vertex 4.35 6.475 1.2
    endloop
  endfacet
  facet normal -0.996918 -0.0784551 0
    outer loop
      vertex 4.35 6.475 3.2
      vertex 4.3777 6.12302 1.2
      vertex 4.3777 6.12302 3.2
    endloop
  endfacet
  facet normal -0.382678 -0.923882 0
    outer loop
      vertex 5.57852 4.47023 1.2
      vertex 5.90471 4.33512 3.2
      vertex 5.57852 4.47023 3.2
    endloop
  endfacet
  facet normal -0.382678 -0.923882 -0
    outer loop
      vertex 5.90471 4.33512 3.2
      vertex 5.57852 4.47023 1.2
      vertex 5.90471 4.33512 1.2
    endloop
  endfacet
  facet normal 0.649456 -0.760399 0
    outer loop
      vertex 7.92252 4.65471 1.2
      vertex 8.19099 4.88401 3.2
      vertex 7.92252 4.65471 3.2
    endloop
  endfacet
  facet normal 0.649456 -0.760399 0
    outer loop
      vertex 8.19099 4.88401 3.2
      vertex 7.92252 4.65471 1.2
      vertex 8.19099 4.88401 1.2
    endloop
  endfacet
  facet normal -0.0784551 -0.996918 0
    outer loop
      vertex 6.24802 4.2527 1.2
      vertex 6.6 4.225 3.2
      vertex 6.24802 4.2527 3.2
    endloop
  endfacet
  facet normal -0.0784551 -0.996918 -0
    outer loop
      vertex 6.6 4.225 3.2
      vertex 6.24802 4.2527 1.2
      vertex 6.6 4.225 1.2
    endloop
  endfacet
  facet normal 0.996918 0.0784551 0
    outer loop
      vertex 8.85 6.475 3.2
      vertex 8.8223 6.82698 1.2
      vertex 8.8223 6.82698 3.2
    endloop
  endfacet
  facet normal 0.996918 0.0784551 0
    outer loop
      vertex 8.8223 6.82698 1.2
      vertex 8.85 6.475 3.2
      vertex 8.85 6.475 1.2
    endloop
  endfacet
  facet normal -0.972371 0.233442 0
    outer loop
      vertex 4.3777 6.82698 1.2
      vertex 4.46012 7.17029 3.2
      vertex 4.46012 7.17029 1.2
    endloop
  endfacet
  facet normal -0.972371 0.233442 0
    outer loop
      vertex 4.46012 7.17029 3.2
      vertex 4.3777 6.82698 1.2
      vertex 4.3777 6.82698 3.2
    endloop
  endfacet
  facet normal 0.0784551 0.996918 -0
    outer loop
      vertex 6.95198 8.6973 1.2
      vertex 6.6 8.725 3.2
      vertex 6.95198 8.6973 3.2
    endloop
  endfacet
  facet normal 0.0784551 0.996918 0
    outer loop
      vertex 6.6 8.725 3.2
      vertex 6.95198 8.6973 1.2
      vertex 6.6 8.725 1.2
    endloop
  endfacet
  facet normal -0.649456 -0.760399 0
    outer loop
      vertex 5.00901 4.88401 1.2
      vertex 5.27748 4.65471 3.2
      vertex 5.00901 4.88401 3.2
    endloop
  endfacet
  facet normal -0.649456 -0.760399 -0
    outer loop
      vertex 5.27748 4.65471 3.2
      vertex 5.00901 4.88401 1.2
      vertex 5.27748 4.65471 1.2
    endloop
  endfacet
  facet normal 0.382702 0.923872 -0
    outer loop
      vertex 7.62148 8.47976 1.2
      vertex 7.29529 8.61488 3.2
      vertex 7.62148 8.47976 3.2
    endloop
  endfacet
  facet normal 0.382702 0.923872 0
    outer loop
      vertex 7.29529 8.61488 3.2
      vertex 7.62148 8.47976 1.2
      vertex 7.29529 8.61488 1.2
    endloop
  endfacet
  facet normal -0.382702 0.923872 0
    outer loop
      vertex 5.90471 8.61488 1.2
      vertex 5.57852 8.47976 3.2
      vertex 5.90471 8.61488 3.2
    endloop
  endfacet
  facet normal -0.382702 0.923872 0
    outer loop
      vertex 5.57852 8.47976 3.2
      vertex 5.90471 8.61488 1.2
      vertex 5.57852 8.47976 1.2
    endloop
  endfacet
  facet normal 0.923872 -0.382702 0
    outer loop
      vertex 8.60476 5.45352 3.2
      vertex 8.73988 5.77971 1.2
      vertex 8.73988 5.77971 3.2
    endloop
  endfacet
  facet normal 0.923872 -0.382702 0
    outer loop
      vertex 8.73988 5.77971 1.2
      vertex 8.60476 5.45352 3.2
      vertex 8.60476 5.45352 1.2
    endloop
  endfacet
  facet normal 0.996918 -0.0784551 0
    outer loop
      vertex 8.8223 6.12302 3.2
      vertex 8.85 6.475 1.2
      vertex 8.85 6.475 3.2
    endloop
  endfacet
  facet normal 0.996918 -0.0784551 0
    outer loop
      vertex 8.85 6.475 1.2
      vertex 8.8223 6.12302 3.2
      vertex 8.8223 6.12302 1.2
    endloop
  endfacet
  facet normal 0.649456 0.760399 -0
    outer loop
      vertex 8.19099 8.06599 1.2
      vertex 7.92252 8.29529 3.2
      vertex 8.19099 8.06599 3.2
    endloop
  endfacet
  facet normal 0.649456 0.760399 0
    outer loop
      vertex 7.92252 8.29529 3.2
      vertex 8.19099 8.06599 1.2
      vertex 7.92252 8.29529 1.2
    endloop
  endfacet
  facet normal -0.760399 0.649456 0
    outer loop
      vertex 4.77971 7.79752 1.2
      vertex 5.00901 8.06599 3.2
      vertex 5.00901 8.06599 1.2
    endloop
  endfacet
  facet normal -0.760399 0.649456 0
    outer loop
      vertex 5.00901 8.06599 3.2
      vertex 4.77971 7.79752 1.2
      vertex 4.77971 7.79752 3.2
    endloop
  endfacet
  facet normal 0.382678 -0.923882 0
    outer loop
      vertex 7.29529 4.33512 1.2
      vertex 7.62148 4.47023 3.2
      vertex 7.29529 4.33512 3.2
    endloop
  endfacet
  facet normal 0.382678 -0.923882 0
    outer loop
      vertex 7.62148 4.47023 3.2
      vertex 7.29529 4.33512 1.2
      vertex 7.62148 4.47023 1.2
    endloop
  endfacet
  facet normal -0.233442 -0.972371 0
    outer loop
      vertex 5.90471 4.33512 1.2
      vertex 6.24802 4.2527 3.2
      vertex 5.90471 4.33512 3.2
    endloop
  endfacet
  facet normal -0.233442 -0.972371 -0
    outer loop
      vertex 6.24802 4.2527 3.2
      vertex 5.90471 4.33512 1.2
      vertex 6.24802 4.2527 1.2
    endloop
  endfacet
  facet normal 0.760399 0.649456 0
    outer loop
      vertex 8.42029 7.79752 3.2
      vertex 8.19099 8.06599 1.2
      vertex 8.19099 8.06599 3.2
    endloop
  endfacet
  facet normal 0.760399 0.649456 0
    outer loop
      vertex 8.19099 8.06599 1.2
      vertex 8.42029 7.79752 3.2
      vertex 8.42029 7.79752 1.2
    endloop
  endfacet
  facet normal 0.522483 0.85265 -0
    outer loop
      vertex 7.92252 8.29529 1.2
      vertex 7.62148 8.47976 3.2
      vertex 7.92252 8.29529 3.2
    endloop
  endfacet
  facet normal 0.522483 0.85265 0
    outer loop
      vertex 7.62148 8.47976 3.2
      vertex 7.92252 8.29529 1.2
      vertex 7.62148 8.47976 1.2
    endloop
  endfacet
  facet normal -0.996918 0.0784551 0
    outer loop
      vertex 4.35 6.475 1.2
      vertex 4.3777 6.82698 3.2
      vertex 4.3777 6.82698 1.2
    endloop
  endfacet
  facet normal -0.996918 0.0784551 0
    outer loop
      vertex 4.3777 6.82698 3.2
      vertex 4.35 6.475 1.2
      vertex 4.35 6.475 3.2
    endloop
  endfacet
  facet normal 0 0 1
    outer loop
      vertex 7.45 6.475 3.2
      vertex 8.85 6.475 3.2
      vertex 8.8223 6.82698 3.2
    endloop
  endfacet
  facet normal 0 0 1
    outer loop
      vertex 7.43953 6.60797 3.2
      vertex 8.8223 6.82698 3.2
      vertex 8.73988 7.17029 3.2
    endloop
  endfacet
  facet normal 0 0 1
    outer loop
      vertex 8.85 6.475 3.2
      vertex 7.45 6.475 3.2
      vertex 8.8223 6.12302 3.2
    endloop
  endfacet
  facet normal 0 0 1
    outer loop
      vertex 7.4084 6.73766 3.2
      vertex 8.73988 7.17029 3.2
      vertex 8.60476 7.49648 3.2
    endloop
  endfacet
  facet normal -0 0 1
    outer loop
      vertex 7.43953 6.34203 3.2
      vertex 8.8223 6.12302 3.2
      vertex 7.45 6.475 3.2
    endloop
  endfacet
  facet normal 0 0 1
    outer loop
      vertex 7.35736 6.86089 3.2
      vertex 8.60476 7.49648 3.2
      vertex 8.42029 7.79752 3.2
    endloop
  endfacet
  facet normal 0 0 1
    outer loop
      vertex 8.8223 6.12302 3.2
      vertex 7.43953 6.34203 3.2
      vertex 8.73988 5.77971 3.2
    endloop
  endfacet
  facet normal 0 0 1
    outer loop
      vertex 7.28766 6.97462 3.2
      vertex 8.42029 7.79752 3.2
      vertex 8.19099 8.06599 3.2
    endloop
  endfacet
  facet normal -0 0 1
    outer loop
      vertex 7.4084 6.21233 3.2
      vertex 8.73988 5.77971 3.2
      vertex 7.43953 6.34203 3.2
    endloop
  endfacet
  facet normal 0 0 1
    outer loop
      vertex 7.20104 7.07604 3.2
      vertex 8.19099 8.06599 3.2
      vertex 7.92252 8.29529 3.2
    endloop
  endfacet
  facet normal 0 0 1
    outer loop
      vertex 8.73988 5.77971 3.2
      vertex 7.4084 6.21233 3.2
      vertex 8.60476 5.45352 3.2
    endloop
  endfacet
  facet normal 0 0 1
    outer loop
      vertex 7.09962 7.16266 3.2
      vertex 7.92252 8.29529 3.2
      vertex 7.62148 8.47976 3.2
    endloop
  endfacet
  facet normal -0 0 1
    outer loop
      vertex 7.35736 6.08911 3.2
      vertex 8.60476 5.45352 3.2
      vertex 7.4084 6.21233 3.2
    endloop
  endfacet
  facet normal 0 0 1
    outer loop
      vertex 8.60476 5.45352 3.2
      vertex 7.35736 6.08911 3.2
      vertex 8.42029 5.15248 3.2
    endloop
  endfacet
  facet normal 0 0 1
    outer loop
      vertex 8.8223 6.82698 3.2
      vertex 7.43953 6.60797 3.2
      vertex 7.45 6.475 3.2
    endloop
  endfacet
  facet normal 0 0 1
    outer loop
      vertex 8.73988 7.17029 3.2
      vertex 7.4084 6.73766 3.2
      vertex 7.43953 6.60797 3.2
    endloop
  endfacet
  facet normal 0 0 1
    outer loop
      vertex 8.60476 7.49648 3.2
      vertex 7.35736 6.86089 3.2
      vertex 7.4084 6.73766 3.2
    endloop
  endfacet
  facet normal 0 0 1
    outer loop
      vertex 6.98589 7.23236 3.2
      vertex 7.62148 8.47976 3.2
      vertex 7.29529 8.61488 3.2
    endloop
  endfacet
  facet normal 0 0 1
    outer loop
      vertex 8.42029 7.79752 3.2
      vertex 7.28766 6.97462 3.2
      vertex 7.35736 6.86089 3.2
    endloop
  endfacet
  facet normal 0 0 1
    outer loop
      vertex 8.19099 8.06599 3.2
      vertex 7.20104 7.07604 3.2
      vertex 7.28766 6.97462 3.2
    endloop
  endfacet
  facet normal 0 0 1
    outer loop
      vertex 7.92252 8.29529 3.2
      vertex 7.09962 7.16266 3.2
      vertex 7.20104 7.07604 3.2
    endloop
  endfacet
  facet normal 0 0 1
    outer loop
      vertex 7.62148 8.47976 3.2
      vertex 6.98589 7.23236 3.2
      vertex 7.09962 7.16266 3.2
    endloop
  endfacet
  facet normal 0 0 1
    outer loop
      vertex 6.86266 7.2834 3.2
      vertex 7.29529 8.61488 3.2
      vertex 6.95198 8.6973 3.2
    endloop
  endfacet
  facet normal 0 0 1
    outer loop
      vertex 7.29529 8.61488 3.2
      vertex 6.86266 7.2834 3.2
      vertex 6.98589 7.23236 3.2
    endloop
  endfacet
  facet normal 0 0 1
    outer loop
      vertex 6.95198 8.6973 3.2
      vertex 6.73297 7.31453 3.2
      vertex 6.86266 7.2834 3.2
    endloop
  endfacet
  facet normal 0 0 1
    outer loop
      vertex 6.6 8.725 3.2
      vertex 6.73297 7.31453 3.2
      vertex 6.95198 8.6973 3.2
    endloop
  endfacet
  facet normal 0 0 1
    outer loop
      vertex 6.6 8.725 3.2
      vertex 6.6 7.325 3.2
      vertex 6.73297 7.31453 3.2
    endloop
  endfacet
  facet normal 0 0 1
    outer loop
      vertex 6.6 8.725 3.2
      vertex 6.46703 7.31453 3.2
      vertex 6.6 7.325 3.2
    endloop
  endfacet
  facet normal -0 0 1
    outer loop
      vertex 6.24802 8.6973 3.2
      vertex 6.46703 7.31453 3.2
      vertex 6.6 8.725 3.2
    endloop
  endfacet
  facet normal 0 0 1
    outer loop
      vertex 6.46703 7.31453 3.2
      vertex 6.24802 8.6973 3.2
      vertex 6.33733 7.2834 3.2
    endloop
  endfacet
  facet normal -0 0 1
    outer loop
      vertex 5.90471 8.61488 3.2
      vertex 6.33733 7.2834 3.2
      vertex 6.24802 8.6973 3.2
    endloop
  endfacet
  facet normal 0 0 1
    outer loop
      vertex 6.33733 7.2834 3.2
      vertex 5.90471 8.61488 3.2
      vertex 6.21411 7.23236 3.2
    endloop
  endfacet
  facet normal -0 0 1
    outer loop
      vertex 5.57852 8.47976 3.2
      vertex 6.21411 7.23236 3.2
      vertex 5.90471 8.61488 3.2
    endloop
  endfacet
  facet normal 0 0 1
    outer loop
      vertex 6.21411 7.23236 3.2
      vertex 5.57852 8.47976 3.2
      vertex 6.10038 7.16266 3.2
    endloop
  endfacet
  facet normal -0 0 1
    outer loop
      vertex 5.27748 8.29529 3.2
      vertex 6.10038 7.16266 3.2
      vertex 5.57852 8.47976 3.2
    endloop
  endfacet
  facet normal 0 0 1
    outer loop
      vertex 6.10038 7.16266 3.2
      vertex 5.27748 8.29529 3.2
      vertex 5.99896 7.07604 3.2
    endloop
  endfacet
  facet normal -0 0 1
    outer loop
      vertex 5.00901 8.06599 3.2
      vertex 5.99896 7.07604 3.2
      vertex 5.27748 8.29529 3.2
    endloop
  endfacet
  facet normal 0 0 1
    outer loop
      vertex 5.99896 7.07604 3.2
      vertex 5.00901 8.06599 3.2
      vertex 5.91234 6.97462 3.2
    endloop
  endfacet
  facet normal -0 0 1
    outer loop
      vertex 4.77971 7.79752 3.2
      vertex 5.91234 6.97462 3.2
      vertex 5.00901 8.06599 3.2
    endloop
  endfacet
  facet normal 0 0 1
    outer loop
      vertex 5.91234 6.97462 3.2
      vertex 4.77971 7.79752 3.2
      vertex 5.84264 6.86089 3.2
    endloop
  endfacet
  facet normal -0 0 1
    outer loop
      vertex 7.28766 5.97538 3.2
      vertex 8.42029 5.15248 3.2
      vertex 7.35736 6.08911 3.2
    endloop
  endfacet
  facet normal 0 0 1
    outer loop
      vertex 8.42029 5.15248 3.2
      vertex 7.28766 5.97538 3.2
      vertex 8.19099 4.88401 3.2
    endloop
  endfacet
  facet normal -0 0 1
    outer loop
      vertex 7.20104 5.87396 3.2
      vertex 8.19099 4.88401 3.2
      vertex 7.28766 5.97538 3.2
    endloop
  endfacet
  facet normal 0 0 1
    outer loop
      vertex 8.19099 4.88401 3.2
      vertex 7.20104 5.87396 3.2
      vertex 7.92252 4.65471 3.2
    endloop
  endfacet
  facet normal -0 0 1
    outer loop
      vertex 7.09962 5.78734 3.2
      vertex 7.92252 4.65471 3.2
      vertex 7.20104 5.87396 3.2
    endloop
  endfacet
  facet normal 0 0 1
    outer loop
      vertex 7.92252 4.65471 3.2
      vertex 7.09962 5.78734 3.2
      vertex 7.62148 4.47023 3.2
    endloop
  endfacet
  facet normal -0 0 1
    outer loop
      vertex 6.98589 5.71764 3.2
      vertex 7.62148 4.47023 3.2
      vertex 7.09962 5.78734 3.2
    endloop
  endfacet
  facet normal 0 0 1
    outer loop
      vertex 7.62148 4.47023 3.2
      vertex 6.98589 5.71764 3.2
      vertex 7.29529 4.33512 3.2
    endloop
  endfacet
  facet normal -0 0 1
    outer loop
      vertex 6.86266 5.6666 3.2
      vertex 7.29529 4.33512 3.2
      vertex 6.98589 5.71764 3.2
    endloop
  endfacet
  facet normal 0 0 1
    outer loop
      vertex 7.29529 4.33512 3.2
      vertex 6.86266 5.6666 3.2
      vertex 6.95198 4.2527 3.2
    endloop
  endfacet
  facet normal -0 0 1
    outer loop
      vertex 6.73297 5.63546 3.2
      vertex 6.95198 4.2527 3.2
      vertex 6.86266 5.6666 3.2
    endloop
  endfacet
  facet normal -0 0 1
    outer loop
      vertex 6.6 5.625 3.2
      vertex 6.95198 4.2527 3.2
      vertex 6.73297 5.63546 3.2
    endloop
  endfacet
  facet normal 0 0 1
    outer loop
      vertex 6.6 5.625 3.2
      vertex 6.6 4.225 3.2
      vertex 6.95198 4.2527 3.2
    endloop
  endfacet
  facet normal 0 0 1
    outer loop
      vertex 6.46703 5.63546 3.2
      vertex 6.6 4.225 3.2
      vertex 6.6 5.625 3.2
    endloop
  endfacet
  facet normal 0 0 1
    outer loop
      vertex 6.24802 4.2527 3.2
      vertex 6.46703 5.63546 3.2
      vertex 6.33733 5.6666 3.2
    endloop
  endfacet
  facet normal 0 0 1
    outer loop
      vertex 6.46703 5.63546 3.2
      vertex 6.24802 4.2527 3.2
      vertex 6.6 4.225 3.2
    endloop
  endfacet
  facet normal 0 0 1
    outer loop
      vertex 5.90471 4.33512 3.2
      vertex 6.33733 5.6666 3.2
      vertex 6.21411 5.71764 3.2
    endloop
  endfacet
  facet normal 0 0 1
    outer loop
      vertex 5.57852 4.47023 3.2
      vertex 6.21411 5.71764 3.2
      vertex 6.10038 5.78734 3.2
    endloop
  endfacet
  facet normal 0 0 1
    outer loop
      vertex 5.27748 4.65471 3.2
      vertex 6.10038 5.78734 3.2
      vertex 5.99896 5.87396 3.2
    endloop
  endfacet
  facet normal 0 0 1
    outer loop
      vertex 5.00901 4.88401 3.2
      vertex 5.99896 5.87396 3.2
      vertex 5.91234 5.97538 3.2
    endloop
  endfacet
  facet normal 0 0 1
    outer loop
      vertex 6.33733 5.6666 3.2
      vertex 5.90471 4.33512 3.2
      vertex 6.24802 4.2527 3.2
    endloop
  endfacet
  facet normal 0 0 1
    outer loop
      vertex 4.77971 5.15248 3.2
      vertex 5.91234 5.97538 3.2
      vertex 5.84264 6.08911 3.2
    endloop
  endfacet
  facet normal 0 0 1
    outer loop
      vertex 4.59523 5.45352 3.2
      vertex 5.84264 6.08911 3.2
      vertex 5.7916 6.21233 3.2
    endloop
  endfacet
  facet normal 0 0 1
    outer loop
      vertex 4.46012 5.77971 3.2
      vertex 5.7916 6.21233 3.2
      vertex 5.76046 6.34203 3.2
    endloop
  endfacet
  facet normal 0 0 1
    outer loop
      vertex 4.3777 6.12302 3.2
      vertex 5.76046 6.34203 3.2
      vertex 5.75 6.475 3.2
    endloop
  endfacet
  facet normal -0 0 1
    outer loop
      vertex 4.59523 7.49648 3.2
      vertex 5.84264 6.86089 3.2
      vertex 4.77971 7.79752 3.2
    endloop
  endfacet
  facet normal 0 0 1
    outer loop
      vertex 6.21411 5.71764 3.2
      vertex 5.57852 4.47023 3.2
      vertex 5.90471 4.33512 3.2
    endloop
  endfacet
  facet normal 0 0 1
    outer loop
      vertex 5.84264 6.86089 3.2
      vertex 4.59523 7.49648 3.2
      vertex 5.7916 6.73766 3.2
    endloop
  endfacet
  facet normal 0 0 1
    outer loop
      vertex 6.10038 5.78734 3.2
      vertex 5.27748 4.65471 3.2
      vertex 5.57852 4.47023 3.2
    endloop
  endfacet
  facet normal -0 0 1
    outer loop
      vertex 4.46012 7.17029 3.2
      vertex 5.7916 6.73766 3.2
      vertex 4.59523 7.49648 3.2
    endloop
  endfacet
  facet normal 0 0 1
    outer loop
      vertex 5.99896 5.87396 3.2
      vertex 5.00901 4.88401 3.2
      vertex 5.27748 4.65471 3.2
    endloop
  endfacet
  facet normal 0 0 1
    outer loop
      vertex 5.7916 6.73766 3.2
      vertex 4.46012 7.17029 3.2
      vertex 5.76046 6.60797 3.2
    endloop
  endfacet
  facet normal 0 0 1
    outer loop
      vertex 5.91234 5.97538 3.2
      vertex 4.77971 5.15248 3.2
      vertex 5.00901 4.88401 3.2
    endloop
  endfacet
  facet normal -0 0 1
    outer loop
      vertex 4.3777 6.82698 3.2
      vertex 5.76046 6.60797 3.2
      vertex 4.46012 7.17029 3.2
    endloop
  endfacet
  facet normal 0 0 1
    outer loop
      vertex 5.84264 6.08911 3.2
      vertex 4.59523 5.45352 3.2
      vertex 4.77971 5.15248 3.2
    endloop
  endfacet
  facet normal 0 0 1
    outer loop
      vertex 5.76046 6.60797 3.2
      vertex 4.3777 6.82698 3.2
      vertex 5.75 6.475 3.2
    endloop
  endfacet
  facet normal 0 0 1
    outer loop
      vertex 5.7916 6.21233 3.2
      vertex 4.46012 5.77971 3.2
      vertex 4.59523 5.45352 3.2
    endloop
  endfacet
  facet normal 0 0 1
    outer loop
      vertex 4.35 6.475 3.2
      vertex 5.75 6.475 3.2
      vertex 4.3777 6.82698 3.2
    endloop
  endfacet
  facet normal 0 0 1
    outer loop
      vertex 5.76046 6.34203 3.2
      vertex 4.3777 6.12302 3.2
      vertex 4.46012 5.77971 3.2
    endloop
  endfacet
  facet normal 0 0 1
    outer loop
      vertex 5.75 6.475 3.2
      vertex 4.35 6.475 3.2
      vertex 4.3777 6.12302 3.2
    endloop
  endfacet
  facet normal -0.923882 -0.382678 0
    outer loop
      vertex 4.59523 5.45352 1.2
      vertex 4.46012 5.77971 3.2
      vertex 4.46012 5.77971 1.2
    endloop
  endfacet
  facet normal -0.923882 -0.382678 0
    outer loop
      vertex 4.46012 5.77971 3.2
      vertex 4.59523 5.45352 1.2
      vertex 4.59523 5.45352 3.2
    endloop
  endfacet
  facet normal -0.522504 -0.852637 0
    outer loop
      vertex 5.27748 4.65471 1.2
      vertex 5.57852 4.47023 3.2
      vertex 5.27748 4.65471 3.2
    endloop
  endfacet
  facet normal -0.522504 -0.852637 -0
    outer loop
      vertex 5.57852 4.47023 3.2
      vertex 5.27748 4.65471 1.2
      vertex 5.57852 4.47023 1.2
    endloop
  endfacet
  facet normal 0.522504 -0.852637 0
    outer loop
      vertex 7.62148 4.47023 1.2
      vertex 7.92252 4.65471 3.2
      vertex 7.62148 4.47023 3.2
    endloop
  endfacet
  facet normal 0.522504 -0.852637 0
    outer loop
      vertex 7.92252 4.65471 3.2
      vertex 7.62148 4.47023 1.2
      vertex 7.92252 4.65471 1.2
    endloop
  endfacet
  facet normal -0.522483 0.85265 0
    outer loop
      vertex 5.57852 8.47976 1.2
      vertex 5.27748 8.29529 3.2
      vertex 5.57852 8.47976 3.2
    endloop
  endfacet
  facet normal -0.522483 0.85265 0
    outer loop
      vertex 5.27748 8.29529 3.2
      vertex 5.57852 8.47976 1.2
      vertex 5.27748 8.29529 1.2
    endloop
  endfacet
  facet normal 0.923872 0.382702 0
    outer loop
      vertex 8.73988 7.17029 3.2
      vertex 8.60476 7.49648 1.2
      vertex 8.60476 7.49648 3.2
    endloop
  endfacet
  facet normal 0.923872 0.382702 0
    outer loop
      vertex 8.60476 7.49648 1.2
      vertex 8.73988 7.17029 3.2
      vertex 8.73988 7.17029 1.2
    endloop
  endfacet
  facet normal -0.852637 -0.522504 0
    outer loop
      vertex 4.77971 5.15248 1.2
      vertex 4.59523 5.45352 3.2
      vertex 4.59523 5.45352 1.2
    endloop
  endfacet
  facet normal -0.852637 -0.522504 0
    outer loop
      vertex 4.59523 5.45352 3.2
      vertex 4.77971 5.15248 1.2
      vertex 4.77971 5.15248 3.2
    endloop
  endfacet
  facet normal -0.760399 -0.649456 0
    outer loop
      vertex 5.00901 4.88401 1.2
      vertex 4.77971 5.15248 3.2
      vertex 4.77971 5.15248 1.2
    endloop
  endfacet
  facet normal -0.760399 -0.649456 0
    outer loop
      vertex 4.77971 5.15248 3.2
      vertex 5.00901 4.88401 1.2
      vertex 5.00901 4.88401 3.2
    endloop
  endfacet
  facet normal 0.233442 -0.972371 0
    outer loop
      vertex 6.95198 4.2527 1.2
      vertex 7.29529 4.33512 3.2
      vertex 6.95198 4.2527 3.2
    endloop
  endfacet
  facet normal 0.233442 -0.972371 0
    outer loop
      vertex 7.29529 4.33512 3.2
      vertex 6.95198 4.2527 1.2
      vertex 7.29529 4.33512 1.2
    endloop
  endfacet
  facet normal -0.233442 0.972371 0
    outer loop
      vertex 6.24802 8.6973 1.2
      vertex 5.90471 8.61488 3.2
      vertex 6.24802 8.6973 3.2
    endloop
  endfacet
  facet normal -0.233442 0.972371 0
    outer loop
      vertex 5.90471 8.61488 3.2
      vertex 6.24802 8.6973 1.2
      vertex 5.90471 8.61488 1.2
    endloop
  endfacet
  facet normal -0.972371 -0.233442 0
    outer loop
      vertex 4.46012 5.77971 1.2
      vertex 4.3777 6.12302 3.2
      vertex 4.3777 6.12302 1.2
    endloop
  endfacet
  facet normal -0.972371 -0.233442 0
    outer loop
      vertex 4.3777 6.12302 3.2
      vertex 4.46012 5.77971 1.2
      vertex 4.46012 5.77971 3.2
    endloop
  endfacet
  facet normal 0.972371 -0.233442 0
    outer loop
      vertex 8.73988 5.77971 3.2
      vertex 8.8223 6.12302 1.2
      vertex 8.8223 6.12302 3.2
    endloop
  endfacet
  facet normal 0.972371 -0.233442 0
    outer loop
      vertex 8.8223 6.12302 1.2
      vertex 8.73988 5.77971 3.2
      vertex 8.73988 5.77971 1.2
    endloop
  endfacet
  facet normal -0.0784551 0.996918 0
    outer loop
      vertex 6.6 8.725 1.2
      vertex 6.24802 8.6973 3.2
      vertex 6.6 8.725 3.2
    endloop
  endfacet
  facet normal -0.0784551 0.996918 0
    outer loop
      vertex 6.24802 8.6973 3.2
      vertex 6.6 8.725 1.2
      vertex 6.24802 8.6973 1.2
    endloop
  endfacet
  facet normal -0.852637 0.522504 0
    outer loop
      vertex 4.59523 7.49648 1.2
      vertex 4.77971 7.79752 3.2
      vertex 4.77971 7.79752 1.2
    endloop
  endfacet
  facet normal -0.852637 0.522504 0
    outer loop
      vertex 4.77971 7.79752 3.2
      vertex 4.59523 7.49648 1.2
      vertex 4.59523 7.49648 3.2
    endloop
  endfacet
  facet normal -0.923882 0.382678 0
    outer loop
      vertex 4.46012 7.17029 1.2
      vertex 4.59523 7.49648 3.2
      vertex 4.59523 7.49648 1.2
    endloop
  endfacet
  facet normal -0.923882 0.382678 0
    outer loop
      vertex 4.59523 7.49648 3.2
      vertex 4.46012 7.17029 1.2
      vertex 4.46012 7.17029 3.2
    endloop
  endfacet
  facet normal -0.233388 0.972384 0
    outer loop
      vertex 6.24802 20.9473 1.2
      vertex 5.90471 20.8649 3.2
      vertex 6.24802 20.9473 3.2
    endloop
  endfacet
  facet normal -0.233388 0.972384 0
    outer loop
      vertex 5.90471 20.8649 3.2
      vertex 6.24802 20.9473 1.2
      vertex 5.90471 20.8649 1.2
    endloop
  endfacet
  facet normal 0.972369 0.233448 0
    outer loop
      vertex 8.8223 19.077 3.2
      vertex 8.73988 19.4203 1.2
      vertex 8.73988 19.4203 3.2
    endloop
  endfacet
  facet normal 0.972369 0.233448 0
    outer loop
      vertex 8.73988 19.4203 1.2
      vertex 8.8223 19.077 3.2
      vertex 8.8223 19.077 1.2
    endloop
  endfacet
  facet normal 0.996918 0.0784506 0
    outer loop
      vertex 8.85 18.725 3.2
      vertex 8.8223 19.077 1.2
      vertex 8.8223 19.077 3.2
    endloop
  endfacet
  facet normal 0.996918 0.0784506 0
    outer loop
      vertex 8.8223 19.077 1.2
      vertex 8.85 18.725 3.2
      vertex 8.85 18.725 1.2
    endloop
  endfacet
  facet normal -0.972369 0.233448 0
    outer loop
      vertex 4.3777 19.077 1.2
      vertex 4.46012 19.4203 3.2
      vertex 4.46012 19.4203 1.2
    endloop
  endfacet
  facet normal -0.972369 0.233448 0
    outer loop
      vertex 4.46012 19.4203 3.2
      vertex 4.3777 19.077 1.2
      vertex 4.3777 19.077 3.2
    endloop
  endfacet
  facet normal -0.760435 0.649414 0
    outer loop
      vertex 4.77971 20.0475 1.2
      vertex 5.00901 20.316 3.2
      vertex 5.00901 20.316 1.2
    endloop
  endfacet
  facet normal -0.760435 0.649414 0
    outer loop
      vertex 5.00901 20.316 3.2
      vertex 4.77971 20.0475 1.2
      vertex 4.77971 20.0475 3.2
    endloop
  endfacet
  facet normal -0.0784551 0.996918 0
    outer loop
      vertex 6.6 20.975 1.2
      vertex 6.24802 20.9473 3.2
      vertex 6.6 20.975 3.2
    endloop
  endfacet
  facet normal -0.0784551 0.996918 0
    outer loop
      vertex 6.24802 20.9473 3.2
      vertex 6.6 20.975 1.2
      vertex 6.24802 20.9473 1.2
    endloop
  endfacet
  facet normal 0.522545 -0.852612 0
    outer loop
      vertex 7.62148 16.7202 1.2
      vertex 7.92252 16.9047 3.2
      vertex 7.62148 16.7202 3.2
    endloop
  endfacet
  facet normal 0.522545 -0.852612 0
    outer loop
      vertex 7.92252 16.9047 3.2
      vertex 7.62148 16.7202 1.2
      vertex 7.92252 16.9047 1.2
    endloop
  endfacet
  facet normal 0.0784551 -0.996918 0
    outer loop
      vertex 6.6 16.475 1.2
      vertex 6.95198 16.5027 3.2
      vertex 6.6 16.475 3.2
    endloop
  endfacet
  facet normal 0.0784551 -0.996918 0
    outer loop
      vertex 6.95198 16.5027 3.2
      vertex 6.6 16.475 1.2
      vertex 6.95198 16.5027 1.2
    endloop
  endfacet
  facet normal -0.996918 -0.0784506 0
    outer loop
      vertex 4.3777 18.373 1.2
      vertex 4.35 18.725 3.2
      vertex 4.35 18.725 1.2
    endloop
  endfacet
  facet normal -0.996918 -0.0784506 0
    outer loop
      vertex 4.35 18.725 3.2
      vertex 4.3777 18.373 1.2
      vertex 4.3777 18.373 3.2
    endloop
  endfacet
  facet normal 0.382654 -0.923892 0
    outer loop
      vertex 7.29529 16.5851 1.2
      vertex 7.62148 16.7202 3.2
      vertex 7.29529 16.5851 3.2
    endloop
  endfacet
  facet normal 0.382654 -0.923892 0
    outer loop
      vertex 7.62148 16.7202 3.2
      vertex 7.29529 16.5851 1.2
      vertex 7.62148 16.7202 1.2
    endloop
  endfacet
  facet normal -0.382654 0.923892 0
    outer loop
      vertex 5.90471 20.8649 1.2
      vertex 5.57852 20.7298 3.2
      vertex 5.90471 20.8649 3.2
    endloop
  endfacet
  facet normal -0.382654 0.923892 0
    outer loop
      vertex 5.57852 20.7298 3.2
      vertex 5.90471 20.8649 1.2
      vertex 5.57852 20.7298 1.2
    endloop
  endfacet
  facet normal 0.0784551 0.996918 -0
    outer loop
      vertex 6.95198 20.9473 1.2
      vertex 6.6 20.975 3.2
      vertex 6.95198 20.9473 3.2
    endloop
  endfacet
  facet normal 0.0784551 0.996918 0
    outer loop
      vertex 6.6 20.975 3.2
      vertex 6.95198 20.9473 1.2
      vertex 6.6 20.975 1.2
    endloop
  endfacet
  facet normal -0.522545 0.852612 0
    outer loop
      vertex 5.57852 20.7298 1.2
      vertex 5.27748 20.5453 3.2
      vertex 5.57852 20.7298 3.2
    endloop
  endfacet
  facet normal -0.522545 0.852612 0
    outer loop
      vertex 5.27748 20.5453 3.2
      vertex 5.57852 20.7298 1.2
      vertex 5.27748 20.5453 1.2
    endloop
  endfacet
  facet normal 0.996918 -0.0784506 0
    outer loop
      vertex 8.8223 18.373 3.2
      vertex 8.85 18.725 1.2
      vertex 8.85 18.725 3.2
    endloop
  endfacet
  facet normal 0.996918 -0.0784506 0
    outer loop
      vertex 8.85 18.725 1.2
      vertex 8.8223 18.373 3.2
      vertex 8.8223 18.373 1.2
    endloop
  endfacet
  facet normal 0 0 1
    outer loop
      vertex 7.45 18.725 3.2
      vertex 8.85 18.725 3.2
      vertex 8.8223 19.077 3.2
    endloop
  endfacet
  facet normal 0 0 1
    outer loop
      vertex 7.43953 18.858 3.2
      vertex 8.8223 19.077 3.2
      vertex 8.73988 19.4203 3.2
    endloop
  endfacet
  facet normal 0 0 1
    outer loop
      vertex 8.85 18.725 3.2
      vertex 7.45 18.725 3.2
      vertex 8.8223 18.373 3.2
    endloop
  endfacet
  facet normal 0 0 1
    outer loop
      vertex 7.4084 18.9877 3.2
      vertex 8.73988 19.4203 3.2
      vertex 8.60476 19.7465 3.2
    endloop
  endfacet
  facet normal -0 0 1
    outer loop
      vertex 7.43953 18.592 3.2
      vertex 8.8223 18.373 3.2
      vertex 7.45 18.725 3.2
    endloop
  endfacet
  facet normal 0 0 1
    outer loop
      vertex 7.35736 19.1109 3.2
      vertex 8.60476 19.7465 3.2
      vertex 8.42029 20.0475 3.2
    endloop
  endfacet
  facet normal 0 0 1
    outer loop
      vertex 8.8223 18.373 3.2
      vertex 7.43953 18.592 3.2
      vertex 8.73988 18.0297 3.2
    endloop
  endfacet
  facet normal 0 0 1
    outer loop
      vertex 7.28766 19.2246 3.2
      vertex 8.42029 20.0475 3.2
      vertex 8.19099 20.316 3.2
    endloop
  endfacet
  facet normal -0 0 1
    outer loop
      vertex 7.4084 18.4623 3.2
      vertex 8.73988 18.0297 3.2
      vertex 7.43953 18.592 3.2
    endloop
  endfacet
  facet normal 0 0 1
    outer loop
      vertex 7.20104 19.326 3.2
      vertex 8.19099 20.316 3.2
      vertex 7.92252 20.5453 3.2
    endloop
  endfacet
  facet normal 0 0 1
    outer loop
      vertex 8.73988 18.0297 3.2
      vertex 7.4084 18.4623 3.2
      vertex 8.60476 17.7035 3.2
    endloop
  endfacet
  facet normal 0 0 1
    outer loop
      vertex 7.09962 19.4127 3.2
      vertex 7.92252 20.5453 3.2
      vertex 7.62148 20.7298 3.2
    endloop
  endfacet
  facet normal -0 0 1
    outer loop
      vertex 7.35736 18.3391 3.2
      vertex 8.60476 17.7035 3.2
      vertex 7.4084 18.4623 3.2
    endloop
  endfacet
  facet normal 0 0 1
    outer loop
      vertex 8.60476 17.7035 3.2
      vertex 7.35736 18.3391 3.2
      vertex 8.42029 17.4025 3.2
    endloop
  endfacet
  facet normal 0 0 1
    outer loop
      vertex 8.8223 19.077 3.2
      vertex 7.43953 18.858 3.2
      vertex 7.45 18.725 3.2
    endloop
  endfacet
  facet normal 0 0 1
    outer loop
      vertex 8.73988 19.4203 3.2
      vertex 7.4084 18.9877 3.2
      vertex 7.43953 18.858 3.2
    endloop
  endfacet
  facet normal 0 0 1
    outer loop
      vertex 8.60476 19.7465 3.2
      vertex 7.35736 19.1109 3.2
      vertex 7.4084 18.9877 3.2
    endloop
  endfacet
  facet normal 0 0 1
    outer loop
      vertex 6.98589 19.4824 3.2
      vertex 7.62148 20.7298 3.2
      vertex 7.29529 20.8649 3.2
    endloop
  endfacet
  facet normal 0 0 1
    outer loop
      vertex 8.42029 20.0475 3.2
      vertex 7.28766 19.2246 3.2
      vertex 7.35736 19.1109 3.2
    endloop
  endfacet
  facet normal 0 0 1
    outer loop
      vertex 8.19099 20.316 3.2
      vertex 7.20104 19.326 3.2
      vertex 7.28766 19.2246 3.2
    endloop
  endfacet
  facet normal 0 0 1
    outer loop
      vertex 7.92252 20.5453 3.2
      vertex 7.09962 19.4127 3.2
      vertex 7.20104 19.326 3.2
    endloop
  endfacet
  facet normal 0 0 1
    outer loop
      vertex 7.62148 20.7298 3.2
      vertex 6.98589 19.4824 3.2
      vertex 7.09962 19.4127 3.2
    endloop
  endfacet
  facet normal 0 0 1
    outer loop
      vertex 6.86266 19.5334 3.2
      vertex 7.29529 20.8649 3.2
      vertex 6.95198 20.9473 3.2
    endloop
  endfacet
  facet normal 0 0 1
    outer loop
      vertex 7.29529 20.8649 3.2
      vertex 6.86266 19.5334 3.2
      vertex 6.98589 19.4824 3.2
    endloop
  endfacet
  facet normal 0 0 1
    outer loop
      vertex 6.95198 20.9473 3.2
      vertex 6.73297 19.5645 3.2
      vertex 6.86266 19.5334 3.2
    endloop
  endfacet
  facet normal 0 0 1
    outer loop
      vertex 6.6 20.975 3.2
      vertex 6.73297 19.5645 3.2
      vertex 6.95198 20.9473 3.2
    endloop
  endfacet
  facet normal 0 0 1
    outer loop
      vertex 6.6 20.975 3.2
      vertex 6.6 19.575 3.2
      vertex 6.73297 19.5645 3.2
    endloop
  endfacet
  facet normal 0 0 1
    outer loop
      vertex 6.6 20.975 3.2
      vertex 6.46703 19.5645 3.2
      vertex 6.6 19.575 3.2
    endloop
  endfacet
  facet normal -0 0 1
    outer loop
      vertex 6.24802 20.9473 3.2
      vertex 6.46703 19.5645 3.2
      vertex 6.6 20.975 3.2
    endloop
  endfacet
  facet normal 0 0 1
    outer loop
      vertex 6.46703 19.5645 3.2
      vertex 6.24802 20.9473 3.2
      vertex 6.33733 19.5334 3.2
    endloop
  endfacet
  facet normal -0 0 1
    outer loop
      vertex 5.90471 20.8649 3.2
      vertex 6.33733 19.5334 3.2
      vertex 6.24802 20.9473 3.2
    endloop
  endfacet
  facet normal 0 0 1
    outer loop
      vertex 6.33733 19.5334 3.2
      vertex 5.90471 20.8649 3.2
      vertex 6.21411 19.4824 3.2
    endloop
  endfacet
  facet normal -0 0 1
    outer loop
      vertex 5.57852 20.7298 3.2
      vertex 6.21411 19.4824 3.2
      vertex 5.90471 20.8649 3.2
    endloop
  endfacet
  facet normal 0 0 1
    outer loop
      vertex 6.21411 19.4824 3.2
      vertex 5.57852 20.7298 3.2
      vertex 6.10038 19.4127 3.2
    endloop
  endfacet
  facet normal -0 0 1
    outer loop
      vertex 5.27748 20.5453 3.2
      vertex 6.10038 19.4127 3.2
      vertex 5.57852 20.7298 3.2
    endloop
  endfacet
  facet normal 0 0 1
    outer loop
      vertex 6.10038 19.4127 3.2
      vertex 5.27748 20.5453 3.2
      vertex 5.99896 19.326 3.2
    endloop
  endfacet
  facet normal -0 0 1
    outer loop
      vertex 5.00901 20.316 3.2
      vertex 5.99896 19.326 3.2
      vertex 5.27748 20.5453 3.2
    endloop
  endfacet
  facet normal 0 0 1
    outer loop
      vertex 5.99896 19.326 3.2
      vertex 5.00901 20.316 3.2
      vertex 5.91234 19.2246 3.2
    endloop
  endfacet
  facet normal -0 0 1
    outer loop
      vertex 4.77971 20.0475 3.2
      vertex 5.91234 19.2246 3.2
      vertex 5.00901 20.316 3.2
    endloop
  endfacet
  facet normal 0 0 1
    outer loop
      vertex 5.91234 19.2246 3.2
      vertex 4.77971 20.0475 3.2
      vertex 5.84264 19.1109 3.2
    endloop
  endfacet
  facet normal -0 0 1
    outer loop
      vertex 7.28766 18.2254 3.2
      vertex 8.42029 17.4025 3.2
      vertex 7.35736 18.3391 3.2
    endloop
  endfacet
  facet normal 0 0 1
    outer loop
      vertex 8.42029 17.4025 3.2
      vertex 7.28766 18.2254 3.2
      vertex 8.19099 17.134 3.2
    endloop
  endfacet
  facet normal -0 0 1
    outer loop
      vertex 7.20104 18.124 3.2
      vertex 8.19099 17.134 3.2
      vertex 7.28766 18.2254 3.2
    endloop
  endfacet
  facet normal 0 0 1
    outer loop
      vertex 8.19099 17.134 3.2
      vertex 7.20104 18.124 3.2
      vertex 7.92252 16.9047 3.2
    endloop
  endfacet
  facet normal -0 0 1
    outer loop
      vertex 7.09962 18.0373 3.2
      vertex 7.92252 16.9047 3.2
      vertex 7.20104 18.124 3.2
    endloop
  endfacet
  facet normal 0 0 1
    outer loop
      vertex 7.92252 16.9047 3.2
      vertex 7.09962 18.0373 3.2
      vertex 7.62148 16.7202 3.2
    endloop
  endfacet
  facet normal -0 0 1
    outer loop
      vertex 6.98589 17.9676 3.2
      vertex 7.62148 16.7202 3.2
      vertex 7.09962 18.0373 3.2
    endloop
  endfacet
  facet normal 0 0 1
    outer loop
      vertex 7.62148 16.7202 3.2
      vertex 6.98589 17.9676 3.2
      vertex 7.29529 16.5851 3.2
    endloop
  endfacet
  facet normal -0 0 1
    outer loop
      vertex 6.86266 17.9166 3.2
      vertex 7.29529 16.5851 3.2
      vertex 6.98589 17.9676 3.2
    endloop
  endfacet
  facet normal 0 0 1
    outer loop
      vertex 7.29529 16.5851 3.2
      vertex 6.86266 17.9166 3.2
      vertex 6.95198 16.5027 3.2
    endloop
  endfacet
  facet normal -0 0 1
    outer loop
      vertex 6.73297 17.8855 3.2
      vertex 6.95198 16.5027 3.2
      vertex 6.86266 17.9166 3.2
    endloop
  endfacet
  facet normal -0 0 1
    outer loop
      vertex 6.6 17.875 3.2
      vertex 6.95198 16.5027 3.2
      vertex 6.73297 17.8855 3.2
    endloop
  endfacet
  facet normal 0 0 1
    outer loop
      vertex 6.6 17.875 3.2
      vertex 6.6 16.475 3.2
      vertex 6.95198 16.5027 3.2
    endloop
  endfacet
  facet normal 0 0 1
    outer loop
      vertex 6.46703 17.8855 3.2
      vertex 6.6 16.475 3.2
      vertex 6.6 17.875 3.2
    endloop
  endfacet
  facet normal 0 0 1
    outer loop
      vertex 6.24802 16.5027 3.2
      vertex 6.46703 17.8855 3.2
      vertex 6.33733 17.9166 3.2
    endloop
  endfacet
  facet normal 0 0 1
    outer loop
      vertex 6.46703 17.8855 3.2
      vertex 6.24802 16.5027 3.2
      vertex 6.6 16.475 3.2
    endloop
  endfacet
  facet normal 0 0 1
    outer loop
      vertex 5.90471 16.5851 3.2
      vertex 6.33733 17.9166 3.2
      vertex 6.21411 17.9676 3.2
    endloop
  endfacet
  facet normal 0 0 1
    outer loop
      vertex 5.57852 16.7202 3.2
      vertex 6.21411 17.9676 3.2
      vertex 6.10038 18.0373 3.2
    endloop
  endfacet
  facet normal 0 0 1
    outer loop
      vertex 5.27748 16.9047 3.2
      vertex 6.10038 18.0373 3.2
      vertex 5.99896 18.124 3.2
    endloop
  endfacet
  facet normal 0 0 1
    outer loop
      vertex 5.00901 17.134 3.2
      vertex 5.99896 18.124 3.2
      vertex 5.91234 18.2254 3.2
    endloop
  endfacet
  facet normal 0 0 1
    outer loop
      vertex 6.33733 17.9166 3.2
      vertex 5.90471 16.5851 3.2
      vertex 6.24802 16.5027 3.2
    endloop
  endfacet
  facet normal 0 0 1
    outer loop
      vertex 4.77971 17.4025 3.2
      vertex 5.91234 18.2254 3.2
      vertex 5.84264 18.3391 3.2
    endloop
  endfacet
  facet normal 0 0 1
    outer loop
      vertex 4.59523 17.7035 3.2
      vertex 5.84264 18.3391 3.2
      vertex 5.7916 18.4623 3.2
    endloop
  endfacet
  facet normal 0 0 1
    outer loop
      vertex 4.46012 18.0297 3.2
      vertex 5.7916 18.4623 3.2
      vertex 5.76046 18.592 3.2
    endloop
  endfacet
  facet normal 0 0 1
    outer loop
      vertex 4.3777 18.373 3.2
      vertex 5.76046 18.592 3.2
      vertex 5.75 18.725 3.2
    endloop
  endfacet
  facet normal -0 0 1
    outer loop
      vertex 4.59523 19.7465 3.2
      vertex 5.84264 19.1109 3.2
      vertex 4.77971 20.0475 3.2
    endloop
  endfacet
  facet normal 0 0 1
    outer loop
      vertex 6.21411 17.9676 3.2
      vertex 5.57852 16.7202 3.2
      vertex 5.90471 16.5851 3.2
    endloop
  endfacet
  facet normal 0 0 1
    outer loop
      vertex 5.84264 19.1109 3.2
      vertex 4.59523 19.7465 3.2
      vertex 5.7916 18.9877 3.2
    endloop
  endfacet
  facet normal 0 0 1
    outer loop
      vertex 6.10038 18.0373 3.2
      vertex 5.27748 16.9047 3.2
      vertex 5.57852 16.7202 3.2
    endloop
  endfacet
  facet normal -0 0 1
    outer loop
      vertex 4.46012 19.4203 3.2
      vertex 5.7916 18.9877 3.2
      vertex 4.59523 19.7465 3.2
    endloop
  endfacet
  facet normal 0 0 1
    outer loop
      vertex 5.99896 18.124 3.2
      vertex 5.00901 17.134 3.2
      vertex 5.27748 16.9047 3.2
    endloop
  endfacet
  facet normal 0 0 1
    outer loop
      vertex 5.7916 18.9877 3.2
      vertex 4.46012 19.4203 3.2
      vertex 5.76046 18.858 3.2
    endloop
  endfacet
  facet normal 0 0 1
    outer loop
      vertex 5.91234 18.2254 3.2
      vertex 4.77971 17.4025 3.2
      vertex 5.00901 17.134 3.2
    endloop
  endfacet
  facet normal -0 0 1
    outer loop
      vertex 4.3777 19.077 3.2
      vertex 5.76046 18.858 3.2
      vertex 4.46012 19.4203 3.2
    endloop
  endfacet
  facet normal 0 0 1
    outer loop
      vertex 5.84264 18.3391 3.2
      vertex 4.59523 17.7035 3.2
      vertex 4.77971 17.4025 3.2
    endloop
  endfacet
  facet normal 0 0 1
    outer loop
      vertex 5.76046 18.858 3.2
      vertex 4.3777 19.077 3.2
      vertex 5.75 18.725 3.2
    endloop
  endfacet
  facet normal 0 0 1
    outer loop
      vertex 5.7916 18.4623 3.2
      vertex 4.46012 18.0297 3.2
      vertex 4.59523 17.7035 3.2
    endloop
  endfacet
  facet normal 0 0 1
    outer loop
      vertex 4.35 18.725 3.2
      vertex 5.75 18.725 3.2
      vertex 4.3777 19.077 3.2
    endloop
  endfacet
  facet normal 0 0 1
    outer loop
      vertex 5.76046 18.592 3.2
      vertex 4.3777 18.373 3.2
      vertex 4.46012 18.0297 3.2
    endloop
  endfacet
  facet normal 0 0 1
    outer loop
      vertex 5.75 18.725 3.2
      vertex 4.35 18.725 3.2
      vertex 4.3777 18.373 3.2
    endloop
  endfacet
  facet normal -0.923886 -0.382668 0
    outer loop
      vertex 4.59523 17.7035 1.2
      vertex 4.46012 18.0297 3.2
      vertex 4.46012 18.0297 1.2
    endloop
  endfacet
  facet normal -0.923886 -0.382668 0
    outer loop
      vertex 4.46012 18.0297 3.2
      vertex 4.59523 17.7035 1.2
      vertex 4.59523 17.7035 3.2
    endloop
  endfacet
  facet normal -0.996918 0.0784506 0
    outer loop
      vertex 4.35 18.725 1.2
      vertex 4.3777 19.077 3.2
      vertex 4.3777 19.077 1.2
    endloop
  endfacet
  facet normal -0.996918 0.0784506 0
    outer loop
      vertex 4.3777 19.077 3.2
      vertex 4.35 18.725 1.2
      vertex 4.35 18.725 3.2
    endloop
  endfacet
  facet normal 0.972369 -0.233448 0
    outer loop
      vertex 8.73988 18.0297 3.2
      vertex 8.8223 18.373 1.2
      vertex 8.8223 18.373 3.2
    endloop
  endfacet
  facet normal 0.972369 -0.233448 0
    outer loop
      vertex 8.8223 18.373 1.2
      vertex 8.73988 18.0297 3.2
      vertex 8.73988 18.0297 1.2
    endloop
  endfacet
  facet normal 0.923876 -0.382692 0
    outer loop
      vertex 8.60476 17.7035 3.2
      vertex 8.73988 18.0297 1.2
      vertex 8.73988 18.0297 3.2
    endloop
  endfacet
  facet normal 0.923876 -0.382692 0
    outer loop
      vertex 8.73988 18.0297 1.2
      vertex 8.60476 17.7035 3.2
      vertex 8.60476 17.7035 1.2
    endloop
  endfacet
  facet normal -0.760435 -0.649414 0
    outer loop
      vertex 5.00901 17.134 1.2
      vertex 4.77971 17.4025 3.2
      vertex 4.77971 17.4025 1.2
    endloop
  endfacet
  facet normal -0.760435 -0.649414 0
    outer loop
      vertex 4.77971 17.4025 3.2
      vertex 5.00901 17.134 1.2
      vertex 5.00901 17.134 3.2
    endloop
  endfacet
  facet normal -0.649456 0.760399 0
    outer loop
      vertex 5.27748 20.5453 1.2
      vertex 5.00901 20.316 3.2
      vertex 5.27748 20.5453 3.2
    endloop
  endfacet
  facet normal -0.649456 0.760399 0
    outer loop
      vertex 5.00901 20.316 3.2
      vertex 5.27748 20.5453 1.2
      vertex 5.00901 20.316 1.2
    endloop
  endfacet
  facet normal 0.852619 -0.522533 0
    outer loop
      vertex 8.42029 17.4025 3.2
      vertex 8.60476 17.7035 1.2
      vertex 8.60476 17.7035 3.2
    endloop
  endfacet
  facet normal 0.852619 -0.522533 0
    outer loop
      vertex 8.60476 17.7035 1.2
      vertex 8.42029 17.4025 3.2
      vertex 8.42029 17.4025 1.2
    endloop
  endfacet
  facet normal 0.760435 0.649414 0
    outer loop
      vertex 8.42029 20.0475 3.2
      vertex 8.19099 20.316 1.2
      vertex 8.19099 20.316 3.2
    endloop
  endfacet
  facet normal 0.760435 0.649414 0
    outer loop
      vertex 8.19099 20.316 1.2
      vertex 8.42029 20.0475 3.2
      vertex 8.42029 20.0475 1.2
    endloop
  endfacet
  facet normal 0.382654 0.923892 -0
    outer loop
      vertex 7.62148 20.7298 1.2
      vertex 7.29529 20.8649 3.2
      vertex 7.62148 20.7298 3.2
    endloop
  endfacet
  facet normal 0.382654 0.923892 0
    outer loop
      vertex 7.29529 20.8649 3.2
      vertex 7.62148 20.7298 1.2
      vertex 7.29529 20.8649 1.2
    endloop
  endfacet
  facet normal 0.649456 0.760399 -0
    outer loop
      vertex 8.19099 20.316 1.2
      vertex 7.92252 20.5453 3.2
      vertex 8.19099 20.316 3.2
    endloop
  endfacet
  facet normal 0.649456 0.760399 0
    outer loop
      vertex 7.92252 20.5453 3.2
      vertex 8.19099 20.316 1.2
      vertex 7.92252 20.5453 1.2
    endloop
  endfacet
  facet normal 0.649456 -0.760399 0
    outer loop
      vertex 7.92252 16.9047 1.2
      vertex 8.19099 17.134 3.2
      vertex 7.92252 16.9047 3.2
    endloop
  endfacet
  facet normal 0.649456 -0.760399 0
    outer loop
      vertex 8.19099 17.134 3.2
      vertex 7.92252 16.9047 1.2
      vertex 8.19099 17.134 1.2
    endloop
  endfacet
  facet normal 0.522545 0.852612 -0
    outer loop
      vertex 7.92252 20.5453 1.2
      vertex 7.62148 20.7298 3.2
      vertex 7.92252 20.5453 3.2
    endloop
  endfacet
  facet normal 0.522545 0.852612 0
    outer loop
      vertex 7.62148 20.7298 3.2
      vertex 7.92252 20.5453 1.2
      vertex 7.62148 20.7298 1.2
    endloop
  endfacet
  facet normal 0.233388 0.972384 -0
    outer loop
      vertex 7.29529 20.8649 1.2
      vertex 6.95198 20.9473 3.2
      vertex 7.29529 20.8649 3.2
    endloop
  endfacet
  facet normal 0.233388 0.972384 0
    outer loop
      vertex 6.95198 20.9473 3.2
      vertex 7.29529 20.8649 1.2
      vertex 6.95198 20.9473 1.2
    endloop
  endfacet
  facet normal 0.852619 0.522533 0
    outer loop
      vertex 8.60476 19.7465 3.2
      vertex 8.42029 20.0475 1.2
      vertex 8.42029 20.0475 3.2
    endloop
  endfacet
  facet normal 0.852619 0.522533 0
    outer loop
      vertex 8.42029 20.0475 1.2
      vertex 8.60476 19.7465 3.2
      vertex 8.60476 19.7465 1.2
    endloop
  endfacet
  facet normal -0.852606 -0.522554 0
    outer loop
      vertex 4.77971 17.4025 1.2
      vertex 4.59523 17.7035 3.2
      vertex 4.59523 17.7035 1.2
    endloop
  endfacet
  facet normal -0.852606 -0.522554 0
    outer loop
      vertex 4.59523 17.7035 3.2
      vertex 4.77971 17.4025 1.2
      vertex 4.77971 17.4025 3.2
    endloop
  endfacet
  facet normal 0.233388 -0.972384 0
    outer loop
      vertex 6.95198 16.5027 1.2
      vertex 7.29529 16.5851 3.2
      vertex 6.95198 16.5027 3.2
    endloop
  endfacet
  facet normal 0.233388 -0.972384 0
    outer loop
      vertex 7.29529 16.5851 3.2
      vertex 6.95198 16.5027 1.2
      vertex 7.29529 16.5851 1.2
    endloop
  endfacet
  facet normal 0.760435 -0.649414 0
    outer loop
      vertex 8.19099 17.134 3.2
      vertex 8.42029 17.4025 1.2
      vertex 8.42029 17.4025 3.2
    endloop
  endfacet
  facet normal 0.760435 -0.649414 0
    outer loop
      vertex 8.42029 17.4025 1.2
      vertex 8.19099 17.134 3.2
      vertex 8.19099 17.134 1.2
    endloop
  endfacet
  facet normal -0.923886 0.382668 0
    outer loop
      vertex 4.46012 19.4203 1.2
      vertex 4.59523 19.7465 3.2
      vertex 4.59523 19.7465 1.2
    endloop
  endfacet
  facet normal -0.923886 0.382668 0
    outer loop
      vertex 4.59523 19.7465 3.2
      vertex 4.46012 19.4203 1.2
      vertex 4.46012 19.4203 3.2
    endloop
  endfacet
  facet normal 0.923876 0.382692 0
    outer loop
      vertex 8.73988 19.4203 3.2
      vertex 8.60476 19.7465 1.2
      vertex 8.60476 19.7465 3.2
    endloop
  endfacet
  facet normal 0.923876 0.382692 0
    outer loop
      vertex 8.60476 19.7465 1.2
      vertex 8.73988 19.4203 3.2
      vertex 8.73988 19.4203 1.2
    endloop
  endfacet
  facet normal -0.972369 -0.233448 0
    outer loop
      vertex 4.46012 18.0297 1.2
      vertex 4.3777 18.373 3.2
      vertex 4.3777 18.373 1.2
    endloop
  endfacet
  facet normal -0.972369 -0.233448 0
    outer loop
      vertex 4.3777 18.373 3.2
      vertex 4.46012 18.0297 1.2
      vertex 4.46012 18.0297 3.2
    endloop
  endfacet
  facet normal -0.382654 -0.923892 0
    outer loop
      vertex 5.57852 16.7202 1.2
      vertex 5.90471 16.5851 3.2
      vertex 5.57852 16.7202 3.2
    endloop
  endfacet
  facet normal -0.382654 -0.923892 -0
    outer loop
      vertex 5.90471 16.5851 3.2
      vertex 5.57852 16.7202 1.2
      vertex 5.90471 16.5851 1.2
    endloop
  endfacet
  facet normal -0.649456 -0.760399 0
    outer loop
      vertex 5.00901 17.134 1.2
      vertex 5.27748 16.9047 3.2
      vertex 5.00901 17.134 3.2
    endloop
  endfacet
  facet normal -0.649456 -0.760399 -0
    outer loop
      vertex 5.27748 16.9047 3.2
      vertex 5.00901 17.134 1.2
      vertex 5.27748 16.9047 1.2
    endloop
  endfacet
  facet normal -0.522545 -0.852612 0
    outer loop
      vertex 5.27748 16.9047 1.2
      vertex 5.57852 16.7202 3.2
      vertex 5.27748 16.9047 3.2
    endloop
  endfacet
  facet normal -0.522545 -0.852612 -0
    outer loop
      vertex 5.57852 16.7202 3.2
      vertex 5.27748 16.9047 1.2
      vertex 5.57852 16.7202 1.2
    endloop
  endfacet
  facet normal -0.0784551 -0.996918 0
    outer loop
      vertex 6.24802 16.5027 1.2
      vertex 6.6 16.475 3.2
      vertex 6.24802 16.5027 3.2
    endloop
  endfacet
  facet normal -0.0784551 -0.996918 -0
    outer loop
      vertex 6.6 16.475 3.2
      vertex 6.24802 16.5027 1.2
      vertex 6.6 16.475 1.2
    endloop
  endfacet
  facet normal -0.233388 -0.972384 0
    outer loop
      vertex 5.90471 16.5851 1.2
      vertex 6.24802 16.5027 3.2
      vertex 5.90471 16.5851 3.2
    endloop
  endfacet
  facet normal -0.233388 -0.972384 -0
    outer loop
      vertex 6.24802 16.5027 3.2
      vertex 5.90471 16.5851 1.2
      vertex 6.24802 16.5027 1.2
    endloop
  endfacet
  facet normal -0.852606 0.522554 0
    outer loop
      vertex 4.59523 19.7465 1.2
      vertex 4.77971 20.0475 3.2
      vertex 4.77971 20.0475 1.2
    endloop
  endfacet
  facet normal -0.852606 0.522554 0
    outer loop
      vertex 4.77971 20.0475 3.2
      vertex 4.59523 19.7465 1.2
      vertex 4.59523 19.7465 3.2
    endloop
  endfacet
  facet normal 0.233448 0.972369 -0
    outer loop
      vertex 27.2953 8.61488 1.2
      vertex 26.952 8.6973 3.2
      vertex 27.2953 8.61488 3.2
    endloop
  endfacet
  facet normal 0.233448 0.972369 0
    outer loop
      vertex 26.952 8.6973 3.2
      vertex 27.2953 8.61488 1.2
      vertex 26.952 8.6973 1.2
    endloop
  endfacet
  facet normal 0.760399 -0.649456 0
    outer loop
      vertex 28.191 4.88401 3.2
      vertex 28.4203 5.15248 1.2
      vertex 28.4203 5.15248 3.2
    endloop
  endfacet
  facet normal 0.760399 -0.649456 0
    outer loop
      vertex 28.4203 5.15248 1.2
      vertex 28.191 4.88401 3.2
      vertex 28.191 4.88401 1.2
    endloop
  endfacet
  facet normal 0.972384 0.233388 0
    outer loop
      vertex 28.8223 6.82698 3.2
      vertex 28.7399 7.17029 1.2
      vertex 28.7399 7.17029 3.2
    endloop
  endfacet
  facet normal 0.972384 0.233388 0
    outer loop
      vertex 28.7399 7.17029 1.2
      vertex 28.8223 6.82698 3.2
      vertex 28.8223 6.82698 1.2
    endloop
  endfacet
  facet normal -0.649414 0.760435 0
    outer loop
      vertex 25.2775 8.29529 1.2
      vertex 25.009 8.06599 3.2
      vertex 25.2775 8.29529 3.2
    endloop
  endfacet
  facet normal -0.649414 0.760435 0
    outer loop
      vertex 25.009 8.06599 3.2
      vertex 25.2775 8.29529 1.2
      vertex 25.009 8.06599 1.2
    endloop
  endfacet
  facet normal 0.852612 0.522545 0
    outer loop
      vertex 28.6048 7.49648 3.2
      vertex 28.4203 7.79752 1.2
      vertex 28.4203 7.79752 3.2
    endloop
  endfacet
  facet normal 0.852612 0.522545 0
    outer loop
      vertex 28.4203 7.79752 1.2
      vertex 28.6048 7.49648 3.2
      vertex 28.6048 7.49648 1.2
    endloop
  endfacet
  facet normal 0.852612 -0.522545 0
    outer loop
      vertex 28.4203 5.15248 3.2
      vertex 28.6048 5.45352 1.2
      vertex 28.6048 5.45352 3.2
    endloop
  endfacet
  facet normal 0.852612 -0.522545 0
    outer loop
      vertex 28.6048 5.45352 1.2
      vertex 28.4203 5.15248 3.2
      vertex 28.4203 5.15248 1.2
    endloop
  endfacet
  facet normal 0.0784506 -0.996918 0
    outer loop
      vertex 26.6 4.225 1.2
      vertex 26.952 4.2527 3.2
      vertex 26.6 4.225 3.2
    endloop
  endfacet
  facet normal 0.0784506 -0.996918 0
    outer loop
      vertex 26.952 4.2527 3.2
      vertex 26.6 4.225 1.2
      vertex 26.952 4.2527 1.2
    endloop
  endfacet
  facet normal -0.996918 -0.0784551 0
    outer loop
      vertex 24.3777 6.12302 1.2
      vertex 24.35 6.475 3.2
      vertex 24.35 6.475 1.2
    endloop
  endfacet
  facet normal -0.996918 -0.0784551 0
    outer loop
      vertex 24.35 6.475 3.2
      vertex 24.3777 6.12302 1.2
      vertex 24.3777 6.12302 3.2
    endloop
  endfacet
  facet normal -0.382668 -0.923886 0
    outer loop
      vertex 25.5785 4.47023 1.2
      vertex 25.9047 4.33512 3.2
      vertex 25.5785 4.47023 3.2
    endloop
  endfacet
  facet normal -0.382668 -0.923886 -0
    outer loop
      vertex 25.9047 4.33512 3.2
      vertex 25.5785 4.47023 1.2
      vertex 25.9047 4.33512 1.2
    endloop
  endfacet
  facet normal 0.649414 -0.760435 0
    outer loop
      vertex 27.9225 4.65471 1.2
      vertex 28.191 4.88401 3.2
      vertex 27.9225 4.65471 3.2
    endloop
  endfacet
  facet normal 0.649414 -0.760435 0
    outer loop
      vertex 28.191 4.88401 3.2
      vertex 27.9225 4.65471 1.2
      vertex 28.191 4.88401 1.2
    endloop
  endfacet
  facet normal -0.0784506 -0.996918 0
    outer loop
      vertex 26.248 4.2527 1.2
      vertex 26.6 4.225 3.2
      vertex 26.248 4.2527 3.2
    endloop
  endfacet
  facet normal -0.0784506 -0.996918 -0
    outer loop
      vertex 26.6 4.225 3.2
      vertex 26.248 4.2527 1.2
      vertex 26.6 4.225 1.2
    endloop
  endfacet
  facet normal 0.996918 0.0784551 0
    outer loop
      vertex 28.85 6.475 3.2
      vertex 28.8223 6.82698 1.2
      vertex 28.8223 6.82698 3.2
    endloop
  endfacet
  facet normal 0.996918 0.0784551 0
    outer loop
      vertex 28.8223 6.82698 1.2
      vertex 28.85 6.475 3.2
      vertex 28.85 6.475 1.2
    endloop
  endfacet
  facet normal -0.972384 0.233388 0
    outer loop
      vertex 24.3777 6.82698 1.2
      vertex 24.4601 7.17029 3.2
      vertex 24.4601 7.17029 1.2
    endloop
  endfacet
  facet normal -0.972384 0.233388 0
    outer loop
      vertex 24.4601 7.17029 3.2
      vertex 24.3777 6.82698 1.2
      vertex 24.3777 6.82698 3.2
    endloop
  endfacet
  facet normal 0.0784506 0.996918 -0
    outer loop
      vertex 26.952 8.6973 1.2
      vertex 26.6 8.725 3.2
      vertex 26.952 8.6973 3.2
    endloop
  endfacet
  facet normal 0.0784506 0.996918 0
    outer loop
      vertex 26.6 8.725 3.2
      vertex 26.952 8.6973 1.2
      vertex 26.6 8.725 1.2
    endloop
  endfacet
  facet normal -0.649414 -0.760435 0
    outer loop
      vertex 25.009 4.88401 1.2
      vertex 25.2775 4.65471 3.2
      vertex 25.009 4.88401 3.2
    endloop
  endfacet
  facet normal -0.649414 -0.760435 -0
    outer loop
      vertex 25.2775 4.65471 3.2
      vertex 25.009 4.88401 1.2
      vertex 25.2775 4.65471 1.2
    endloop
  endfacet
  facet normal 0.382692 0.923876 -0
    outer loop
      vertex 27.6215 8.47976 1.2
      vertex 27.2953 8.61488 3.2
      vertex 27.6215 8.47976 3.2
    endloop
  endfacet
  facet normal 0.382692 0.923876 0
    outer loop
      vertex 27.2953 8.61488 3.2
      vertex 27.6215 8.47976 1.2
      vertex 27.2953 8.61488 1.2
    endloop
  endfacet
  facet normal -0.382692 0.923876 0
    outer loop
      vertex 25.9047 8.61488 1.2
      vertex 25.5785 8.47976 3.2
      vertex 25.9047 8.61488 3.2
    endloop
  endfacet
  facet normal -0.382692 0.923876 0
    outer loop
      vertex 25.5785 8.47976 3.2
      vertex 25.9047 8.61488 1.2
      vertex 25.5785 8.47976 1.2
    endloop
  endfacet
  facet normal 0.923892 -0.382654 0
    outer loop
      vertex 28.6048 5.45352 3.2
      vertex 28.7399 5.77971 1.2
      vertex 28.7399 5.77971 3.2
    endloop
  endfacet
  facet normal 0.923892 -0.382654 0
    outer loop
      vertex 28.7399 5.77971 1.2
      vertex 28.6048 5.45352 3.2
      vertex 28.6048 5.45352 1.2
    endloop
  endfacet
  facet normal 0.996918 -0.0784551 0
    outer loop
      vertex 28.8223 6.12302 3.2
      vertex 28.85 6.475 1.2
      vertex 28.85 6.475 3.2
    endloop
  endfacet
  facet normal 0.996918 -0.0784551 0
    outer loop
      vertex 28.85 6.475 1.2
      vertex 28.8223 6.12302 3.2
      vertex 28.8223 6.12302 1.2
    endloop
  endfacet
  facet normal 0.649414 0.760435 -0
    outer loop
      vertex 28.191 8.06599 1.2
      vertex 27.9225 8.29529 3.2
      vertex 28.191 8.06599 3.2
    endloop
  endfacet
  facet normal 0.649414 0.760435 0
    outer loop
      vertex 27.9225 8.29529 3.2
      vertex 28.191 8.06599 1.2
      vertex 27.9225 8.29529 1.2
    endloop
  endfacet
  facet normal -0.760399 0.649456 0
    outer loop
      vertex 24.7797 7.79752 1.2
      vertex 25.009 8.06599 3.2
      vertex 25.009 8.06599 1.2
    endloop
  endfacet
  facet normal -0.760399 0.649456 0
    outer loop
      vertex 25.009 8.06599 3.2
      vertex 24.7797 7.79752 1.2
      vertex 24.7797 7.79752 3.2
    endloop
  endfacet
  facet normal 0.382668 -0.923886 0
    outer loop
      vertex 27.2953 4.33512 1.2
      vertex 27.6215 4.47023 3.2
      vertex 27.2953 4.33512 3.2
    endloop
  endfacet
  facet normal 0.382668 -0.923886 0
    outer loop
      vertex 27.6215 4.47023 3.2
      vertex 27.2953 4.33512 1.2
      vertex 27.6215 4.47023 1.2
    endloop
  endfacet
  facet normal -0.233448 -0.972369 0
    outer loop
      vertex 25.9047 4.33512 1.2
      vertex 26.248 4.2527 3.2
      vertex 25.9047 4.33512 3.2
    endloop
  endfacet
  facet normal -0.233448 -0.972369 -0
    outer loop
      vertex 26.248 4.2527 3.2
      vertex 25.9047 4.33512 1.2
      vertex 26.248 4.2527 1.2
    endloop
  endfacet
  facet normal 0.760399 0.649456 0
    outer loop
      vertex 28.4203 7.79752 3.2
      vertex 28.191 8.06599 1.2
      vertex 28.191 8.06599 3.2
    endloop
  endfacet
  facet normal 0.760399 0.649456 0
    outer loop
      vertex 28.191 8.06599 1.2
      vertex 28.4203 7.79752 3.2
      vertex 28.4203 7.79752 1.2
    endloop
  endfacet
  facet normal 0.522533 0.852619 -0
    outer loop
      vertex 27.9225 8.29529 1.2
      vertex 27.6215 8.47976 3.2
      vertex 27.9225 8.29529 3.2
    endloop
  endfacet
  facet normal 0.522533 0.852619 0
    outer loop
      vertex 27.6215 8.47976 3.2
      vertex 27.9225 8.29529 1.2
      vertex 27.6215 8.47976 1.2
    endloop
  endfacet
  facet normal -0.996918 0.0784551 0
    outer loop
      vertex 24.35 6.475 1.2
      vertex 24.3777 6.82698 3.2
      vertex 24.3777 6.82698 1.2
    endloop
  endfacet
  facet normal -0.996918 0.0784551 0
    outer loop
      vertex 24.3777 6.82698 3.2
      vertex 24.35 6.475 1.2
      vertex 24.35 6.475 3.2
    endloop
  endfacet
  facet normal 0 0 1
    outer loop
      vertex 27.45 6.475 3.2
      vertex 28.85 6.475 3.2
      vertex 28.8223 6.82698 3.2
    endloop
  endfacet
  facet normal 0 0 1
    outer loop
      vertex 27.4395 6.60797 3.2
      vertex 28.8223 6.82698 3.2
      vertex 28.7399 7.17029 3.2
    endloop
  endfacet
  facet normal 0 0 1
    outer loop
      vertex 28.85 6.475 3.2
      vertex 27.45 6.475 3.2
      vertex 28.8223 6.12302 3.2
    endloop
  endfacet
  facet normal 0 0 1
    outer loop
      vertex 27.4084 6.73766 3.2
      vertex 28.7399 7.17029 3.2
      vertex 28.6048 7.49648 3.2
    endloop
  endfacet
  facet normal -0 0 1
    outer loop
      vertex 27.4395 6.34203 3.2
      vertex 28.8223 6.12302 3.2
      vertex 27.45 6.475 3.2
    endloop
  endfacet
  facet normal 0 0 1
    outer loop
      vertex 27.3574 6.86089 3.2
      vertex 28.6048 7.49648 3.2
      vertex 28.4203 7.79752 3.2
    endloop
  endfacet
  facet normal 0 0 1
    outer loop
      vertex 28.8223 6.12302 3.2
      vertex 27.4395 6.34203 3.2
      vertex 28.7399 5.77971 3.2
    endloop
  endfacet
  facet normal 0 0 1
    outer loop
      vertex 27.2877 6.97462 3.2
      vertex 28.4203 7.79752 3.2
      vertex 28.191 8.06599 3.2
    endloop
  endfacet
  facet normal -0 0 1
    outer loop
      vertex 27.4084 6.21233 3.2
      vertex 28.7399 5.77971 3.2
      vertex 27.4395 6.34203 3.2
    endloop
  endfacet
  facet normal 0 0 1
    outer loop
      vertex 27.201 7.07604 3.2
      vertex 28.191 8.06599 3.2
      vertex 27.9225 8.29529 3.2
    endloop
  endfacet
  facet normal 0 0 1
    outer loop
      vertex 28.7399 5.77971 3.2
      vertex 27.4084 6.21233 3.2
      vertex 28.6048 5.45352 3.2
    endloop
  endfacet
  facet normal 0 0 1
    outer loop
      vertex 27.0996 7.16266 3.2
      vertex 27.9225 8.29529 3.2
      vertex 27.6215 8.47976 3.2
    endloop
  endfacet
  facet normal -0 0 1
    outer loop
      vertex 27.3574 6.08911 3.2
      vertex 28.6048 5.45352 3.2
      vertex 27.4084 6.21233 3.2
    endloop
  endfacet
  facet normal 0 0 1
    outer loop
      vertex 28.6048 5.45352 3.2
      vertex 27.3574 6.08911 3.2
      vertex 28.4203 5.15248 3.2
    endloop
  endfacet
  facet normal 0 0 1
    outer loop
      vertex 28.8223 6.82698 3.2
      vertex 27.4395 6.60797 3.2
      vertex 27.45 6.475 3.2
    endloop
  endfacet
  facet normal 0 0 1
    outer loop
      vertex 28.7399 7.17029 3.2
      vertex 27.4084 6.73766 3.2
      vertex 27.4395 6.60797 3.2
    endloop
  endfacet
  facet normal 0 0 1
    outer loop
      vertex 28.6048 7.49648 3.2
      vertex 27.3574 6.86089 3.2
      vertex 27.4084 6.73766 3.2
    endloop
  endfacet
  facet normal 0 0 1
    outer loop
      vertex 26.9859 7.23236 3.2
      vertex 27.6215 8.47976 3.2
      vertex 27.2953 8.61488 3.2
    endloop
  endfacet
  facet normal 0 0 1
    outer loop
      vertex 28.4203 7.79752 3.2
      vertex 27.2877 6.97462 3.2
      vertex 27.3574 6.86089 3.2
    endloop
  endfacet
  facet normal 0 0 1
    outer loop
      vertex 28.191 8.06599 3.2
      vertex 27.201 7.07604 3.2
      vertex 27.2877 6.97462 3.2
    endloop
  endfacet
  facet normal 0 0 1
    outer loop
      vertex 27.9225 8.29529 3.2
      vertex 27.0996 7.16266 3.2
      vertex 27.201 7.07604 3.2
    endloop
  endfacet
  facet normal 0 0 1
    outer loop
      vertex 27.6215 8.47976 3.2
      vertex 26.9859 7.23236 3.2
      vertex 27.0996 7.16266 3.2
    endloop
  endfacet
  facet normal 0 0 1
    outer loop
      vertex 26.8627 7.2834 3.2
      vertex 27.2953 8.61488 3.2
      vertex 26.952 8.6973 3.2
    endloop
  endfacet
  facet normal 0 0 1
    outer loop
      vertex 27.2953 8.61488 3.2
      vertex 26.8627 7.2834 3.2
      vertex 26.9859 7.23236 3.2
    endloop
  endfacet
  facet normal 0 0 1
    outer loop
      vertex 26.952 8.6973 3.2
      vertex 26.733 7.31453 3.2
      vertex 26.8627 7.2834 3.2
    endloop
  endfacet
  facet normal 0 0 1
    outer loop
      vertex 26.6 8.725 3.2
      vertex 26.733 7.31453 3.2
      vertex 26.952 8.6973 3.2
    endloop
  endfacet
  facet normal 0 0 1
    outer loop
      vertex 26.6 8.725 3.2
      vertex 26.6 7.325 3.2
      vertex 26.733 7.31453 3.2
    endloop
  endfacet
  facet normal 0 0 1
    outer loop
      vertex 26.6 8.725 3.2
      vertex 26.467 7.31453 3.2
      vertex 26.6 7.325 3.2
    endloop
  endfacet
  facet normal -0 0 1
    outer loop
      vertex 26.248 8.6973 3.2
      vertex 26.467 7.31453 3.2
      vertex 26.6 8.725 3.2
    endloop
  endfacet
  facet normal 0 0 1
    outer loop
      vertex 26.467 7.31453 3.2
      vertex 26.248 8.6973 3.2
      vertex 26.3373 7.2834 3.2
    endloop
  endfacet
  facet normal -0 0 1
    outer loop
      vertex 25.9047 8.61488 3.2
      vertex 26.3373 7.2834 3.2
      vertex 26.248 8.6973 3.2
    endloop
  endfacet
  facet normal 0 0 1
    outer loop
      vertex 26.3373 7.2834 3.2
      vertex 25.9047 8.61488 3.2
      vertex 26.2141 7.23236 3.2
    endloop
  endfacet
  facet normal -0 0 1
    outer loop
      vertex 25.5785 8.47976 3.2
      vertex 26.2141 7.23236 3.2
      vertex 25.9047 8.61488 3.2
    endloop
  endfacet
  facet normal 0 0 1
    outer loop
      vertex 26.2141 7.23236 3.2
      vertex 25.5785 8.47976 3.2
      vertex 26.1004 7.16266 3.2
    endloop
  endfacet
  facet normal -0 0 1
    outer loop
      vertex 25.2775 8.29529 3.2
      vertex 26.1004 7.16266 3.2
      vertex 25.5785 8.47976 3.2
    endloop
  endfacet
  facet normal 0 0 1
    outer loop
      vertex 26.1004 7.16266 3.2
      vertex 25.2775 8.29529 3.2
      vertex 25.999 7.07604 3.2
    endloop
  endfacet
  facet normal -0 0 1
    outer loop
      vertex 25.009 8.06599 3.2
      vertex 25.999 7.07604 3.2
      vertex 25.2775 8.29529 3.2
    endloop
  endfacet
  facet normal 0 0 1
    outer loop
      vertex 25.999 7.07604 3.2
      vertex 25.009 8.06599 3.2
      vertex 25.9123 6.97462 3.2
    endloop
  endfacet
  facet normal -0 0 1
    outer loop
      vertex 24.7797 7.79752 3.2
      vertex 25.9123 6.97462 3.2
      vertex 25.009 8.06599 3.2
    endloop
  endfacet
  facet normal 0 0 1
    outer loop
      vertex 25.9123 6.97462 3.2
      vertex 24.7797 7.79752 3.2
      vertex 25.8426 6.86089 3.2
    endloop
  endfacet
  facet normal -0 0 1
    outer loop
      vertex 27.2877 5.97538 3.2
      vertex 28.4203 5.15248 3.2
      vertex 27.3574 6.08911 3.2
    endloop
  endfacet
  facet normal 0 0 1
    outer loop
      vertex 28.4203 5.15248 3.2
      vertex 27.2877 5.97538 3.2
      vertex 28.191 4.88401 3.2
    endloop
  endfacet
  facet normal -0 0 1
    outer loop
      vertex 27.201 5.87396 3.2
      vertex 28.191 4.88401 3.2
      vertex 27.2877 5.97538 3.2
    endloop
  endfacet
  facet normal 0 0 1
    outer loop
      vertex 28.191 4.88401 3.2
      vertex 27.201 5.87396 3.2
      vertex 27.9225 4.65471 3.2
    endloop
  endfacet
  facet normal -0 0 1
    outer loop
      vertex 27.0996 5.78734 3.2
      vertex 27.9225 4.65471 3.2
      vertex 27.201 5.87396 3.2
    endloop
  endfacet
  facet normal 0 0 1
    outer loop
      vertex 27.9225 4.65471 3.2
      vertex 27.0996 5.78734 3.2
      vertex 27.6215 4.47023 3.2
    endloop
  endfacet
  facet normal -0 0 1
    outer loop
      vertex 26.9859 5.71764 3.2
      vertex 27.6215 4.47023 3.2
      vertex 27.0996 5.78734 3.2
    endloop
  endfacet
  facet normal 0 0 1
    outer loop
      vertex 27.6215 4.47023 3.2
      vertex 26.9859 5.71764 3.2
      vertex 27.2953 4.33512 3.2
    endloop
  endfacet
  facet normal -0 0 1
    outer loop
      vertex 26.8627 5.6666 3.2
      vertex 27.2953 4.33512 3.2
      vertex 26.9859 5.71764 3.2
    endloop
  endfacet
  facet normal 0 0 1
    outer loop
      vertex 27.2953 4.33512 3.2
      vertex 26.8627 5.6666 3.2
      vertex 26.952 4.2527 3.2
    endloop
  endfacet
  facet normal -0 0 1
    outer loop
      vertex 26.733 5.63546 3.2
      vertex 26.952 4.2527 3.2
      vertex 26.8627 5.6666 3.2
    endloop
  endfacet
  facet normal -0 0 1
    outer loop
      vertex 26.6 5.625 3.2
      vertex 26.952 4.2527 3.2
      vertex 26.733 5.63546 3.2
    endloop
  endfacet
  facet normal 0 0 1
    outer loop
      vertex 26.6 5.625 3.2
      vertex 26.6 4.225 3.2
      vertex 26.952 4.2527 3.2
    endloop
  endfacet
  facet normal 0 0 1
    outer loop
      vertex 26.467 5.63546 3.2
      vertex 26.6 4.225 3.2
      vertex 26.6 5.625 3.2
    endloop
  endfacet
  facet normal 0 0 1
    outer loop
      vertex 26.248 4.2527 3.2
      vertex 26.467 5.63546 3.2
      vertex 26.3373 5.6666 3.2
    endloop
  endfacet
  facet normal 0 0 1
    outer loop
      vertex 26.467 5.63546 3.2
      vertex 26.248 4.2527 3.2
      vertex 26.6 4.225 3.2
    endloop
  endfacet
  facet normal 0 0 1
    outer loop
      vertex 25.9047 4.33512 3.2
      vertex 26.3373 5.6666 3.2
      vertex 26.2141 5.71764 3.2
    endloop
  endfacet
  facet normal 0 0 1
    outer loop
      vertex 25.5785 4.47023 3.2
      vertex 26.2141 5.71764 3.2
      vertex 26.1004 5.78734 3.2
    endloop
  endfacet
  facet normal 0 0 1
    outer loop
      vertex 25.2775 4.65471 3.2
      vertex 26.1004 5.78734 3.2
      vertex 25.999 5.87396 3.2
    endloop
  endfacet
  facet normal 0 0 1
    outer loop
      vertex 25.009 4.88401 3.2
      vertex 25.999 5.87396 3.2
      vertex 25.9123 5.97538 3.2
    endloop
  endfacet
  facet normal 0 0 1
    outer loop
      vertex 26.3373 5.6666 3.2
      vertex 25.9047 4.33512 3.2
      vertex 26.248 4.2527 3.2
    endloop
  endfacet
  facet normal 0 0 1
    outer loop
      vertex 24.7797 5.15248 3.2
      vertex 25.9123 5.97538 3.2
      vertex 25.8426 6.08911 3.2
    endloop
  endfacet
  facet normal 0 0 1
    outer loop
      vertex 24.5952 5.45352 3.2
      vertex 25.8426 6.08911 3.2
      vertex 25.7916 6.21233 3.2
    endloop
  endfacet
  facet normal 0 0 1
    outer loop
      vertex 24.4601 5.77971 3.2
      vertex 25.7916 6.21233 3.2
      vertex 25.7605 6.34203 3.2
    endloop
  endfacet
  facet normal 0 0 1
    outer loop
      vertex 24.3777 6.12302 3.2
      vertex 25.7605 6.34203 3.2
      vertex 25.75 6.475 3.2
    endloop
  endfacet
  facet normal -0 0 1
    outer loop
      vertex 24.5952 7.49648 3.2
      vertex 25.8426 6.86089 3.2
      vertex 24.7797 7.79752 3.2
    endloop
  endfacet
  facet normal 0 0 1
    outer loop
      vertex 26.2141 5.71764 3.2
      vertex 25.5785 4.47023 3.2
      vertex 25.9047 4.33512 3.2
    endloop
  endfacet
  facet normal 0 0 1
    outer loop
      vertex 25.8426 6.86089 3.2
      vertex 24.5952 7.49648 3.2
      vertex 25.7916 6.73766 3.2
    endloop
  endfacet
  facet normal 0 0 1
    outer loop
      vertex 26.1004 5.78734 3.2
      vertex 25.2775 4.65471 3.2
      vertex 25.5785 4.47023 3.2
    endloop
  endfacet
  facet normal -0 0 1
    outer loop
      vertex 24.4601 7.17029 3.2
      vertex 25.7916 6.73766 3.2
      vertex 24.5952 7.49648 3.2
    endloop
  endfacet
  facet normal 0 0 1
    outer loop
      vertex 25.999 5.87396 3.2
      vertex 25.009 4.88401 3.2
      vertex 25.2775 4.65471 3.2
    endloop
  endfacet
  facet normal 0 0 1
    outer loop
      vertex 25.7916 6.73766 3.2
      vertex 24.4601 7.17029 3.2
      vertex 25.7605 6.60797 3.2
    endloop
  endfacet
  facet normal 0 0 1
    outer loop
      vertex 25.9123 5.97538 3.2
      vertex 24.7797 5.15248 3.2
      vertex 25.009 4.88401 3.2
    endloop
  endfacet
  facet normal -0 0 1
    outer loop
      vertex 24.3777 6.82698 3.2
      vertex 25.7605 6.60797 3.2
      vertex 24.4601 7.17029 3.2
    endloop
  endfacet
  facet normal 0 0 1
    outer loop
      vertex 25.8426 6.08911 3.2
      vertex 24.5952 5.45352 3.2
      vertex 24.7797 5.15248 3.2
    endloop
  endfacet
  facet normal 0 0 1
    outer loop
      vertex 25.7605 6.60797 3.2
      vertex 24.3777 6.82698 3.2
      vertex 25.75 6.475 3.2
    endloop
  endfacet
  facet normal 0 0 1
    outer loop
      vertex 25.7916 6.21233 3.2
      vertex 24.4601 5.77971 3.2
      vertex 24.5952 5.45352 3.2
    endloop
  endfacet
  facet normal 0 0 1
    outer loop
      vertex 24.35 6.475 3.2
      vertex 25.75 6.475 3.2
      vertex 24.3777 6.82698 3.2
    endloop
  endfacet
  facet normal 0 0 1
    outer loop
      vertex 25.7605 6.34203 3.2
      vertex 24.3777 6.12302 3.2
      vertex 24.4601 5.77971 3.2
    endloop
  endfacet
  facet normal 0 0 1
    outer loop
      vertex 25.75 6.475 3.2
      vertex 24.35 6.475 3.2
      vertex 24.3777 6.12302 3.2
    endloop
  endfacet
  facet normal -0.923892 -0.382654 0
    outer loop
      vertex 24.5952 5.45352 1.2
      vertex 24.4601 5.77971 3.2
      vertex 24.4601 5.77971 1.2
    endloop
  endfacet
  facet normal -0.923892 -0.382654 0
    outer loop
      vertex 24.4601 5.77971 3.2
      vertex 24.5952 5.45352 1.2
      vertex 24.5952 5.45352 3.2
    endloop
  endfacet
  facet normal -0.522554 -0.852606 0
    outer loop
      vertex 25.2775 4.65471 1.2
      vertex 25.5785 4.47023 3.2
      vertex 25.2775 4.65471 3.2
    endloop
  endfacet
  facet normal -0.522554 -0.852606 -0
    outer loop
      vertex 25.5785 4.47023 3.2
      vertex 25.2775 4.65471 1.2
      vertex 25.5785 4.47023 1.2
    endloop
  endfacet
  facet normal 0.522554 -0.852606 0
    outer loop
      vertex 27.6215 4.47023 1.2
      vertex 27.9225 4.65471 3.2
      vertex 27.6215 4.47023 3.2
    endloop
  endfacet
  facet normal 0.522554 -0.852606 0
    outer loop
      vertex 27.9225 4.65471 3.2
      vertex 27.6215 4.47023 1.2
      vertex 27.9225 4.65471 1.2
    endloop
  endfacet
  facet normal -0.522533 0.852619 0
    outer loop
      vertex 25.5785 8.47976 1.2
      vertex 25.2775 8.29529 3.2
      vertex 25.5785 8.47976 3.2
    endloop
  endfacet
  facet normal -0.522533 0.852619 0
    outer loop
      vertex 25.2775 8.29529 3.2
      vertex 25.5785 8.47976 1.2
      vertex 25.2775 8.29529 1.2
    endloop
  endfacet
  facet normal 0.923892 0.382654 0
    outer loop
      vertex 28.7399 7.17029 3.2
      vertex 28.6048 7.49648 1.2
      vertex 28.6048 7.49648 3.2
    endloop
  endfacet
  facet normal 0.923892 0.382654 0
    outer loop
      vertex 28.6048 7.49648 1.2
      vertex 28.7399 7.17029 3.2
      vertex 28.7399 7.17029 1.2
    endloop
  endfacet
  facet normal -0.852612 -0.522545 0
    outer loop
      vertex 24.7797 5.15248 1.2
      vertex 24.5952 5.45352 3.2
      vertex 24.5952 5.45352 1.2
    endloop
  endfacet
  facet normal -0.852612 -0.522545 0
    outer loop
      vertex 24.5952 5.45352 3.2
      vertex 24.7797 5.15248 1.2
      vertex 24.7797 5.15248 3.2
    endloop
  endfacet
  facet normal -0.760399 -0.649456 0
    outer loop
      vertex 25.009 4.88401 1.2
      vertex 24.7797 5.15248 3.2
      vertex 24.7797 5.15248 1.2
    endloop
  endfacet
  facet normal -0.760399 -0.649456 0
    outer loop
      vertex 24.7797 5.15248 3.2
      vertex 25.009 4.88401 1.2
      vertex 25.009 4.88401 3.2
    endloop
  endfacet
  facet normal 0.233448 -0.972369 0
    outer loop
      vertex 26.952 4.2527 1.2
      vertex 27.2953 4.33512 3.2
      vertex 26.952 4.2527 3.2
    endloop
  endfacet
  facet normal 0.233448 -0.972369 0
    outer loop
      vertex 27.2953 4.33512 3.2
      vertex 26.952 4.2527 1.2
      vertex 27.2953 4.33512 1.2
    endloop
  endfacet
  facet normal -0.233448 0.972369 0
    outer loop
      vertex 26.248 8.6973 1.2
      vertex 25.9047 8.61488 3.2
      vertex 26.248 8.6973 3.2
    endloop
  endfacet
  facet normal -0.233448 0.972369 0
    outer loop
      vertex 25.9047 8.61488 3.2
      vertex 26.248 8.6973 1.2
      vertex 25.9047 8.61488 1.2
    endloop
  endfacet
  facet normal -0.972384 -0.233388 0
    outer loop
      vertex 24.4601 5.77971 1.2
      vertex 24.3777 6.12302 3.2
      vertex 24.3777 6.12302 1.2
    endloop
  endfacet
  facet normal -0.972384 -0.233388 0
    outer loop
      vertex 24.3777 6.12302 3.2
      vertex 24.4601 5.77971 1.2
      vertex 24.4601 5.77971 3.2
    endloop
  endfacet
  facet normal 0.972384 -0.233388 0
    outer loop
      vertex 28.7399 5.77971 3.2
      vertex 28.8223 6.12302 1.2
      vertex 28.8223 6.12302 3.2
    endloop
  endfacet
  facet normal 0.972384 -0.233388 0
    outer loop
      vertex 28.8223 6.12302 1.2
      vertex 28.7399 5.77971 3.2
      vertex 28.7399 5.77971 1.2
    endloop
  endfacet
  facet normal -0.0784506 0.996918 0
    outer loop
      vertex 26.6 8.725 1.2
      vertex 26.248 8.6973 3.2
      vertex 26.6 8.725 3.2
    endloop
  endfacet
  facet normal -0.0784506 0.996918 0
    outer loop
      vertex 26.248 8.6973 3.2
      vertex 26.6 8.725 1.2
      vertex 26.248 8.6973 1.2
    endloop
  endfacet
  facet normal -0.852612 0.522545 0
    outer loop
      vertex 24.5952 7.49648 1.2
      vertex 24.7797 7.79752 3.2
      vertex 24.7797 7.79752 1.2
    endloop
  endfacet
  facet normal -0.852612 0.522545 0
    outer loop
      vertex 24.7797 7.79752 3.2
      vertex 24.5952 7.49648 1.2
      vertex 24.5952 7.49648 3.2
    endloop
  endfacet
  facet normal -0.923892 0.382654 0
    outer loop
      vertex 24.4601 7.17029 1.2
      vertex 24.5952 7.49648 3.2
      vertex 24.5952 7.49648 1.2
    endloop
  endfacet
  facet normal -0.923892 0.382654 0
    outer loop
      vertex 24.5952 7.49648 3.2
      vertex 24.4601 7.17029 1.2
      vertex 24.4601 7.17029 3.2
    endloop
  endfacet
  facet normal -0.233394 0.972382 0
    outer loop
      vertex 26.248 20.9473 1.2
      vertex 25.9047 20.8649 3.2
      vertex 26.248 20.9473 3.2
    endloop
  endfacet
  facet normal -0.233394 0.972382 0
    outer loop
      vertex 25.9047 20.8649 3.2
      vertex 26.248 20.9473 1.2
      vertex 25.9047 20.8649 1.2
    endloop
  endfacet
  facet normal 0.972382 0.233394 0
    outer loop
      vertex 28.8223 19.077 3.2
      vertex 28.7399 19.4203 1.2
      vertex 28.7399 19.4203 3.2
    endloop
  endfacet
  facet normal 0.972382 0.233394 0
    outer loop
      vertex 28.7399 19.4203 1.2
      vertex 28.8223 19.077 3.2
      vertex 28.8223 19.077 1.2
    endloop
  endfacet
  facet normal 0.996918 0.0784506 0
    outer loop
      vertex 28.85 18.725 3.2
      vertex 28.8223 19.077 1.2
      vertex 28.8223 19.077 3.2
    endloop
  endfacet
  facet normal 0.996918 0.0784506 0
    outer loop
      vertex 28.8223 19.077 1.2
      vertex 28.85 18.725 3.2
      vertex 28.85 18.725 1.2
    endloop
  endfacet
  facet normal -0.972382 0.233394 0
    outer loop
      vertex 24.3777 19.077 1.2
      vertex 24.4601 19.4203 3.2
      vertex 24.4601 19.4203 1.2
    endloop
  endfacet
  facet normal -0.972382 0.233394 0
    outer loop
      vertex 24.4601 19.4203 3.2
      vertex 24.3777 19.077 1.2
      vertex 24.3777 19.077 3.2
    endloop
  endfacet
  facet normal -0.760435 0.649414 0
    outer loop
      vertex 24.7797 20.0475 1.2
      vertex 25.009 20.316 3.2
      vertex 25.009 20.316 1.2
    endloop
  endfacet
  facet normal -0.760435 0.649414 0
    outer loop
      vertex 25.009 20.316 3.2
      vertex 24.7797 20.0475 1.2
      vertex 24.7797 20.0475 3.2
    endloop
  endfacet
  facet normal -0.0784506 0.996918 0
    outer loop
      vertex 26.6 20.975 1.2
      vertex 26.248 20.9473 3.2
      vertex 26.6 20.975 3.2
    endloop
  endfacet
  facet normal -0.0784506 0.996918 0
    outer loop
      vertex 26.248 20.9473 3.2
      vertex 26.6 20.975 1.2
      vertex 26.248 20.9473 1.2
    endloop
  endfacet
  facet normal 0.522595 -0.852581 0
    outer loop
      vertex 27.6215 16.7202 1.2
      vertex 27.9225 16.9047 3.2
      vertex 27.6215 16.7202 3.2
    endloop
  endfacet
  facet normal 0.522595 -0.852581 0
    outer loop
      vertex 27.9225 16.9047 3.2
      vertex 27.6215 16.7202 1.2
      vertex 27.9225 16.9047 1.2
    endloop
  endfacet
  facet normal 0.0784506 -0.996918 0
    outer loop
      vertex 26.6 16.475 1.2
      vertex 26.952 16.5027 3.2
      vertex 26.6 16.475 3.2
    endloop
  endfacet
  facet normal 0.0784506 -0.996918 0
    outer loop
      vertex 26.952 16.5027 3.2
      vertex 26.6 16.475 1.2
      vertex 26.952 16.5027 1.2
    endloop
  endfacet
  facet normal -0.996918 -0.0784506 0
    outer loop
      vertex 24.3777 18.373 1.2
      vertex 24.35 18.725 3.2
      vertex 24.35 18.725 1.2
    endloop
  endfacet
  facet normal -0.996918 -0.0784506 0
    outer loop
      vertex 24.35 18.725 3.2
      vertex 24.3777 18.373 1.2
      vertex 24.3777 18.373 3.2
    endloop
  endfacet
  facet normal 0.382644 -0.923896 0
    outer loop
      vertex 27.2953 16.5851 1.2
      vertex 27.6215 16.7202 3.2
      vertex 27.2953 16.5851 3.2
    endloop
  endfacet
  facet normal 0.382644 -0.923896 0
    outer loop
      vertex 27.6215 16.7202 3.2
      vertex 27.2953 16.5851 1.2
      vertex 27.6215 16.7202 1.2
    endloop
  endfacet
  facet normal -0.382644 0.923896 0
    outer loop
      vertex 25.9047 20.8649 1.2
      vertex 25.5785 20.7298 3.2
      vertex 25.9047 20.8649 3.2
    endloop
  endfacet
  facet normal -0.382644 0.923896 0
    outer loop
      vertex 25.5785 20.7298 3.2
      vertex 25.9047 20.8649 1.2
      vertex 25.5785 20.7298 1.2
    endloop
  endfacet
  facet normal 0.0784506 0.996918 -0
    outer loop
      vertex 26.952 20.9473 1.2
      vertex 26.6 20.975 3.2
      vertex 26.952 20.9473 3.2
    endloop
  endfacet
  facet normal 0.0784506 0.996918 0
    outer loop
      vertex 26.6 20.975 3.2
      vertex 26.952 20.9473 1.2
      vertex 26.6 20.975 1.2
    endloop
  endfacet
  facet normal -0.522595 0.852581 0
    outer loop
      vertex 25.5785 20.7298 1.2
      vertex 25.2775 20.5453 3.2
      vertex 25.5785 20.7298 3.2
    endloop
  endfacet
  facet normal -0.522595 0.852581 0
    outer loop
      vertex 25.2775 20.5453 3.2
      vertex 25.5785 20.7298 1.2
      vertex 25.2775 20.5453 1.2
    endloop
  endfacet
  facet normal 0.996918 -0.0784506 0
    outer loop
      vertex 28.8223 18.373 3.2
      vertex 28.85 18.725 1.2
      vertex 28.85 18.725 3.2
    endloop
  endfacet
  facet normal 0.996918 -0.0784506 0
    outer loop
      vertex 28.85 18.725 1.2
      vertex 28.8223 18.373 3.2
      vertex 28.8223 18.373 1.2
    endloop
  endfacet
  facet normal 0 0 1
    outer loop
      vertex 27.45 18.725 3.2
      vertex 28.85 18.725 3.2
      vertex 28.8223 19.077 3.2
    endloop
  endfacet
  facet normal 0 0 1
    outer loop
      vertex 27.4395 18.858 3.2
      vertex 28.8223 19.077 3.2
      vertex 28.7399 19.4203 3.2
    endloop
  endfacet
  facet normal 0 0 1
    outer loop
      vertex 28.85 18.725 3.2
      vertex 27.45 18.725 3.2
      vertex 28.8223 18.373 3.2
    endloop
  endfacet
  facet normal 0 0 1
    outer loop
      vertex 27.4084 18.9877 3.2
      vertex 28.7399 19.4203 3.2
      vertex 28.6048 19.7465 3.2
    endloop
  endfacet
  facet normal -0 0 1
    outer loop
      vertex 27.4395 18.592 3.2
      vertex 28.8223 18.373 3.2
      vertex 27.45 18.725 3.2
    endloop
  endfacet
  facet normal 0 0 1
    outer loop
      vertex 27.3574 19.1109 3.2
      vertex 28.6048 19.7465 3.2
      vertex 28.4203 20.0475 3.2
    endloop
  endfacet
  facet normal 0 0 1
    outer loop
      vertex 28.8223 18.373 3.2
      vertex 27.4395 18.592 3.2
      vertex 28.7399 18.0297 3.2
    endloop
  endfacet
  facet normal 0 0 1
    outer loop
      vertex 27.2877 19.2246 3.2
      vertex 28.4203 20.0475 3.2
      vertex 28.191 20.316 3.2
    endloop
  endfacet
  facet normal -0 0 1
    outer loop
      vertex 27.4084 18.4623 3.2
      vertex 28.7399 18.0297 3.2
      vertex 27.4395 18.592 3.2
    endloop
  endfacet
  facet normal 0 0 1
    outer loop
      vertex 27.201 19.326 3.2
      vertex 28.191 20.316 3.2
      vertex 27.9225 20.5453 3.2
    endloop
  endfacet
  facet normal 0 0 1
    outer loop
      vertex 28.7399 18.0297 3.2
      vertex 27.4084 18.4623 3.2
      vertex 28.6048 17.7035 3.2
    endloop
  endfacet
  facet normal 0 0 1
    outer loop
      vertex 27.0996 19.4127 3.2
      vertex 27.9225 20.5453 3.2
      vertex 27.6215 20.7298 3.2
    endloop
  endfacet
  facet normal -0 0 1
    outer loop
      vertex 27.3574 18.3391 3.2
      vertex 28.6048 17.7035 3.2
      vertex 27.4084 18.4623 3.2
    endloop
  endfacet
  facet normal 0 0 1
    outer loop
      vertex 28.6048 17.7035 3.2
      vertex 27.3574 18.3391 3.2
      vertex 28.4203 17.4025 3.2
    endloop
  endfacet
  facet normal 0 0 1
    outer loop
      vertex 28.8223 19.077 3.2
      vertex 27.4395 18.858 3.2
      vertex 27.45 18.725 3.2
    endloop
  endfacet
  facet normal 0 0 1
    outer loop
      vertex 28.7399 19.4203 3.2
      vertex 27.4084 18.9877 3.2
      vertex 27.4395 18.858 3.2
    endloop
  endfacet
  facet normal 0 0 1
    outer loop
      vertex 28.6048 19.7465 3.2
      vertex 27.3574 19.1109 3.2
      vertex 27.4084 18.9877 3.2
    endloop
  endfacet
  facet normal 0 0 1
    outer loop
      vertex 26.9859 19.4824 3.2
      vertex 27.6215 20.7298 3.2
      vertex 27.2953 20.8649 3.2
    endloop
  endfacet
  facet normal 0 0 1
    outer loop
      vertex 28.4203 20.0475 3.2
      vertex 27.2877 19.2246 3.2
      vertex 27.3574 19.1109 3.2
    endloop
  endfacet
  facet normal 0 0 1
    outer loop
      vertex 28.191 20.316 3.2
      vertex 27.201 19.326 3.2
      vertex 27.2877 19.2246 3.2
    endloop
  endfacet
  facet normal 0 0 1
    outer loop
      vertex 27.9225 20.5453 3.2
      vertex 27.0996 19.4127 3.2
      vertex 27.201 19.326 3.2
    endloop
  endfacet
  facet normal 0 0 1
    outer loop
      vertex 27.6215 20.7298 3.2
      vertex 26.9859 19.4824 3.2
      vertex 27.0996 19.4127 3.2
    endloop
  endfacet
  facet normal 0 0 1
    outer loop
      vertex 26.8627 19.5334 3.2
      vertex 27.2953 20.8649 3.2
      vertex 26.952 20.9473 3.2
    endloop
  endfacet
  facet normal 0 0 1
    outer loop
      vertex 27.2953 20.8649 3.2
      vertex 26.8627 19.5334 3.2
      vertex 26.9859 19.4824 3.2
    endloop
  endfacet
  facet normal 0 0 1
    outer loop
      vertex 26.952 20.9473 3.2
      vertex 26.733 19.5645 3.2
      vertex 26.8627 19.5334 3.2
    endloop
  endfacet
  facet normal 0 0 1
    outer loop
      vertex 26.6 20.975 3.2
      vertex 26.733 19.5645 3.2
      vertex 26.952 20.9473 3.2
    endloop
  endfacet
  facet normal 0 0 1
    outer loop
      vertex 26.6 20.975 3.2
      vertex 26.6 19.575 3.2
      vertex 26.733 19.5645 3.2
    endloop
  endfacet
  facet normal 0 0 1
    outer loop
      vertex 26.6 20.975 3.2
      vertex 26.467 19.5645 3.2
      vertex 26.6 19.575 3.2
    endloop
  endfacet
  facet normal -0 0 1
    outer loop
      vertex 26.248 20.9473 3.2
      vertex 26.467 19.5645 3.2
      vertex 26.6 20.975 3.2
    endloop
  endfacet
  facet normal 0 0 1
    outer loop
      vertex 26.467 19.5645 3.2
      vertex 26.248 20.9473 3.2
      vertex 26.3373 19.5334 3.2
    endloop
  endfacet
  facet normal -0 0 1
    outer loop
      vertex 25.9047 20.8649 3.2
      vertex 26.3373 19.5334 3.2
      vertex 26.248 20.9473 3.2
    endloop
  endfacet
  facet normal 0 0 1
    outer loop
      vertex 26.3373 19.5334 3.2
      vertex 25.9047 20.8649 3.2
      vertex 26.2141 19.4824 3.2
    endloop
  endfacet
  facet normal -0 0 1
    outer loop
      vertex 25.5785 20.7298 3.2
      vertex 26.2141 19.4824 3.2
      vertex 25.9047 20.8649 3.2
    endloop
  endfacet
  facet normal 0 0 1
    outer loop
      vertex 26.2141 19.4824 3.2
      vertex 25.5785 20.7298 3.2
      vertex 26.1004 19.4127 3.2
    endloop
  endfacet
  facet normal -0 0 1
    outer loop
      vertex 25.2775 20.5453 3.2
      vertex 26.1004 19.4127 3.2
      vertex 25.5785 20.7298 3.2
    endloop
  endfacet
  facet normal 0 0 1
    outer loop
      vertex 26.1004 19.4127 3.2
      vertex 25.2775 20.5453 3.2
      vertex 25.999 19.326 3.2
    endloop
  endfacet
  facet normal -0 0 1
    outer loop
      vertex 25.009 20.316 3.2
      vertex 25.999 19.326 3.2
      vertex 25.2775 20.5453 3.2
    endloop
  endfacet
  facet normal 0 0 1
    outer loop
      vertex 25.999 19.326 3.2
      vertex 25.009 20.316 3.2
      vertex 25.9123 19.2246 3.2
    endloop
  endfacet
  facet normal -0 0 1
    outer loop
      vertex 24.7797 20.0475 3.2
      vertex 25.9123 19.2246 3.2
      vertex 25.009 20.316 3.2
    endloop
  endfacet
  facet normal 0 0 1
    outer loop
      vertex 25.9123 19.2246 3.2
      vertex 24.7797 20.0475 3.2
      vertex 25.8426 19.1109 3.2
    endloop
  endfacet
  facet normal -0 0 1
    outer loop
      vertex 27.2877 18.2254 3.2
      vertex 28.4203 17.4025 3.2
      vertex 27.3574 18.3391 3.2
    endloop
  endfacet
  facet normal 0 0 1
    outer loop
      vertex 28.4203 17.4025 3.2
      vertex 27.2877 18.2254 3.2
      vertex 28.191 17.134 3.2
    endloop
  endfacet
  facet normal -0 0 1
    outer loop
      vertex 27.201 18.124 3.2
      vertex 28.191 17.134 3.2
      vertex 27.2877 18.2254 3.2
    endloop
  endfacet
  facet normal 0 0 1
    outer loop
      vertex 28.191 17.134 3.2
      vertex 27.201 18.124 3.2
      vertex 27.9225 16.9047 3.2
    endloop
  endfacet
  facet normal -0 0 1
    outer loop
      vertex 27.0996 18.0373 3.2
      vertex 27.9225 16.9047 3.2
      vertex 27.201 18.124 3.2
    endloop
  endfacet
  facet normal 0 0 1
    outer loop
      vertex 27.9225 16.9047 3.2
      vertex 27.0996 18.0373 3.2
      vertex 27.6215 16.7202 3.2
    endloop
  endfacet
  facet normal -0 0 1
    outer loop
      vertex 26.9859 17.9676 3.2
      vertex 27.6215 16.7202 3.2
      vertex 27.0996 18.0373 3.2
    endloop
  endfacet
  facet normal 0 0 1
    outer loop
      vertex 27.6215 16.7202 3.2
      vertex 26.9859 17.9676 3.2
      vertex 27.2953 16.5851 3.2
    endloop
  endfacet
  facet normal -0 0 1
    outer loop
      vertex 26.8627 17.9166 3.2
      vertex 27.2953 16.5851 3.2
      vertex 26.9859 17.9676 3.2
    endloop
  endfacet
  facet normal 0 0 1
    outer loop
      vertex 27.2953 16.5851 3.2
      vertex 26.8627 17.9166 3.2
      vertex 26.952 16.5027 3.2
    endloop
  endfacet
  facet normal -0 0 1
    outer loop
      vertex 26.733 17.8855 3.2
      vertex 26.952 16.5027 3.2
      vertex 26.8627 17.9166 3.2
    endloop
  endfacet
  facet normal -0 0 1
    outer loop
      vertex 26.6 17.875 3.2
      vertex 26.952 16.5027 3.2
      vertex 26.733 17.8855 3.2
    endloop
  endfacet
  facet normal 0 0 1
    outer loop
      vertex 26.6 17.875 3.2
      vertex 26.6 16.475 3.2
      vertex 26.952 16.5027 3.2
    endloop
  endfacet
  facet normal 0 0 1
    outer loop
      vertex 26.467 17.8855 3.2
      vertex 26.6 16.475 3.2
      vertex 26.6 17.875 3.2
    endloop
  endfacet
  facet normal 0 0 1
    outer loop
      vertex 26.248 16.5027 3.2
      vertex 26.467 17.8855 3.2
      vertex 26.3373 17.9166 3.2
    endloop
  endfacet
  facet normal 0 0 1
    outer loop
      vertex 26.467 17.8855 3.2
      vertex 26.248 16.5027 3.2
      vertex 26.6 16.475 3.2
    endloop
  endfacet
  facet normal 0 0 1
    outer loop
      vertex 25.9047 16.5851 3.2
      vertex 26.3373 17.9166 3.2
      vertex 26.2141 17.9676 3.2
    endloop
  endfacet
  facet normal 0 0 1
    outer loop
      vertex 25.5785 16.7202 3.2
      vertex 26.2141 17.9676 3.2
      vertex 26.1004 18.0373 3.2
    endloop
  endfacet
  facet normal 0 0 1
    outer loop
      vertex 25.2775 16.9047 3.2
      vertex 26.1004 18.0373 3.2
      vertex 25.999 18.124 3.2
    endloop
  endfacet
  facet normal 0 0 1
    outer loop
      vertex 25.009 17.134 3.2
      vertex 25.999 18.124 3.2
      vertex 25.9123 18.2254 3.2
    endloop
  endfacet
  facet normal 0 0 1
    outer loop
      vertex 26.3373 17.9166 3.2
      vertex 25.9047 16.5851 3.2
      vertex 26.248 16.5027 3.2
    endloop
  endfacet
  facet normal 0 0 1
    outer loop
      vertex 24.7797 17.4025 3.2
      vertex 25.9123 18.2254 3.2
      vertex 25.8426 18.3391 3.2
    endloop
  endfacet
  facet normal 0 0 1
    outer loop
      vertex 24.5952 17.7035 3.2
      vertex 25.8426 18.3391 3.2
      vertex 25.7916 18.4623 3.2
    endloop
  endfacet
  facet normal 0 0 1
    outer loop
      vertex 24.4601 18.0297 3.2
      vertex 25.7916 18.4623 3.2
      vertex 25.7605 18.592 3.2
    endloop
  endfacet
  facet normal 0 0 1
    outer loop
      vertex 24.3777 18.373 3.2
      vertex 25.7605 18.592 3.2
      vertex 25.75 18.725 3.2
    endloop
  endfacet
  facet normal -0 0 1
    outer loop
      vertex 24.5952 19.7465 3.2
      vertex 25.8426 19.1109 3.2
      vertex 24.7797 20.0475 3.2
    endloop
  endfacet
  facet normal 0 0 1
    outer loop
      vertex 26.2141 17.9676 3.2
      vertex 25.5785 16.7202 3.2
      vertex 25.9047 16.5851 3.2
    endloop
  endfacet
  facet normal 0 0 1
    outer loop
      vertex 25.8426 19.1109 3.2
      vertex 24.5952 19.7465 3.2
      vertex 25.7916 18.9877 3.2
    endloop
  endfacet
  facet normal 0 0 1
    outer loop
      vertex 26.1004 18.0373 3.2
      vertex 25.2775 16.9047 3.2
      vertex 25.5785 16.7202 3.2
    endloop
  endfacet
  facet normal -0 0 1
    outer loop
      vertex 24.4601 19.4203 3.2
      vertex 25.7916 18.9877 3.2
      vertex 24.5952 19.7465 3.2
    endloop
  endfacet
  facet normal 0 0 1
    outer loop
      vertex 25.999 18.124 3.2
      vertex 25.009 17.134 3.2
      vertex 25.2775 16.9047 3.2
    endloop
  endfacet
  facet normal 0 0 1
    outer loop
      vertex 25.7916 18.9877 3.2
      vertex 24.4601 19.4203 3.2
      vertex 25.7605 18.858 3.2
    endloop
  endfacet
  facet normal 0 0 1
    outer loop
      vertex 25.9123 18.2254 3.2
      vertex 24.7797 17.4025 3.2
      vertex 25.009 17.134 3.2
    endloop
  endfacet
  facet normal -0 0 1
    outer loop
      vertex 24.3777 19.077 3.2
      vertex 25.7605 18.858 3.2
      vertex 24.4601 19.4203 3.2
    endloop
  endfacet
  facet normal 0 0 1
    outer loop
      vertex 25.8426 18.3391 3.2
      vertex 24.5952 17.7035 3.2
      vertex 24.7797 17.4025 3.2
    endloop
  endfacet
  facet normal 0 0 1
    outer loop
      vertex 25.7605 18.858 3.2
      vertex 24.3777 19.077 3.2
      vertex 25.75 18.725 3.2
    endloop
  endfacet
  facet normal 0 0 1
    outer loop
      vertex 25.7916 18.4623 3.2
      vertex 24.4601 18.0297 3.2
      vertex 24.5952 17.7035 3.2
    endloop
  endfacet
  facet normal 0 0 1
    outer loop
      vertex 24.35 18.725 3.2
      vertex 25.75 18.725 3.2
      vertex 24.3777 19.077 3.2
    endloop
  endfacet
  facet normal 0 0 1
    outer loop
      vertex 25.7605 18.592 3.2
      vertex 24.3777 18.373 3.2
      vertex 24.4601 18.0297 3.2
    endloop
  endfacet
  facet normal 0 0 1
    outer loop
      vertex 25.75 18.725 3.2
      vertex 24.35 18.725 3.2
      vertex 24.3777 18.373 3.2
    endloop
  endfacet
  facet normal -0.923896 -0.382644 0
    outer loop
      vertex 24.5952 17.7035 1.2
      vertex 24.4601 18.0297 3.2
      vertex 24.4601 18.0297 1.2
    endloop
  endfacet
  facet normal -0.923896 -0.382644 0
    outer loop
      vertex 24.4601 18.0297 3.2
      vertex 24.5952 17.7035 1.2
      vertex 24.5952 17.7035 3.2
    endloop
  endfacet
  facet normal -0.996918 0.0784506 0
    outer loop
      vertex 24.35 18.725 1.2
      vertex 24.3777 19.077 3.2
      vertex 24.3777 19.077 1.2
    endloop
  endfacet
  facet normal -0.996918 0.0784506 0
    outer loop
      vertex 24.3777 19.077 3.2
      vertex 24.35 18.725 1.2
      vertex 24.35 18.725 3.2
    endloop
  endfacet
  facet normal 0.972382 -0.233394 0
    outer loop
      vertex 28.7399 18.0297 3.2
      vertex 28.8223 18.373 1.2
      vertex 28.8223 18.373 3.2
    endloop
  endfacet
  facet normal 0.972382 -0.233394 0
    outer loop
      vertex 28.8223 18.373 1.2
      vertex 28.7399 18.0297 3.2
      vertex 28.7399 18.0297 1.2
    endloop
  endfacet
  facet normal 0.923896 -0.382644 0
    outer loop
      vertex 28.6048 17.7035 3.2
      vertex 28.7399 18.0297 1.2
      vertex 28.7399 18.0297 3.2
    endloop
  endfacet
  facet normal 0.923896 -0.382644 0
    outer loop
      vertex 28.7399 18.0297 1.2
      vertex 28.6048 17.7035 3.2
      vertex 28.6048 17.7035 1.2
    endloop
  endfacet
  facet normal -0.760435 -0.649414 0
    outer loop
      vertex 25.009 17.134 1.2
      vertex 24.7797 17.4025 3.2
      vertex 24.7797 17.4025 1.2
    endloop
  endfacet
  facet normal -0.760435 -0.649414 0
    outer loop
      vertex 24.7797 17.4025 3.2
      vertex 25.009 17.134 1.2
      vertex 25.009 17.134 3.2
    endloop
  endfacet
  facet normal -0.649414 0.760435 0
    outer loop
      vertex 25.2775 20.5453 1.2
      vertex 25.009 20.316 3.2
      vertex 25.2775 20.5453 3.2
    endloop
  endfacet
  facet normal -0.649414 0.760435 0
    outer loop
      vertex 25.009 20.316 3.2
      vertex 25.2775 20.5453 1.2
      vertex 25.009 20.316 1.2
    endloop
  endfacet
  facet normal 0.852581 -0.522595 0
    outer loop
      vertex 28.4203 17.4025 3.2
      vertex 28.6048 17.7035 1.2
      vertex 28.6048 17.7035 3.2
    endloop
  endfacet
  facet normal 0.852581 -0.522595 0
    outer loop
      vertex 28.6048 17.7035 1.2
      vertex 28.4203 17.4025 3.2
      vertex 28.4203 17.4025 1.2
    endloop
  endfacet
  facet normal 0.760435 0.649414 0
    outer loop
      vertex 28.4203 20.0475 3.2
      vertex 28.191 20.316 1.2
      vertex 28.191 20.316 3.2
    endloop
  endfacet
  facet normal 0.760435 0.649414 0
    outer loop
      vertex 28.191 20.316 1.2
      vertex 28.4203 20.0475 3.2
      vertex 28.4203 20.0475 1.2
    endloop
  endfacet
  facet normal -0.522595 -0.852581 0
    outer loop
      vertex 25.2775 16.9047 1.2
      vertex 25.5785 16.7202 3.2
      vertex 25.2775 16.9047 3.2
    endloop
  endfacet
  facet normal -0.522595 -0.852581 -0
    outer loop
      vertex 25.5785 16.7202 3.2
      vertex 25.2775 16.9047 1.2
      vertex 25.5785 16.7202 1.2
    endloop
  endfacet
  facet normal 0.382644 0.923896 -0
    outer loop
      vertex 27.6215 20.7298 1.2
      vertex 27.2953 20.8649 3.2
      vertex 27.6215 20.7298 3.2
    endloop
  endfacet
  facet normal 0.382644 0.923896 0
    outer loop
      vertex 27.2953 20.8649 3.2
      vertex 27.6215 20.7298 1.2
      vertex 27.2953 20.8649 1.2
    endloop
  endfacet
  facet normal 0.649414 0.760435 -0
    outer loop
      vertex 28.191 20.316 1.2
      vertex 27.9225 20.5453 3.2
      vertex 28.191 20.316 3.2
    endloop
  endfacet
  facet normal 0.649414 0.760435 0
    outer loop
      vertex 27.9225 20.5453 3.2
      vertex 28.191 20.316 1.2
      vertex 27.9225 20.5453 1.2
    endloop
  endfacet
  facet normal -0.972382 -0.233394 0
    outer loop
      vertex 24.4601 18.0297 1.2
      vertex 24.3777 18.373 3.2
      vertex 24.3777 18.373 1.2
    endloop
  endfacet
  facet normal -0.972382 -0.233394 0
    outer loop
      vertex 24.3777 18.373 3.2
      vertex 24.4601 18.0297 1.2
      vertex 24.4601 18.0297 3.2
    endloop
  endfacet
  facet normal 0.649414 -0.760435 0
    outer loop
      vertex 27.9225 16.9047 1.2
      vertex 28.191 17.134 3.2
      vertex 27.9225 16.9047 3.2
    endloop
  endfacet
  facet normal 0.649414 -0.760435 0
    outer loop
      vertex 28.191 17.134 3.2
      vertex 27.9225 16.9047 1.2
      vertex 28.191 17.134 1.2
    endloop
  endfacet
  facet normal 0.522595 0.852581 -0
    outer loop
      vertex 27.9225 20.5453 1.2
      vertex 27.6215 20.7298 3.2
      vertex 27.9225 20.5453 3.2
    endloop
  endfacet
  facet normal 0.522595 0.852581 0
    outer loop
      vertex 27.6215 20.7298 3.2
      vertex 27.9225 20.5453 1.2
      vertex 27.6215 20.7298 1.2
    endloop
  endfacet
  facet normal 0.233394 0.972382 -0
    outer loop
      vertex 27.2953 20.8649 1.2
      vertex 26.952 20.9473 3.2
      vertex 27.2953 20.8649 3.2
    endloop
  endfacet
  facet normal 0.233394 0.972382 0
    outer loop
      vertex 26.952 20.9473 3.2
      vertex 27.2953 20.8649 1.2
      vertex 26.952 20.9473 1.2
    endloop
  endfacet
  facet normal 0.852581 0.522595 0
    outer loop
      vertex 28.6048 19.7465 3.2
      vertex 28.4203 20.0475 1.2
      vertex 28.4203 20.0475 3.2
    endloop
  endfacet
  facet normal 0.852581 0.522595 0
    outer loop
      vertex 28.4203 20.0475 1.2
      vertex 28.6048 19.7465 3.2
      vertex 28.6048 19.7465 1.2
    endloop
  endfacet
  facet normal -0.852581 -0.522595 0
    outer loop
      vertex 24.7797 17.4025 1.2
      vertex 24.5952 17.7035 3.2
      vertex 24.5952 17.7035 1.2
    endloop
  endfacet
  facet normal -0.852581 -0.522595 0
    outer loop
      vertex 24.5952 17.7035 3.2
      vertex 24.7797 17.4025 1.2
      vertex 24.7797 17.4025 3.2
    endloop
  endfacet
  facet normal 0.233394 -0.972382 0
    outer loop
      vertex 26.952 16.5027 1.2
      vertex 27.2953 16.5851 3.2
      vertex 26.952 16.5027 3.2
    endloop
  endfacet
  facet normal 0.233394 -0.972382 0
    outer loop
      vertex 27.2953 16.5851 3.2
      vertex 26.952 16.5027 1.2
      vertex 27.2953 16.5851 1.2
    endloop
  endfacet
  facet normal 0.760435 -0.649414 0
    outer loop
      vertex 28.191 17.134 3.2
      vertex 28.4203 17.4025 1.2
      vertex 28.4203 17.4025 3.2
    endloop
  endfacet
  facet normal 0.760435 -0.649414 0
    outer loop
      vertex 28.4203 17.4025 1.2
      vertex 28.191 17.134 3.2
      vertex 28.191 17.134 1.2
    endloop
  endfacet
  facet normal -0.923896 0.382644 0
    outer loop
      vertex 24.4601 19.4203 1.2
      vertex 24.5952 19.7465 3.2
      vertex 24.5952 19.7465 1.2
    endloop
  endfacet
  facet normal -0.923896 0.382644 0
    outer loop
      vertex 24.5952 19.7465 3.2
      vertex 24.4601 19.4203 1.2
      vertex 24.4601 19.4203 3.2
    endloop
  endfacet
  facet normal 0.923896 0.382644 0
    outer loop
      vertex 28.7399 19.4203 3.2
      vertex 28.6048 19.7465 1.2
      vertex 28.6048 19.7465 3.2
    endloop
  endfacet
  facet normal 0.923896 0.382644 0
    outer loop
      vertex 28.6048 19.7465 1.2
      vertex 28.7399 19.4203 3.2
      vertex 28.7399 19.4203 1.2
    endloop
  endfacet
  facet normal -0.382644 -0.923896 0
    outer loop
      vertex 25.5785 16.7202 1.2
      vertex 25.9047 16.5851 3.2
      vertex 25.5785 16.7202 3.2
    endloop
  endfacet
  facet normal -0.382644 -0.923896 -0
    outer loop
      vertex 25.9047 16.5851 3.2
      vertex 25.5785 16.7202 1.2
      vertex 25.9047 16.5851 1.2
    endloop
  endfacet
  facet normal -0.649414 -0.760435 0
    outer loop
      vertex 25.009 17.134 1.2
      vertex 25.2775 16.9047 3.2
      vertex 25.009 17.134 3.2
    endloop
  endfacet
  facet normal -0.649414 -0.760435 -0
    outer loop
      vertex 25.2775 16.9047 3.2
      vertex 25.009 17.134 1.2
      vertex 25.2775 16.9047 1.2
    endloop
  endfacet
  facet normal -0.0784506 -0.996918 0
    outer loop
      vertex 26.248 16.5027 1.2
      vertex 26.6 16.475 3.2
      vertex 26.248 16.5027 3.2
    endloop
  endfacet
  facet normal -0.0784506 -0.996918 -0
    outer loop
      vertex 26.6 16.475 3.2
      vertex 26.248 16.5027 1.2
      vertex 26.6 16.475 1.2
    endloop
  endfacet
  facet normal -0.233394 -0.972382 0
    outer loop
      vertex 25.9047 16.5851 1.2
      vertex 26.248 16.5027 3.2
      vertex 25.9047 16.5851 3.2
    endloop
  endfacet
  facet normal -0.233394 -0.972382 -0
    outer loop
      vertex 26.248 16.5027 3.2
      vertex 25.9047 16.5851 1.2
      vertex 26.248 16.5027 1.2
    endloop
  endfacet
  facet normal -0.852581 0.522595 0
    outer loop
      vertex 24.5952 19.7465 1.2
      vertex 24.7797 20.0475 3.2
      vertex 24.7797 20.0475 1.2
    endloop
  endfacet
  facet normal -0.852581 0.522595 0
    outer loop
      vertex 24.7797 20.0475 3.2
      vertex 24.5952 19.7465 1.2
      vertex 24.5952 19.7465 3.2
    endloop
  endfacet
  facet normal 0.996917 -0.0784677 0
    outer loop
      vertex 5.45 41.675 1.6
      vertex 5.46416 41.8549 0
      vertex 5.46416 41.8549 1.6
    endloop
  endfacet
  facet normal 0.996917 -0.0784677 0
    outer loop
      vertex 5.46416 41.8549 0
      vertex 5.45 41.675 1.6
      vertex 5.45 41.675 0
    endloop
  endfacet
  facet normal -0.972375 -0.233425 0
    outer loop
      vertex 7.73584 41.8549 0
      vertex 7.69371 42.0304 1.6
      vertex 7.69371 42.0304 0
    endloop
  endfacet
  facet normal -0.972375 -0.233425 0
    outer loop
      vertex 7.69371 42.0304 1.6
      vertex 7.73584 41.8549 0
      vertex 7.73584 41.8549 1.6
    endloop
  endfacet
  facet normal -0.996917 -0.0784677 0
    outer loop
      vertex 7.75 41.675 0
      vertex 7.73584 41.8549 1.6
      vertex 7.73584 41.8549 0
    endloop
  endfacet
  facet normal -0.996917 -0.0784677 0
    outer loop
      vertex 7.73584 41.8549 1.6
      vertex 7.75 41.675 0
      vertex 7.75 41.675 1.6
    endloop
  endfacet
  facet normal -0.923878 -0.382686 0
    outer loop
      vertex 7.69371 42.0304 0
      vertex 7.62466 42.1971 1.6
      vertex 7.62466 42.1971 0
    endloop
  endfacet
  facet normal -0.923878 -0.382686 0
    outer loop
      vertex 7.62466 42.1971 1.6
      vertex 7.69371 42.0304 0
      vertex 7.69371 42.0304 1.6
    endloop
  endfacet
  facet normal -0.760351 -0.649513 0
    outer loop
      vertex 7.53037 42.351 0
      vertex 7.41317 42.4882 1.6
      vertex 7.41317 42.4882 0
    endloop
  endfacet
  facet normal -0.760351 -0.649513 0
    outer loop
      vertex 7.41317 42.4882 1.6
      vertex 7.53037 42.351 0
      vertex 7.53037 42.351 1.6
    endloop
  endfacet
  facet normal 0.972387 0.233373 0
    outer loop
      vertex 5.50628 41.3196 1.6
      vertex 5.46416 41.4951 0
      vertex 5.46416 41.4951 1.6
    endloop
  endfacet
  facet normal 0.972387 0.233373 0
    outer loop
      vertex 5.46416 41.4951 0
      vertex 5.50628 41.3196 1.6
      vertex 5.50628 41.3196 0
    endloop
  endfacet
  facet normal -0.85269 -0.522418 0
    outer loop
      vertex 7.62466 42.1971 0
      vertex 7.53037 42.351 1.6
      vertex 7.53037 42.351 0
    endloop
  endfacet
  facet normal -0.85269 -0.522418 0
    outer loop
      vertex 7.53037 42.351 1.6
      vertex 7.62466 42.1971 0
      vertex 7.62466 42.1971 1.6
    endloop
  endfacet
  facet normal 0.078688 0.996899 -0
    outer loop
      vertex 6.6 40.525 0
      vertex 6.4201 40.5392 1.6
      vertex 6.6 40.525 1.6
    endloop
  endfacet
  facet normal 0.078688 0.996899 0
    outer loop
      vertex 6.4201 40.5392 1.6
      vertex 6.6 40.525 0
      vertex 6.4201 40.5392 0
    endloop
  endfacet
  facet normal 0.233306 0.972403 -0
    outer loop
      vertex 6.4201 40.5392 0
      vertex 6.24463 40.5813 1.6
      vertex 6.4201 40.5392 1.6
    endloop
  endfacet
  facet normal 0.233306 0.972403 0
    outer loop
      vertex 6.24463 40.5813 1.6
      vertex 6.4201 40.5392 0
      vertex 6.24463 40.5813 0
    endloop
  endfacet
  facet normal -0.233306 0.972403 0
    outer loop
      vertex 6.95537 40.5813 0
      vertex 6.7799 40.5392 1.6
      vertex 6.95537 40.5813 1.6
    endloop
  endfacet
  facet normal -0.233306 0.972403 0
    outer loop
      vertex 6.7799 40.5392 1.6
      vertex 6.95537 40.5813 0
      vertex 6.7799 40.5392 0
    endloop
  endfacet
  facet normal 0.649458 0.760398 -0
    outer loop
      vertex 5.92405 40.7446 0
      vertex 5.78683 40.8618 1.6
      vertex 5.92405 40.7446 1.6
    endloop
  endfacet
  facet normal 0.649458 0.760398 0
    outer loop
      vertex 5.78683 40.8618 1.6
      vertex 5.92405 40.7446 0
      vertex 5.78683 40.8618 0
    endloop
  endfacet
  facet normal -0.522557 0.852604 0
    outer loop
      vertex 7.27595 40.7446 0
      vertex 7.12209 40.6503 1.6
      vertex 7.27595 40.7446 1.6
    endloop
  endfacet
  facet normal -0.522557 0.852604 0
    outer loop
      vertex 7.12209 40.6503 1.6
      vertex 7.27595 40.7446 0
      vertex 7.12209 40.6503 0
    endloop
  endfacet
  facet normal -0.233306 -0.972403 0
    outer loop
      vertex 6.7799 42.8108 0
      vertex 6.95537 42.7687 1.6
      vertex 6.7799 42.8108 1.6
    endloop
  endfacet
  facet normal -0.233306 -0.972403 -0
    outer loop
      vertex 6.95537 42.7687 1.6
      vertex 6.7799 42.8108 0
      vertex 6.95537 42.7687 0
    endloop
  endfacet
  facet normal 0.649458 -0.760398 0
    outer loop
      vertex 5.78683 42.4882 0
      vertex 5.92405 42.6054 1.6
      vertex 5.78683 42.4882 1.6
    endloop
  endfacet
  facet normal 0.649458 -0.760398 0
    outer loop
      vertex 5.92405 42.6054 1.6
      vertex 5.78683 42.4882 0
      vertex 5.92405 42.6054 0
    endloop
  endfacet
  facet normal -0.078688 -0.996899 0
    outer loop
      vertex 6.6 42.825 0
      vertex 6.7799 42.8108 1.6
      vertex 6.6 42.825 1.6
    endloop
  endfacet
  facet normal -0.078688 -0.996899 -0
    outer loop
      vertex 6.7799 42.8108 1.6
      vertex 6.6 42.825 0
      vertex 6.7799 42.8108 0
    endloop
  endfacet
  facet normal -0.85269 0.522418 0
    outer loop
      vertex 7.53037 40.999 0
      vertex 7.62466 41.1529 1.6
      vertex 7.62466 41.1529 0
    endloop
  endfacet
  facet normal -0.85269 0.522418 0
    outer loop
      vertex 7.62466 41.1529 1.6
      vertex 7.53037 40.999 0
      vertex 7.53037 40.999 1.6
    endloop
  endfacet
  facet normal -0.923878 0.382686 0
    outer loop
      vertex 7.62466 41.1529 0
      vertex 7.69371 41.3196 1.6
      vertex 7.69371 41.3196 0
    endloop
  endfacet
  facet normal -0.923878 0.382686 0
    outer loop
      vertex 7.69371 41.3196 1.6
      vertex 7.62466 41.1529 0
      vertex 7.62466 41.1529 1.6
    endloop
  endfacet
  facet normal 0.923859 0.382734 0
    outer loop
      vertex 5.57534 41.1529 1.6
      vertex 5.50628 41.3196 0
      vertex 5.50628 41.3196 1.6
    endloop
  endfacet
  facet normal 0.923859 0.382734 0
    outer loop
      vertex 5.50628 41.3196 0
      vertex 5.57534 41.1529 1.6
      vertex 5.57534 41.1529 0
    endloop
  endfacet
  facet normal 0.923859 -0.382734 0
    outer loop
      vertex 5.50628 42.0304 1.6
      vertex 5.57534 42.1971 0
      vertex 5.57534 42.1971 1.6
    endloop
  endfacet
  facet normal 0.923859 -0.382734 0
    outer loop
      vertex 5.57534 42.1971 0
      vertex 5.50628 42.0304 1.6
      vertex 5.50628 42.0304 0
    endloop
  endfacet
  facet normal 0.760351 -0.649513 0
    outer loop
      vertex 5.66963 42.351 1.6
      vertex 5.78683 42.4882 0
      vertex 5.78683 42.4882 1.6
    endloop
  endfacet
  facet normal 0.760351 -0.649513 0
    outer loop
      vertex 5.78683 42.4882 0
      vertex 5.66963 42.351 1.6
      vertex 5.66963 42.351 0
    endloop
  endfacet
  facet normal 0.522557 -0.852604 0
    outer loop
      vertex 5.92405 42.6054 0
      vertex 6.07791 42.6997 1.6
      vertex 5.92405 42.6054 1.6
    endloop
  endfacet
  facet normal 0.522557 -0.852604 0
    outer loop
      vertex 6.07791 42.6997 1.6
      vertex 5.92405 42.6054 0
      vertex 6.07791 42.6997 0
    endloop
  endfacet
  facet normal -0.382411 -0.923993 0
    outer loop
      vertex 6.95537 42.7687 0
      vertex 7.12209 42.6997 1.6
      vertex 6.95537 42.7687 1.6
    endloop
  endfacet
  facet normal -0.382411 -0.923993 -0
    outer loop
      vertex 7.12209 42.6997 1.6
      vertex 6.95537 42.7687 0
      vertex 7.12209 42.6997 0
    endloop
  endfacet
  facet normal -0.649458 -0.760398 0
    outer loop
      vertex 7.27595 42.6054 0
      vertex 7.41317 42.4882 1.6
      vertex 7.27595 42.6054 1.6
    endloop
  endfacet
  facet normal -0.649458 -0.760398 -0
    outer loop
      vertex 7.41317 42.4882 1.6
      vertex 7.27595 42.6054 0
      vertex 7.41317 42.4882 0
    endloop
  endfacet
  facet normal -0.760351 0.649513 0
    outer loop
      vertex 7.41317 40.8618 0
      vertex 7.53037 40.999 1.6
      vertex 7.53037 40.999 0
    endloop
  endfacet
  facet normal -0.760351 0.649513 0
    outer loop
      vertex 7.53037 40.999 1.6
      vertex 7.41317 40.8618 0
      vertex 7.41317 40.8618 1.6
    endloop
  endfacet
  facet normal 0.382411 -0.923993 0
    outer loop
      vertex 6.07791 42.6997 0
      vertex 6.24463 42.7687 1.6
      vertex 6.07791 42.6997 1.6
    endloop
  endfacet
  facet normal 0.382411 -0.923993 0
    outer loop
      vertex 6.24463 42.7687 1.6
      vertex 6.07791 42.6997 0
      vertex 6.24463 42.7687 0
    endloop
  endfacet
  facet normal 0.972387 -0.233373 0
    outer loop
      vertex 5.46416 41.8549 1.6
      vertex 5.50628 42.0304 0
      vertex 5.50628 42.0304 1.6
    endloop
  endfacet
  facet normal 0.972387 -0.233373 0
    outer loop
      vertex 5.50628 42.0304 0
      vertex 5.46416 41.8549 1.6
      vertex 5.46416 41.8549 0
    endloop
  endfacet
  facet normal 0.85269 0.522418 0
    outer loop
      vertex 5.66963 40.999 1.6
      vertex 5.57534 41.1529 0
      vertex 5.57534 41.1529 1.6
    endloop
  endfacet
  facet normal 0.85269 0.522418 0
    outer loop
      vertex 5.57534 41.1529 0
      vertex 5.66963 40.999 1.6
      vertex 5.66963 40.999 0
    endloop
  endfacet
  facet normal -0.522557 -0.852604 0
    outer loop
      vertex 7.12209 42.6997 0
      vertex 7.27595 42.6054 1.6
      vertex 7.12209 42.6997 1.6
    endloop
  endfacet
  facet normal -0.522557 -0.852604 -0
    outer loop
      vertex 7.27595 42.6054 1.6
      vertex 7.12209 42.6997 0
      vertex 7.27595 42.6054 0
    endloop
  endfacet
  facet normal -0.078688 0.996899 0
    outer loop
      vertex 6.7799 40.5392 0
      vertex 6.6 40.525 1.6
      vertex 6.7799 40.5392 1.6
    endloop
  endfacet
  facet normal -0.078688 0.996899 0
    outer loop
      vertex 6.6 40.525 1.6
      vertex 6.7799 40.5392 0
      vertex 6.6 40.525 0
    endloop
  endfacet
  facet normal -0.382411 0.923993 0
    outer loop
      vertex 7.12209 40.6503 0
      vertex 6.95537 40.5813 1.6
      vertex 7.12209 40.6503 1.6
    endloop
  endfacet
  facet normal -0.382411 0.923993 0
    outer loop
      vertex 6.95537 40.5813 1.6
      vertex 7.12209 40.6503 0
      vertex 6.95537 40.5813 0
    endloop
  endfacet
  facet normal 0.382411 0.923993 -0
    outer loop
      vertex 6.24463 40.5813 0
      vertex 6.07791 40.6503 1.6
      vertex 6.24463 40.5813 1.6
    endloop
  endfacet
  facet normal 0.382411 0.923993 0
    outer loop
      vertex 6.07791 40.6503 1.6
      vertex 6.24463 40.5813 0
      vertex 6.07791 40.6503 0
    endloop
  endfacet
  facet normal 0.233306 -0.972403 0
    outer loop
      vertex 6.24463 42.7687 0
      vertex 6.4201 42.8108 1.6
      vertex 6.24463 42.7687 1.6
    endloop
  endfacet
  facet normal 0.233306 -0.972403 0
    outer loop
      vertex 6.4201 42.8108 1.6
      vertex 6.24463 42.7687 0
      vertex 6.4201 42.8108 0
    endloop
  endfacet
  facet normal 0.760351 0.649513 0
    outer loop
      vertex 5.78683 40.8618 1.6
      vertex 5.66963 40.999 0
      vertex 5.66963 40.999 1.6
    endloop
  endfacet
  facet normal 0.760351 0.649513 0
    outer loop
      vertex 5.66963 40.999 0
      vertex 5.78683 40.8618 1.6
      vertex 5.78683 40.8618 0
    endloop
  endfacet
  facet normal -0.996917 0.0784677 0
    outer loop
      vertex 7.73584 41.4951 0
      vertex 7.75 41.675 1.6
      vertex 7.75 41.675 0
    endloop
  endfacet
  facet normal -0.996917 0.0784677 0
    outer loop
      vertex 7.75 41.675 1.6
      vertex 7.73584 41.4951 0
      vertex 7.73584 41.4951 1.6
    endloop
  endfacet
  facet normal -0.972375 0.233425 0
    outer loop
      vertex 7.69371 41.3196 0
      vertex 7.73584 41.4951 1.6
      vertex 7.73584 41.4951 0
    endloop
  endfacet
  facet normal -0.972375 0.233425 0
    outer loop
      vertex 7.73584 41.4951 1.6
      vertex 7.69371 41.3196 0
      vertex 7.69371 41.3196 1.6
    endloop
  endfacet
  facet normal -0.649458 0.760398 0
    outer loop
      vertex 7.41317 40.8618 0
      vertex 7.27595 40.7446 1.6
      vertex 7.41317 40.8618 1.6
    endloop
  endfacet
  facet normal -0.649458 0.760398 0
    outer loop
      vertex 7.27595 40.7446 1.6
      vertex 7.41317 40.8618 0
      vertex 7.27595 40.7446 0
    endloop
  endfacet
  facet normal 0.85269 -0.522418 0
    outer loop
      vertex 5.57534 42.1971 1.6
      vertex 5.66963 42.351 0
      vertex 5.66963 42.351 1.6
    endloop
  endfacet
  facet normal 0.85269 -0.522418 0
    outer loop
      vertex 5.66963 42.351 0
      vertex 5.57534 42.1971 1.6
      vertex 5.57534 42.1971 0
    endloop
  endfacet
  facet normal 0.078688 -0.996899 0
    outer loop
      vertex 6.4201 42.8108 0
      vertex 6.6 42.825 1.6
      vertex 6.4201 42.8108 1.6
    endloop
  endfacet
  facet normal 0.078688 -0.996899 0
    outer loop
      vertex 6.6 42.825 1.6
      vertex 6.4201 42.8108 0
      vertex 6.6 42.825 0
    endloop
  endfacet
  facet normal 0.996917 0.0784677 0
    outer loop
      vertex 5.46416 41.4951 1.6
      vertex 5.45 41.675 0
      vertex 5.45 41.675 1.6
    endloop
  endfacet
  facet normal 0.996917 0.0784677 0
    outer loop
      vertex 5.45 41.675 0
      vertex 5.46416 41.4951 1.6
      vertex 5.46416 41.4951 0
    endloop
  endfacet
  facet normal 0.522557 0.852604 -0
    outer loop
      vertex 6.07791 40.6503 0
      vertex 5.92405 40.7446 1.6
      vertex 6.07791 40.6503 1.6
    endloop
  endfacet
  facet normal 0.522557 0.852604 0
    outer loop
      vertex 5.92405 40.7446 1.6
      vertex 6.07791 40.6503 0
      vertex 5.92405 40.7446 0
    endloop
  endfacet
  facet normal 0.996917 -0.0784677 0
    outer loop
      vertex 5.45 53.925 1.6
      vertex 5.46416 54.1049 0
      vertex 5.46416 54.1049 1.6
    endloop
  endfacet
  facet normal 0.996917 -0.0784677 0
    outer loop
      vertex 5.46416 54.1049 0
      vertex 5.45 53.925 1.6
      vertex 5.45 53.925 0
    endloop
  endfacet
  facet normal -0.972375 -0.233425 0
    outer loop
      vertex 7.73584 54.1049 0
      vertex 7.69371 54.2804 1.6
      vertex 7.69371 54.2804 0
    endloop
  endfacet
  facet normal -0.972375 -0.233425 0
    outer loop
      vertex 7.69371 54.2804 1.6
      vertex 7.73584 54.1049 0
      vertex 7.73584 54.1049 1.6
    endloop
  endfacet
  facet normal -0.996917 -0.0784677 0
    outer loop
      vertex 7.75 53.925 0
      vertex 7.73584 54.1049 1.6
      vertex 7.73584 54.1049 0
    endloop
  endfacet
  facet normal -0.996917 -0.0784677 0
    outer loop
      vertex 7.73584 54.1049 1.6
      vertex 7.75 53.925 0
      vertex 7.75 53.925 1.6
    endloop
  endfacet
  facet normal -0.923878 -0.382686 0
    outer loop
      vertex 7.69371 54.2804 0
      vertex 7.62466 54.4471 1.6
      vertex 7.62466 54.4471 0
    endloop
  endfacet
  facet normal -0.923878 -0.382686 0
    outer loop
      vertex 7.62466 54.4471 1.6
      vertex 7.69371 54.2804 0
      vertex 7.69371 54.2804 1.6
    endloop
  endfacet
  facet normal -0.760351 -0.649513 0
    outer loop
      vertex 7.53037 54.601 0
      vertex 7.41317 54.7382 1.6
      vertex 7.41317 54.7382 0
    endloop
  endfacet
  facet normal -0.760351 -0.649513 0
    outer loop
      vertex 7.41317 54.7382 1.6
      vertex 7.53037 54.601 0
      vertex 7.53037 54.601 1.6
    endloop
  endfacet
  facet normal 0.972387 0.233373 0
    outer loop
      vertex 5.50628 53.5696 1.6
      vertex 5.46416 53.7451 0
      vertex 5.46416 53.7451 1.6
    endloop
  endfacet
  facet normal 0.972387 0.233373 0
    outer loop
      vertex 5.46416 53.7451 0
      vertex 5.50628 53.5696 1.6
      vertex 5.50628 53.5696 0
    endloop
  endfacet
  facet normal -0.85269 -0.522418 0
    outer loop
      vertex 7.62466 54.4471 0
      vertex 7.53037 54.601 1.6
      vertex 7.53037 54.601 0
    endloop
  endfacet
  facet normal -0.85269 -0.522418 0
    outer loop
      vertex 7.53037 54.601 1.6
      vertex 7.62466 54.4471 0
      vertex 7.62466 54.4471 1.6
    endloop
  endfacet
  facet normal 0.078688 0.996899 -0
    outer loop
      vertex 6.6 52.775 0
      vertex 6.4201 52.7892 1.6
      vertex 6.6 52.775 1.6
    endloop
  endfacet
  facet normal 0.078688 0.996899 0
    outer loop
      vertex 6.4201 52.7892 1.6
      vertex 6.6 52.775 0
      vertex 6.4201 52.7892 0
    endloop
  endfacet
  facet normal 0.233306 0.972403 -0
    outer loop
      vertex 6.4201 52.7892 0
      vertex 6.24463 52.8313 1.6
      vertex 6.4201 52.7892 1.6
    endloop
  endfacet
  facet normal 0.233306 0.972403 0
    outer loop
      vertex 6.24463 52.8313 1.6
      vertex 6.4201 52.7892 0
      vertex 6.24463 52.8313 0
    endloop
  endfacet
  facet normal -0.233306 0.972403 0
    outer loop
      vertex 6.95537 52.8313 0
      vertex 6.7799 52.7892 1.6
      vertex 6.95537 52.8313 1.6
    endloop
  endfacet
  facet normal -0.233306 0.972403 0
    outer loop
      vertex 6.7799 52.7892 1.6
      vertex 6.95537 52.8313 0
      vertex 6.7799 52.7892 0
    endloop
  endfacet
  facet normal 0.649458 0.760398 -0
    outer loop
      vertex 5.92405 52.9946 0
      vertex 5.78683 53.1118 1.6
      vertex 5.92405 52.9946 1.6
    endloop
  endfacet
  facet normal 0.649458 0.760398 0
    outer loop
      vertex 5.78683 53.1118 1.6
      vertex 5.92405 52.9946 0
      vertex 5.78683 53.1118 0
    endloop
  endfacet
  facet normal -0.522557 0.852604 0
    outer loop
      vertex 7.27595 52.9946 0
      vertex 7.12209 52.9003 1.6
      vertex 7.27595 52.9946 1.6
    endloop
  endfacet
  facet normal -0.522557 0.852604 0
    outer loop
      vertex 7.12209 52.9003 1.6
      vertex 7.27595 52.9946 0
      vertex 7.12209 52.9003 0
    endloop
  endfacet
  facet normal -0.233306 -0.972403 0
    outer loop
      vertex 6.7799 55.0608 0
      vertex 6.95537 55.0187 1.6
      vertex 6.7799 55.0608 1.6
    endloop
  endfacet
  facet normal -0.233306 -0.972403 -0
    outer loop
      vertex 6.95537 55.0187 1.6
      vertex 6.7799 55.0608 0
      vertex 6.95537 55.0187 0
    endloop
  endfacet
  facet normal 0.649458 -0.760398 0
    outer loop
      vertex 5.78683 54.7382 0
      vertex 5.92405 54.8554 1.6
      vertex 5.78683 54.7382 1.6
    endloop
  endfacet
  facet normal 0.649458 -0.760398 0
    outer loop
      vertex 5.92405 54.8554 1.6
      vertex 5.78683 54.7382 0
      vertex 5.92405 54.8554 0
    endloop
  endfacet
  facet normal -0.078688 -0.996899 0
    outer loop
      vertex 6.6 55.075 0
      vertex 6.7799 55.0608 1.6
      vertex 6.6 55.075 1.6
    endloop
  endfacet
  facet normal -0.078688 -0.996899 -0
    outer loop
      vertex 6.7799 55.0608 1.6
      vertex 6.6 55.075 0
      vertex 6.7799 55.0608 0
    endloop
  endfacet
  facet normal -0.85269 0.522418 0
    outer loop
      vertex 7.53037 53.249 0
      vertex 7.62466 53.4029 1.6
      vertex 7.62466 53.4029 0
    endloop
  endfacet
  facet normal -0.85269 0.522418 0
    outer loop
      vertex 7.62466 53.4029 1.6
      vertex 7.53037 53.249 0
      vertex 7.53037 53.249 1.6
    endloop
  endfacet
  facet normal -0.923878 0.382686 0
    outer loop
      vertex 7.62466 53.4029 0
      vertex 7.69371 53.5696 1.6
      vertex 7.69371 53.5696 0
    endloop
  endfacet
  facet normal -0.923878 0.382686 0
    outer loop
      vertex 7.69371 53.5696 1.6
      vertex 7.62466 53.4029 0
      vertex 7.62466 53.4029 1.6
    endloop
  endfacet
  facet normal 0.923859 0.382734 0
    outer loop
      vertex 5.57534 53.4029 1.6
      vertex 5.50628 53.5696 0
      vertex 5.50628 53.5696 1.6
    endloop
  endfacet
  facet normal 0.923859 0.382734 0
    outer loop
      vertex 5.50628 53.5696 0
      vertex 5.57534 53.4029 1.6
      vertex 5.57534 53.4029 0
    endloop
  endfacet
  facet normal 0.923859 -0.382734 0
    outer loop
      vertex 5.50628 54.2804 1.6
      vertex 5.57534 54.4471 0
      vertex 5.57534 54.4471 1.6
    endloop
  endfacet
  facet normal 0.923859 -0.382734 0
    outer loop
      vertex 5.57534 54.4471 0
      vertex 5.50628 54.2804 1.6
      vertex 5.50628 54.2804 0
    endloop
  endfacet
  facet normal 0.760351 -0.649513 0
    outer loop
      vertex 5.66963 54.601 1.6
      vertex 5.78683 54.7382 0
      vertex 5.78683 54.7382 1.6
    endloop
  endfacet
  facet normal 0.760351 -0.649513 0
    outer loop
      vertex 5.78683 54.7382 0
      vertex 5.66963 54.601 1.6
      vertex 5.66963 54.601 0
    endloop
  endfacet
  facet normal 0.522557 -0.852604 0
    outer loop
      vertex 5.92405 54.8554 0
      vertex 6.07791 54.9497 1.6
      vertex 5.92405 54.8554 1.6
    endloop
  endfacet
  facet normal 0.522557 -0.852604 0
    outer loop
      vertex 6.07791 54.9497 1.6
      vertex 5.92405 54.8554 0
      vertex 6.07791 54.9497 0
    endloop
  endfacet
  facet normal -0.382411 -0.923993 0
    outer loop
      vertex 6.95537 55.0187 0
      vertex 7.12209 54.9497 1.6
      vertex 6.95537 55.0187 1.6
    endloop
  endfacet
  facet normal -0.382411 -0.923993 -0
    outer loop
      vertex 7.12209 54.9497 1.6
      vertex 6.95537 55.0187 0
      vertex 7.12209 54.9497 0
    endloop
  endfacet
  facet normal -0.649458 -0.760398 0
    outer loop
      vertex 7.27595 54.8554 0
      vertex 7.41317 54.7382 1.6
      vertex 7.27595 54.8554 1.6
    endloop
  endfacet
  facet normal -0.649458 -0.760398 -0
    outer loop
      vertex 7.41317 54.7382 1.6
      vertex 7.27595 54.8554 0
      vertex 7.41317 54.7382 0
    endloop
  endfacet
  facet normal -0.522557 -0.852604 0
    outer loop
      vertex 7.12209 54.9497 0
      vertex 7.27595 54.8554 1.6
      vertex 7.12209 54.9497 1.6
    endloop
  endfacet
  facet normal -0.522557 -0.852604 -0
    outer loop
      vertex 7.27595 54.8554 1.6
      vertex 7.12209 54.9497 0
      vertex 7.27595 54.8554 0
    endloop
  endfacet
  facet normal -0.760351 0.649513 0
    outer loop
      vertex 7.41317 53.1118 0
      vertex 7.53037 53.249 1.6
      vertex 7.53037 53.249 0
    endloop
  endfacet
  facet normal -0.760351 0.649513 0
    outer loop
      vertex 7.53037 53.249 1.6
      vertex 7.41317 53.1118 0
      vertex 7.41317 53.1118 1.6
    endloop
  endfacet
  facet normal 0.382411 -0.923993 0
    outer loop
      vertex 6.07791 54.9497 0
      vertex 6.24463 55.0187 1.6
      vertex 6.07791 54.9497 1.6
    endloop
  endfacet
  facet normal 0.382411 -0.923993 0
    outer loop
      vertex 6.24463 55.0187 1.6
      vertex 6.07791 54.9497 0
      vertex 6.24463 55.0187 0
    endloop
  endfacet
  facet normal 0.972387 -0.233373 0
    outer loop
      vertex 5.46416 54.1049 1.6
      vertex 5.50628 54.2804 0
      vertex 5.50628 54.2804 1.6
    endloop
  endfacet
  facet normal 0.972387 -0.233373 0
    outer loop
      vertex 5.50628 54.2804 0
      vertex 5.46416 54.1049 1.6
      vertex 5.46416 54.1049 0
    endloop
  endfacet
  facet normal 0.85269 0.522418 0
    outer loop
      vertex 5.66963 53.249 1.6
      vertex 5.57534 53.4029 0
      vertex 5.57534 53.4029 1.6
    endloop
  endfacet
  facet normal 0.85269 0.522418 0
    outer loop
      vertex 5.57534 53.4029 0
      vertex 5.66963 53.249 1.6
      vertex 5.66963 53.249 0
    endloop
  endfacet
  facet normal -0.078688 0.996899 0
    outer loop
      vertex 6.7799 52.7892 0
      vertex 6.6 52.775 1.6
      vertex 6.7799 52.7892 1.6
    endloop
  endfacet
  facet normal -0.078688 0.996899 0
    outer loop
      vertex 6.6 52.775 1.6
      vertex 6.7799 52.7892 0
      vertex 6.6 52.775 0
    endloop
  endfacet
  facet normal -0.382411 0.923993 0
    outer loop
      vertex 7.12209 52.9003 0
      vertex 6.95537 52.8313 1.6
      vertex 7.12209 52.9003 1.6
    endloop
  endfacet
  facet normal -0.382411 0.923993 0
    outer loop
      vertex 6.95537 52.8313 1.6
      vertex 7.12209 52.9003 0
      vertex 6.95537 52.8313 0
    endloop
  endfacet
  facet normal 0.382411 0.923993 -0
    outer loop
      vertex 6.24463 52.8313 0
      vertex 6.07791 52.9003 1.6
      vertex 6.24463 52.8313 1.6
    endloop
  endfacet
  facet normal 0.382411 0.923993 0
    outer loop
      vertex 6.07791 52.9003 1.6
      vertex 6.24463 52.8313 0
      vertex 6.07791 52.9003 0
    endloop
  endfacet
  facet normal 0.233306 -0.972403 0
    outer loop
      vertex 6.24463 55.0187 0
      vertex 6.4201 55.0608 1.6
      vertex 6.24463 55.0187 1.6
    endloop
  endfacet
  facet normal 0.233306 -0.972403 0
    outer loop
      vertex 6.4201 55.0608 1.6
      vertex 6.24463 55.0187 0
      vertex 6.4201 55.0608 0
    endloop
  endfacet
  facet normal 0.760351 0.649513 0
    outer loop
      vertex 5.78683 53.1118 1.6
      vertex 5.66963 53.249 0
      vertex 5.66963 53.249 1.6
    endloop
  endfacet
  facet normal 0.760351 0.649513 0
    outer loop
      vertex 5.66963 53.249 0
      vertex 5.78683 53.1118 1.6
      vertex 5.78683 53.1118 0
    endloop
  endfacet
  facet normal -0.996917 0.0784677 0
    outer loop
      vertex 7.73584 53.7451 0
      vertex 7.75 53.925 1.6
      vertex 7.75 53.925 0
    endloop
  endfacet
  facet normal -0.996917 0.0784677 0
    outer loop
      vertex 7.75 53.925 1.6
      vertex 7.73584 53.7451 0
      vertex 7.73584 53.7451 1.6
    endloop
  endfacet
  facet normal -0.972375 0.233425 0
    outer loop
      vertex 7.69371 53.5696 0
      vertex 7.73584 53.7451 1.6
      vertex 7.73584 53.7451 0
    endloop
  endfacet
  facet normal -0.972375 0.233425 0
    outer loop
      vertex 7.73584 53.7451 1.6
      vertex 7.69371 53.5696 0
      vertex 7.69371 53.5696 1.6
    endloop
  endfacet
  facet normal 0.85269 -0.522418 0
    outer loop
      vertex 5.57534 54.4471 1.6
      vertex 5.66963 54.601 0
      vertex 5.66963 54.601 1.6
    endloop
  endfacet
  facet normal 0.85269 -0.522418 0
    outer loop
      vertex 5.66963 54.601 0
      vertex 5.57534 54.4471 1.6
      vertex 5.57534 54.4471 0
    endloop
  endfacet
  facet normal -0.649458 0.760398 0
    outer loop
      vertex 7.41317 53.1118 0
      vertex 7.27595 52.9946 1.6
      vertex 7.41317 53.1118 1.6
    endloop
  endfacet
  facet normal -0.649458 0.760398 0
    outer loop
      vertex 7.27595 52.9946 1.6
      vertex 7.41317 53.1118 0
      vertex 7.27595 52.9946 0
    endloop
  endfacet
  facet normal 0.078688 -0.996899 0
    outer loop
      vertex 6.4201 55.0608 0
      vertex 6.6 55.075 1.6
      vertex 6.4201 55.0608 1.6
    endloop
  endfacet
  facet normal 0.078688 -0.996899 0
    outer loop
      vertex 6.6 55.075 1.6
      vertex 6.4201 55.0608 0
      vertex 6.6 55.075 0
    endloop
  endfacet
  facet normal 0.996917 0.0784677 0
    outer loop
      vertex 5.46416 53.7451 1.6
      vertex 5.45 53.925 0
      vertex 5.45 53.925 1.6
    endloop
  endfacet
  facet normal 0.996917 0.0784677 0
    outer loop
      vertex 5.45 53.925 0
      vertex 5.46416 53.7451 1.6
      vertex 5.46416 53.7451 0
    endloop
  endfacet
  facet normal 0.522557 0.852604 -0
    outer loop
      vertex 6.07791 52.9003 0
      vertex 5.92405 52.9946 1.6
      vertex 6.07791 52.9003 1.6
    endloop
  endfacet
  facet normal 0.522557 0.852604 0
    outer loop
      vertex 5.92405 52.9946 1.6
      vertex 6.07791 52.9003 0
      vertex 5.92405 52.9946 0
    endloop
  endfacet
  facet normal 0.996899 -0.078688 0
    outer loop
      vertex 25.45 41.675 1.6
      vertex 25.4642 41.8549 0
      vertex 25.4642 41.8549 1.6
    endloop
  endfacet
  facet normal 0.996899 -0.078688 0
    outer loop
      vertex 25.4642 41.8549 0
      vertex 25.45 41.675 1.6
      vertex 25.45 41.675 0
    endloop
  endfacet
  facet normal -0.972412 -0.233268 0
    outer loop
      vertex 27.7358 41.8549 0
      vertex 27.6937 42.0304 1.6
      vertex 27.6937 42.0304 0
    endloop
  endfacet
  facet normal -0.972412 -0.233268 0
    outer loop
      vertex 27.6937 42.0304 1.6
      vertex 27.7358 41.8549 0
      vertex 27.7358 41.8549 1.6
    endloop
  endfacet
  facet normal -0.996899 -0.078688 0
    outer loop
      vertex 27.75 41.675 0
      vertex 27.7358 41.8549 1.6
      vertex 27.7358 41.8549 0
    endloop
  endfacet
  facet normal -0.996899 -0.078688 0
    outer loop
      vertex 27.7358 41.8549 1.6
      vertex 27.75 41.675 0
      vertex 27.75 41.675 1.6
    endloop
  endfacet
  facet normal -0.923976 -0.38245 0
    outer loop
      vertex 27.6937 42.0304 0
      vertex 27.6247 42.1971 1.6
      vertex 27.6247 42.1971 0
    endloop
  endfacet
  facet normal -0.923976 -0.38245 0
    outer loop
      vertex 27.6247 42.1971 1.6
      vertex 27.6937 42.0304 0
      vertex 27.6937 42.0304 1.6
    endloop
  endfacet
  facet normal -0.760351 -0.649513 0
    outer loop
      vertex 27.5304 42.351 0
      vertex 27.4132 42.4882 1.6
      vertex 27.4132 42.4882 0
    endloop
  endfacet
  facet normal -0.760351 -0.649513 0
    outer loop
      vertex 27.4132 42.4882 1.6
      vertex 27.5304 42.351 0
      vertex 27.5304 42.351 1.6
    endloop
  endfacet
  facet normal 0.972412 0.233268 0
    outer loop
      vertex 25.5063 41.3196 1.6
      vertex 25.4642 41.4951 0
      vertex 25.4642 41.4951 1.6
    endloop
  endfacet
  facet normal 0.972412 0.233268 0
    outer loop
      vertex 25.4642 41.4951 0
      vertex 25.5063 41.3196 1.6
      vertex 25.5063 41.3196 0
    endloop
  endfacet
  facet normal -0.852665 -0.522458 0
    outer loop
      vertex 27.6247 42.1971 0
      vertex 27.5304 42.351 1.6
      vertex 27.5304 42.351 0
    endloop
  endfacet
  facet normal -0.852665 -0.522458 0
    outer loop
      vertex 27.5304 42.351 1.6
      vertex 27.6247 42.1971 0
      vertex 27.6247 42.1971 1.6
    endloop
  endfacet
  facet normal 0.078688 0.996899 -0
    outer loop
      vertex 26.6 40.525 0
      vertex 26.4201 40.5392 1.6
      vertex 26.6 40.525 1.6
    endloop
  endfacet
  facet normal 0.078688 0.996899 0
    outer loop
      vertex 26.4201 40.5392 1.6
      vertex 26.6 40.525 0
      vertex 26.4201 40.5392 0
    endloop
  endfacet
  facet normal 0.233268 0.972412 -0
    outer loop
      vertex 26.4201 40.5392 0
      vertex 26.2446 40.5813 1.6
      vertex 26.4201 40.5392 1.6
    endloop
  endfacet
  facet normal 0.233268 0.972412 0
    outer loop
      vertex 26.2446 40.5813 1.6
      vertex 26.4201 40.5392 0
      vertex 26.2446 40.5813 0
    endloop
  endfacet
  facet normal -0.233268 0.972412 0
    outer loop
      vertex 26.9554 40.5813 0
      vertex 26.7799 40.5392 1.6
      vertex 26.9554 40.5813 1.6
    endloop
  endfacet
  facet normal -0.233268 0.972412 0
    outer loop
      vertex 26.7799 40.5392 1.6
      vertex 26.9554 40.5813 0
      vertex 26.7799 40.5392 0
    endloop
  endfacet
  facet normal 0.649513 0.760351 -0
    outer loop
      vertex 25.924 40.7446 0
      vertex 25.7868 40.8618 1.6
      vertex 25.924 40.7446 1.6
    endloop
  endfacet
  facet normal 0.649513 0.760351 0
    outer loop
      vertex 25.7868 40.8618 1.6
      vertex 25.924 40.7446 0
      vertex 25.7868 40.8618 0
    endloop
  endfacet
  facet normal -0.522458 0.852665 0
    outer loop
      vertex 27.276 40.7446 0
      vertex 27.1221 40.6503 1.6
      vertex 27.276 40.7446 1.6
    endloop
  endfacet
  facet normal -0.522458 0.852665 0
    outer loop
      vertex 27.1221 40.6503 1.6
      vertex 27.276 40.7446 0
      vertex 27.1221 40.6503 0
    endloop
  endfacet
  facet normal -0.233268 -0.972412 0
    outer loop
      vertex 26.7799 42.8108 0
      vertex 26.9554 42.7687 1.6
      vertex 26.7799 42.8108 1.6
    endloop
  endfacet
  facet normal -0.233268 -0.972412 -0
    outer loop
      vertex 26.9554 42.7687 1.6
      vertex 26.7799 42.8108 0
      vertex 26.9554 42.7687 0
    endloop
  endfacet
  facet normal 0.649513 -0.760351 0
    outer loop
      vertex 25.7868 42.4882 0
      vertex 25.924 42.6054 1.6
      vertex 25.7868 42.4882 1.6
    endloop
  endfacet
  facet normal 0.649513 -0.760351 0
    outer loop
      vertex 25.924 42.6054 1.6
      vertex 25.7868 42.4882 0
      vertex 25.924 42.6054 0
    endloop
  endfacet
  facet normal -0.078688 -0.996899 0
    outer loop
      vertex 26.6 42.825 0
      vertex 26.7799 42.8108 1.6
      vertex 26.6 42.825 1.6
    endloop
  endfacet
  facet normal -0.078688 -0.996899 -0
    outer loop
      vertex 26.7799 42.8108 1.6
      vertex 26.6 42.825 0
      vertex 26.7799 42.8108 0
    endloop
  endfacet
  facet normal -0.852665 0.522458 0
    outer loop
      vertex 27.5304 40.999 0
      vertex 27.6247 41.1529 1.6
      vertex 27.6247 41.1529 0
    endloop
  endfacet
  facet normal -0.852665 0.522458 0
    outer loop
      vertex 27.6247 41.1529 1.6
      vertex 27.5304 40.999 0
      vertex 27.5304 40.999 1.6
    endloop
  endfacet
  facet normal -0.923976 0.38245 0
    outer loop
      vertex 27.6247 41.1529 0
      vertex 27.6937 41.3196 1.6
      vertex 27.6937 41.3196 0
    endloop
  endfacet
  facet normal -0.923976 0.38245 0
    outer loop
      vertex 27.6937 41.3196 1.6
      vertex 27.6247 41.1529 0
      vertex 27.6247 41.1529 1.6
    endloop
  endfacet
  facet normal 0.923976 0.38245 0
    outer loop
      vertex 25.5753 41.1529 1.6
      vertex 25.5063 41.3196 0
      vertex 25.5063 41.3196 1.6
    endloop
  endfacet
  facet normal 0.923976 0.38245 0
    outer loop
      vertex 25.5063 41.3196 0
      vertex 25.5753 41.1529 1.6
      vertex 25.5753 41.1529 0
    endloop
  endfacet
  facet normal 0.923976 -0.38245 0
    outer loop
      vertex 25.5063 42.0304 1.6
      vertex 25.5753 42.1971 0
      vertex 25.5753 42.1971 1.6
    endloop
  endfacet
  facet normal 0.923976 -0.38245 0
    outer loop
      vertex 25.5753 42.1971 0
      vertex 25.5063 42.0304 1.6
      vertex 25.5063 42.0304 0
    endloop
  endfacet
  facet normal 0.760351 -0.649513 0
    outer loop
      vertex 25.6696 42.351 1.6
      vertex 25.7868 42.4882 0
      vertex 25.7868 42.4882 1.6
    endloop
  endfacet
  facet normal 0.760351 -0.649513 0
    outer loop
      vertex 25.7868 42.4882 0
      vertex 25.6696 42.351 1.6
      vertex 25.6696 42.351 0
    endloop
  endfacet
  facet normal 0.522458 -0.852665 0
    outer loop
      vertex 25.924 42.6054 0
      vertex 26.0779 42.6997 1.6
      vertex 25.924 42.6054 1.6
    endloop
  endfacet
  facet normal 0.522458 -0.852665 0
    outer loop
      vertex 26.0779 42.6997 1.6
      vertex 25.924 42.6054 0
      vertex 26.0779 42.6997 0
    endloop
  endfacet
  facet normal -0.38245 -0.923976 0
    outer loop
      vertex 26.9554 42.7687 0
      vertex 27.1221 42.6997 1.6
      vertex 26.9554 42.7687 1.6
    endloop
  endfacet
  facet normal -0.38245 -0.923976 -0
    outer loop
      vertex 27.1221 42.6997 1.6
      vertex 26.9554 42.7687 0
      vertex 27.1221 42.6997 0
    endloop
  endfacet
  facet normal -0.649513 -0.760351 0
    outer loop
      vertex 27.276 42.6054 0
      vertex 27.4132 42.4882 1.6
      vertex 27.276 42.6054 1.6
    endloop
  endfacet
  facet normal -0.649513 -0.760351 -0
    outer loop
      vertex 27.4132 42.4882 1.6
      vertex 27.276 42.6054 0
      vertex 27.4132 42.4882 0
    endloop
  endfacet
  facet normal -0.760351 0.649513 0
    outer loop
      vertex 27.4132 40.8618 0
      vertex 27.5304 40.999 1.6
      vertex 27.5304 40.999 0
    endloop
  endfacet
  facet normal -0.760351 0.649513 0
    outer loop
      vertex 27.5304 40.999 1.6
      vertex 27.4132 40.8618 0
      vertex 27.4132 40.8618 1.6
    endloop
  endfacet
  facet normal 0.38245 -0.923976 0
    outer loop
      vertex 26.0779 42.6997 0
      vertex 26.2446 42.7687 1.6
      vertex 26.0779 42.6997 1.6
    endloop
  endfacet
  facet normal 0.38245 -0.923976 0
    outer loop
      vertex 26.2446 42.7687 1.6
      vertex 26.0779 42.6997 0
      vertex 26.2446 42.7687 0
    endloop
  endfacet
  facet normal 0.972412 -0.233268 0
    outer loop
      vertex 25.4642 41.8549 1.6
      vertex 25.5063 42.0304 0
      vertex 25.5063 42.0304 1.6
    endloop
  endfacet
  facet normal 0.972412 -0.233268 0
    outer loop
      vertex 25.5063 42.0304 0
      vertex 25.4642 41.8549 1.6
      vertex 25.4642 41.8549 0
    endloop
  endfacet
  facet normal 0.852665 0.522458 0
    outer loop
      vertex 25.6696 40.999 1.6
      vertex 25.5753 41.1529 0
      vertex 25.5753 41.1529 1.6
    endloop
  endfacet
  facet normal 0.852665 0.522458 0
    outer loop
      vertex 25.5753 41.1529 0
      vertex 25.6696 40.999 1.6
      vertex 25.6696 40.999 0
    endloop
  endfacet
  facet normal -0.522458 -0.852665 0
    outer loop
      vertex 27.1221 42.6997 0
      vertex 27.276 42.6054 1.6
      vertex 27.1221 42.6997 1.6
    endloop
  endfacet
  facet normal -0.522458 -0.852665 -0
    outer loop
      vertex 27.276 42.6054 1.6
      vertex 27.1221 42.6997 0
      vertex 27.276 42.6054 0
    endloop
  endfacet
  facet normal -0.078688 0.996899 0
    outer loop
      vertex 26.7799 40.5392 0
      vertex 26.6 40.525 1.6
      vertex 26.7799 40.5392 1.6
    endloop
  endfacet
  facet normal -0.078688 0.996899 0
    outer loop
      vertex 26.6 40.525 1.6
      vertex 26.7799 40.5392 0
      vertex 26.6 40.525 0
    endloop
  endfacet
  facet normal -0.38245 0.923976 0
    outer loop
      vertex 27.1221 40.6503 0
      vertex 26.9554 40.5813 1.6
      vertex 27.1221 40.6503 1.6
    endloop
  endfacet
  facet normal -0.38245 0.923976 0
    outer loop
      vertex 26.9554 40.5813 1.6
      vertex 27.1221 40.6503 0
      vertex 26.9554 40.5813 0
    endloop
  endfacet
  facet normal 0.38245 0.923976 -0
    outer loop
      vertex 26.2446 40.5813 0
      vertex 26.0779 40.6503 1.6
      vertex 26.2446 40.5813 1.6
    endloop
  endfacet
  facet normal 0.38245 0.923976 0
    outer loop
      vertex 26.0779 40.6503 1.6
      vertex 26.2446 40.5813 0
      vertex 26.0779 40.6503 0
    endloop
  endfacet
  facet normal 0.233268 -0.972412 0
    outer loop
      vertex 26.2446 42.7687 0
      vertex 26.4201 42.8108 1.6
      vertex 26.2446 42.7687 1.6
    endloop
  endfacet
  facet normal 0.233268 -0.972412 0
    outer loop
      vertex 26.4201 42.8108 1.6
      vertex 26.2446 42.7687 0
      vertex 26.4201 42.8108 0
    endloop
  endfacet
  facet normal 0.760351 0.649513 0
    outer loop
      vertex 25.7868 40.8618 1.6
      vertex 25.6696 40.999 0
      vertex 25.6696 40.999 1.6
    endloop
  endfacet
  facet normal 0.760351 0.649513 0
    outer loop
      vertex 25.6696 40.999 0
      vertex 25.7868 40.8618 1.6
      vertex 25.7868 40.8618 0
    endloop
  endfacet
  facet normal -0.996899 0.078688 0
    outer loop
      vertex 27.7358 41.4951 0
      vertex 27.75 41.675 1.6
      vertex 27.75 41.675 0
    endloop
  endfacet
  facet normal -0.996899 0.078688 0
    outer loop
      vertex 27.75 41.675 1.6
      vertex 27.7358 41.4951 0
      vertex 27.7358 41.4951 1.6
    endloop
  endfacet
  facet normal -0.972412 0.233268 0
    outer loop
      vertex 27.6937 41.3196 0
      vertex 27.7358 41.4951 1.6
      vertex 27.7358 41.4951 0
    endloop
  endfacet
  facet normal -0.972412 0.233268 0
    outer loop
      vertex 27.7358 41.4951 1.6
      vertex 27.6937 41.3196 0
      vertex 27.6937 41.3196 1.6
    endloop
  endfacet
  facet normal 0.852665 -0.522458 0
    outer loop
      vertex 25.5753 42.1971 1.6
      vertex 25.6696 42.351 0
      vertex 25.6696 42.351 1.6
    endloop
  endfacet
  facet normal 0.852665 -0.522458 0
    outer loop
      vertex 25.6696 42.351 0
      vertex 25.5753 42.1971 1.6
      vertex 25.5753 42.1971 0
    endloop
  endfacet
  facet normal -0.649513 0.760351 0
    outer loop
      vertex 27.4132 40.8618 0
      vertex 27.276 40.7446 1.6
      vertex 27.4132 40.8618 1.6
    endloop
  endfacet
  facet normal -0.649513 0.760351 0
    outer loop
      vertex 27.276 40.7446 1.6
      vertex 27.4132 40.8618 0
      vertex 27.276 40.7446 0
    endloop
  endfacet
  facet normal 0.078688 -0.996899 0
    outer loop
      vertex 26.4201 42.8108 0
      vertex 26.6 42.825 1.6
      vertex 26.4201 42.8108 1.6
    endloop
  endfacet
  facet normal 0.078688 -0.996899 0
    outer loop
      vertex 26.6 42.825 1.6
      vertex 26.4201 42.8108 0
      vertex 26.6 42.825 0
    endloop
  endfacet
  facet normal 0.996899 0.078688 0
    outer loop
      vertex 25.4642 41.4951 1.6
      vertex 25.45 41.675 0
      vertex 25.45 41.675 1.6
    endloop
  endfacet
  facet normal 0.996899 0.078688 0
    outer loop
      vertex 25.45 41.675 0
      vertex 25.4642 41.4951 1.6
      vertex 25.4642 41.4951 0
    endloop
  endfacet
  facet normal 0.522458 0.852665 -0
    outer loop
      vertex 26.0779 40.6503 0
      vertex 25.924 40.7446 1.6
      vertex 26.0779 40.6503 1.6
    endloop
  endfacet
  facet normal 0.522458 0.852665 0
    outer loop
      vertex 25.924 40.7446 1.6
      vertex 26.0779 40.6503 0
      vertex 25.924 40.7446 0
    endloop
  endfacet
  facet normal 0.996899 -0.078688 0
    outer loop
      vertex 25.45 53.925 1.6
      vertex 25.4642 54.1049 0
      vertex 25.4642 54.1049 1.6
    endloop
  endfacet
  facet normal 0.996899 -0.078688 0
    outer loop
      vertex 25.4642 54.1049 0
      vertex 25.45 53.925 1.6
      vertex 25.45 53.925 0
    endloop
  endfacet
  facet normal -0.972412 -0.233268 0
    outer loop
      vertex 27.7358 54.1049 0
      vertex 27.6937 54.2804 1.6
      vertex 27.6937 54.2804 0
    endloop
  endfacet
  facet normal -0.972412 -0.233268 0
    outer loop
      vertex 27.6937 54.2804 1.6
      vertex 27.7358 54.1049 0
      vertex 27.7358 54.1049 1.6
    endloop
  endfacet
  facet normal -0.996899 -0.078688 0
    outer loop
      vertex 27.75 53.925 0
      vertex 27.7358 54.1049 1.6
      vertex 27.7358 54.1049 0
    endloop
  endfacet
  facet normal -0.996899 -0.078688 0
    outer loop
      vertex 27.7358 54.1049 1.6
      vertex 27.75 53.925 0
      vertex 27.75 53.925 1.6
    endloop
  endfacet
  facet normal -0.923976 -0.38245 0
    outer loop
      vertex 27.6937 54.2804 0
      vertex 27.6247 54.4471 1.6
      vertex 27.6247 54.4471 0
    endloop
  endfacet
  facet normal -0.923976 -0.38245 0
    outer loop
      vertex 27.6247 54.4471 1.6
      vertex 27.6937 54.2804 0
      vertex 27.6937 54.2804 1.6
    endloop
  endfacet
  facet normal -0.760351 -0.649513 0
    outer loop
      vertex 27.5304 54.601 0
      vertex 27.4132 54.7382 1.6
      vertex 27.4132 54.7382 0
    endloop
  endfacet
  facet normal -0.760351 -0.649513 0
    outer loop
      vertex 27.4132 54.7382 1.6
      vertex 27.5304 54.601 0
      vertex 27.5304 54.601 1.6
    endloop
  endfacet
  facet normal 0.972412 0.233268 0
    outer loop
      vertex 25.5063 53.5696 1.6
      vertex 25.4642 53.7451 0
      vertex 25.4642 53.7451 1.6
    endloop
  endfacet
  facet normal 0.972412 0.233268 0
    outer loop
      vertex 25.4642 53.7451 0
      vertex 25.5063 53.5696 1.6
      vertex 25.5063 53.5696 0
    endloop
  endfacet
  facet normal -0.852665 -0.522458 0
    outer loop
      vertex 27.6247 54.4471 0
      vertex 27.5304 54.601 1.6
      vertex 27.5304 54.601 0
    endloop
  endfacet
  facet normal -0.852665 -0.522458 0
    outer loop
      vertex 27.5304 54.601 1.6
      vertex 27.6247 54.4471 0
      vertex 27.6247 54.4471 1.6
    endloop
  endfacet
  facet normal 0.078688 0.996899 -0
    outer loop
      vertex 26.6 52.775 0
      vertex 26.4201 52.7892 1.6
      vertex 26.6 52.775 1.6
    endloop
  endfacet
  facet normal 0.078688 0.996899 0
    outer loop
      vertex 26.4201 52.7892 1.6
      vertex 26.6 52.775 0
      vertex 26.4201 52.7892 0
    endloop
  endfacet
  facet normal 0.233268 0.972412 -0
    outer loop
      vertex 26.4201 52.7892 0
      vertex 26.2446 52.8313 1.6
      vertex 26.4201 52.7892 1.6
    endloop
  endfacet
  facet normal 0.233268 0.972412 0
    outer loop
      vertex 26.2446 52.8313 1.6
      vertex 26.4201 52.7892 0
      vertex 26.2446 52.8313 0
    endloop
  endfacet
  facet normal -0.233268 0.972412 0
    outer loop
      vertex 26.9554 52.8313 0
      vertex 26.7799 52.7892 1.6
      vertex 26.9554 52.8313 1.6
    endloop
  endfacet
  facet normal -0.233268 0.972412 0
    outer loop
      vertex 26.7799 52.7892 1.6
      vertex 26.9554 52.8313 0
      vertex 26.7799 52.7892 0
    endloop
  endfacet
  facet normal 0.649513 0.760351 -0
    outer loop
      vertex 25.924 52.9946 0
      vertex 25.7868 53.1118 1.6
      vertex 25.924 52.9946 1.6
    endloop
  endfacet
  facet normal 0.649513 0.760351 0
    outer loop
      vertex 25.7868 53.1118 1.6
      vertex 25.924 52.9946 0
      vertex 25.7868 53.1118 0
    endloop
  endfacet
  facet normal -0.522458 0.852665 0
    outer loop
      vertex 27.276 52.9946 0
      vertex 27.1221 52.9003 1.6
      vertex 27.276 52.9946 1.6
    endloop
  endfacet
  facet normal -0.522458 0.852665 0
    outer loop
      vertex 27.1221 52.9003 1.6
      vertex 27.276 52.9946 0
      vertex 27.1221 52.9003 0
    endloop
  endfacet
  facet normal -0.233268 -0.972412 0
    outer loop
      vertex 26.7799 55.0608 0
      vertex 26.9554 55.0187 1.6
      vertex 26.7799 55.0608 1.6
    endloop
  endfacet
  facet normal -0.233268 -0.972412 -0
    outer loop
      vertex 26.9554 55.0187 1.6
      vertex 26.7799 55.0608 0
      vertex 26.9554 55.0187 0
    endloop
  endfacet
  facet normal 0.649513 -0.760351 0
    outer loop
      vertex 25.7868 54.7382 0
      vertex 25.924 54.8554 1.6
      vertex 25.7868 54.7382 1.6
    endloop
  endfacet
  facet normal 0.649513 -0.760351 0
    outer loop
      vertex 25.924 54.8554 1.6
      vertex 25.7868 54.7382 0
      vertex 25.924 54.8554 0
    endloop
  endfacet
  facet normal -0.078688 -0.996899 0
    outer loop
      vertex 26.6 55.075 0
      vertex 26.7799 55.0608 1.6
      vertex 26.6 55.075 1.6
    endloop
  endfacet
  facet normal -0.078688 -0.996899 -0
    outer loop
      vertex 26.7799 55.0608 1.6
      vertex 26.6 55.075 0
      vertex 26.7799 55.0608 0
    endloop
  endfacet
  facet normal -0.852665 0.522458 0
    outer loop
      vertex 27.5304 53.249 0
      vertex 27.6247 53.4029 1.6
      vertex 27.6247 53.4029 0
    endloop
  endfacet
  facet normal -0.852665 0.522458 0
    outer loop
      vertex 27.6247 53.4029 1.6
      vertex 27.5304 53.249 0
      vertex 27.5304 53.249 1.6
    endloop
  endfacet
  facet normal -0.923976 0.38245 0
    outer loop
      vertex 27.6247 53.4029 0
      vertex 27.6937 53.5696 1.6
      vertex 27.6937 53.5696 0
    endloop
  endfacet
  facet normal -0.923976 0.38245 0
    outer loop
      vertex 27.6937 53.5696 1.6
      vertex 27.6247 53.4029 0
      vertex 27.6247 53.4029 1.6
    endloop
  endfacet
  facet normal 0.923976 0.38245 0
    outer loop
      vertex 25.5753 53.4029 1.6
      vertex 25.5063 53.5696 0
      vertex 25.5063 53.5696 1.6
    endloop
  endfacet
  facet normal 0.923976 0.38245 0
    outer loop
      vertex 25.5063 53.5696 0
      vertex 25.5753 53.4029 1.6
      vertex 25.5753 53.4029 0
    endloop
  endfacet
  facet normal 0.923976 -0.38245 0
    outer loop
      vertex 25.5063 54.2804 1.6
      vertex 25.5753 54.4471 0
      vertex 25.5753 54.4471 1.6
    endloop
  endfacet
  facet normal 0.923976 -0.38245 0
    outer loop
      vertex 25.5753 54.4471 0
      vertex 25.5063 54.2804 1.6
      vertex 25.5063 54.2804 0
    endloop
  endfacet
  facet normal 0.760351 -0.649513 0
    outer loop
      vertex 25.6696 54.601 1.6
      vertex 25.7868 54.7382 0
      vertex 25.7868 54.7382 1.6
    endloop
  endfacet
  facet normal 0.760351 -0.649513 0
    outer loop
      vertex 25.7868 54.7382 0
      vertex 25.6696 54.601 1.6
      vertex 25.6696 54.601 0
    endloop
  endfacet
  facet normal 0.522458 -0.852665 0
    outer loop
      vertex 25.924 54.8554 0
      vertex 26.0779 54.9497 1.6
      vertex 25.924 54.8554 1.6
    endloop
  endfacet
  facet normal 0.522458 -0.852665 0
    outer loop
      vertex 26.0779 54.9497 1.6
      vertex 25.924 54.8554 0
      vertex 26.0779 54.9497 0
    endloop
  endfacet
  facet normal -0.38245 -0.923976 0
    outer loop
      vertex 26.9554 55.0187 0
      vertex 27.1221 54.9497 1.6
      vertex 26.9554 55.0187 1.6
    endloop
  endfacet
  facet normal -0.38245 -0.923976 -0
    outer loop
      vertex 27.1221 54.9497 1.6
      vertex 26.9554 55.0187 0
      vertex 27.1221 54.9497 0
    endloop
  endfacet
  facet normal -0.649513 -0.760351 0
    outer loop
      vertex 27.276 54.8554 0
      vertex 27.4132 54.7382 1.6
      vertex 27.276 54.8554 1.6
    endloop
  endfacet
  facet normal -0.649513 -0.760351 -0
    outer loop
      vertex 27.4132 54.7382 1.6
      vertex 27.276 54.8554 0
      vertex 27.4132 54.7382 0
    endloop
  endfacet
  facet normal -0.522458 -0.852665 0
    outer loop
      vertex 27.1221 54.9497 0
      vertex 27.276 54.8554 1.6
      vertex 27.1221 54.9497 1.6
    endloop
  endfacet
  facet normal -0.522458 -0.852665 -0
    outer loop
      vertex 27.276 54.8554 1.6
      vertex 27.1221 54.9497 0
      vertex 27.276 54.8554 0
    endloop
  endfacet
  facet normal -0.760351 0.649513 0
    outer loop
      vertex 27.4132 53.1118 0
      vertex 27.5304 53.249 1.6
      vertex 27.5304 53.249 0
    endloop
  endfacet
  facet normal -0.760351 0.649513 0
    outer loop
      vertex 27.5304 53.249 1.6
      vertex 27.4132 53.1118 0
      vertex 27.4132 53.1118 1.6
    endloop
  endfacet
  facet normal 0.38245 -0.923976 0
    outer loop
      vertex 26.0779 54.9497 0
      vertex 26.2446 55.0187 1.6
      vertex 26.0779 54.9497 1.6
    endloop
  endfacet
  facet normal 0.38245 -0.923976 0
    outer loop
      vertex 26.2446 55.0187 1.6
      vertex 26.0779 54.9497 0
      vertex 26.2446 55.0187 0
    endloop
  endfacet
  facet normal 0.972412 -0.233268 0
    outer loop
      vertex 25.4642 54.1049 1.6
      vertex 25.5063 54.2804 0
      vertex 25.5063 54.2804 1.6
    endloop
  endfacet
  facet normal 0.972412 -0.233268 0
    outer loop
      vertex 25.5063 54.2804 0
      vertex 25.4642 54.1049 1.6
      vertex 25.4642 54.1049 0
    endloop
  endfacet
  facet normal 0.852665 0.522458 0
    outer loop
      vertex 25.6696 53.249 1.6
      vertex 25.5753 53.4029 0
      vertex 25.5753 53.4029 1.6
    endloop
  endfacet
  facet normal 0.852665 0.522458 0
    outer loop
      vertex 25.5753 53.4029 0
      vertex 25.6696 53.249 1.6
      vertex 25.6696 53.249 0
    endloop
  endfacet
  facet normal -0.078688 0.996899 0
    outer loop
      vertex 26.7799 52.7892 0
      vertex 26.6 52.775 1.6
      vertex 26.7799 52.7892 1.6
    endloop
  endfacet
  facet normal -0.078688 0.996899 0
    outer loop
      vertex 26.6 52.775 1.6
      vertex 26.7799 52.7892 0
      vertex 26.6 52.775 0
    endloop
  endfacet
  facet normal -0.38245 0.923976 0
    outer loop
      vertex 27.1221 52.9003 0
      vertex 26.9554 52.8313 1.6
      vertex 27.1221 52.9003 1.6
    endloop
  endfacet
  facet normal -0.38245 0.923976 0
    outer loop
      vertex 26.9554 52.8313 1.6
      vertex 27.1221 52.9003 0
      vertex 26.9554 52.8313 0
    endloop
  endfacet
  facet normal 0.38245 0.923976 -0
    outer loop
      vertex 26.2446 52.8313 0
      vertex 26.0779 52.9003 1.6
      vertex 26.2446 52.8313 1.6
    endloop
  endfacet
  facet normal 0.38245 0.923976 0
    outer loop
      vertex 26.0779 52.9003 1.6
      vertex 26.2446 52.8313 0
      vertex 26.0779 52.9003 0
    endloop
  endfacet
  facet normal 0.233268 -0.972412 0
    outer loop
      vertex 26.2446 55.0187 0
      vertex 26.4201 55.0608 1.6
      vertex 26.2446 55.0187 1.6
    endloop
  endfacet
  facet normal 0.233268 -0.972412 0
    outer loop
      vertex 26.4201 55.0608 1.6
      vertex 26.2446 55.0187 0
      vertex 26.4201 55.0608 0
    endloop
  endfacet
  facet normal 0.760351 0.649513 0
    outer loop
      vertex 25.7868 53.1118 1.6
      vertex 25.6696 53.249 0
      vertex 25.6696 53.249 1.6
    endloop
  endfacet
  facet normal 0.760351 0.649513 0
    outer loop
      vertex 25.6696 53.249 0
      vertex 25.7868 53.1118 1.6
      vertex 25.7868 53.1118 0
    endloop
  endfacet
  facet normal -0.996899 0.078688 0
    outer loop
      vertex 27.7358 53.7451 0
      vertex 27.75 53.925 1.6
      vertex 27.75 53.925 0
    endloop
  endfacet
  facet normal -0.996899 0.078688 0
    outer loop
      vertex 27.75 53.925 1.6
      vertex 27.7358 53.7451 0
      vertex 27.7358 53.7451 1.6
    endloop
  endfacet
  facet normal -0.972412 0.233268 0
    outer loop
      vertex 27.6937 53.5696 0
      vertex 27.7358 53.7451 1.6
      vertex 27.7358 53.7451 0
    endloop
  endfacet
  facet normal -0.972412 0.233268 0
    outer loop
      vertex 27.7358 53.7451 1.6
      vertex 27.6937 53.5696 0
      vertex 27.6937 53.5696 1.6
    endloop
  endfacet
  facet normal 0.852665 -0.522458 0
    outer loop
      vertex 25.5753 54.4471 1.6
      vertex 25.6696 54.601 0
      vertex 25.6696 54.601 1.6
    endloop
  endfacet
  facet normal 0.852665 -0.522458 0
    outer loop
      vertex 25.6696 54.601 0
      vertex 25.5753 54.4471 1.6
      vertex 25.5753 54.4471 0
    endloop
  endfacet
  facet normal -0.649513 0.760351 0
    outer loop
      vertex 27.4132 53.1118 0
      vertex 27.276 52.9946 1.6
      vertex 27.4132 53.1118 1.6
    endloop
  endfacet
  facet normal -0.649513 0.760351 0
    outer loop
      vertex 27.276 52.9946 1.6
      vertex 27.4132 53.1118 0
      vertex 27.276 52.9946 0
    endloop
  endfacet
  facet normal 0.078688 -0.996899 0
    outer loop
      vertex 26.4201 55.0608 0
      vertex 26.6 55.075 1.6
      vertex 26.4201 55.0608 1.6
    endloop
  endfacet
  facet normal 0.078688 -0.996899 0
    outer loop
      vertex 26.6 55.075 1.6
      vertex 26.4201 55.0608 0
      vertex 26.6 55.075 0
    endloop
  endfacet
  facet normal 0.996899 0.078688 0
    outer loop
      vertex 25.4642 53.7451 1.6
      vertex 25.45 53.925 0
      vertex 25.45 53.925 1.6
    endloop
  endfacet
  facet normal 0.996899 0.078688 0
    outer loop
      vertex 25.45 53.925 0
      vertex 25.4642 53.7451 1.6
      vertex 25.4642 53.7451 0
    endloop
  endfacet
  facet normal 0.522458 0.852665 -0
    outer loop
      vertex 26.0779 52.9003 0
      vertex 25.924 52.9946 1.6
      vertex 26.0779 52.9003 1.6
    endloop
  endfacet
  facet normal 0.522458 0.852665 0
    outer loop
      vertex 25.924 52.9946 1.6
      vertex 26.0779 52.9003 0
      vertex 25.924 52.9946 0
    endloop
  endfacet
  facet normal 1 -0 0
    outer loop
      vertex 50.8 35.2 1.6
      vertex 50.8 56.4 0
      vertex 50.8 56.4 1.6
    endloop
  endfacet
  facet normal 1 0 0
    outer loop
      vertex 50.8 56.4 0
      vertex 50.8 35.2 1.6
      vertex 50.8 35.2 0
    endloop
  endfacet
  facet normal 0 0 1
    outer loop
      vertex 7.62466 53.4029 1.6
      vertex 25.5753 53.4029 1.6
      vertex 7.69371 53.5696 1.6
    endloop
  endfacet
  facet normal 0 0 1
    outer loop
      vertex 25.5753 42.1971 1.6
      vertex 7.73584 41.8549 1.6
      vertex 7.75 41.675 1.6
    endloop
  endfacet
  facet normal 0 0 1
    outer loop
      vertex 25.5753 53.4029 1.6
      vertex 7.62466 53.4029 1.6
      vertex 25.5753 42.1971 1.6
    endloop
  endfacet
  facet normal 0 0 1
    outer loop
      vertex 25.5753 42.1971 1.6
      vertex 7.69371 42.0304 1.6
      vertex 7.73584 41.8549 1.6
    endloop
  endfacet
  facet normal 0 0 1
    outer loop
      vertex 7.62466 42.1971 1.6
      vertex 25.5753 42.1971 1.6
      vertex 7.62466 53.4029 1.6
    endloop
  endfacet
  facet normal 0 0 1
    outer loop
      vertex 25.5753 42.1971 1.6
      vertex 7.62466 42.1971 1.6
      vertex 7.69371 42.0304 1.6
    endloop
  endfacet
  facet normal -0 0 1
    outer loop
      vertex 7.53037 53.249 1.6
      vertex 7.62466 42.1971 1.6
      vertex 7.62466 53.4029 1.6
    endloop
  endfacet
  facet normal 0 0 1
    outer loop
      vertex 7.53037 53.249 1.6
      vertex 7.53037 42.351 1.6
      vertex 7.62466 42.1971 1.6
    endloop
  endfacet
  facet normal -0 0 1
    outer loop
      vertex 7.41317 53.1118 1.6
      vertex 7.53037 42.351 1.6
      vertex 7.53037 53.249 1.6
    endloop
  endfacet
  facet normal 0 0 1
    outer loop
      vertex 7.41317 53.1118 1.6
      vertex 7.41317 42.4882 1.6
      vertex 7.53037 42.351 1.6
    endloop
  endfacet
  facet normal -0 0 1
    outer loop
      vertex 7.27595 52.9946 1.6
      vertex 7.41317 42.4882 1.6
      vertex 7.41317 53.1118 1.6
    endloop
  endfacet
  facet normal 0 0 1
    outer loop
      vertex 7.27595 52.9946 1.6
      vertex 7.27595 42.6054 1.6
      vertex 7.41317 42.4882 1.6
    endloop
  endfacet
  facet normal -0 0 1
    outer loop
      vertex 7.12209 52.9003 1.6
      vertex 7.27595 42.6054 1.6
      vertex 7.27595 52.9946 1.6
    endloop
  endfacet
  facet normal 0 0 1
    outer loop
      vertex 7.12209 52.9003 1.6
      vertex 7.12209 42.6997 1.6
      vertex 7.27595 42.6054 1.6
    endloop
  endfacet
  facet normal -0 0 1
    outer loop
      vertex 6.95537 52.8313 1.6
      vertex 7.12209 42.6997 1.6
      vertex 7.12209 52.9003 1.6
    endloop
  endfacet
  facet normal 0 0 1
    outer loop
      vertex 6.95537 52.8313 1.6
      vertex 6.95537 42.7687 1.6
      vertex 7.12209 42.6997 1.6
    endloop
  endfacet
  facet normal -0 0 1
    outer loop
      vertex 6.7799 52.7892 1.6
      vertex 6.95537 42.7687 1.6
      vertex 6.95537 52.8313 1.6
    endloop
  endfacet
  facet normal 0 0 1
    outer loop
      vertex 6.7799 52.7892 1.6
      vertex 6.7799 42.8108 1.6
      vertex 6.95537 42.7687 1.6
    endloop
  endfacet
  facet normal -0 0 1
    outer loop
      vertex 6.6 52.775 1.6
      vertex 6.7799 42.8108 1.6
      vertex 6.7799 52.7892 1.6
    endloop
  endfacet
  facet normal 0 0 1
    outer loop
      vertex 6.6 52.775 1.6
      vertex 6.6 42.825 1.6
      vertex 6.7799 42.8108 1.6
    endloop
  endfacet
  facet normal 0 0 1
    outer loop
      vertex 6.4201 52.7892 1.6
      vertex 6.6 42.825 1.6
      vertex 6.6 52.775 1.6
    endloop
  endfacet
  facet normal 0 0 1
    outer loop
      vertex 6.4201 52.7892 1.6
      vertex 6.4201 42.8108 1.6
      vertex 6.6 42.825 1.6
    endloop
  endfacet
  facet normal 0 0 1
    outer loop
      vertex 6.24463 52.8313 1.6
      vertex 6.4201 42.8108 1.6
      vertex 6.4201 52.7892 1.6
    endloop
  endfacet
  facet normal 0 0 1
    outer loop
      vertex 6.24463 52.8313 1.6
      vertex 6.24463 42.7687 1.6
      vertex 6.4201 42.8108 1.6
    endloop
  endfacet
  facet normal 0 0 1
    outer loop
      vertex 6.07791 52.9003 1.6
      vertex 6.24463 42.7687 1.6
      vertex 6.24463 52.8313 1.6
    endloop
  endfacet
  facet normal 0 0 1
    outer loop
      vertex 6.07791 52.9003 1.6
      vertex 6.07791 42.6997 1.6
      vertex 6.24463 42.7687 1.6
    endloop
  endfacet
  facet normal 0 0 1
    outer loop
      vertex 5.92405 52.9946 1.6
      vertex 6.07791 42.6997 1.6
      vertex 6.07791 52.9003 1.6
    endloop
  endfacet
  facet normal 0 0 1
    outer loop
      vertex 5.92405 52.9946 1.6
      vertex 5.92405 42.6054 1.6
      vertex 6.07791 42.6997 1.6
    endloop
  endfacet
  facet normal 0 0 1
    outer loop
      vertex 5.78683 53.1118 1.6
      vertex 5.92405 42.6054 1.6
      vertex 5.92405 52.9946 1.6
    endloop
  endfacet
  facet normal 0 0 1
    outer loop
      vertex 5.78683 53.1118 1.6
      vertex 5.78683 42.4882 1.6
      vertex 5.92405 42.6054 1.6
    endloop
  endfacet
  facet normal 0 0 1
    outer loop
      vertex 5.66963 53.249 1.6
      vertex 5.78683 42.4882 1.6
      vertex 5.78683 53.1118 1.6
    endloop
  endfacet
  facet normal 0 0 1
    outer loop
      vertex 5.66963 53.249 1.6
      vertex 5.66963 42.351 1.6
      vertex 5.78683 42.4882 1.6
    endloop
  endfacet
  facet normal 0 0 1
    outer loop
      vertex 5.57534 53.4029 1.6
      vertex 5.66963 42.351 1.6
      vertex 5.66963 53.249 1.6
    endloop
  endfacet
  facet normal 0 0 1
    outer loop
      vertex 5.57534 53.4029 1.6
      vertex 5.57534 42.1971 1.6
      vertex 5.66963 42.351 1.6
    endloop
  endfacet
  facet normal 0 0 1
    outer loop
      vertex 5.50628 53.5696 1.6
      vertex 5.57534 42.1971 1.6
      vertex 5.57534 53.4029 1.6
    endloop
  endfacet
  facet normal 0 0 1
    outer loop
      vertex 5.50628 53.5696 1.6
      vertex 5.50628 42.0304 1.6
      vertex 5.57534 42.1971 1.6
    endloop
  endfacet
  facet normal 0 0 1
    outer loop
      vertex 0 60.4 1.6
      vertex 5.50628 53.5696 1.6
      vertex 5.46416 53.7451 1.6
    endloop
  endfacet
  facet normal 0 0 1
    outer loop
      vertex 5.50628 53.5696 1.6
      vertex 0 60.4 1.6
      vertex 5.50628 42.0304 1.6
    endloop
  endfacet
  facet normal 0 0 1
    outer loop
      vertex 0 60.4 1.6
      vertex 5.46416 53.7451 1.6
      vertex 5.45 53.925 1.6
    endloop
  endfacet
  facet normal 0 0 1
    outer loop
      vertex 0 35.2 1.6
      vertex 5.50628 42.0304 1.6
      vertex 0 60.4 1.6
    endloop
  endfacet
  facet normal 0 0 1
    outer loop
      vertex 27.6937 53.5696 1.6
      vertex 46.8 56.4 1.6
      vertex 27.7358 53.7451 1.6
    endloop
  endfacet
  facet normal 0 0 1
    outer loop
      vertex 46.8 56.4 1.6
      vertex 27.7358 41.8549 1.6
      vertex 27.75 41.675 1.6
    endloop
  endfacet
  facet normal 0 0 1
    outer loop
      vertex 27.6247 53.4029 1.6
      vertex 46.8 56.4 1.6
      vertex 27.6937 53.5696 1.6
    endloop
  endfacet
  facet normal 0 0 1
    outer loop
      vertex 46.8 56.4 1.6
      vertex 27.6937 42.0304 1.6
      vertex 27.7358 41.8549 1.6
    endloop
  endfacet
  facet normal 0 0 1
    outer loop
      vertex 27.6247 42.1971 1.6
      vertex 46.8 56.4 1.6
      vertex 27.6247 53.4029 1.6
    endloop
  endfacet
  facet normal 0 0 1
    outer loop
      vertex 46.8 56.4 1.6
      vertex 27.6247 42.1971 1.6
      vertex 27.6937 42.0304 1.6
    endloop
  endfacet
  facet normal -0 0 1
    outer loop
      vertex 27.5304 53.249 1.6
      vertex 27.6247 42.1971 1.6
      vertex 27.6247 53.4029 1.6
    endloop
  endfacet
  facet normal 0 0 1
    outer loop
      vertex 27.5304 53.249 1.6
      vertex 27.5304 42.351 1.6
      vertex 27.6247 42.1971 1.6
    endloop
  endfacet
  facet normal -0 0 1
    outer loop
      vertex 27.4132 53.1118 1.6
      vertex 27.5304 42.351 1.6
      vertex 27.5304 53.249 1.6
    endloop
  endfacet
  facet normal 0 0 1
    outer loop
      vertex 27.4132 53.1118 1.6
      vertex 27.4132 42.4882 1.6
      vertex 27.5304 42.351 1.6
    endloop
  endfacet
  facet normal -0 0 1
    outer loop
      vertex 27.276 52.9946 1.6
      vertex 27.4132 42.4882 1.6
      vertex 27.4132 53.1118 1.6
    endloop
  endfacet
  facet normal 0 0 1
    outer loop
      vertex 27.276 52.9946 1.6
      vertex 27.276 42.6054 1.6
      vertex 27.4132 42.4882 1.6
    endloop
  endfacet
  facet normal -0 0 1
    outer loop
      vertex 27.1221 52.9003 1.6
      vertex 27.276 42.6054 1.6
      vertex 27.276 52.9946 1.6
    endloop
  endfacet
  facet normal 0 0 1
    outer loop
      vertex 27.1221 52.9003 1.6
      vertex 27.1221 42.6997 1.6
      vertex 27.276 42.6054 1.6
    endloop
  endfacet
  facet normal -0 0 1
    outer loop
      vertex 26.9554 52.8313 1.6
      vertex 27.1221 42.6997 1.6
      vertex 27.1221 52.9003 1.6
    endloop
  endfacet
  facet normal 0 0 1
    outer loop
      vertex 26.9554 52.8313 1.6
      vertex 26.9554 42.7687 1.6
      vertex 27.1221 42.6997 1.6
    endloop
  endfacet
  facet normal -0 0 1
    outer loop
      vertex 26.7799 52.7892 1.6
      vertex 26.9554 42.7687 1.6
      vertex 26.9554 52.8313 1.6
    endloop
  endfacet
  facet normal 0 0 1
    outer loop
      vertex 26.7799 52.7892 1.6
      vertex 26.7799 42.8108 1.6
      vertex 26.9554 42.7687 1.6
    endloop
  endfacet
  facet normal -0 0 1
    outer loop
      vertex 26.6 52.775 1.6
      vertex 26.7799 42.8108 1.6
      vertex 26.7799 52.7892 1.6
    endloop
  endfacet
  facet normal 0 0 1
    outer loop
      vertex 26.6 52.775 1.6
      vertex 26.6 42.825 1.6
      vertex 26.7799 42.8108 1.6
    endloop
  endfacet
  facet normal 0 0 1
    outer loop
      vertex 26.4201 52.7892 1.6
      vertex 26.6 42.825 1.6
      vertex 26.6 52.775 1.6
    endloop
  endfacet
  facet normal 0 0 1
    outer loop
      vertex 26.4201 52.7892 1.6
      vertex 26.4201 42.8108 1.6
      vertex 26.6 42.825 1.6
    endloop
  endfacet
  facet normal 0 0 1
    outer loop
      vertex 26.2446 52.8313 1.6
      vertex 26.4201 42.8108 1.6
      vertex 26.4201 52.7892 1.6
    endloop
  endfacet
  facet normal 0 0 1
    outer loop
      vertex 26.2446 52.8313 1.6
      vertex 26.2446 42.7687 1.6
      vertex 26.4201 42.8108 1.6
    endloop
  endfacet
  facet normal 0 0 1
    outer loop
      vertex 26.0779 52.9003 1.6
      vertex 26.2446 42.7687 1.6
      vertex 26.2446 52.8313 1.6
    endloop
  endfacet
  facet normal 0 0 1
    outer loop
      vertex 26.0779 52.9003 1.6
      vertex 26.0779 42.6997 1.6
      vertex 26.2446 42.7687 1.6
    endloop
  endfacet
  facet normal 0 0 1
    outer loop
      vertex 25.924 52.9946 1.6
      vertex 26.0779 42.6997 1.6
      vertex 26.0779 52.9003 1.6
    endloop
  endfacet
  facet normal 0 0 1
    outer loop
      vertex 25.924 52.9946 1.6
      vertex 25.924 42.6054 1.6
      vertex 26.0779 42.6997 1.6
    endloop
  endfacet
  facet normal 0 0 1
    outer loop
      vertex 25.7868 53.1118 1.6
      vertex 25.924 42.6054 1.6
      vertex 25.924 52.9946 1.6
    endloop
  endfacet
  facet normal 0 0 1
    outer loop
      vertex 25.7868 53.1118 1.6
      vertex 25.7868 42.4882 1.6
      vertex 25.924 42.6054 1.6
    endloop
  endfacet
  facet normal 0 0 1
    outer loop
      vertex 25.6696 53.249 1.6
      vertex 25.7868 42.4882 1.6
      vertex 25.7868 53.1118 1.6
    endloop
  endfacet
  facet normal 0 0 1
    outer loop
      vertex 25.6696 53.249 1.6
      vertex 25.6696 42.351 1.6
      vertex 25.7868 42.4882 1.6
    endloop
  endfacet
  facet normal 0 0 1
    outer loop
      vertex 25.5753 53.4029 1.6
      vertex 25.6696 42.351 1.6
      vertex 25.6696 53.249 1.6
    endloop
  endfacet
  facet normal 0 0 1
    outer loop
      vertex 25.5753 53.4029 1.6
      vertex 25.5753 42.1971 1.6
      vertex 25.6696 42.351 1.6
    endloop
  endfacet
  facet normal 0 0 1
    outer loop
      vertex 25.4642 53.7451 1.6
      vertex 7.73584 53.7451 1.6
      vertex 25.5063 53.5696 1.6
    endloop
  endfacet
  facet normal 0 0 1
    outer loop
      vertex 7.69371 53.5696 1.6
      vertex 25.5063 53.5696 1.6
      vertex 7.73584 53.7451 1.6
    endloop
  endfacet
  facet normal 0 0 1
    outer loop
      vertex 7.73584 53.7451 1.6
      vertex 25.4642 53.7451 1.6
      vertex 7.75 53.925 1.6
    endloop
  endfacet
  facet normal 0 0 1
    outer loop
      vertex 25.5063 53.5696 1.6
      vertex 7.69371 53.5696 1.6
      vertex 25.5753 53.4029 1.6
    endloop
  endfacet
  facet normal -0 0 1
    outer loop
      vertex 7.75 53.925 1.6
      vertex 25.4642 53.7451 1.6
      vertex 25.45 53.925 1.6
    endloop
  endfacet
  facet normal 0 0 1
    outer loop
      vertex 25.5753 42.1971 1.6
      vertex 7.75 41.675 1.6
      vertex 25.5063 42.0304 1.6
    endloop
  endfacet
  facet normal 0 0 1
    outer loop
      vertex 27.6247 54.4471 1.6
      vertex 46.8 56.4 1.6
      vertex 46.8 60.4 1.6
    endloop
  endfacet
  facet normal 0 0 1
    outer loop
      vertex 46.8 56.4 1.6
      vertex 27.7358 54.1049 1.6
      vertex 27.75 53.925 1.6
    endloop
  endfacet
  facet normal 0 0 1
    outer loop
      vertex 46.8 56.4 1.6
      vertex 27.6937 54.2804 1.6
      vertex 27.7358 54.1049 1.6
    endloop
  endfacet
  facet normal 0 0 1
    outer loop
      vertex 46.8 56.4 1.6
      vertex 27.6247 54.4471 1.6
      vertex 27.6937 54.2804 1.6
    endloop
  endfacet
  facet normal 0 0 1
    outer loop
      vertex 46.8 60.4 1.6
      vertex 27.5304 54.601 1.6
      vertex 27.6247 54.4471 1.6
    endloop
  endfacet
  facet normal 0 0 1
    outer loop
      vertex 46.8 60.4 1.6
      vertex 27.4132 54.7382 1.6
      vertex 27.5304 54.601 1.6
    endloop
  endfacet
  facet normal 0 0 1
    outer loop
      vertex 46.8 60.4 1.6
      vertex 27.276 54.8554 1.6
      vertex 27.4132 54.7382 1.6
    endloop
  endfacet
  facet normal 0 0 1
    outer loop
      vertex 46.8 60.4 1.6
      vertex 27.1221 54.9497 1.6
      vertex 27.276 54.8554 1.6
    endloop
  endfacet
  facet normal 0 0 1
    outer loop
      vertex 46.8 60.4 1.6
      vertex 26.9554 55.0187 1.6
      vertex 27.1221 54.9497 1.6
    endloop
  endfacet
  facet normal 0 0 1
    outer loop
      vertex 46.8 60.4 1.6
      vertex 26.7799 55.0608 1.6
      vertex 26.9554 55.0187 1.6
    endloop
  endfacet
  facet normal 0 0 1
    outer loop
      vertex 46.8 60.4 1.6
      vertex 26.6 55.075 1.6
      vertex 26.7799 55.0608 1.6
    endloop
  endfacet
  facet normal -0 0 1
    outer loop
      vertex 0 60.4 1.6
      vertex 26.6 55.075 1.6
      vertex 46.8 60.4 1.6
    endloop
  endfacet
  facet normal 0 0 1
    outer loop
      vertex 26.6 55.075 1.6
      vertex 0 60.4 1.6
      vertex 26.4201 55.0608 1.6
    endloop
  endfacet
  facet normal 0 0 1
    outer loop
      vertex 25.5063 42.0304 1.6
      vertex 7.75 41.675 1.6
      vertex 25.4642 41.8549 1.6
    endloop
  endfacet
  facet normal 0 0 1
    outer loop
      vertex 25.4642 54.1049 1.6
      vertex 7.75 53.925 1.6
      vertex 25.45 53.925 1.6
    endloop
  endfacet
  facet normal 0 0 1
    outer loop
      vertex 7.73584 54.1049 1.6
      vertex 25.4642 54.1049 1.6
      vertex 25.5063 54.2804 1.6
    endloop
  endfacet
  facet normal 0 0 1
    outer loop
      vertex 7.69371 54.2804 1.6
      vertex 25.5063 54.2804 1.6
      vertex 25.5753 54.4471 1.6
    endloop
  endfacet
  facet normal 0 0 1
    outer loop
      vertex 7.62466 54.4471 1.6
      vertex 25.5753 54.4471 1.6
      vertex 25.6696 54.601 1.6
    endloop
  endfacet
  facet normal 0 0 1
    outer loop
      vertex 7.53037 54.601 1.6
      vertex 25.6696 54.601 1.6
      vertex 25.7868 54.7382 1.6
    endloop
  endfacet
  facet normal 0 0 1
    outer loop
      vertex 7.41317 54.7382 1.6
      vertex 25.7868 54.7382 1.6
      vertex 25.924 54.8554 1.6
    endloop
  endfacet
  facet normal 0 0 1
    outer loop
      vertex 7.27595 54.8554 1.6
      vertex 25.924 54.8554 1.6
      vertex 26.0779 54.9497 1.6
    endloop
  endfacet
  facet normal 0 0 1
    outer loop
      vertex 0 60.4 1.6
      vertex 26.0779 54.9497 1.6
      vertex 26.2446 55.0187 1.6
    endloop
  endfacet
  facet normal 0 0 1
    outer loop
      vertex 26.4201 55.0608 1.6
      vertex 0 60.4 1.6
      vertex 26.2446 55.0187 1.6
    endloop
  endfacet
  facet normal 0 0 1
    outer loop
      vertex 25.4642 54.1049 1.6
      vertex 7.73584 54.1049 1.6
      vertex 7.75 53.925 1.6
    endloop
  endfacet
  facet normal 0 0 1
    outer loop
      vertex 25.5063 54.2804 1.6
      vertex 7.69371 54.2804 1.6
      vertex 7.73584 54.1049 1.6
    endloop
  endfacet
  facet normal 0 0 1
    outer loop
      vertex 25.5753 54.4471 1.6
      vertex 7.62466 54.4471 1.6
      vertex 7.69371 54.2804 1.6
    endloop
  endfacet
  facet normal 0 0 1
    outer loop
      vertex 25.6696 54.601 1.6
      vertex 7.53037 54.601 1.6
      vertex 7.62466 54.4471 1.6
    endloop
  endfacet
  facet normal 0 0 1
    outer loop
      vertex 25.7868 54.7382 1.6
      vertex 7.41317 54.7382 1.6
      vertex 7.53037 54.601 1.6
    endloop
  endfacet
  facet normal 0 0 1
    outer loop
      vertex 25.924 54.8554 1.6
      vertex 7.27595 54.8554 1.6
      vertex 7.41317 54.7382 1.6
    endloop
  endfacet
  facet normal 0 0 1
    outer loop
      vertex 26.0779 54.9497 1.6
      vertex 7.12209 54.9497 1.6
      vertex 7.27595 54.8554 1.6
    endloop
  endfacet
  facet normal 0 0 1
    outer loop
      vertex 26.0779 54.9497 1.6
      vertex 0 60.4 1.6
      vertex 7.12209 54.9497 1.6
    endloop
  endfacet
  facet normal 0 0 1
    outer loop
      vertex 7.12209 54.9497 1.6
      vertex 0 60.4 1.6
      vertex 6.95537 55.0187 1.6
    endloop
  endfacet
  facet normal 0 0 1
    outer loop
      vertex 6.95537 55.0187 1.6
      vertex 0 60.4 1.6
      vertex 6.7799 55.0608 1.6
    endloop
  endfacet
  facet normal 0 0 1
    outer loop
      vertex 6.7799 55.0608 1.6
      vertex 0 60.4 1.6
      vertex 6.6 55.075 1.6
    endloop
  endfacet
  facet normal 0 0 1
    outer loop
      vertex 5.50628 42.0304 1.6
      vertex 0 35.2 1.6
      vertex 5.46416 41.8549 1.6
    endloop
  endfacet
  facet normal 0 0 1
    outer loop
      vertex 5.46416 54.1049 1.6
      vertex 0 60.4 1.6
      vertex 5.45 53.925 1.6
    endloop
  endfacet
  facet normal 0 0 1
    outer loop
      vertex 5.50628 54.2804 1.6
      vertex 0 60.4 1.6
      vertex 5.46416 54.1049 1.6
    endloop
  endfacet
  facet normal 0 0 1
    outer loop
      vertex 5.57534 54.4471 1.6
      vertex 0 60.4 1.6
      vertex 5.50628 54.2804 1.6
    endloop
  endfacet
  facet normal 0 0 1
    outer loop
      vertex 5.66963 54.601 1.6
      vertex 0 60.4 1.6
      vertex 5.57534 54.4471 1.6
    endloop
  endfacet
  facet normal 0 0 1
    outer loop
      vertex 5.78683 54.7382 1.6
      vertex 0 60.4 1.6
      vertex 5.66963 54.601 1.6
    endloop
  endfacet
  facet normal 0 0 1
    outer loop
      vertex 5.92405 54.8554 1.6
      vertex 0 60.4 1.6
      vertex 5.78683 54.7382 1.6
    endloop
  endfacet
  facet normal 0 0 1
    outer loop
      vertex 6.07791 54.9497 1.6
      vertex 0 60.4 1.6
      vertex 5.92405 54.8554 1.6
    endloop
  endfacet
  facet normal 0 0 1
    outer loop
      vertex 6.24463 55.0187 1.6
      vertex 0 60.4 1.6
      vertex 6.07791 54.9497 1.6
    endloop
  endfacet
  facet normal 0 0 1
    outer loop
      vertex 6.4201 55.0608 1.6
      vertex 0 60.4 1.6
      vertex 6.24463 55.0187 1.6
    endloop
  endfacet
  facet normal 0 0 1
    outer loop
      vertex 6.6 55.075 1.6
      vertex 0 60.4 1.6
      vertex 6.4201 55.0608 1.6
    endloop
  endfacet
  facet normal -0 0 1
    outer loop
      vertex 46.8 56.4 1.6
      vertex 50.8 35.2 1.6
      vertex 50.8 56.4 1.6
    endloop
  endfacet
  facet normal 0 0 1
    outer loop
      vertex 27.7358 53.7451 1.6
      vertex 46.8 56.4 1.6
      vertex 27.75 53.925 1.6
    endloop
  endfacet
  facet normal 0 0 1
    outer loop
      vertex 46.8 56.4 1.6
      vertex 27.75 41.675 1.6
      vertex 50.8 35.2 1.6
    endloop
  endfacet
  facet normal -0 0 1
    outer loop
      vertex 27.7358 41.4951 1.6
      vertex 50.8 35.2 1.6
      vertex 27.75 41.675 1.6
    endloop
  endfacet
  facet normal -0 0 1
    outer loop
      vertex 27.6937 41.3196 1.6
      vertex 50.8 35.2 1.6
      vertex 27.7358 41.4951 1.6
    endloop
  endfacet
  facet normal -0 0 1
    outer loop
      vertex 27.6247 41.1529 1.6
      vertex 50.8 35.2 1.6
      vertex 27.6937 41.3196 1.6
    endloop
  endfacet
  facet normal -0 0 1
    outer loop
      vertex 27.5304 40.999 1.6
      vertex 50.8 35.2 1.6
      vertex 27.6247 41.1529 1.6
    endloop
  endfacet
  facet normal -0 0 1
    outer loop
      vertex 27.4132 40.8618 1.6
      vertex 50.8 35.2 1.6
      vertex 27.5304 40.999 1.6
    endloop
  endfacet
  facet normal -0 0 1
    outer loop
      vertex 27.276 40.7446 1.6
      vertex 50.8 35.2 1.6
      vertex 27.4132 40.8618 1.6
    endloop
  endfacet
  facet normal -0 0 1
    outer loop
      vertex 27.1221 40.6503 1.6
      vertex 50.8 35.2 1.6
      vertex 27.276 40.7446 1.6
    endloop
  endfacet
  facet normal -0 0 1
    outer loop
      vertex 26.9554 40.5813 1.6
      vertex 50.8 35.2 1.6
      vertex 27.1221 40.6503 1.6
    endloop
  endfacet
  facet normal -0 0 1
    outer loop
      vertex 26.7799 40.5392 1.6
      vertex 50.8 35.2 1.6
      vertex 26.9554 40.5813 1.6
    endloop
  endfacet
  facet normal -0 0 1
    outer loop
      vertex 26.6 40.525 1.6
      vertex 50.8 35.2 1.6
      vertex 26.7799 40.5392 1.6
    endloop
  endfacet
  facet normal 0 0 1
    outer loop
      vertex 0 35.2 1.6
      vertex 26.6 40.525 1.6
      vertex 26.4201 40.5392 1.6
    endloop
  endfacet
  facet normal 0 0 1
    outer loop
      vertex 25.4642 41.8549 1.6
      vertex 7.75 41.675 1.6
      vertex 25.45 41.675 1.6
    endloop
  endfacet
  facet normal 0 0 1
    outer loop
      vertex 25.45 41.675 1.6
      vertex 7.75 41.675 1.6
      vertex 25.4642 41.4951 1.6
    endloop
  endfacet
  facet normal 0 0 1
    outer loop
      vertex 7.73584 41.4951 1.6
      vertex 25.4642 41.4951 1.6
      vertex 7.75 41.675 1.6
    endloop
  endfacet
  facet normal 0 0 1
    outer loop
      vertex 25.4642 41.4951 1.6
      vertex 7.73584 41.4951 1.6
      vertex 25.5063 41.3196 1.6
    endloop
  endfacet
  facet normal 0 0 1
    outer loop
      vertex 7.69371 41.3196 1.6
      vertex 25.5063 41.3196 1.6
      vertex 7.73584 41.4951 1.6
    endloop
  endfacet
  facet normal 0 0 1
    outer loop
      vertex 25.5063 41.3196 1.6
      vertex 7.69371 41.3196 1.6
      vertex 25.5753 41.1529 1.6
    endloop
  endfacet
  facet normal 0 0 1
    outer loop
      vertex 7.62466 41.1529 1.6
      vertex 25.5753 41.1529 1.6
      vertex 7.69371 41.3196 1.6
    endloop
  endfacet
  facet normal 0 0 1
    outer loop
      vertex 25.5753 41.1529 1.6
      vertex 7.62466 41.1529 1.6
      vertex 25.6696 40.999 1.6
    endloop
  endfacet
  facet normal 0 0 1
    outer loop
      vertex 7.53037 40.999 1.6
      vertex 25.6696 40.999 1.6
      vertex 7.62466 41.1529 1.6
    endloop
  endfacet
  facet normal 0 0 1
    outer loop
      vertex 25.6696 40.999 1.6
      vertex 7.53037 40.999 1.6
      vertex 25.7868 40.8618 1.6
    endloop
  endfacet
  facet normal 0 0 1
    outer loop
      vertex 7.41317 40.8618 1.6
      vertex 25.7868 40.8618 1.6
      vertex 7.53037 40.999 1.6
    endloop
  endfacet
  facet normal 0 0 1
    outer loop
      vertex 25.7868 40.8618 1.6
      vertex 7.41317 40.8618 1.6
      vertex 25.924 40.7446 1.6
    endloop
  endfacet
  facet normal 0 0 1
    outer loop
      vertex 7.27595 40.7446 1.6
      vertex 25.924 40.7446 1.6
      vertex 7.41317 40.8618 1.6
    endloop
  endfacet
  facet normal 0 0 1
    outer loop
      vertex 25.924 40.7446 1.6
      vertex 7.27595 40.7446 1.6
      vertex 26.0779 40.6503 1.6
    endloop
  endfacet
  facet normal 0 0 1
    outer loop
      vertex 7.12209 40.6503 1.6
      vertex 26.0779 40.6503 1.6
      vertex 7.27595 40.7446 1.6
    endloop
  endfacet
  facet normal 0 0 1
    outer loop
      vertex 0 35.2 1.6
      vertex 26.0779 40.6503 1.6
      vertex 7.12209 40.6503 1.6
    endloop
  endfacet
  facet normal 0 0 1
    outer loop
      vertex 26.0779 40.6503 1.6
      vertex 0 35.2 1.6
      vertex 26.2446 40.5813 1.6
    endloop
  endfacet
  facet normal 0 0 1
    outer loop
      vertex 26.2446 40.5813 1.6
      vertex 0 35.2 1.6
      vertex 26.4201 40.5392 1.6
    endloop
  endfacet
  facet normal 0 0 1
    outer loop
      vertex 0 35.2 1.6
      vertex 7.12209 40.6503 1.6
      vertex 6.95537 40.5813 1.6
    endloop
  endfacet
  facet normal 0 0 1
    outer loop
      vertex 0 35.2 1.6
      vertex 6.95537 40.5813 1.6
      vertex 6.7799 40.5392 1.6
    endloop
  endfacet
  facet normal 0 0 1
    outer loop
      vertex 0 35.2 1.6
      vertex 6.7799 40.5392 1.6
      vertex 6.6 40.525 1.6
    endloop
  endfacet
  facet normal 0 0 1
    outer loop
      vertex 0 35.2 1.6
      vertex 6.6 40.525 1.6
      vertex 6.4201 40.5392 1.6
    endloop
  endfacet
  facet normal 0 0 1
    outer loop
      vertex 5.46416 41.8549 1.6
      vertex 0 35.2 1.6
      vertex 5.45 41.675 1.6
    endloop
  endfacet
  facet normal 0 0 1
    outer loop
      vertex 5.45 41.675 1.6
      vertex 0 35.2 1.6
      vertex 5.46416 41.4951 1.6
    endloop
  endfacet
  facet normal 0 0 1
    outer loop
      vertex 26.6 40.525 1.6
      vertex 0 35.2 1.6
      vertex 50.8 35.2 1.6
    endloop
  endfacet
  facet normal 0 0 1
    outer loop
      vertex 6.24463 40.5813 1.6
      vertex 0 35.2 1.6
      vertex 6.4201 40.5392 1.6
    endloop
  endfacet
  facet normal 0 0 1
    outer loop
      vertex 6.07791 40.6503 1.6
      vertex 0 35.2 1.6
      vertex 6.24463 40.5813 1.6
    endloop
  endfacet
  facet normal 0 0 1
    outer loop
      vertex 5.92405 40.7446 1.6
      vertex 0 35.2 1.6
      vertex 6.07791 40.6503 1.6
    endloop
  endfacet
  facet normal 0 0 1
    outer loop
      vertex 5.78683 40.8618 1.6
      vertex 0 35.2 1.6
      vertex 5.92405 40.7446 1.6
    endloop
  endfacet
  facet normal 0 0 1
    outer loop
      vertex 5.66963 40.999 1.6
      vertex 0 35.2 1.6
      vertex 5.78683 40.8618 1.6
    endloop
  endfacet
  facet normal 0 0 1
    outer loop
      vertex 5.57534 41.1529 1.6
      vertex 0 35.2 1.6
      vertex 5.66963 40.999 1.6
    endloop
  endfacet
  facet normal 0 0 1
    outer loop
      vertex 5.50628 41.3196 1.6
      vertex 0 35.2 1.6
      vertex 5.57534 41.1529 1.6
    endloop
  endfacet
  facet normal 0 0 1
    outer loop
      vertex 5.46416 41.4951 1.6
      vertex 0 35.2 1.6
      vertex 5.50628 41.3196 1.6
    endloop
  endfacet
  facet normal 0 0 -1
    outer loop
      vertex 7.62466 42.1971 0
      vertex 25.5753 42.1971 0
      vertex 7.69371 42.0304 0
    endloop
  endfacet
  facet normal 0 0 -1
    outer loop
      vertex 25.5753 53.4029 0
      vertex 7.73584 53.7451 0
      vertex 7.75 53.925 0
    endloop
  endfacet
  facet normal 0 0 -1
    outer loop
      vertex 25.5753 42.1971 0
      vertex 7.62466 42.1971 0
      vertex 25.5753 53.4029 0
    endloop
  endfacet
  facet normal 0 0 -1
    outer loop
      vertex 25.5753 53.4029 0
      vertex 7.69371 53.5696 0
      vertex 7.73584 53.7451 0
    endloop
  endfacet
  facet normal 0 0 -1
    outer loop
      vertex 7.62466 53.4029 0
      vertex 25.5753 53.4029 0
      vertex 7.62466 42.1971 0
    endloop
  endfacet
  facet normal 0 0 -1
    outer loop
      vertex 25.5753 53.4029 0
      vertex 7.62466 53.4029 0
      vertex 7.69371 53.5696 0
    endloop
  endfacet
  facet normal 0 0 -1
    outer loop
      vertex 7.53037 42.351 0
      vertex 7.62466 53.4029 0
      vertex 7.62466 42.1971 0
    endloop
  endfacet
  facet normal 0 0 -1
    outer loop
      vertex 7.53037 42.351 0
      vertex 7.53037 53.249 0
      vertex 7.62466 53.4029 0
    endloop
  endfacet
  facet normal 0 0 -1
    outer loop
      vertex 7.41317 42.4882 0
      vertex 7.53037 53.249 0
      vertex 7.53037 42.351 0
    endloop
  endfacet
  facet normal 0 0 -1
    outer loop
      vertex 7.41317 42.4882 0
      vertex 7.41317 53.1118 0
      vertex 7.53037 53.249 0
    endloop
  endfacet
  facet normal 0 0 -1
    outer loop
      vertex 7.27595 42.6054 0
      vertex 7.41317 53.1118 0
      vertex 7.41317 42.4882 0
    endloop
  endfacet
  facet normal 0 0 -1
    outer loop
      vertex 7.27595 42.6054 0
      vertex 7.27595 52.9946 0
      vertex 7.41317 53.1118 0
    endloop
  endfacet
  facet normal 0 0 -1
    outer loop
      vertex 7.12209 42.6997 0
      vertex 7.27595 52.9946 0
      vertex 7.27595 42.6054 0
    endloop
  endfacet
  facet normal 0 0 -1
    outer loop
      vertex 7.12209 42.6997 0
      vertex 7.12209 52.9003 0
      vertex 7.27595 52.9946 0
    endloop
  endfacet
  facet normal 0 0 -1
    outer loop
      vertex 6.95537 42.7687 0
      vertex 7.12209 52.9003 0
      vertex 7.12209 42.6997 0
    endloop
  endfacet
  facet normal 0 0 -1
    outer loop
      vertex 6.95537 42.7687 0
      vertex 6.95537 52.8313 0
      vertex 7.12209 52.9003 0
    endloop
  endfacet
  facet normal 0 0 -1
    outer loop
      vertex 6.7799 42.8108 0
      vertex 6.95537 52.8313 0
      vertex 6.95537 42.7687 0
    endloop
  endfacet
  facet normal 0 0 -1
    outer loop
      vertex 6.7799 42.8108 0
      vertex 6.7799 52.7892 0
      vertex 6.95537 52.8313 0
    endloop
  endfacet
  facet normal 0 0 -1
    outer loop
      vertex 6.6 42.825 0
      vertex 6.7799 52.7892 0
      vertex 6.7799 42.8108 0
    endloop
  endfacet
  facet normal 0 0 -1
    outer loop
      vertex 6.6 42.825 0
      vertex 6.6 52.775 0
      vertex 6.7799 52.7892 0
    endloop
  endfacet
  facet normal 0 0 -1
    outer loop
      vertex 6.4201 42.8108 0
      vertex 6.6 52.775 0
      vertex 6.6 42.825 0
    endloop
  endfacet
  facet normal 0 0 -1
    outer loop
      vertex 6.4201 42.8108 0
      vertex 6.4201 52.7892 0
      vertex 6.6 52.775 0
    endloop
  endfacet
  facet normal 0 0 -1
    outer loop
      vertex 6.24463 42.7687 0
      vertex 6.4201 52.7892 0
      vertex 6.4201 42.8108 0
    endloop
  endfacet
  facet normal 0 0 -1
    outer loop
      vertex 6.24463 42.7687 0
      vertex 6.24463 52.8313 0
      vertex 6.4201 52.7892 0
    endloop
  endfacet
  facet normal 0 0 -1
    outer loop
      vertex 6.07791 42.6997 0
      vertex 6.24463 52.8313 0
      vertex 6.24463 42.7687 0
    endloop
  endfacet
  facet normal 0 0 -1
    outer loop
      vertex 6.07791 42.6997 0
      vertex 6.07791 52.9003 0
      vertex 6.24463 52.8313 0
    endloop
  endfacet
  facet normal 0 0 -1
    outer loop
      vertex 5.92405 42.6054 0
      vertex 6.07791 52.9003 0
      vertex 6.07791 42.6997 0
    endloop
  endfacet
  facet normal 0 0 -1
    outer loop
      vertex 5.92405 42.6054 0
      vertex 5.92405 52.9946 0
      vertex 6.07791 52.9003 0
    endloop
  endfacet
  facet normal 0 0 -1
    outer loop
      vertex 5.78683 42.4882 0
      vertex 5.92405 52.9946 0
      vertex 5.92405 42.6054 0
    endloop
  endfacet
  facet normal 0 0 -1
    outer loop
      vertex 5.78683 42.4882 0
      vertex 5.78683 53.1118 0
      vertex 5.92405 52.9946 0
    endloop
  endfacet
  facet normal 0 0 -1
    outer loop
      vertex 5.66963 42.351 0
      vertex 5.78683 53.1118 0
      vertex 5.78683 42.4882 0
    endloop
  endfacet
  facet normal 0 0 -1
    outer loop
      vertex 5.66963 42.351 0
      vertex 5.66963 53.249 0
      vertex 5.78683 53.1118 0
    endloop
  endfacet
  facet normal 0 0 -1
    outer loop
      vertex 5.57534 42.1971 0
      vertex 5.66963 53.249 0
      vertex 5.66963 42.351 0
    endloop
  endfacet
  facet normal 0 0 -1
    outer loop
      vertex 5.57534 42.1971 0
      vertex 5.57534 53.4029 0
      vertex 5.66963 53.249 0
    endloop
  endfacet
  facet normal 0 0 -1
    outer loop
      vertex 5.50628 42.0304 0
      vertex 5.57534 53.4029 0
      vertex 5.57534 42.1971 0
    endloop
  endfacet
  facet normal 0 0 -1
    outer loop
      vertex 5.50628 42.0304 0
      vertex 5.50628 53.5696 0
      vertex 5.57534 53.4029 0
    endloop
  endfacet
  facet normal 0 0 -1
    outer loop
      vertex 0 35.2 0
      vertex 5.50628 42.0304 0
      vertex 5.46416 41.8549 0
    endloop
  endfacet
  facet normal -0 0 -1
    outer loop
      vertex 5.50628 42.0304 0
      vertex 0 35.2 0
      vertex 5.50628 53.5696 0
    endloop
  endfacet
  facet normal 0 0 -1
    outer loop
      vertex 0 35.2 0
      vertex 5.46416 41.8549 0
      vertex 5.45 41.675 0
    endloop
  endfacet
  facet normal 0 0 -1
    outer loop
      vertex 0 60.4 0
      vertex 5.50628 53.5696 0
      vertex 0 35.2 0
    endloop
  endfacet
  facet normal 0 0 -1
    outer loop
      vertex 27.6937 42.0304 0
      vertex 46.8 56.4 0
      vertex 27.7358 41.8549 0
    endloop
  endfacet
  facet normal 0 0 -1
    outer loop
      vertex 46.8 56.4 0
      vertex 27.7358 53.7451 0
      vertex 27.75 53.925 0
    endloop
  endfacet
  facet normal 0 0 -1
    outer loop
      vertex 27.6247 42.1971 0
      vertex 46.8 56.4 0
      vertex 27.6937 42.0304 0
    endloop
  endfacet
  facet normal 0 0 -1
    outer loop
      vertex 46.8 56.4 0
      vertex 27.6937 53.5696 0
      vertex 27.7358 53.7451 0
    endloop
  endfacet
  facet normal 0 0 -1
    outer loop
      vertex 27.6247 53.4029 0
      vertex 46.8 56.4 0
      vertex 27.6247 42.1971 0
    endloop
  endfacet
  facet normal 0 0 -1
    outer loop
      vertex 46.8 56.4 0
      vertex 27.6247 53.4029 0
      vertex 27.6937 53.5696 0
    endloop
  endfacet
  facet normal 0 0 -1
    outer loop
      vertex 27.5304 42.351 0
      vertex 27.6247 53.4029 0
      vertex 27.6247 42.1971 0
    endloop
  endfacet
  facet normal 0 0 -1
    outer loop
      vertex 27.5304 42.351 0
      vertex 27.5304 53.249 0
      vertex 27.6247 53.4029 0
    endloop
  endfacet
  facet normal 0 0 -1
    outer loop
      vertex 27.4132 42.4882 0
      vertex 27.5304 53.249 0
      vertex 27.5304 42.351 0
    endloop
  endfacet
  facet normal 0 0 -1
    outer loop
      vertex 27.4132 42.4882 0
      vertex 27.4132 53.1118 0
      vertex 27.5304 53.249 0
    endloop
  endfacet
  facet normal 0 0 -1
    outer loop
      vertex 27.276 42.6054 0
      vertex 27.4132 53.1118 0
      vertex 27.4132 42.4882 0
    endloop
  endfacet
  facet normal 0 0 -1
    outer loop
      vertex 27.276 42.6054 0
      vertex 27.276 52.9946 0
      vertex 27.4132 53.1118 0
    endloop
  endfacet
  facet normal 0 0 -1
    outer loop
      vertex 27.1221 42.6997 0
      vertex 27.276 52.9946 0
      vertex 27.276 42.6054 0
    endloop
  endfacet
  facet normal 0 0 -1
    outer loop
      vertex 27.1221 42.6997 0
      vertex 27.1221 52.9003 0
      vertex 27.276 52.9946 0
    endloop
  endfacet
  facet normal 0 0 -1
    outer loop
      vertex 26.9554 42.7687 0
      vertex 27.1221 52.9003 0
      vertex 27.1221 42.6997 0
    endloop
  endfacet
  facet normal 0 0 -1
    outer loop
      vertex 26.9554 42.7687 0
      vertex 26.9554 52.8313 0
      vertex 27.1221 52.9003 0
    endloop
  endfacet
  facet normal 0 0 -1
    outer loop
      vertex 26.7799 42.8108 0
      vertex 26.9554 52.8313 0
      vertex 26.9554 42.7687 0
    endloop
  endfacet
  facet normal 0 0 -1
    outer loop
      vertex 26.7799 42.8108 0
      vertex 26.7799 52.7892 0
      vertex 26.9554 52.8313 0
    endloop
  endfacet
  facet normal 0 0 -1
    outer loop
      vertex 26.6 42.825 0
      vertex 26.7799 52.7892 0
      vertex 26.7799 42.8108 0
    endloop
  endfacet
  facet normal 0 0 -1
    outer loop
      vertex 26.6 42.825 0
      vertex 26.6 52.775 0
      vertex 26.7799 52.7892 0
    endloop
  endfacet
  facet normal 0 0 -1
    outer loop
      vertex 26.4201 42.8108 0
      vertex 26.6 52.775 0
      vertex 26.6 42.825 0
    endloop
  endfacet
  facet normal 0 0 -1
    outer loop
      vertex 26.4201 42.8108 0
      vertex 26.4201 52.7892 0
      vertex 26.6 52.775 0
    endloop
  endfacet
  facet normal 0 0 -1
    outer loop
      vertex 26.2446 42.7687 0
      vertex 26.4201 52.7892 0
      vertex 26.4201 42.8108 0
    endloop
  endfacet
  facet normal 0 0 -1
    outer loop
      vertex 26.2446 42.7687 0
      vertex 26.2446 52.8313 0
      vertex 26.4201 52.7892 0
    endloop
  endfacet
  facet normal 0 0 -1
    outer loop
      vertex 26.0779 42.6997 0
      vertex 26.2446 52.8313 0
      vertex 26.2446 42.7687 0
    endloop
  endfacet
  facet normal 0 0 -1
    outer loop
      vertex 26.0779 42.6997 0
      vertex 26.0779 52.9003 0
      vertex 26.2446 52.8313 0
    endloop
  endfacet
  facet normal 0 0 -1
    outer loop
      vertex 25.924 42.6054 0
      vertex 26.0779 52.9003 0
      vertex 26.0779 42.6997 0
    endloop
  endfacet
  facet normal 0 0 -1
    outer loop
      vertex 25.924 42.6054 0
      vertex 25.924 52.9946 0
      vertex 26.0779 52.9003 0
    endloop
  endfacet
  facet normal 0 0 -1
    outer loop
      vertex 25.7868 42.4882 0
      vertex 25.924 52.9946 0
      vertex 25.924 42.6054 0
    endloop
  endfacet
  facet normal 0 0 -1
    outer loop
      vertex 25.7868 42.4882 0
      vertex 25.7868 53.1118 0
      vertex 25.924 52.9946 0
    endloop
  endfacet
  facet normal 0 0 -1
    outer loop
      vertex 25.6696 42.351 0
      vertex 25.7868 53.1118 0
      vertex 25.7868 42.4882 0
    endloop
  endfacet
  facet normal 0 0 -1
    outer loop
      vertex 25.6696 42.351 0
      vertex 25.6696 53.249 0
      vertex 25.7868 53.1118 0
    endloop
  endfacet
  facet normal 0 0 -1
    outer loop
      vertex 25.5753 42.1971 0
      vertex 25.6696 53.249 0
      vertex 25.6696 42.351 0
    endloop
  endfacet
  facet normal 0 0 -1
    outer loop
      vertex 25.5753 42.1971 0
      vertex 25.5753 53.4029 0
      vertex 25.6696 53.249 0
    endloop
  endfacet
  facet normal 0 0 -1
    outer loop
      vertex 25.4642 41.8549 0
      vertex 7.73584 41.8549 0
      vertex 25.5063 42.0304 0
    endloop
  endfacet
  facet normal 0 0 -1
    outer loop
      vertex 7.69371 42.0304 0
      vertex 25.5063 42.0304 0
      vertex 7.73584 41.8549 0
    endloop
  endfacet
  facet normal 0 0 -1
    outer loop
      vertex 7.73584 41.8549 0
      vertex 25.4642 41.8549 0
      vertex 7.75 41.675 0
    endloop
  endfacet
  facet normal 0 0 -1
    outer loop
      vertex 25.5063 42.0304 0
      vertex 7.69371 42.0304 0
      vertex 25.5753 42.1971 0
    endloop
  endfacet
  facet normal 0 0 -1
    outer loop
      vertex 7.75 41.675 0
      vertex 25.4642 41.8549 0
      vertex 25.45 41.675 0
    endloop
  endfacet
  facet normal 0 0 -1
    outer loop
      vertex 25.5753 53.4029 0
      vertex 7.75 53.925 0
      vertex 25.5063 53.5696 0
    endloop
  endfacet
  facet normal 0 0 -1
    outer loop
      vertex 50.8 35.2 0
      vertex 46.8 56.4 0
      vertex 50.8 56.4 0
    endloop
  endfacet
  facet normal 0 0 -1
    outer loop
      vertex 50.8 35.2 0
      vertex 27.7358 41.8549 0
      vertex 46.8 56.4 0
    endloop
  endfacet
  facet normal 0 0 -1
    outer loop
      vertex 27.7358 41.8549 0
      vertex 50.8 35.2 0
      vertex 27.75 41.675 0
    endloop
  endfacet
  facet normal 0 0 -1
    outer loop
      vertex 50.8 35.2 0
      vertex 27.7358 41.4951 0
      vertex 27.75 41.675 0
    endloop
  endfacet
  facet normal 0 0 -1
    outer loop
      vertex 50.8 35.2 0
      vertex 27.6937 41.3196 0
      vertex 27.7358 41.4951 0
    endloop
  endfacet
  facet normal 0 0 -1
    outer loop
      vertex 50.8 35.2 0
      vertex 27.6247 41.1529 0
      vertex 27.6937 41.3196 0
    endloop
  endfacet
  facet normal 0 0 -1
    outer loop
      vertex 50.8 35.2 0
      vertex 27.5304 40.999 0
      vertex 27.6247 41.1529 0
    endloop
  endfacet
  facet normal 0 0 -1
    outer loop
      vertex 50.8 35.2 0
      vertex 27.4132 40.8618 0
      vertex 27.5304 40.999 0
    endloop
  endfacet
  facet normal 0 0 -1
    outer loop
      vertex 50.8 35.2 0
      vertex 27.276 40.7446 0
      vertex 27.4132 40.8618 0
    endloop
  endfacet
  facet normal 0 0 -1
    outer loop
      vertex 50.8 35.2 0
      vertex 27.1221 40.6503 0
      vertex 27.276 40.7446 0
    endloop
  endfacet
  facet normal 0 0 -1
    outer loop
      vertex 50.8 35.2 0
      vertex 26.9554 40.5813 0
      vertex 27.1221 40.6503 0
    endloop
  endfacet
  facet normal 0 0 -1
    outer loop
      vertex 50.8 35.2 0
      vertex 26.7799 40.5392 0
      vertex 26.9554 40.5813 0
    endloop
  endfacet
  facet normal 0 0 -1
    outer loop
      vertex 50.8 35.2 0
      vertex 26.6 40.525 0
      vertex 26.7799 40.5392 0
    endloop
  endfacet
  facet normal 0 0 -1
    outer loop
      vertex 0 35.2 0
      vertex 26.6 40.525 0
      vertex 50.8 35.2 0
    endloop
  endfacet
  facet normal 0 0 -1
    outer loop
      vertex 25.5063 53.5696 0
      vertex 7.75 53.925 0
      vertex 25.4642 53.7451 0
    endloop
  endfacet
  facet normal 0 0 -1
    outer loop
      vertex 25.4642 41.4951 0
      vertex 7.75 41.675 0
      vertex 25.45 41.675 0
    endloop
  endfacet
  facet normal 0 0 -1
    outer loop
      vertex 7.73584 41.4951 0
      vertex 25.4642 41.4951 0
      vertex 25.5063 41.3196 0
    endloop
  endfacet
  facet normal 0 0 -1
    outer loop
      vertex 7.69371 41.3196 0
      vertex 25.5063 41.3196 0
      vertex 25.5753 41.1529 0
    endloop
  endfacet
  facet normal 0 0 -1
    outer loop
      vertex 7.62466 41.1529 0
      vertex 25.5753 41.1529 0
      vertex 25.6696 40.999 0
    endloop
  endfacet
  facet normal 0 0 -1
    outer loop
      vertex 7.53037 40.999 0
      vertex 25.6696 40.999 0
      vertex 25.7868 40.8618 0
    endloop
  endfacet
  facet normal 0 0 -1
    outer loop
      vertex 7.41317 40.8618 0
      vertex 25.7868 40.8618 0
      vertex 25.924 40.7446 0
    endloop
  endfacet
  facet normal 0 0 -1
    outer loop
      vertex 7.27595 40.7446 0
      vertex 25.924 40.7446 0
      vertex 26.0779 40.6503 0
    endloop
  endfacet
  facet normal 0 0 -1
    outer loop
      vertex 0 35.2 0
      vertex 26.0779 40.6503 0
      vertex 26.2446 40.5813 0
    endloop
  endfacet
  facet normal 0 0 -1
    outer loop
      vertex 0 35.2 0
      vertex 26.2446 40.5813 0
      vertex 26.4201 40.5392 0
    endloop
  endfacet
  facet normal -0 0 -1
    outer loop
      vertex 26.6 40.525 0
      vertex 0 35.2 0
      vertex 26.4201 40.5392 0
    endloop
  endfacet
  facet normal 0 0 -1
    outer loop
      vertex 25.4642 41.4951 0
      vertex 7.73584 41.4951 0
      vertex 7.75 41.675 0
    endloop
  endfacet
  facet normal 0 0 -1
    outer loop
      vertex 25.5063 41.3196 0
      vertex 7.69371 41.3196 0
      vertex 7.73584 41.4951 0
    endloop
  endfacet
  facet normal 0 0 -1
    outer loop
      vertex 25.5753 41.1529 0
      vertex 7.62466 41.1529 0
      vertex 7.69371 41.3196 0
    endloop
  endfacet
  facet normal 0 0 -1
    outer loop
      vertex 25.6696 40.999 0
      vertex 7.53037 40.999 0
      vertex 7.62466 41.1529 0
    endloop
  endfacet
  facet normal 0 0 -1
    outer loop
      vertex 25.7868 40.8618 0
      vertex 7.41317 40.8618 0
      vertex 7.53037 40.999 0
    endloop
  endfacet
  facet normal 0 0 -1
    outer loop
      vertex 25.924 40.7446 0
      vertex 7.27595 40.7446 0
      vertex 7.41317 40.8618 0
    endloop
  endfacet
  facet normal 0 0 -1
    outer loop
      vertex 26.0779 40.6503 0
      vertex 7.12209 40.6503 0
      vertex 7.27595 40.7446 0
    endloop
  endfacet
  facet normal -0 0 -1
    outer loop
      vertex 26.0779 40.6503 0
      vertex 0 35.2 0
      vertex 7.12209 40.6503 0
    endloop
  endfacet
  facet normal 0 0 -1
    outer loop
      vertex 7.12209 40.6503 0
      vertex 0 35.2 0
      vertex 6.95537 40.5813 0
    endloop
  endfacet
  facet normal 0 0 -1
    outer loop
      vertex 6.95537 40.5813 0
      vertex 0 35.2 0
      vertex 6.7799 40.5392 0
    endloop
  endfacet
  facet normal 0 0 -1
    outer loop
      vertex 6.7799 40.5392 0
      vertex 0 35.2 0
      vertex 6.6 40.525 0
    endloop
  endfacet
  facet normal 0 0 -1
    outer loop
      vertex 5.50628 53.5696 0
      vertex 0 60.4 0
      vertex 5.46416 53.7451 0
    endloop
  endfacet
  facet normal -0 0 -1
    outer loop
      vertex 5.46416 41.4951 0
      vertex 0 35.2 0
      vertex 5.45 41.675 0
    endloop
  endfacet
  facet normal -0 0 -1
    outer loop
      vertex 5.50628 41.3196 0
      vertex 0 35.2 0
      vertex 5.46416 41.4951 0
    endloop
  endfacet
  facet normal -0 0 -1
    outer loop
      vertex 5.57534 41.1529 0
      vertex 0 35.2 0
      vertex 5.50628 41.3196 0
    endloop
  endfacet
  facet normal -0 0 -1
    outer loop
      vertex 5.66963 40.999 0
      vertex 0 35.2 0
      vertex 5.57534 41.1529 0
    endloop
  endfacet
  facet normal -0 0 -1
    outer loop
      vertex 5.78683 40.8618 0
      vertex 0 35.2 0
      vertex 5.66963 40.999 0
    endloop
  endfacet
  facet normal -0 0 -1
    outer loop
      vertex 5.92405 40.7446 0
      vertex 0 35.2 0
      vertex 5.78683 40.8618 0
    endloop
  endfacet
  facet normal -0 0 -1
    outer loop
      vertex 6.07791 40.6503 0
      vertex 0 35.2 0
      vertex 5.92405 40.7446 0
    endloop
  endfacet
  facet normal -0 0 -1
    outer loop
      vertex 6.24463 40.5813 0
      vertex 0 35.2 0
      vertex 6.07791 40.6503 0
    endloop
  endfacet
  facet normal -0 0 -1
    outer loop
      vertex 6.4201 40.5392 0
      vertex 0 35.2 0
      vertex 6.24463 40.5813 0
    endloop
  endfacet
  facet normal -0 0 -1
    outer loop
      vertex 6.6 40.525 0
      vertex 0 35.2 0
      vertex 6.4201 40.5392 0
    endloop
  endfacet
  facet normal 0 0 -1
    outer loop
      vertex 27.7358 54.1049 0
      vertex 46.8 56.4 0
      vertex 27.75 53.925 0
    endloop
  endfacet
  facet normal 0 0 -1
    outer loop
      vertex 27.6937 54.2804 0
      vertex 46.8 56.4 0
      vertex 27.7358 54.1049 0
    endloop
  endfacet
  facet normal 0 0 -1
    outer loop
      vertex 27.6247 54.4471 0
      vertex 46.8 56.4 0
      vertex 27.6937 54.2804 0
    endloop
  endfacet
  facet normal -0 0 -1
    outer loop
      vertex 46.8 56.4 0
      vertex 27.6247 54.4471 0
      vertex 46.8 60.4 0
    endloop
  endfacet
  facet normal 0 0 -1
    outer loop
      vertex 27.5304 54.601 0
      vertex 46.8 60.4 0
      vertex 27.6247 54.4471 0
    endloop
  endfacet
  facet normal 0 0 -1
    outer loop
      vertex 27.4132 54.7382 0
      vertex 46.8 60.4 0
      vertex 27.5304 54.601 0
    endloop
  endfacet
  facet normal 0 0 -1
    outer loop
      vertex 27.276 54.8554 0
      vertex 46.8 60.4 0
      vertex 27.4132 54.7382 0
    endloop
  endfacet
  facet normal 0 0 -1
    outer loop
      vertex 27.1221 54.9497 0
      vertex 46.8 60.4 0
      vertex 27.276 54.8554 0
    endloop
  endfacet
  facet normal 0 0 -1
    outer loop
      vertex 26.9554 55.0187 0
      vertex 46.8 60.4 0
      vertex 27.1221 54.9497 0
    endloop
  endfacet
  facet normal 0 0 -1
    outer loop
      vertex 26.7799 55.0608 0
      vertex 46.8 60.4 0
      vertex 26.9554 55.0187 0
    endloop
  endfacet
  facet normal 0 0 -1
    outer loop
      vertex 26.6 55.075 0
      vertex 46.8 60.4 0
      vertex 26.7799 55.0608 0
    endloop
  endfacet
  facet normal 0 0 -1
    outer loop
      vertex 0 60.4 0
      vertex 26.6 55.075 0
      vertex 26.4201 55.0608 0
    endloop
  endfacet
  facet normal 0 0 -1
    outer loop
      vertex 0 60.4 0
      vertex 26.4201 55.0608 0
      vertex 26.2446 55.0187 0
    endloop
  endfacet
  facet normal 0 0 -1
    outer loop
      vertex 25.4642 53.7451 0
      vertex 7.75 53.925 0
      vertex 25.45 53.925 0
    endloop
  endfacet
  facet normal 0 0 -1
    outer loop
      vertex 25.45 53.925 0
      vertex 7.75 53.925 0
      vertex 25.4642 54.1049 0
    endloop
  endfacet
  facet normal 0 0 -1
    outer loop
      vertex 7.73584 54.1049 0
      vertex 25.4642 54.1049 0
      vertex 7.75 53.925 0
    endloop
  endfacet
  facet normal 0 0 -1
    outer loop
      vertex 25.4642 54.1049 0
      vertex 7.73584 54.1049 0
      vertex 25.5063 54.2804 0
    endloop
  endfacet
  facet normal 0 0 -1
    outer loop
      vertex 7.69371 54.2804 0
      vertex 25.5063 54.2804 0
      vertex 7.73584 54.1049 0
    endloop
  endfacet
  facet normal 0 0 -1
    outer loop
      vertex 25.5063 54.2804 0
      vertex 7.69371 54.2804 0
      vertex 25.5753 54.4471 0
    endloop
  endfacet
  facet normal 0 0 -1
    outer loop
      vertex 7.62466 54.4471 0
      vertex 25.5753 54.4471 0
      vertex 7.69371 54.2804 0
    endloop
  endfacet
  facet normal 0 0 -1
    outer loop
      vertex 25.5753 54.4471 0
      vertex 7.62466 54.4471 0
      vertex 25.6696 54.601 0
    endloop
  endfacet
  facet normal 0 0 -1
    outer loop
      vertex 7.53037 54.601 0
      vertex 25.6696 54.601 0
      vertex 7.62466 54.4471 0
    endloop
  endfacet
  facet normal 0 0 -1
    outer loop
      vertex 25.6696 54.601 0
      vertex 7.53037 54.601 0
      vertex 25.7868 54.7382 0
    endloop
  endfacet
  facet normal 0 0 -1
    outer loop
      vertex 7.41317 54.7382 0
      vertex 25.7868 54.7382 0
      vertex 7.53037 54.601 0
    endloop
  endfacet
  facet normal 0 0 -1
    outer loop
      vertex 25.7868 54.7382 0
      vertex 7.41317 54.7382 0
      vertex 25.924 54.8554 0
    endloop
  endfacet
  facet normal 0 0 -1
    outer loop
      vertex 7.27595 54.8554 0
      vertex 25.924 54.8554 0
      vertex 7.41317 54.7382 0
    endloop
  endfacet
  facet normal 0 0 -1
    outer loop
      vertex 25.924 54.8554 0
      vertex 7.27595 54.8554 0
      vertex 26.0779 54.9497 0
    endloop
  endfacet
  facet normal 0 0 -1
    outer loop
      vertex 7.12209 54.9497 0
      vertex 26.0779 54.9497 0
      vertex 7.27595 54.8554 0
    endloop
  endfacet
  facet normal 0 0 -1
    outer loop
      vertex 0 60.4 0
      vertex 26.0779 54.9497 0
      vertex 7.12209 54.9497 0
    endloop
  endfacet
  facet normal 0 0 -1
    outer loop
      vertex 26.0779 54.9497 0
      vertex 0 60.4 0
      vertex 26.2446 55.0187 0
    endloop
  endfacet
  facet normal 0 0 -1
    outer loop
      vertex 0 60.4 0
      vertex 7.12209 54.9497 0
      vertex 6.95537 55.0187 0
    endloop
  endfacet
  facet normal 0 0 -1
    outer loop
      vertex 0 60.4 0
      vertex 6.95537 55.0187 0
      vertex 6.7799 55.0608 0
    endloop
  endfacet
  facet normal 0 0 -1
    outer loop
      vertex 0 60.4 0
      vertex 6.7799 55.0608 0
      vertex 6.6 55.075 0
    endloop
  endfacet
  facet normal 0 0 -1
    outer loop
      vertex 0 60.4 0
      vertex 6.6 55.075 0
      vertex 6.4201 55.0608 0
    endloop
  endfacet
  facet normal 0 0 -1
    outer loop
      vertex 5.46416 53.7451 0
      vertex 0 60.4 0
      vertex 5.45 53.925 0
    endloop
  endfacet
  facet normal 0 0 -1
    outer loop
      vertex 5.45 53.925 0
      vertex 0 60.4 0
      vertex 5.46416 54.1049 0
    endloop
  endfacet
  facet normal 0 0 -1
    outer loop
      vertex 26.6 55.075 0
      vertex 0 60.4 0
      vertex 46.8 60.4 0
    endloop
  endfacet
  facet normal 0 0 -1
    outer loop
      vertex 6.24463 55.0187 0
      vertex 0 60.4 0
      vertex 6.4201 55.0608 0
    endloop
  endfacet
  facet normal 0 0 -1
    outer loop
      vertex 6.07791 54.9497 0
      vertex 0 60.4 0
      vertex 6.24463 55.0187 0
    endloop
  endfacet
  facet normal 0 0 -1
    outer loop
      vertex 5.92405 54.8554 0
      vertex 0 60.4 0
      vertex 6.07791 54.9497 0
    endloop
  endfacet
  facet normal 0 0 -1
    outer loop
      vertex 5.78683 54.7382 0
      vertex 0 60.4 0
      vertex 5.92405 54.8554 0
    endloop
  endfacet
  facet normal 0 0 -1
    outer loop
      vertex 5.66963 54.601 0
      vertex 0 60.4 0
      vertex 5.78683 54.7382 0
    endloop
  endfacet
  facet normal 0 0 -1
    outer loop
      vertex 5.57534 54.4471 0
      vertex 0 60.4 0
      vertex 5.66963 54.601 0
    endloop
  endfacet
  facet normal 0 0 -1
    outer loop
      vertex 5.50628 54.2804 0
      vertex 0 60.4 0
      vertex 5.57534 54.4471 0
    endloop
  endfacet
  facet normal 0 0 -1
    outer loop
      vertex 5.46416 54.1049 0
      vertex 0 60.4 0
      vertex 5.50628 54.2804 0
    endloop
  endfacet
  facet normal -1 0 0
    outer loop
      vertex 0 35.2 0
      vertex 0 60.4 1.6
      vertex 0 60.4 0
    endloop
  endfacet
  facet normal -1 -0 0
    outer loop
      vertex 0 60.4 1.6
      vertex 0 35.2 0
      vertex 0 35.2 1.6
    endloop
  endfacet
  facet normal 0 1 -0
    outer loop
      vertex 46.8 60.4 0
      vertex 0 60.4 1.6
      vertex 46.8 60.4 1.6
    endloop
  endfacet
  facet normal 0 1 0
    outer loop
      vertex 0 60.4 1.6
      vertex 46.8 60.4 0
      vertex 0 60.4 0
    endloop
  endfacet
  facet normal 0 -1 0
    outer loop
      vertex 0 35.2 0
      vertex 50.8 35.2 1.6
      vertex 0 35.2 1.6
    endloop
  endfacet
  facet normal 0 -1 -0
    outer loop
      vertex 50.8 35.2 1.6
      vertex 0 35.2 0
      vertex 50.8 35.2 0
    endloop
  endfacet
  facet normal 1 -0 0
    outer loop
      vertex 46.8 56.4 1.6
      vertex 46.8 60.4 0
      vertex 46.8 60.4 1.6
    endloop
  endfacet
  facet normal 1 0 0
    outer loop
      vertex 46.8 60.4 0
      vertex 46.8 56.4 1.6
      vertex 46.8 56.4 0
    endloop
  endfacet
  facet normal 0 1 -0
    outer loop
      vertex 50.8 56.4 0
      vertex 46.8 56.4 1.6
      vertex 50.8 56.4 1.6
    endloop
  endfacet
  facet normal 0 1 0
    outer loop
      vertex 46.8 56.4 1.6
      vertex 50.8 56.4 0
      vertex 46.8 56.4 0
    endloop
  endfacet
endsolid OpenSCAD_Model
