solid OpenSCAD_Model
  facet normal 1 -0 0
    outer loop
      vertex 50.8 0 11.2
      vertex 50.8 25.2 0
      vertex 50.8 25.2 11.2
    endloop
  endfacet
  facet normal 1 0 0
    outer loop
      vertex 50.8 25.2 0
      vertex 50.8 0 11.2
      vertex 50.8 0 0
    endloop
  endfacet
  facet normal 0 0 1
    outer loop
      vertex 29.4 27.1 11.2
      vertex 21.4 27.1 11.2
      vertex 29.4 25.2 11.2
    endloop
  endfacet
  facet normal 0 0 1
    outer loop
      vertex 50.8 25.2 11.2
      vertex 49.2 23.6 11.2
      vertex 50.8 0 11.2
    endloop
  endfacet
  facet normal 0 0 1
    outer loop
      vertex 50.8 25.2 11.2
      vertex 33.2 23.6 11.2
      vertex 49.2 23.6 11.2
    endloop
  endfacet
  facet normal 0 0 1
    outer loop
      vertex 33.2 23.6 11.2
      vertex 31.6 23.6 11.2
      vertex 33.2 1.6 11.2
    endloop
  endfacet
  facet normal -0 0 1
    outer loop
      vertex 29.4 25.2 11.2
      vertex 33.2 23.6 11.2
      vertex 50.8 25.2 11.2
    endloop
  endfacet
  facet normal 0 0 1
    outer loop
      vertex 33.2 23.6 11.2
      vertex 29.4 25.2 11.2
      vertex 31.6 23.6 11.2
    endloop
  endfacet
  facet normal 0 0 1
    outer loop
      vertex 21.4 25.2 11.2
      vertex 29.4 25.2 11.2
      vertex 21.4 27.1 11.2
    endloop
  endfacet
  facet normal 0 0 1
    outer loop
      vertex 29.4 25.2 11.2
      vertex 21.4 25.2 11.2
      vertex 31.6 23.6 11.2
    endloop
  endfacet
  facet normal 0 0 1
    outer loop
      vertex 21.4 25.2 11.2
      vertex 1.6 23.6 11.2
      vertex 31.6 23.6 11.2
    endloop
  endfacet
  facet normal 0 0 1
    outer loop
      vertex 1.6 23.6 11.2
      vertex 0 25.2 11.2
      vertex 1.6 1.6 11.2
    endloop
  endfacet
  facet normal -0 0 1
    outer loop
      vertex 0 25.2 11.2
      vertex 1.6 23.6 11.2
      vertex 21.4 25.2 11.2
    endloop
  endfacet
  facet normal -0 0 1
    outer loop
      vertex 49.2 1.6 11.2
      vertex 50.8 0 11.2
      vertex 49.2 23.6 11.2
    endloop
  endfacet
  facet normal -0 0 1
    outer loop
      vertex 33.2 1.6 11.2
      vertex 50.8 0 11.2
      vertex 49.2 1.6 11.2
    endloop
  endfacet
  facet normal 0 0 1
    outer loop
      vertex 31.6 1.6 11.2
      vertex 33.2 1.6 11.2
      vertex 31.6 23.6 11.2
    endloop
  endfacet
  facet normal 0 0 1
    outer loop
      vertex 29.4 0 11.2
      vertex 33.2 1.6 11.2
      vertex 31.6 1.6 11.2
    endloop
  endfacet
  facet normal 0 0 1
    outer loop
      vertex 33.2 1.6 11.2
      vertex 29.4 0 11.2
      vertex 50.8 0 11.2
    endloop
  endfacet
  facet normal 0 0 1
    outer loop
      vertex 29.4 0 11.2
      vertex 21.4 0 11.2
      vertex 29.4 -1.9 11.2
    endloop
  endfacet
  facet normal 0 0 1
    outer loop
      vertex 31.6 1.6 11.2
      vertex 21.4 0 11.2
      vertex 29.4 0 11.2
    endloop
  endfacet
  facet normal -0 0 1
    outer loop
      vertex 1.6 1.6 11.2
      vertex 21.4 0 11.2
      vertex 31.6 1.6 11.2
    endloop
  endfacet
  facet normal 0 0 1
    outer loop
      vertex 1.6 1.6 11.2
      vertex 0 0 11.2
      vertex 21.4 0 11.2
    endloop
  endfacet
  facet normal 0 0 1
    outer loop
      vertex 0 0 11.2
      vertex 1.6 1.6 11.2
      vertex 0 25.2 11.2
    endloop
  endfacet
  facet normal 0 0 1
    outer loop
      vertex 29.4 -1.9 11.2
      vertex 21.4 0 11.2
      vertex 21.4 -1.9 11.2
    endloop
  endfacet
  facet normal 0 0 -1
    outer loop
      vertex 50.8 0 0
      vertex 46.7 12.6 0
      vertex 50.8 25.2 0
    endloop
  endfacet
  facet normal 0 0 -1
    outer loop
      vertex 50.8 0 0
      vertex 46.6323 11.7396 0
      vertex 46.7 12.6 0
    endloop
  endfacet
  facet normal 0 0 -1
    outer loop
      vertex 50.8 0 0
      vertex 46.4308 10.9004 0
      vertex 46.6323 11.7396 0
    endloop
  endfacet
  facet normal 0 0 -1
    outer loop
      vertex 50.8 0 0
      vertex 46.1005 10.1031 0
      vertex 46.4308 10.9004 0
    endloop
  endfacet
  facet normal 0 0 -1
    outer loop
      vertex 50.8 0 0
      vertex 45.6496 9.36718 0
      vertex 46.1005 10.1031 0
    endloop
  endfacet
  facet normal 0 0 -1
    outer loop
      vertex 50.8 0 0
      vertex 45.0891 8.71091 0
      vertex 45.6496 9.36718 0
    endloop
  endfacet
  facet normal 0 0 -1
    outer loop
      vertex 50.8 0 0
      vertex 44.4328 8.15041 0
      vertex 45.0891 8.71091 0
    endloop
  endfacet
  facet normal 0 0 -1
    outer loop
      vertex 50.8 0 0
      vertex 43.6969 7.69946 0
      vertex 44.4328 8.15041 0
    endloop
  endfacet
  facet normal 0 0 -1
    outer loop
      vertex 50.8 0 0
      vertex 42.8996 7.36919 0
      vertex 43.6969 7.69946 0
    endloop
  endfacet
  facet normal 0 0 -1
    outer loop
      vertex 50.8 0 0
      vertex 42.0604 7.16771 0
      vertex 42.8996 7.36919 0
    endloop
  endfacet
  facet normal 0 0 -1
    outer loop
      vertex 50.8 0 0
      vertex 41.2 7.1 0
      vertex 42.0604 7.16771 0
    endloop
  endfacet
  facet normal 0 0 -1
    outer loop
      vertex 50.8 0 0
      vertex 40.3396 7.16771 0
      vertex 41.2 7.1 0
    endloop
  endfacet
  facet normal 0 0 -1
    outer loop
      vertex 50.8 0 0
      vertex 39.5004 7.36919 0
      vertex 40.3396 7.16771 0
    endloop
  endfacet
  facet normal 0 0 -1
    outer loop
      vertex 0 0 0
      vertex 39.5004 7.36919 0
      vertex 50.8 0 0
    endloop
  endfacet
  facet normal -0 0 -1
    outer loop
      vertex 39.5004 7.36919 0
      vertex 0 0 0
      vertex 38.7031 7.69946 0
    endloop
  endfacet
  facet normal -0 0 -1
    outer loop
      vertex 35.7677 11.7396 0
      vertex 0 0 0
      vertex 35.7 12.6 0
    endloop
  endfacet
  facet normal -0 0 -1
    outer loop
      vertex 35.9692 10.9004 0
      vertex 0 0 0
      vertex 35.7677 11.7396 0
    endloop
  endfacet
  facet normal -0 0 -1
    outer loop
      vertex 36.2995 10.1031 0
      vertex 0 0 0
      vertex 35.9692 10.9004 0
    endloop
  endfacet
  facet normal -0 0 -1
    outer loop
      vertex 36.7504 9.36718 0
      vertex 0 0 0
      vertex 36.2995 10.1031 0
    endloop
  endfacet
  facet normal -0 0 -1
    outer loop
      vertex 37.3109 8.71091 0
      vertex 0 0 0
      vertex 36.7504 9.36718 0
    endloop
  endfacet
  facet normal -0 0 -1
    outer loop
      vertex 37.9672 8.15041 0
      vertex 0 0 0
      vertex 37.3109 8.71091 0
    endloop
  endfacet
  facet normal -0 0 -1
    outer loop
      vertex 38.7031 7.69946 0
      vertex 0 0 0
      vertex 37.9672 8.15041 0
    endloop
  endfacet
  facet normal 0 0 -1
    outer loop
      vertex 46.6323 13.4604 0
      vertex 50.8 25.2 0
      vertex 46.7 12.6 0
    endloop
  endfacet
  facet normal 0 0 -1
    outer loop
      vertex 46.4308 14.2996 0
      vertex 50.8 25.2 0
      vertex 46.6323 13.4604 0
    endloop
  endfacet
  facet normal 0 0 -1
    outer loop
      vertex 46.1005 15.0969 0
      vertex 50.8 25.2 0
      vertex 46.4308 14.2996 0
    endloop
  endfacet
  facet normal 0 0 -1
    outer loop
      vertex 45.6496 15.8328 0
      vertex 50.8 25.2 0
      vertex 46.1005 15.0969 0
    endloop
  endfacet
  facet normal 0 0 -1
    outer loop
      vertex 45.0891 16.4891 0
      vertex 50.8 25.2 0
      vertex 45.6496 15.8328 0
    endloop
  endfacet
  facet normal 0 0 -1
    outer loop
      vertex 44.4328 17.0496 0
      vertex 50.8 25.2 0
      vertex 45.0891 16.4891 0
    endloop
  endfacet
  facet normal 0 0 -1
    outer loop
      vertex 43.6969 17.5005 0
      vertex 50.8 25.2 0
      vertex 44.4328 17.0496 0
    endloop
  endfacet
  facet normal 0 0 -1
    outer loop
      vertex 42.8996 17.8308 0
      vertex 50.8 25.2 0
      vertex 43.6969 17.5005 0
    endloop
  endfacet
  facet normal 0 0 -1
    outer loop
      vertex 42.0604 18.0323 0
      vertex 50.8 25.2 0
      vertex 42.8996 17.8308 0
    endloop
  endfacet
  facet normal 0 0 -1
    outer loop
      vertex 41.2 18.1 0
      vertex 50.8 25.2 0
      vertex 42.0604 18.0323 0
    endloop
  endfacet
  facet normal 0 0 -1
    outer loop
      vertex 40.3396 18.0323 0
      vertex 50.8 25.2 0
      vertex 41.2 18.1 0
    endloop
  endfacet
  facet normal 0 0 -1
    outer loop
      vertex 39.5004 17.8308 0
      vertex 50.8 25.2 0
      vertex 40.3396 18.0323 0
    endloop
  endfacet
  facet normal 0 0 -1
    outer loop
      vertex 0 25.2 0
      vertex 39.5004 17.8308 0
      vertex 38.7031 17.5005 0
    endloop
  endfacet
  facet normal 0 0 -1
    outer loop
      vertex 0 25.2 0
      vertex 38.7031 17.5005 0
      vertex 37.9672 17.0496 0
    endloop
  endfacet
  facet normal 0 0 -1
    outer loop
      vertex 0 25.2 0
      vertex 35.7 12.6 0
      vertex 0 0 0
    endloop
  endfacet
  facet normal 0 0 -1
    outer loop
      vertex 35.7 12.6 0
      vertex 0 25.2 0
      vertex 35.7677 13.4604 0
    endloop
  endfacet
  facet normal 0 0 -1
    outer loop
      vertex 35.7677 13.4604 0
      vertex 0 25.2 0
      vertex 35.9692 14.2996 0
    endloop
  endfacet
  facet normal 0 0 -1
    outer loop
      vertex 35.9692 14.2996 0
      vertex 0 25.2 0
      vertex 36.2995 15.0969 0
    endloop
  endfacet
  facet normal 0 0 -1
    outer loop
      vertex 36.2995 15.0969 0
      vertex 0 25.2 0
      vertex 36.7504 15.8328 0
    endloop
  endfacet
  facet normal 0 0 -1
    outer loop
      vertex 36.7504 15.8328 0
      vertex 0 25.2 0
      vertex 37.3109 16.4891 0
    endloop
  endfacet
  facet normal 0 0 -1
    outer loop
      vertex 37.3109 16.4891 0
      vertex 0 25.2 0
      vertex 37.9672 17.0496 0
    endloop
  endfacet
  facet normal 0 0 -1
    outer loop
      vertex 39.5004 17.8308 0
      vertex 0 25.2 0
      vertex 50.8 25.2 0
    endloop
  endfacet
  facet normal -1 0 0
    outer loop
      vertex 0 25.2 0
      vertex 0 17.1 6.2
      vertex 0 25.2 11.2
    endloop
  endfacet
  facet normal -1 0 0
    outer loop
      vertex 0 25.2 0
      vertex 0 17.0815 5.96535
      vertex 0 17.1 6.2
    endloop
  endfacet
  facet normal -1 0 0
    outer loop
      vertex 0 25.2 0
      vertex 0 17.0266 5.73647
      vertex 0 17.0815 5.96535
    endloop
  endfacet
  facet normal -1 0 0
    outer loop
      vertex 0 25.2 0
      vertex 0 16.9365 5.51901
      vertex 0 17.0266 5.73647
    endloop
  endfacet
  facet normal -1 0 0
    outer loop
      vertex 0 25.2 0
      vertex 0 16.8135 5.31832
      vertex 0 16.9365 5.51901
    endloop
  endfacet
  facet normal -1 0 0
    outer loop
      vertex 0 25.2 0
      vertex 0 16.6607 5.13934
      vertex 0 16.8135 5.31832
    endloop
  endfacet
  facet normal -1 0 0
    outer loop
      vertex 0 25.2 0
      vertex 0 16.4817 4.98647
      vertex 0 16.6607 5.13934
    endloop
  endfacet
  facet normal -1 0 0
    outer loop
      vertex 0 25.2 0
      vertex 0 16.281 4.86349
      vertex 0 16.4817 4.98647
    endloop
  endfacet
  facet normal -1 0 0
    outer loop
      vertex 0 25.2 0
      vertex 0 16.0635 4.77341
      vertex 0 16.281 4.86349
    endloop
  endfacet
  facet normal -1 0 0
    outer loop
      vertex 0 25.2 0
      vertex 0 15.8347 4.71847
      vertex 0 16.0635 4.77341
    endloop
  endfacet
  facet normal -1 0 0
    outer loop
      vertex 0 25.2 0
      vertex 0 15.6 4.7
      vertex 0 15.8347 4.71847
    endloop
  endfacet
  facet normal -1 0 0
    outer loop
      vertex 0 25.2 0
      vertex 0 15.3653 4.71847
      vertex 0 15.6 4.7
    endloop
  endfacet
  facet normal -1 0 0
    outer loop
      vertex 0 9.83465 4.71847
      vertex 0 15.3653 4.71847
      vertex 0 25.2 0
    endloop
  endfacet
  facet normal -1 0 0
    outer loop
      vertex 0 15.3653 4.71847
      vertex 0 9.83465 4.71847
      vertex 0 15.1365 4.77341
    endloop
  endfacet
  facet normal -1 0 0
    outer loop
      vertex 0 14.1185 5.96535
      vertex 0 11.1 6.2
      vertex 0 14.1 6.2
    endloop
  endfacet
  facet normal -1 0 0
    outer loop
      vertex 0 11.0815 5.96535
      vertex 0 14.1185 5.96535
      vertex 0 14.1734 5.73647
    endloop
  endfacet
  facet normal -1 0 0
    outer loop
      vertex 0 11.0266 5.73647
      vertex 0 14.1734 5.73647
      vertex 0 14.2635 5.51901
    endloop
  endfacet
  facet normal -1 0 0
    outer loop
      vertex 0 10.9365 5.51901
      vertex 0 14.2635 5.51901
      vertex 0 14.3865 5.31832
    endloop
  endfacet
  facet normal -1 0 0
    outer loop
      vertex 0 10.8135 5.31832
      vertex 0 14.3865 5.31832
      vertex 0 14.5393 5.13934
    endloop
  endfacet
  facet normal -1 0 0
    outer loop
      vertex 0 10.6607 5.13934
      vertex 0 14.5393 5.13934
      vertex 0 14.7183 4.98647
    endloop
  endfacet
  facet normal -1 0 0
    outer loop
      vertex 0 10.4817 4.98647
      vertex 0 14.7183 4.98647
      vertex 0 14.919 4.86349
    endloop
  endfacet
  facet normal -1 0 -0
    outer loop
      vertex 0 10.0635 4.77341
      vertex 0 15.1365 4.77341
      vertex 0 9.83465 4.71847
    endloop
  endfacet
  facet normal -1 0 0
    outer loop
      vertex 0 14.1185 5.96535
      vertex 0 11.0815 5.96535
      vertex 0 11.1 6.2
    endloop
  endfacet
  facet normal -1 0 0
    outer loop
      vertex 0 14.1734 5.73647
      vertex 0 11.0266 5.73647
      vertex 0 11.0815 5.96535
    endloop
  endfacet
  facet normal -1 0 0
    outer loop
      vertex 0 14.2635 5.51901
      vertex 0 10.9365 5.51901
      vertex 0 11.0266 5.73647
    endloop
  endfacet
  facet normal -1 0 0
    outer loop
      vertex 0 14.3865 5.31832
      vertex 0 10.8135 5.31832
      vertex 0 10.9365 5.51901
    endloop
  endfacet
  facet normal -1 0 0
    outer loop
      vertex 0 14.5393 5.13934
      vertex 0 10.6607 5.13934
      vertex 0 10.8135 5.31832
    endloop
  endfacet
  facet normal -1 0 0
    outer loop
      vertex 0 14.7183 4.98647
      vertex 0 10.4817 4.98647
      vertex 0 10.6607 5.13934
    endloop
  endfacet
  facet normal -1 0 0
    outer loop
      vertex 0 14.919 4.86349
      vertex 0 10.281 4.86349
      vertex 0 10.4817 4.98647
    endloop
  endfacet
  facet normal -1 -0 0
    outer loop
      vertex 0 14.919 4.86349
      vertex 0 10.0635 4.77341
      vertex 0 10.281 4.86349
    endloop
  endfacet
  facet normal -1 0 0
    outer loop
      vertex 0 15.1365 4.77341
      vertex 0 10.0635 4.77341
      vertex 0 14.919 4.86349
    endloop
  endfacet
  facet normal -1 0 0
    outer loop
      vertex 0 0 0
      vertex 0 9.83465 4.71847
      vertex 0 25.2 0
    endloop
  endfacet
  facet normal -1 0 0
    outer loop
      vertex 0 9.83465 4.71847
      vertex 0 0 0
      vertex 0 9.6 4.7
    endloop
  endfacet
  facet normal -1 -0 0
    outer loop
      vertex 0 9.6 4.7
      vertex 0 0 0
      vertex 0 9.36535 4.71847
    endloop
  endfacet
  facet normal -1 -0 0
    outer loop
      vertex 0 8.11847 5.96535
      vertex 0 0 0
      vertex 0 8.1 6.2
    endloop
  endfacet
  facet normal -1 -0 0
    outer loop
      vertex 0 8.17342 5.73647
      vertex 0 0 0
      vertex 0 8.11847 5.96535
    endloop
  endfacet
  facet normal -1 -0 0
    outer loop
      vertex 0 8.26349 5.51901
      vertex 0 0 0
      vertex 0 8.17342 5.73647
    endloop
  endfacet
  facet normal -1 -0 0
    outer loop
      vertex 0 8.38647 5.31832
      vertex 0 0 0
      vertex 0 8.26349 5.51901
    endloop
  endfacet
  facet normal -1 -0 0
    outer loop
      vertex 0 8.53934 5.13934
      vertex 0 0 0
      vertex 0 8.38647 5.31832
    endloop
  endfacet
  facet normal -1 -0 0
    outer loop
      vertex 0 8.71832 4.98647
      vertex 0 0 0
      vertex 0 8.53934 5.13934
    endloop
  endfacet
  facet normal -1 -0 0
    outer loop
      vertex 0 8.91901 4.86349
      vertex 0 0 0
      vertex 0 8.71832 4.98647
    endloop
  endfacet
  facet normal -1 -0 0
    outer loop
      vertex 0 9.13647 4.77341
      vertex 0 0 0
      vertex 0 8.91901 4.86349
    endloop
  endfacet
  facet normal -1 -0 0
    outer loop
      vertex 0 9.36535 4.71847
      vertex 0 0 0
      vertex 0 9.13647 4.77341
    endloop
  endfacet
  facet normal -1 0 0
    outer loop
      vertex 0 17.0815 6.43465
      vertex 0 25.2 11.2
      vertex 0 17.1 6.2
    endloop
  endfacet
  facet normal -1 0 0
    outer loop
      vertex 0 17.0266 6.66352
      vertex 0 25.2 11.2
      vertex 0 17.0815 6.43465
    endloop
  endfacet
  facet normal -1 0 0
    outer loop
      vertex 0 16.9365 6.88099
      vertex 0 25.2 11.2
      vertex 0 17.0266 6.66352
    endloop
  endfacet
  facet normal -1 0 0
    outer loop
      vertex 0 16.8135 7.08168
      vertex 0 25.2 11.2
      vertex 0 16.9365 6.88099
    endloop
  endfacet
  facet normal -1 0 0
    outer loop
      vertex 0 16.6607 7.26066
      vertex 0 25.2 11.2
      vertex 0 16.8135 7.08168
    endloop
  endfacet
  facet normal -1 0 0
    outer loop
      vertex 0 16.4817 7.41352
      vertex 0 25.2 11.2
      vertex 0 16.6607 7.26066
    endloop
  endfacet
  facet normal -1 0 0
    outer loop
      vertex 0 16.281 7.53651
      vertex 0 25.2 11.2
      vertex 0 16.4817 7.41352
    endloop
  endfacet
  facet normal -1 0 0
    outer loop
      vertex 0 16.0635 7.62658
      vertex 0 25.2 11.2
      vertex 0 16.281 7.53651
    endloop
  endfacet
  facet normal -1 0 0
    outer loop
      vertex 0 15.8347 7.68153
      vertex 0 25.2 11.2
      vertex 0 16.0635 7.62658
    endloop
  endfacet
  facet normal -1 0 0
    outer loop
      vertex 0 15.6 7.7
      vertex 0 25.2 11.2
      vertex 0 15.8347 7.68153
    endloop
  endfacet
  facet normal -1 0 0
    outer loop
      vertex 0 15.3653 7.68153
      vertex 0 25.2 11.2
      vertex 0 15.6 7.7
    endloop
  endfacet
  facet normal -1 0 0
    outer loop
      vertex 0 9.83465 7.68153
      vertex 0 15.3653 7.68153
      vertex 0 15.1365 7.62658
    endloop
  endfacet
  facet normal -1 0 0
    outer loop
      vertex 0 11.1 6.2
      vertex 0 14.1185 6.43465
      vertex 0 14.1 6.2
    endloop
  endfacet
  facet normal -1 0 0
    outer loop
      vertex 0 11.0815 6.43465
      vertex 0 14.1185 6.43465
      vertex 0 11.1 6.2
    endloop
  endfacet
  facet normal -1 0 0
    outer loop
      vertex 0 14.1185 6.43465
      vertex 0 11.0815 6.43465
      vertex 0 14.1734 6.66352
    endloop
  endfacet
  facet normal -1 0 0
    outer loop
      vertex 0 11.0266 6.66352
      vertex 0 14.1734 6.66352
      vertex 0 11.0815 6.43465
    endloop
  endfacet
  facet normal -1 0 0
    outer loop
      vertex 0 14.1734 6.66352
      vertex 0 11.0266 6.66352
      vertex 0 14.2635 6.88099
    endloop
  endfacet
  facet normal -1 0 0
    outer loop
      vertex 0 10.9365 6.88099
      vertex 0 14.2635 6.88099
      vertex 0 11.0266 6.66352
    endloop
  endfacet
  facet normal -1 0 0
    outer loop
      vertex 0 14.2635 6.88099
      vertex 0 10.9365 6.88099
      vertex 0 14.3865 7.08168
    endloop
  endfacet
  facet normal -1 0 0
    outer loop
      vertex 0 10.8135 7.08168
      vertex 0 14.3865 7.08168
      vertex 0 10.9365 6.88099
    endloop
  endfacet
  facet normal -1 0 0
    outer loop
      vertex 0 14.3865 7.08168
      vertex 0 10.8135 7.08168
      vertex 0 14.5393 7.26066
    endloop
  endfacet
  facet normal -1 0 0
    outer loop
      vertex 0 10.6607 7.26066
      vertex 0 14.5393 7.26066
      vertex 0 10.8135 7.08168
    endloop
  endfacet
  facet normal -1 0 0
    outer loop
      vertex 0 14.5393 7.26066
      vertex 0 10.6607 7.26066
      vertex 0 14.7183 7.41352
    endloop
  endfacet
  facet normal -1 0 0
    outer loop
      vertex 0 10.4817 7.41352
      vertex 0 14.7183 7.41352
      vertex 0 10.6607 7.26066
    endloop
  endfacet
  facet normal -1 0 0
    outer loop
      vertex 0 14.7183 7.41352
      vertex 0 10.4817 7.41352
      vertex 0 14.919 7.53651
    endloop
  endfacet
  facet normal -1 0 0
    outer loop
      vertex 0 10.281 7.53651
      vertex 0 14.919 7.53651
      vertex 0 10.4817 7.41352
    endloop
  endfacet
  facet normal -1 0 0
    outer loop
      vertex 0 14.919 7.53651
      vertex 0 10.281 7.53651
      vertex 0 15.1365 7.62658
    endloop
  endfacet
  facet normal -1 0 0
    outer loop
      vertex 0 10.0635 7.62658
      vertex 0 15.1365 7.62658
      vertex 0 10.281 7.53651
    endloop
  endfacet
  facet normal -1 0 0
    outer loop
      vertex 0 9.83465 7.68153
      vertex 0 15.1365 7.62658
      vertex 0 10.0635 7.62658
    endloop
  endfacet
  facet normal -1 0 0
    outer loop
      vertex 0 15.3653 7.68153
      vertex 0 9.83465 7.68153
      vertex 0 25.2 11.2
    endloop
  endfacet
  facet normal -1 0 0
    outer loop
      vertex 0 0 11.2
      vertex 0 9.83465 7.68153
      vertex 0 9.6 7.7
    endloop
  endfacet
  facet normal -1 0 0
    outer loop
      vertex 0 0 11.2
      vertex 0 9.6 7.7
      vertex 0 9.36535 7.68153
    endloop
  endfacet
  facet normal -1 0 0
    outer loop
      vertex 0 0 11.2
      vertex 0 8.1 6.2
      vertex 0 0 0
    endloop
  endfacet
  facet normal -1 0 0
    outer loop
      vertex 0 8.1 6.2
      vertex 0 0 11.2
      vertex 0 8.11847 6.43465
    endloop
  endfacet
  facet normal -1 0 0
    outer loop
      vertex 0 8.11847 6.43465
      vertex 0 0 11.2
      vertex 0 8.17342 6.66352
    endloop
  endfacet
  facet normal -1 0 0
    outer loop
      vertex 0 8.17342 6.66352
      vertex 0 0 11.2
      vertex 0 8.26349 6.88099
    endloop
  endfacet
  facet normal -1 0 0
    outer loop
      vertex 0 8.26349 6.88099
      vertex 0 0 11.2
      vertex 0 8.38647 7.08168
    endloop
  endfacet
  facet normal -1 0 0
    outer loop
      vertex 0 8.38647 7.08168
      vertex 0 0 11.2
      vertex 0 8.53934 7.26066
    endloop
  endfacet
  facet normal -1 0 0
    outer loop
      vertex 0 9.83465 7.68153
      vertex 0 0 11.2
      vertex 0 25.2 11.2
    endloop
  endfacet
  facet normal -1 0 0
    outer loop
      vertex 0 9.13647 7.62658
      vertex 0 0 11.2
      vertex 0 9.36535 7.68153
    endloop
  endfacet
  facet normal -1 0 0
    outer loop
      vertex 0 8.91901 7.53651
      vertex 0 0 11.2
      vertex 0 9.13647 7.62658
    endloop
  endfacet
  facet normal -1 0 0
    outer loop
      vertex 0 8.71832 7.41352
      vertex 0 0 11.2
      vertex 0 8.91901 7.53651
    endloop
  endfacet
  facet normal -1 0 0
    outer loop
      vertex 0 8.53934 7.26066
      vertex 0 0 11.2
      vertex 0 8.71832 7.41352
    endloop
  endfacet
  facet normal 0 1 0
    outer loop
      vertex 50.8 25.2 11.2
      vertex 29.4 25.2 1.2
      vertex 29.4 25.2 11.2
    endloop
  endfacet
  facet normal 0 1 0
    outer loop
      vertex 29.4 25.2 1.2
      vertex 50.8 25.2 0
      vertex 21.4 25.2 1.2
    endloop
  endfacet
  facet normal 0 1 -0
    outer loop
      vertex 50.8 25.2 0
      vertex 29.4 25.2 1.2
      vertex 50.8 25.2 11.2
    endloop
  endfacet
  facet normal 0 1 -0
    outer loop
      vertex 21.4 25.2 1.2
      vertex 0 25.2 11.2
      vertex 21.4 25.2 11.2
    endloop
  endfacet
  facet normal 0 1 0
    outer loop
      vertex 21.4 25.2 1.2
      vertex 0 25.2 0
      vertex 0 25.2 11.2
    endloop
  endfacet
  facet normal 0 1 0
    outer loop
      vertex 0 25.2 0
      vertex 21.4 25.2 1.2
      vertex 50.8 25.2 0
    endloop
  endfacet
  facet normal 0 -1 0
    outer loop
      vertex 0 0 11.2
      vertex 21.4 0 1.2
      vertex 21.4 0 11.2
    endloop
  endfacet
  facet normal 0 -1 -0
    outer loop
      vertex 21.4 0 1.2
      vertex 0 0 0
      vertex 29.4 0 1.2
    endloop
  endfacet
  facet normal 0 -1 0
    outer loop
      vertex 0 0 0
      vertex 21.4 0 1.2
      vertex 0 0 11.2
    endloop
  endfacet
  facet normal 0 -1 0
    outer loop
      vertex 29.4 0 1.2
      vertex 50.8 0 11.2
      vertex 29.4 0 11.2
    endloop
  endfacet
  facet normal 0 -1 0
    outer loop
      vertex 29.4 0 1.2
      vertex 50.8 0 0
      vertex 50.8 0 11.2
    endloop
  endfacet
  facet normal 0 -1 0
    outer loop
      vertex 50.8 0 0
      vertex 29.4 0 1.2
      vertex 0 0 0
    endloop
  endfacet
  facet normal 1 -0 0
    outer loop
      vertex 29.4 -1.9 11.2
      vertex 29.4 0 1.2
      vertex 29.4 0 11.2
    endloop
  endfacet
  facet normal 1 0 0
    outer loop
      vertex 29.4 0 1.2
      vertex 29.4 -1.9 11.2
      vertex 29.4 -1.9 1.2
    endloop
  endfacet
  facet normal 0 0 -1
    outer loop
      vertex 21.4 -1.9 1.2
      vertex 29.4 0 1.2
      vertex 29.4 -1.9 1.2
    endloop
  endfacet
  facet normal -0 0 -1
    outer loop
      vertex 29.4 0 1.2
      vertex 21.4 -1.9 1.2
      vertex 21.4 0 1.2
    endloop
  endfacet
  facet normal -1 0 0
    outer loop
      vertex 21.4 -1.9 1.2
      vertex 21.4 0 11.2
      vertex 21.4 0 1.2
    endloop
  endfacet
  facet normal -1 -0 0
    outer loop
      vertex 21.4 0 11.2
      vertex 21.4 -1.9 1.2
      vertex 21.4 -1.9 11.2
    endloop
  endfacet
  facet normal 0 -1 0
    outer loop
      vertex 23.7405 -1.9 6.86825
      vertex 21.4 -1.9 11.2
      vertex 23.6318 -1.9 6.91329
    endloop
  endfacet
  facet normal 0 -1 0
    outer loop
      vertex 29.4 -1.9 11.2
      vertex 27.2827 -1.9 6.94077
      vertex 27.4 -1.9 6.95
    endloop
  endfacet
  facet normal 0 -1 0
    outer loop
      vertex 21.4 -1.9 11.2
      vertex 23.7405 -1.9 6.86825
      vertex 29.4 -1.9 11.2
    endloop
  endfacet
  facet normal 0 -1 0
    outer loop
      vertex 29.4 -1.9 11.2
      vertex 27.1682 -1.9 6.91329
      vertex 27.2827 -1.9 6.94077
    endloop
  endfacet
  facet normal 0 -1 0
    outer loop
      vertex 27.0595 -1.9 6.86825
      vertex 29.4 -1.9 11.2
      vertex 23.7405 -1.9 6.86825
    endloop
  endfacet
  facet normal 0 -1 0
    outer loop
      vertex 29.4 -1.9 11.2
      vertex 27.0595 -1.9 6.86825
      vertex 27.1682 -1.9 6.91329
    endloop
  endfacet
  facet normal 0 -1 0
    outer loop
      vertex 23.8408 -1.9 6.80676
      vertex 27.0595 -1.9 6.86825
      vertex 23.7405 -1.9 6.86825
    endloop
  endfacet
  facet normal 0 -1 0
    outer loop
      vertex 23.8408 -1.9 6.80676
      vertex 26.9592 -1.9 6.80676
      vertex 27.0595 -1.9 6.86825
    endloop
  endfacet
  facet normal 0 -1 0
    outer loop
      vertex 23.9303 -1.9 6.73033
      vertex 26.9592 -1.9 6.80676
      vertex 23.8408 -1.9 6.80676
    endloop
  endfacet
  facet normal 0 -1 0
    outer loop
      vertex 23.9303 -1.9 6.73033
      vertex 26.8697 -1.9 6.73033
      vertex 26.9592 -1.9 6.80676
    endloop
  endfacet
  facet normal 0 -1 0
    outer loop
      vertex 24.0068 -1.9 6.64084
      vertex 26.8697 -1.9 6.73033
      vertex 23.9303 -1.9 6.73033
    endloop
  endfacet
  facet normal 0 -1 0
    outer loop
      vertex 24.0068 -1.9 6.64084
      vertex 26.7932 -1.9 6.64084
      vertex 26.8697 -1.9 6.73033
    endloop
  endfacet
  facet normal 0 -1 0
    outer loop
      vertex 24.0683 -1.9 6.54049
      vertex 26.7932 -1.9 6.64084
      vertex 24.0068 -1.9 6.64084
    endloop
  endfacet
  facet normal 0 -1 0
    outer loop
      vertex 24.0683 -1.9 6.54049
      vertex 26.7317 -1.9 6.54049
      vertex 26.7932 -1.9 6.64084
    endloop
  endfacet
  facet normal 0 -1 0
    outer loop
      vertex 24.1133 -1.9 6.43176
      vertex 26.7317 -1.9 6.54049
      vertex 24.0683 -1.9 6.54049
    endloop
  endfacet
  facet normal 0 -1 0
    outer loop
      vertex 24.1133 -1.9 6.43176
      vertex 26.6867 -1.9 6.43176
      vertex 26.7317 -1.9 6.54049
    endloop
  endfacet
  facet normal 0 -1 0
    outer loop
      vertex 24.1408 -1.9 6.31733
      vertex 26.6867 -1.9 6.43176
      vertex 24.1133 -1.9 6.43176
    endloop
  endfacet
  facet normal 0 -1 0
    outer loop
      vertex 24.1408 -1.9 6.31733
      vertex 26.6592 -1.9 6.31733
      vertex 26.6867 -1.9 6.43176
    endloop
  endfacet
  facet normal 0 -1 0
    outer loop
      vertex 24.15 -1.9 6.2
      vertex 26.6592 -1.9 6.31733
      vertex 24.1408 -1.9 6.31733
    endloop
  endfacet
  facet normal 0 -1 0
    outer loop
      vertex 24.15 -1.9 6.2
      vertex 26.65 -1.9 6.2
      vertex 26.6592 -1.9 6.31733
    endloop
  endfacet
  facet normal 0 -1 0
    outer loop
      vertex 24.1408 -1.9 6.08267
      vertex 26.65 -1.9 6.2
      vertex 24.15 -1.9 6.2
    endloop
  endfacet
  facet normal 0 -1 0
    outer loop
      vertex 24.1408 -1.9 6.08267
      vertex 26.6592 -1.9 6.08267
      vertex 26.65 -1.9 6.2
    endloop
  endfacet
  facet normal 0 -1 0
    outer loop
      vertex 24.1133 -1.9 5.96824
      vertex 26.6592 -1.9 6.08267
      vertex 24.1408 -1.9 6.08267
    endloop
  endfacet
  facet normal 0 -1 0
    outer loop
      vertex 24.1133 -1.9 5.96824
      vertex 26.6867 -1.9 5.96824
      vertex 26.6592 -1.9 6.08267
    endloop
  endfacet
  facet normal 0 -1 0
    outer loop
      vertex 24.0683 -1.9 5.85951
      vertex 26.6867 -1.9 5.96824
      vertex 24.1133 -1.9 5.96824
    endloop
  endfacet
  facet normal 0 -1 0
    outer loop
      vertex 24.0683 -1.9 5.85951
      vertex 26.7317 -1.9 5.85951
      vertex 26.6867 -1.9 5.96824
    endloop
  endfacet
  facet normal 0 -1 0
    outer loop
      vertex 24.0068 -1.9 5.75916
      vertex 26.7317 -1.9 5.85951
      vertex 24.0683 -1.9 5.85951
    endloop
  endfacet
  facet normal 0 -1 0
    outer loop
      vertex 24.0068 -1.9 5.75916
      vertex 26.7932 -1.9 5.75916
      vertex 26.7317 -1.9 5.85951
    endloop
  endfacet
  facet normal 0 -1 0
    outer loop
      vertex 23.9303 -1.9 5.66967
      vertex 26.7932 -1.9 5.75916
      vertex 24.0068 -1.9 5.75916
    endloop
  endfacet
  facet normal 0 -1 0
    outer loop
      vertex 23.9303 -1.9 5.66967
      vertex 26.8697 -1.9 5.66967
      vertex 26.7932 -1.9 5.75916
    endloop
  endfacet
  facet normal 0 -1 0
    outer loop
      vertex 23.8408 -1.9 5.59324
      vertex 26.8697 -1.9 5.66967
      vertex 23.9303 -1.9 5.66967
    endloop
  endfacet
  facet normal 0 -1 0
    outer loop
      vertex 23.8408 -1.9 5.59324
      vertex 26.9592 -1.9 5.59324
      vertex 26.8697 -1.9 5.66967
    endloop
  endfacet
  facet normal 0 -1 0
    outer loop
      vertex 23.7405 -1.9 5.53174
      vertex 26.9592 -1.9 5.59324
      vertex 23.8408 -1.9 5.59324
    endloop
  endfacet
  facet normal 0 -1 0
    outer loop
      vertex 23.7405 -1.9 5.53174
      vertex 27.0595 -1.9 5.53174
      vertex 26.9592 -1.9 5.59324
    endloop
  endfacet
  facet normal 0 -1 0
    outer loop
      vertex 21.4 -1.9 1.2
      vertex 23.7405 -1.9 5.53174
      vertex 23.6318 -1.9 5.48671
    endloop
  endfacet
  facet normal 0 -1 -0
    outer loop
      vertex 23.7405 -1.9 5.53174
      vertex 21.4 -1.9 1.2
      vertex 27.0595 -1.9 5.53174
    endloop
  endfacet
  facet normal 0 -1 0
    outer loop
      vertex 21.4 -1.9 1.2
      vertex 23.6318 -1.9 5.48671
      vertex 23.5173 -1.9 5.45923
    endloop
  endfacet
  facet normal 0 -1 0
    outer loop
      vertex 29.4 -1.9 1.2
      vertex 27.0595 -1.9 5.53174
      vertex 21.4 -1.9 1.2
    endloop
  endfacet
  facet normal 0 -1 0
    outer loop
      vertex 21.4 -1.9 1.2
      vertex 23.5173 -1.9 5.45923
      vertex 23.4 -1.9 5.45
    endloop
  endfacet
  facet normal 0 -1 0
    outer loop
      vertex 27.0595 -1.9 5.53174
      vertex 29.4 -1.9 1.2
      vertex 27.1682 -1.9 5.48671
    endloop
  endfacet
  facet normal 0 -1 0
    outer loop
      vertex 23.5173 -1.9 6.94077
      vertex 21.4 -1.9 11.2
      vertex 23.4 -1.9 6.95
    endloop
  endfacet
  facet normal 0 -1 0
    outer loop
      vertex 21.4 -1.9 11.2
      vertex 23.2827 -1.9 6.94077
      vertex 23.4 -1.9 6.95
    endloop
  endfacet
  facet normal 0 -1 0
    outer loop
      vertex 21.4 -1.9 11.2
      vertex 23.1682 -1.9 6.91329
      vertex 23.2827 -1.9 6.94077
    endloop
  endfacet
  facet normal 0 -1 0
    outer loop
      vertex 21.4 -1.9 11.2
      vertex 23.0595 -1.9 6.86825
      vertex 23.1682 -1.9 6.91329
    endloop
  endfacet
  facet normal 0 -1 0
    outer loop
      vertex 21.4 -1.9 11.2
      vertex 22.9592 -1.9 6.80676
      vertex 23.0595 -1.9 6.86825
    endloop
  endfacet
  facet normal 0 -1 0
    outer loop
      vertex 21.4 -1.9 11.2
      vertex 22.8697 -1.9 6.73033
      vertex 22.9592 -1.9 6.80676
    endloop
  endfacet
  facet normal 0 -1 0
    outer loop
      vertex 21.4 -1.9 11.2
      vertex 22.7932 -1.9 6.64084
      vertex 22.8697 -1.9 6.73033
    endloop
  endfacet
  facet normal 0 -1 0
    outer loop
      vertex 21.4 -1.9 11.2
      vertex 22.7317 -1.9 6.54049
      vertex 22.7932 -1.9 6.64084
    endloop
  endfacet
  facet normal 0 -1 0
    outer loop
      vertex 21.4 -1.9 11.2
      vertex 22.6867 -1.9 6.43176
      vertex 22.7317 -1.9 6.54049
    endloop
  endfacet
  facet normal 0 -1 0
    outer loop
      vertex 21.4 -1.9 11.2
      vertex 22.6592 -1.9 6.31733
      vertex 22.6867 -1.9 6.43176
    endloop
  endfacet
  facet normal 0 -1 0
    outer loop
      vertex 21.4 -1.9 11.2
      vertex 22.65 -1.9 6.2
      vertex 22.6592 -1.9 6.31733
    endloop
  endfacet
  facet normal 0 -1 0
    outer loop
      vertex 21.4 -1.9 1.2
      vertex 22.65 -1.9 6.2
      vertex 21.4 -1.9 11.2
    endloop
  endfacet
  facet normal 0 -1 -0
    outer loop
      vertex 22.65 -1.9 6.2
      vertex 21.4 -1.9 1.2
      vertex 22.6592 -1.9 6.08267
    endloop
  endfacet
  facet normal 0 -1 0
    outer loop
      vertex 27.1682 -1.9 5.48671
      vertex 29.4 -1.9 1.2
      vertex 27.2827 -1.9 5.45923
    endloop
  endfacet
  facet normal 0 -1 -0
    outer loop
      vertex 23.2827 -1.9 5.45923
      vertex 21.4 -1.9 1.2
      vertex 23.4 -1.9 5.45
    endloop
  endfacet
  facet normal 0 -1 -0
    outer loop
      vertex 23.1682 -1.9 5.48671
      vertex 21.4 -1.9 1.2
      vertex 23.2827 -1.9 5.45923
    endloop
  endfacet
  facet normal 0 -1 -0
    outer loop
      vertex 23.0595 -1.9 5.53174
      vertex 21.4 -1.9 1.2
      vertex 23.1682 -1.9 5.48671
    endloop
  endfacet
  facet normal 0 -1 -0
    outer loop
      vertex 22.9592 -1.9 5.59324
      vertex 21.4 -1.9 1.2
      vertex 23.0595 -1.9 5.53174
    endloop
  endfacet
  facet normal 0 -1 -0
    outer loop
      vertex 22.8697 -1.9 5.66967
      vertex 21.4 -1.9 1.2
      vertex 22.9592 -1.9 5.59324
    endloop
  endfacet
  facet normal 0 -1 -0
    outer loop
      vertex 22.7932 -1.9 5.75916
      vertex 21.4 -1.9 1.2
      vertex 22.8697 -1.9 5.66967
    endloop
  endfacet
  facet normal 0 -1 -0
    outer loop
      vertex 22.7317 -1.9 5.85951
      vertex 21.4 -1.9 1.2
      vertex 22.7932 -1.9 5.75916
    endloop
  endfacet
  facet normal 0 -1 -0
    outer loop
      vertex 22.6867 -1.9 5.96824
      vertex 21.4 -1.9 1.2
      vertex 22.7317 -1.9 5.85951
    endloop
  endfacet
  facet normal 0 -1 -0
    outer loop
      vertex 22.6592 -1.9 6.08267
      vertex 21.4 -1.9 1.2
      vertex 22.6867 -1.9 5.96824
    endloop
  endfacet
  facet normal 0 -1 0
    outer loop
      vertex 23.6318 -1.9 6.91329
      vertex 21.4 -1.9 11.2
      vertex 23.5173 -1.9 6.94077
    endloop
  endfacet
  facet normal 0 -1 0
    outer loop
      vertex 27.5173 -1.9 6.94077
      vertex 29.4 -1.9 11.2
      vertex 27.4 -1.9 6.95
    endloop
  endfacet
  facet normal 0 -1 0
    outer loop
      vertex 27.6318 -1.9 6.91329
      vertex 29.4 -1.9 11.2
      vertex 27.5173 -1.9 6.94077
    endloop
  endfacet
  facet normal 0 -1 0
    outer loop
      vertex 27.7405 -1.9 6.86825
      vertex 29.4 -1.9 11.2
      vertex 27.6318 -1.9 6.91329
    endloop
  endfacet
  facet normal 0 -1 0
    outer loop
      vertex 27.8408 -1.9 6.80676
      vertex 29.4 -1.9 11.2
      vertex 27.7405 -1.9 6.86825
    endloop
  endfacet
  facet normal 0 -1 0
    outer loop
      vertex 27.9303 -1.9 6.73033
      vertex 29.4 -1.9 11.2
      vertex 27.8408 -1.9 6.80676
    endloop
  endfacet
  facet normal 0 -1 0
    outer loop
      vertex 28.0068 -1.9 6.64084
      vertex 29.4 -1.9 11.2
      vertex 27.9303 -1.9 6.73033
    endloop
  endfacet
  facet normal 0 -1 0
    outer loop
      vertex 28.0683 -1.9 6.54049
      vertex 29.4 -1.9 11.2
      vertex 28.0068 -1.9 6.64084
    endloop
  endfacet
  facet normal 0 -1 0
    outer loop
      vertex 28.1133 -1.9 6.43176
      vertex 29.4 -1.9 11.2
      vertex 28.0683 -1.9 6.54049
    endloop
  endfacet
  facet normal 0 -1 0
    outer loop
      vertex 28.1408 -1.9 6.31733
      vertex 29.4 -1.9 11.2
      vertex 28.1133 -1.9 6.43176
    endloop
  endfacet
  facet normal 0 -1 0
    outer loop
      vertex 28.15 -1.9 6.2
      vertex 29.4 -1.9 11.2
      vertex 28.1408 -1.9 6.31733
    endloop
  endfacet
  facet normal 0 -1 0
    outer loop
      vertex 29.4 -1.9 1.2
      vertex 28.15 -1.9 6.2
      vertex 28.1408 -1.9 6.08267
    endloop
  endfacet
  facet normal 0 -1 0
    outer loop
      vertex 29.4 -1.9 1.2
      vertex 28.1408 -1.9 6.08267
      vertex 28.1133 -1.9 5.96824
    endloop
  endfacet
  facet normal 0 -1 0
    outer loop
      vertex 27.2827 -1.9 5.45923
      vertex 29.4 -1.9 1.2
      vertex 27.4 -1.9 5.45
    endloop
  endfacet
  facet normal 0 -1 0
    outer loop
      vertex 27.4 -1.9 5.45
      vertex 29.4 -1.9 1.2
      vertex 27.5173 -1.9 5.45923
    endloop
  endfacet
  facet normal 0 -1 0
    outer loop
      vertex 27.5173 -1.9 5.45923
      vertex 29.4 -1.9 1.2
      vertex 27.6318 -1.9 5.48671
    endloop
  endfacet
  facet normal 0 -1 0
    outer loop
      vertex 27.6318 -1.9 5.48671
      vertex 29.4 -1.9 1.2
      vertex 27.7405 -1.9 5.53174
    endloop
  endfacet
  facet normal 0 -1 0
    outer loop
      vertex 28.15 -1.9 6.2
      vertex 29.4 -1.9 1.2
      vertex 29.4 -1.9 11.2
    endloop
  endfacet
  facet normal 0 -1 0
    outer loop
      vertex 28.0683 -1.9 5.85951
      vertex 29.4 -1.9 1.2
      vertex 28.1133 -1.9 5.96824
    endloop
  endfacet
  facet normal 0 -1 0
    outer loop
      vertex 28.0068 -1.9 5.75916
      vertex 29.4 -1.9 1.2
      vertex 28.0683 -1.9 5.85951
    endloop
  endfacet
  facet normal 0 -1 0
    outer loop
      vertex 27.9303 -1.9 5.66967
      vertex 29.4 -1.9 1.2
      vertex 28.0068 -1.9 5.75916
    endloop
  endfacet
  facet normal 0 -1 0
    outer loop
      vertex 27.8408 -1.9 5.59324
      vertex 29.4 -1.9 1.2
      vertex 27.9303 -1.9 5.66967
    endloop
  endfacet
  facet normal 0 -1 0
    outer loop
      vertex 27.7405 -1.9 5.53174
      vertex 29.4 -1.9 1.2
      vertex 27.8408 -1.9 5.59324
    endloop
  endfacet
  facet normal 1 -0 0
    outer loop
      vertex 29.4 25.2 11.2
      vertex 29.4 27.1 1.2
      vertex 29.4 27.1 11.2
    endloop
  endfacet
  facet normal 1 0 0
    outer loop
      vertex 29.4 27.1 1.2
      vertex 29.4 25.2 11.2
      vertex 29.4 25.2 1.2
    endloop
  endfacet
  facet normal 0 0 -1
    outer loop
      vertex 21.4 25.2 1.2
      vertex 29.4 27.1 1.2
      vertex 29.4 25.2 1.2
    endloop
  endfacet
  facet normal -0 0 -1
    outer loop
      vertex 29.4 27.1 1.2
      vertex 21.4 25.2 1.2
      vertex 21.4 27.1 1.2
    endloop
  endfacet
  facet normal -1 0 0
    outer loop
      vertex 21.4 25.2 1.2
      vertex 21.4 27.1 11.2
      vertex 21.4 27.1 1.2
    endloop
  endfacet
  facet normal -1 -0 0
    outer loop
      vertex 21.4 27.1 11.2
      vertex 21.4 25.2 1.2
      vertex 21.4 25.2 11.2
    endloop
  endfacet
  facet normal 0 1 0
    outer loop
      vertex 27.0595 27.1 6.86825
      vertex 29.4 27.1 11.2
      vertex 27.1682 27.1 6.91329
    endloop
  endfacet
  facet normal 0 1 0
    outer loop
      vertex 21.4 27.1 11.2
      vertex 23.5173 27.1 6.94077
      vertex 23.4 27.1 6.95
    endloop
  endfacet
  facet normal 0 1 0
    outer loop
      vertex 29.4 27.1 11.2
      vertex 27.0595 27.1 6.86825
      vertex 21.4 27.1 11.2
    endloop
  endfacet
  facet normal 0 1 0
    outer loop
      vertex 21.4 27.1 11.2
      vertex 23.6318 27.1 6.91329
      vertex 23.5173 27.1 6.94077
    endloop
  endfacet
  facet normal 0 1 -0
    outer loop
      vertex 23.7405 27.1 6.86825
      vertex 21.4 27.1 11.2
      vertex 27.0595 27.1 6.86825
    endloop
  endfacet
  facet normal 0 1 0
    outer loop
      vertex 21.4 27.1 11.2
      vertex 23.7405 27.1 6.86825
      vertex 23.6318 27.1 6.91329
    endloop
  endfacet
  facet normal 0 1 -0
    outer loop
      vertex 26.9592 27.1 6.80676
      vertex 23.7405 27.1 6.86825
      vertex 27.0595 27.1 6.86825
    endloop
  endfacet
  facet normal 0 1 0
    outer loop
      vertex 26.9592 27.1 6.80676
      vertex 23.8408 27.1 6.80676
      vertex 23.7405 27.1 6.86825
    endloop
  endfacet
  facet normal 0 1 -0
    outer loop
      vertex 26.8697 27.1 6.73033
      vertex 23.8408 27.1 6.80676
      vertex 26.9592 27.1 6.80676
    endloop
  endfacet
  facet normal 0 1 0
    outer loop
      vertex 26.8697 27.1 6.73033
      vertex 23.9303 27.1 6.73033
      vertex 23.8408 27.1 6.80676
    endloop
  endfacet
  facet normal 0 1 -0
    outer loop
      vertex 26.7932 27.1 6.64084
      vertex 23.9303 27.1 6.73033
      vertex 26.8697 27.1 6.73033
    endloop
  endfacet
  facet normal 0 1 0
    outer loop
      vertex 26.7932 27.1 6.64084
      vertex 24.0068 27.1 6.64084
      vertex 23.9303 27.1 6.73033
    endloop
  endfacet
  facet normal 0 1 -0
    outer loop
      vertex 26.7317 27.1 6.54049
      vertex 24.0068 27.1 6.64084
      vertex 26.7932 27.1 6.64084
    endloop
  endfacet
  facet normal 0 1 0
    outer loop
      vertex 26.7317 27.1 6.54049
      vertex 24.0683 27.1 6.54049
      vertex 24.0068 27.1 6.64084
    endloop
  endfacet
  facet normal 0 1 -0
    outer loop
      vertex 26.6867 27.1 6.43176
      vertex 24.0683 27.1 6.54049
      vertex 26.7317 27.1 6.54049
    endloop
  endfacet
  facet normal 0 1 0
    outer loop
      vertex 26.6867 27.1 6.43176
      vertex 24.1133 27.1 6.43176
      vertex 24.0683 27.1 6.54049
    endloop
  endfacet
  facet normal 0 1 -0
    outer loop
      vertex 26.6592 27.1 6.31733
      vertex 24.1133 27.1 6.43176
      vertex 26.6867 27.1 6.43176
    endloop
  endfacet
  facet normal 0 1 0
    outer loop
      vertex 26.6592 27.1 6.31733
      vertex 24.1408 27.1 6.31733
      vertex 24.1133 27.1 6.43176
    endloop
  endfacet
  facet normal 0 1 -0
    outer loop
      vertex 26.65 27.1 6.2
      vertex 24.1408 27.1 6.31733
      vertex 26.6592 27.1 6.31733
    endloop
  endfacet
  facet normal 0 1 0
    outer loop
      vertex 26.65 27.1 6.2
      vertex 24.15 27.1 6.2
      vertex 24.1408 27.1 6.31733
    endloop
  endfacet
  facet normal 0 1 0
    outer loop
      vertex 26.6592 27.1 6.08267
      vertex 24.15 27.1 6.2
      vertex 26.65 27.1 6.2
    endloop
  endfacet
  facet normal 0 1 0
    outer loop
      vertex 26.6592 27.1 6.08267
      vertex 24.1408 27.1 6.08267
      vertex 24.15 27.1 6.2
    endloop
  endfacet
  facet normal 0 1 0
    outer loop
      vertex 26.6867 27.1 5.96824
      vertex 24.1408 27.1 6.08267
      vertex 26.6592 27.1 6.08267
    endloop
  endfacet
  facet normal 0 1 0
    outer loop
      vertex 26.6867 27.1 5.96824
      vertex 24.1133 27.1 5.96824
      vertex 24.1408 27.1 6.08267
    endloop
  endfacet
  facet normal 0 1 0
    outer loop
      vertex 26.7317 27.1 5.85951
      vertex 24.1133 27.1 5.96824
      vertex 26.6867 27.1 5.96824
    endloop
  endfacet
  facet normal 0 1 0
    outer loop
      vertex 26.7317 27.1 5.85951
      vertex 24.0683 27.1 5.85951
      vertex 24.1133 27.1 5.96824
    endloop
  endfacet
  facet normal 0 1 0
    outer loop
      vertex 26.7932 27.1 5.75916
      vertex 24.0683 27.1 5.85951
      vertex 26.7317 27.1 5.85951
    endloop
  endfacet
  facet normal 0 1 0
    outer loop
      vertex 26.7932 27.1 5.75916
      vertex 24.0068 27.1 5.75916
      vertex 24.0683 27.1 5.85951
    endloop
  endfacet
  facet normal 0 1 0
    outer loop
      vertex 26.8697 27.1 5.66967
      vertex 24.0068 27.1 5.75916
      vertex 26.7932 27.1 5.75916
    endloop
  endfacet
  facet normal 0 1 0
    outer loop
      vertex 26.8697 27.1 5.66967
      vertex 23.9303 27.1 5.66967
      vertex 24.0068 27.1 5.75916
    endloop
  endfacet
  facet normal 0 1 0
    outer loop
      vertex 26.9592 27.1 5.59324
      vertex 23.9303 27.1 5.66967
      vertex 26.8697 27.1 5.66967
    endloop
  endfacet
  facet normal 0 1 0
    outer loop
      vertex 26.9592 27.1 5.59324
      vertex 23.8408 27.1 5.59324
      vertex 23.9303 27.1 5.66967
    endloop
  endfacet
  facet normal 0 1 0
    outer loop
      vertex 27.0595 27.1 5.53174
      vertex 23.8408 27.1 5.59324
      vertex 26.9592 27.1 5.59324
    endloop
  endfacet
  facet normal 0 1 0
    outer loop
      vertex 27.0595 27.1 5.53174
      vertex 23.7405 27.1 5.53174
      vertex 23.8408 27.1 5.59324
    endloop
  endfacet
  facet normal 0 1 0
    outer loop
      vertex 29.4 27.1 1.2
      vertex 27.0595 27.1 5.53174
      vertex 27.1682 27.1 5.48671
    endloop
  endfacet
  facet normal 0 1 0
    outer loop
      vertex 27.0595 27.1 5.53174
      vertex 29.4 27.1 1.2
      vertex 23.7405 27.1 5.53174
    endloop
  endfacet
  facet normal 0 1 0
    outer loop
      vertex 29.4 27.1 1.2
      vertex 27.1682 27.1 5.48671
      vertex 27.2827 27.1 5.45923
    endloop
  endfacet
  facet normal 0 1 0
    outer loop
      vertex 21.4 27.1 1.2
      vertex 23.7405 27.1 5.53174
      vertex 29.4 27.1 1.2
    endloop
  endfacet
  facet normal 0 1 0
    outer loop
      vertex 29.4 27.1 1.2
      vertex 27.2827 27.1 5.45923
      vertex 27.4 27.1 5.45
    endloop
  endfacet
  facet normal 0 1 0
    outer loop
      vertex 23.7405 27.1 5.53174
      vertex 21.4 27.1 1.2
      vertex 23.6318 27.1 5.48671
    endloop
  endfacet
  facet normal 0 1 0
    outer loop
      vertex 27.2827 27.1 6.94077
      vertex 29.4 27.1 11.2
      vertex 27.4 27.1 6.95
    endloop
  endfacet
  facet normal 0 1 0
    outer loop
      vertex 29.4 27.1 11.2
      vertex 27.5173 27.1 6.94077
      vertex 27.4 27.1 6.95
    endloop
  endfacet
  facet normal 0 1 0
    outer loop
      vertex 29.4 27.1 11.2
      vertex 27.6318 27.1 6.91329
      vertex 27.5173 27.1 6.94077
    endloop
  endfacet
  facet normal 0 1 0
    outer loop
      vertex 29.4 27.1 11.2
      vertex 27.7405 27.1 6.86825
      vertex 27.6318 27.1 6.91329
    endloop
  endfacet
  facet normal 0 1 0
    outer loop
      vertex 29.4 27.1 11.2
      vertex 27.8408 27.1 6.80676
      vertex 27.7405 27.1 6.86825
    endloop
  endfacet
  facet normal 0 1 0
    outer loop
      vertex 29.4 27.1 11.2
      vertex 27.9303 27.1 6.73033
      vertex 27.8408 27.1 6.80676
    endloop
  endfacet
  facet normal 0 1 0
    outer loop
      vertex 29.4 27.1 11.2
      vertex 28.0068 27.1 6.64084
      vertex 27.9303 27.1 6.73033
    endloop
  endfacet
  facet normal 0 1 0
    outer loop
      vertex 29.4 27.1 11.2
      vertex 28.0683 27.1 6.54049
      vertex 28.0068 27.1 6.64084
    endloop
  endfacet
  facet normal 0 1 0
    outer loop
      vertex 29.4 27.1 11.2
      vertex 28.1133 27.1 6.43176
      vertex 28.0683 27.1 6.54049
    endloop
  endfacet
  facet normal 0 1 0
    outer loop
      vertex 29.4 27.1 11.2
      vertex 28.1408 27.1 6.31733
      vertex 28.1133 27.1 6.43176
    endloop
  endfacet
  facet normal 0 1 0
    outer loop
      vertex 29.4 27.1 11.2
      vertex 28.15 27.1 6.2
      vertex 28.1408 27.1 6.31733
    endloop
  endfacet
  facet normal 0 1 -0
    outer loop
      vertex 29.4 27.1 1.2
      vertex 28.15 27.1 6.2
      vertex 29.4 27.1 11.2
    endloop
  endfacet
  facet normal 0 1 0
    outer loop
      vertex 28.15 27.1 6.2
      vertex 29.4 27.1 1.2
      vertex 28.1408 27.1 6.08267
    endloop
  endfacet
  facet normal 0 1 0
    outer loop
      vertex 23.6318 27.1 5.48671
      vertex 21.4 27.1 1.2
      vertex 23.5173 27.1 5.45923
    endloop
  endfacet
  facet normal 0 1 0
    outer loop
      vertex 27.5173 27.1 5.45923
      vertex 29.4 27.1 1.2
      vertex 27.4 27.1 5.45
    endloop
  endfacet
  facet normal 0 1 0
    outer loop
      vertex 27.6318 27.1 5.48671
      vertex 29.4 27.1 1.2
      vertex 27.5173 27.1 5.45923
    endloop
  endfacet
  facet normal 0 1 0
    outer loop
      vertex 27.7405 27.1 5.53174
      vertex 29.4 27.1 1.2
      vertex 27.6318 27.1 5.48671
    endloop
  endfacet
  facet normal 0 1 0
    outer loop
      vertex 27.8408 27.1 5.59324
      vertex 29.4 27.1 1.2
      vertex 27.7405 27.1 5.53174
    endloop
  endfacet
  facet normal 0 1 0
    outer loop
      vertex 27.9303 27.1 5.66967
      vertex 29.4 27.1 1.2
      vertex 27.8408 27.1 5.59324
    endloop
  endfacet
  facet normal 0 1 0
    outer loop
      vertex 28.0068 27.1 5.75916
      vertex 29.4 27.1 1.2
      vertex 27.9303 27.1 5.66967
    endloop
  endfacet
  facet normal 0 1 0
    outer loop
      vertex 28.0683 27.1 5.85951
      vertex 29.4 27.1 1.2
      vertex 28.0068 27.1 5.75916
    endloop
  endfacet
  facet normal 0 1 0
    outer loop
      vertex 28.1133 27.1 5.96824
      vertex 29.4 27.1 1.2
      vertex 28.0683 27.1 5.85951
    endloop
  endfacet
  facet normal 0 1 0
    outer loop
      vertex 28.1408 27.1 6.08267
      vertex 29.4 27.1 1.2
      vertex 28.1133 27.1 5.96824
    endloop
  endfacet
  facet normal 0 1 0
    outer loop
      vertex 27.1682 27.1 6.91329
      vertex 29.4 27.1 11.2
      vertex 27.2827 27.1 6.94077
    endloop
  endfacet
  facet normal 0 1 -0
    outer loop
      vertex 23.2827 27.1 6.94077
      vertex 21.4 27.1 11.2
      vertex 23.4 27.1 6.95
    endloop
  endfacet
  facet normal 0 1 -0
    outer loop
      vertex 23.1682 27.1 6.91329
      vertex 21.4 27.1 11.2
      vertex 23.2827 27.1 6.94077
    endloop
  endfacet
  facet normal 0 1 -0
    outer loop
      vertex 23.0595 27.1 6.86825
      vertex 21.4 27.1 11.2
      vertex 23.1682 27.1 6.91329
    endloop
  endfacet
  facet normal 0 1 -0
    outer loop
      vertex 22.9592 27.1 6.80676
      vertex 21.4 27.1 11.2
      vertex 23.0595 27.1 6.86825
    endloop
  endfacet
  facet normal 0 1 -0
    outer loop
      vertex 22.8697 27.1 6.73033
      vertex 21.4 27.1 11.2
      vertex 22.9592 27.1 6.80676
    endloop
  endfacet
  facet normal 0 1 -0
    outer loop
      vertex 22.7932 27.1 6.64084
      vertex 21.4 27.1 11.2
      vertex 22.8697 27.1 6.73033
    endloop
  endfacet
  facet normal 0 1 -0
    outer loop
      vertex 22.7317 27.1 6.54049
      vertex 21.4 27.1 11.2
      vertex 22.7932 27.1 6.64084
    endloop
  endfacet
  facet normal 0 1 -0
    outer loop
      vertex 22.6867 27.1 6.43176
      vertex 21.4 27.1 11.2
      vertex 22.7317 27.1 6.54049
    endloop
  endfacet
  facet normal 0 1 -0
    outer loop
      vertex 22.6592 27.1 6.31733
      vertex 21.4 27.1 11.2
      vertex 22.6867 27.1 6.43176
    endloop
  endfacet
  facet normal 0 1 -0
    outer loop
      vertex 22.65 27.1 6.2
      vertex 21.4 27.1 11.2
      vertex 22.6592 27.1 6.31733
    endloop
  endfacet
  facet normal 0 1 0
    outer loop
      vertex 21.4 27.1 1.2
      vertex 22.65 27.1 6.2
      vertex 22.6592 27.1 6.08267
    endloop
  endfacet
  facet normal 0 1 0
    outer loop
      vertex 21.4 27.1 1.2
      vertex 22.6592 27.1 6.08267
      vertex 22.6867 27.1 5.96824
    endloop
  endfacet
  facet normal 0 1 0
    outer loop
      vertex 23.5173 27.1 5.45923
      vertex 21.4 27.1 1.2
      vertex 23.4 27.1 5.45
    endloop
  endfacet
  facet normal 0 1 0
    outer loop
      vertex 23.4 27.1 5.45
      vertex 21.4 27.1 1.2
      vertex 23.2827 27.1 5.45923
    endloop
  endfacet
  facet normal 0 1 0
    outer loop
      vertex 23.2827 27.1 5.45923
      vertex 21.4 27.1 1.2
      vertex 23.1682 27.1 5.48671
    endloop
  endfacet
  facet normal 0 1 0
    outer loop
      vertex 23.1682 27.1 5.48671
      vertex 21.4 27.1 1.2
      vertex 23.0595 27.1 5.53174
    endloop
  endfacet
  facet normal 0 1 0
    outer loop
      vertex 22.65 27.1 6.2
      vertex 21.4 27.1 1.2
      vertex 21.4 27.1 11.2
    endloop
  endfacet
  facet normal 0 1 0
    outer loop
      vertex 22.7317 27.1 5.85951
      vertex 21.4 27.1 1.2
      vertex 22.6867 27.1 5.96824
    endloop
  endfacet
  facet normal 0 1 0
    outer loop
      vertex 22.7932 27.1 5.75916
      vertex 21.4 27.1 1.2
      vertex 22.7317 27.1 5.85951
    endloop
  endfacet
  facet normal 0 1 0
    outer loop
      vertex 22.8697 27.1 5.66967
      vertex 21.4 27.1 1.2
      vertex 22.7932 27.1 5.75916
    endloop
  endfacet
  facet normal 0 1 0
    outer loop
      vertex 22.9592 27.1 5.59324
      vertex 21.4 27.1 1.2
      vertex 22.8697 27.1 5.66967
    endloop
  endfacet
  facet normal 0 1 0
    outer loop
      vertex 23.0595 27.1 5.53174
      vertex 21.4 27.1 1.2
      vertex 22.9592 27.1 5.59324
    endloop
  endfacet
  facet normal -0.972375 -0.233423 0
    outer loop
      vertex 46.8792 13.4995 1.19
      vertex 46.6686 14.3768 1.2
      vertex 46.6686 14.3768 1.19
    endloop
  endfacet
  facet normal -0.972375 -0.233423 0
    outer loop
      vertex 46.6686 14.3768 1.2
      vertex 46.8792 13.4995 1.19
      vertex 46.8792 13.4995 1.2
    endloop
  endfacet
  facet normal -0.996917 -0.0784677 0
    outer loop
      vertex 46.95 12.6 1.19
      vertex 46.8792 13.4995 1.2
      vertex 46.8792 13.4995 1.19
    endloop
  endfacet
  facet normal -0.996917 -0.0784677 0
    outer loop
      vertex 46.8792 13.4995 1.2
      vertex 46.95 12.6 1.19
      vertex 46.95 12.6 1.2
    endloop
  endfacet
  facet normal -0.923875 -0.382694 0
    outer loop
      vertex 46.6686 14.3768 1.19
      vertex 46.3233 15.2104 1.2
      vertex 46.3233 15.2104 1.19
    endloop
  endfacet
  facet normal -0.923875 -0.382694 0
    outer loop
      vertex 46.3233 15.2104 1.2
      vertex 46.6686 14.3768 1.19
      vertex 46.6686 14.3768 1.2
    endloop
  endfacet
  facet normal -0.649394 -0.760452 0
    outer loop
      vertex 44.5798 17.2518 1.19
      vertex 45.2659 16.6659 1.2
      vertex 44.5798 17.2518 1.2
    endloop
  endfacet
  facet normal -0.649394 -0.760452 -0
    outer loop
      vertex 45.2659 16.6659 1.2
      vertex 44.5798 17.2518 1.19
      vertex 45.2659 16.6659 1.19
    endloop
  endfacet
  facet normal -0.382694 -0.923875 0
    outer loop
      vertex 42.9768 18.0686 1.19
      vertex 43.8104 17.7233 1.2
      vertex 42.9768 18.0686 1.2
    endloop
  endfacet
  facet normal -0.382694 -0.923875 -0
    outer loop
      vertex 43.8104 17.7233 1.2
      vertex 42.9768 18.0686 1.19
      vertex 43.8104 17.7233 1.19
    endloop
  endfacet
  facet normal -0.760452 -0.649394 0
    outer loop
      vertex 45.8518 15.9798 1.19
      vertex 45.2659 16.6659 1.2
      vertex 45.2659 16.6659 1.19
    endloop
  endfacet
  facet normal -0.760452 -0.649394 0
    outer loop
      vertex 45.2659 16.6659 1.2
      vertex 45.8518 15.9798 1.19
      vertex 45.8518 15.9798 1.2
    endloop
  endfacet
  facet normal -0.382685 0.923879 0
    outer loop
      vertex 43.8104 7.47671 1.19
      vertex 42.9768 7.13142 1.2
      vertex 43.8104 7.47671 1.2
    endloop
  endfacet
  facet normal -0.382685 0.923879 0
    outer loop
      vertex 42.9768 7.13142 1.2
      vertex 43.8104 7.47671 1.19
      vertex 42.9768 7.13142 1.19
    endloop
  endfacet
  facet normal 0.972375 0.233423 0
    outer loop
      vertex 35.7314 10.8232 1.2
      vertex 35.5208 11.7005 1.19
      vertex 35.5208 11.7005 1.2
    endloop
  endfacet
  facet normal 0.972375 0.233423 0
    outer loop
      vertex 35.5208 11.7005 1.19
      vertex 35.7314 10.8232 1.2
      vertex 35.7314 10.8232 1.19
    endloop
  endfacet
  facet normal 0.649451 0.760403 -0
    outer loop
      vertex 37.8202 7.94815 1.19
      vertex 37.1341 8.53414 1.2
      vertex 37.8202 7.94815 1.2
    endloop
  endfacet
  facet normal 0.649451 0.760403 0
    outer loop
      vertex 37.1341 8.53414 1.2
      vertex 37.8202 7.94815 1.19
      vertex 37.1341 8.53414 1.19
    endloop
  endfacet
  facet normal 0 0 1
    outer loop
      vertex 46.7 12.6 1.19
      vertex 46.95 12.6 1.19
      vertex 46.8792 13.4995 1.19
    endloop
  endfacet
  facet normal 0 0 1
    outer loop
      vertex 46.95 12.6 1.19
      vertex 46.7 12.6 1.19
      vertex 46.8792 11.7005 1.19
    endloop
  endfacet
  facet normal 0 0 1
    outer loop
      vertex 46.6323 13.4604 1.19
      vertex 46.8792 13.4995 1.19
      vertex 46.6686 14.3768 1.19
    endloop
  endfacet
  facet normal 0 0 1
    outer loop
      vertex 46.8792 13.4995 1.19
      vertex 46.6323 13.4604 1.19
      vertex 46.7 12.6 1.19
    endloop
  endfacet
  facet normal 0 0 1
    outer loop
      vertex 46.6686 14.3768 1.19
      vertex 46.4308 14.2996 1.19
      vertex 46.6323 13.4604 1.19
    endloop
  endfacet
  facet normal 0 0 1
    outer loop
      vertex 46.3233 15.2104 1.19
      vertex 46.4308 14.2996 1.19
      vertex 46.6686 14.3768 1.19
    endloop
  endfacet
  facet normal 0 0 1
    outer loop
      vertex 46.3233 15.2104 1.19
      vertex 46.1005 15.0969 1.19
      vertex 46.4308 14.2996 1.19
    endloop
  endfacet
  facet normal 0 0 1
    outer loop
      vertex 45.8518 15.9798 1.19
      vertex 46.1005 15.0969 1.19
      vertex 46.3233 15.2104 1.19
    endloop
  endfacet
  facet normal 0 0 1
    outer loop
      vertex 45.8518 15.9798 1.19
      vertex 45.6496 15.8328 1.19
      vertex 46.1005 15.0969 1.19
    endloop
  endfacet
  facet normal 0 0 1
    outer loop
      vertex 45.2659 16.6659 1.19
      vertex 45.6496 15.8328 1.19
      vertex 45.8518 15.9798 1.19
    endloop
  endfacet
  facet normal 0 0 1
    outer loop
      vertex 45.2659 16.6659 1.19
      vertex 45.0891 16.4891 1.19
      vertex 45.6496 15.8328 1.19
    endloop
  endfacet
  facet normal 0 0 1
    outer loop
      vertex 44.5798 17.2518 1.19
      vertex 45.0891 16.4891 1.19
      vertex 45.2659 16.6659 1.19
    endloop
  endfacet
  facet normal 0 0 1
    outer loop
      vertex 44.5798 17.2518 1.19
      vertex 44.4328 17.0496 1.19
      vertex 45.0891 16.4891 1.19
    endloop
  endfacet
  facet normal 0 0 1
    outer loop
      vertex 43.8104 17.7233 1.19
      vertex 44.4328 17.0496 1.19
      vertex 44.5798 17.2518 1.19
    endloop
  endfacet
  facet normal 0 0 1
    outer loop
      vertex 43.8104 17.7233 1.19
      vertex 43.6969 17.5005 1.19
      vertex 44.4328 17.0496 1.19
    endloop
  endfacet
  facet normal 0 0 1
    outer loop
      vertex 42.9768 18.0686 1.19
      vertex 43.6969 17.5005 1.19
      vertex 43.8104 17.7233 1.19
    endloop
  endfacet
  facet normal 0 0 1
    outer loop
      vertex 42.9768 18.0686 1.19
      vertex 42.8996 17.8308 1.19
      vertex 43.6969 17.5005 1.19
    endloop
  endfacet
  facet normal 0 0 1
    outer loop
      vertex 42.0995 18.2792 1.19
      vertex 42.8996 17.8308 1.19
      vertex 42.9768 18.0686 1.19
    endloop
  endfacet
  facet normal 0 0 1
    outer loop
      vertex 42.0995 18.2792 1.19
      vertex 42.0604 18.0323 1.19
      vertex 42.8996 17.8308 1.19
    endloop
  endfacet
  facet normal 0 0 1
    outer loop
      vertex 41.2 18.35 1.19
      vertex 42.0604 18.0323 1.19
      vertex 42.0995 18.2792 1.19
    endloop
  endfacet
  facet normal 0 0 1
    outer loop
      vertex 41.2 18.35 1.19
      vertex 41.2 18.1 1.19
      vertex 42.0604 18.0323 1.19
    endloop
  endfacet
  facet normal 0 0 1
    outer loop
      vertex 41.2 18.35 1.19
      vertex 40.3396 18.0323 1.19
      vertex 41.2 18.1 1.19
    endloop
  endfacet
  facet normal -0 0 1
    outer loop
      vertex 40.3005 18.2792 1.19
      vertex 40.3396 18.0323 1.19
      vertex 41.2 18.35 1.19
    endloop
  endfacet
  facet normal 0 0 1
    outer loop
      vertex 40.3005 18.2792 1.19
      vertex 39.5004 17.8308 1.19
      vertex 40.3396 18.0323 1.19
    endloop
  endfacet
  facet normal -0 0 1
    outer loop
      vertex 39.4232 18.0686 1.19
      vertex 39.5004 17.8308 1.19
      vertex 40.3005 18.2792 1.19
    endloop
  endfacet
  facet normal 0 0 1
    outer loop
      vertex 39.4232 18.0686 1.19
      vertex 38.7031 17.5005 1.19
      vertex 39.5004 17.8308 1.19
    endloop
  endfacet
  facet normal -0 0 1
    outer loop
      vertex 38.5896 17.7233 1.19
      vertex 38.7031 17.5005 1.19
      vertex 39.4232 18.0686 1.19
    endloop
  endfacet
  facet normal 0 0 1
    outer loop
      vertex 38.5896 17.7233 1.19
      vertex 37.9672 17.0496 1.19
      vertex 38.7031 17.5005 1.19
    endloop
  endfacet
  facet normal -0 0 1
    outer loop
      vertex 37.8202 17.2518 1.19
      vertex 37.9672 17.0496 1.19
      vertex 38.5896 17.7233 1.19
    endloop
  endfacet
  facet normal 0 0 1
    outer loop
      vertex 37.8202 17.2518 1.19
      vertex 37.3109 16.4891 1.19
      vertex 37.9672 17.0496 1.19
    endloop
  endfacet
  facet normal -0 0 1
    outer loop
      vertex 37.1341 16.6659 1.19
      vertex 37.3109 16.4891 1.19
      vertex 37.8202 17.2518 1.19
    endloop
  endfacet
  facet normal 0 0 1
    outer loop
      vertex 37.1341 16.6659 1.19
      vertex 36.7504 15.8328 1.19
      vertex 37.3109 16.4891 1.19
    endloop
  endfacet
  facet normal -0 0 1
    outer loop
      vertex 36.5482 15.9798 1.19
      vertex 36.7504 15.8328 1.19
      vertex 37.1341 16.6659 1.19
    endloop
  endfacet
  facet normal 0 0 1
    outer loop
      vertex 36.5482 15.9798 1.19
      vertex 36.2995 15.0969 1.19
      vertex 36.7504 15.8328 1.19
    endloop
  endfacet
  facet normal -0 0 1
    outer loop
      vertex 36.0767 15.2104 1.19
      vertex 36.2995 15.0969 1.19
      vertex 36.5482 15.9798 1.19
    endloop
  endfacet
  facet normal 0 0 1
    outer loop
      vertex 36.0767 15.2104 1.19
      vertex 35.9692 14.2996 1.19
      vertex 36.2995 15.0969 1.19
    endloop
  endfacet
  facet normal -0 0 1
    outer loop
      vertex 35.7314 14.3768 1.19
      vertex 35.9692 14.2996 1.19
      vertex 36.0767 15.2104 1.19
    endloop
  endfacet
  facet normal 0 0 1
    outer loop
      vertex 35.9692 14.2996 1.19
      vertex 35.7314 14.3768 1.19
      vertex 35.7677 13.4604 1.19
    endloop
  endfacet
  facet normal -0 0 1
    outer loop
      vertex 35.5208 13.4995 1.19
      vertex 35.7677 13.4604 1.19
      vertex 35.7314 14.3768 1.19
    endloop
  endfacet
  facet normal 0 0 1
    outer loop
      vertex 35.7677 13.4604 1.19
      vertex 35.5208 13.4995 1.19
      vertex 35.7 12.6 1.19
    endloop
  endfacet
  facet normal -0 0 1
    outer loop
      vertex 46.6323 11.7396 1.19
      vertex 46.8792 11.7005 1.19
      vertex 46.7 12.6 1.19
    endloop
  endfacet
  facet normal 0 0 1
    outer loop
      vertex 46.8792 11.7005 1.19
      vertex 46.6323 11.7396 1.19
      vertex 46.6686 10.8232 1.19
    endloop
  endfacet
  facet normal -0 0 1
    outer loop
      vertex 46.4308 10.9004 1.19
      vertex 46.6686 10.8232 1.19
      vertex 46.6323 11.7396 1.19
    endloop
  endfacet
  facet normal 0 0 1
    outer loop
      vertex 46.4308 10.9004 1.19
      vertex 46.3233 9.98955 1.19
      vertex 46.6686 10.8232 1.19
    endloop
  endfacet
  facet normal -0 0 1
    outer loop
      vertex 46.1005 10.1031 1.19
      vertex 46.3233 9.98955 1.19
      vertex 46.4308 10.9004 1.19
    endloop
  endfacet
  facet normal 0 0 1
    outer loop
      vertex 46.1005 10.1031 1.19
      vertex 45.8518 9.22023 1.19
      vertex 46.3233 9.98955 1.19
    endloop
  endfacet
  facet normal -0 0 1
    outer loop
      vertex 45.6496 9.36718 1.19
      vertex 45.8518 9.22023 1.19
      vertex 46.1005 10.1031 1.19
    endloop
  endfacet
  facet normal 0 0 1
    outer loop
      vertex 45.6496 9.36718 1.19
      vertex 45.2659 8.53414 1.19
      vertex 45.8518 9.22023 1.19
    endloop
  endfacet
  facet normal -0 0 1
    outer loop
      vertex 45.0891 8.71091 1.19
      vertex 45.2659 8.53414 1.19
      vertex 45.6496 9.36718 1.19
    endloop
  endfacet
  facet normal 0 0 1
    outer loop
      vertex 45.0891 8.71091 1.19
      vertex 44.5798 7.94815 1.19
      vertex 45.2659 8.53414 1.19
    endloop
  endfacet
  facet normal -0 0 1
    outer loop
      vertex 44.4328 8.15041 1.19
      vertex 44.5798 7.94815 1.19
      vertex 45.0891 8.71091 1.19
    endloop
  endfacet
  facet normal 0 0 1
    outer loop
      vertex 44.4328 8.15041 1.19
      vertex 43.8104 7.47671 1.19
      vertex 44.5798 7.94815 1.19
    endloop
  endfacet
  facet normal -0 0 1
    outer loop
      vertex 43.6969 7.69946 1.19
      vertex 43.8104 7.47671 1.19
      vertex 44.4328 8.15041 1.19
    endloop
  endfacet
  facet normal 0 0 1
    outer loop
      vertex 43.6969 7.69946 1.19
      vertex 42.9768 7.13142 1.19
      vertex 43.8104 7.47671 1.19
    endloop
  endfacet
  facet normal -0 0 1
    outer loop
      vertex 42.8996 7.36919 1.19
      vertex 42.9768 7.13142 1.19
      vertex 43.6969 7.69946 1.19
    endloop
  endfacet
  facet normal 0 0 1
    outer loop
      vertex 42.8996 7.36919 1.19
      vertex 42.0995 6.92079 1.19
      vertex 42.9768 7.13142 1.19
    endloop
  endfacet
  facet normal -0 0 1
    outer loop
      vertex 42.0604 7.16771 1.19
      vertex 42.0995 6.92079 1.19
      vertex 42.8996 7.36919 1.19
    endloop
  endfacet
  facet normal -0 0 1
    outer loop
      vertex 41.2 7.1 1.19
      vertex 42.0995 6.92079 1.19
      vertex 42.0604 7.16771 1.19
    endloop
  endfacet
  facet normal 0 0 1
    outer loop
      vertex 41.2 7.1 1.19
      vertex 41.2 6.85 1.19
      vertex 42.0995 6.92079 1.19
    endloop
  endfacet
  facet normal 0 0 1
    outer loop
      vertex 40.3396 7.16771 1.19
      vertex 41.2 6.85 1.19
      vertex 41.2 7.1 1.19
    endloop
  endfacet
  facet normal 0 0 1
    outer loop
      vertex 40.3396 7.16771 1.19
      vertex 40.3005 6.92079 1.19
      vertex 41.2 6.85 1.19
    endloop
  endfacet
  facet normal 0 0 1
    outer loop
      vertex 39.5004 7.36919 1.19
      vertex 40.3005 6.92079 1.19
      vertex 40.3396 7.16771 1.19
    endloop
  endfacet
  facet normal 0 0 1
    outer loop
      vertex 39.5004 7.36919 1.19
      vertex 39.4232 7.13142 1.19
      vertex 40.3005 6.92079 1.19
    endloop
  endfacet
  facet normal 0 0 1
    outer loop
      vertex 38.7031 7.69946 1.19
      vertex 39.4232 7.13142 1.19
      vertex 39.5004 7.36919 1.19
    endloop
  endfacet
  facet normal 0 0 1
    outer loop
      vertex 38.7031 7.69946 1.19
      vertex 38.5896 7.47671 1.19
      vertex 39.4232 7.13142 1.19
    endloop
  endfacet
  facet normal 0 0 1
    outer loop
      vertex 37.9672 8.15041 1.19
      vertex 38.5896 7.47671 1.19
      vertex 38.7031 7.69946 1.19
    endloop
  endfacet
  facet normal 0 0 1
    outer loop
      vertex 37.9672 8.15041 1.19
      vertex 37.8202 7.94815 1.19
      vertex 38.5896 7.47671 1.19
    endloop
  endfacet
  facet normal 0 0 1
    outer loop
      vertex 37.3109 8.71091 1.19
      vertex 37.8202 7.94815 1.19
      vertex 37.9672 8.15041 1.19
    endloop
  endfacet
  facet normal 0 0 1
    outer loop
      vertex 37.3109 8.71091 1.19
      vertex 37.1341 8.53414 1.19
      vertex 37.8202 7.94815 1.19
    endloop
  endfacet
  facet normal 0 0 1
    outer loop
      vertex 36.7504 9.36718 1.19
      vertex 37.1341 8.53414 1.19
      vertex 37.3109 8.71091 1.19
    endloop
  endfacet
  facet normal 0 0 1
    outer loop
      vertex 36.7504 9.36718 1.19
      vertex 36.5482 9.22023 1.19
      vertex 37.1341 8.53414 1.19
    endloop
  endfacet
  facet normal 0 0 1
    outer loop
      vertex 36.2995 10.1031 1.19
      vertex 36.5482 9.22023 1.19
      vertex 36.7504 9.36718 1.19
    endloop
  endfacet
  facet normal 0 0 1
    outer loop
      vertex 36.2995 10.1031 1.19
      vertex 36.0767 9.98955 1.19
      vertex 36.5482 9.22023 1.19
    endloop
  endfacet
  facet normal 0 0 1
    outer loop
      vertex 35.9692 10.9004 1.19
      vertex 36.0767 9.98955 1.19
      vertex 36.2995 10.1031 1.19
    endloop
  endfacet
  facet normal 0 0 1
    outer loop
      vertex 35.7314 10.8232 1.19
      vertex 35.9692 10.9004 1.19
      vertex 35.7677 11.7396 1.19
    endloop
  endfacet
  facet normal 0 0 1
    outer loop
      vertex 35.9692 10.9004 1.19
      vertex 35.7314 10.8232 1.19
      vertex 36.0767 9.98955 1.19
    endloop
  endfacet
  facet normal 0 0 1
    outer loop
      vertex 35.5208 11.7005 1.19
      vertex 35.7677 11.7396 1.19
      vertex 35.7 12.6 1.19
    endloop
  endfacet
  facet normal 0 0 1
    outer loop
      vertex 35.45 12.6 1.19
      vertex 35.7 12.6 1.19
      vertex 35.5208 13.4995 1.19
    endloop
  endfacet
  facet normal 0 0 1
    outer loop
      vertex 35.7677 11.7396 1.19
      vertex 35.5208 11.7005 1.19
      vertex 35.7314 10.8232 1.19
    endloop
  endfacet
  facet normal 0 0 1
    outer loop
      vertex 35.7 12.6 1.19
      vertex 35.45 12.6 1.19
      vertex 35.5208 11.7005 1.19
    endloop
  endfacet
  facet normal -0.996917 0.0784677 0
    outer loop
      vertex 46.8792 11.7005 1.19
      vertex 46.95 12.6 1.2
      vertex 46.95 12.6 1.19
    endloop
  endfacet
  facet normal -0.996917 0.0784677 0
    outer loop
      vertex 46.95 12.6 1.2
      vertex 46.8792 11.7005 1.19
      vertex 46.8792 11.7005 1.2
    endloop
  endfacet
  facet normal -0.923883 0.382675 0
    outer loop
      vertex 46.3233 9.98955 1.19
      vertex 46.6686 10.8232 1.2
      vertex 46.6686 10.8232 1.19
    endloop
  endfacet
  facet normal -0.923883 0.382675 0
    outer loop
      vertex 46.6686 10.8232 1.2
      vertex 46.3233 9.98955 1.19
      vertex 46.3233 9.98955 1.2
    endloop
  endfacet
  facet normal -0.0784567 0.996918 0
    outer loop
      vertex 42.0995 6.92079 1.19
      vertex 41.2 6.85 1.2
      vertex 42.0995 6.92079 1.2
    endloop
  endfacet
  facet normal -0.0784567 0.996918 0
    outer loop
      vertex 41.2 6.85 1.2
      vertex 42.0995 6.92079 1.19
      vertex 41.2 6.85 1.19
    endloop
  endfacet
  facet normal 0.649394 -0.760452 0
    outer loop
      vertex 37.1341 16.6659 1.19
      vertex 37.8202 17.2518 1.2
      vertex 37.1341 16.6659 1.2
    endloop
  endfacet
  facet normal 0.649394 -0.760452 0
    outer loop
      vertex 37.8202 17.2518 1.2
      vertex 37.1341 16.6659 1.19
      vertex 37.8202 17.2518 1.19
    endloop
  endfacet
  facet normal -0.852635 -0.522507 0
    outer loop
      vertex 46.3233 15.2104 1.19
      vertex 45.8518 15.9798 1.2
      vertex 45.8518 15.9798 1.19
    endloop
  endfacet
  facet normal -0.852635 -0.522507 0
    outer loop
      vertex 45.8518 15.9798 1.2
      vertex 46.3233 15.2104 1.19
      vertex 46.3233 15.2104 1.2
    endloop
  endfacet
  facet normal 0.0784677 -0.996917 0
    outer loop
      vertex 40.3005 18.2792 1.19
      vertex 41.2 18.35 1.2
      vertex 40.3005 18.2792 1.2
    endloop
  endfacet
  facet normal 0.0784677 -0.996917 0
    outer loop
      vertex 41.2 18.35 1.2
      vertex 40.3005 18.2792 1.19
      vertex 41.2 18.35 1.19
    endloop
  endfacet
  facet normal -0.233455 0.972368 0
    outer loop
      vertex 42.9768 7.13142 1.19
      vertex 42.0995 6.92079 1.2
      vertex 42.9768 7.13142 1.2
    endloop
  endfacet
  facet normal -0.233455 0.972368 0
    outer loop
      vertex 42.0995 6.92079 1.2
      vertex 42.9768 7.13142 1.19
      vertex 42.0995 6.92079 1.19
    endloop
  endfacet
  facet normal 0.996917 -0.0784677 0
    outer loop
      vertex 35.45 12.6 1.2
      vertex 35.5208 13.4995 1.19
      vertex 35.5208 13.4995 1.2
    endloop
  endfacet
  facet normal 0.996917 -0.0784677 0
    outer loop
      vertex 35.5208 13.4995 1.19
      vertex 35.45 12.6 1.2
      vertex 35.45 12.6 1.19
    endloop
  endfacet
  facet normal 0.996917 0.0784677 0
    outer loop
      vertex 35.5208 11.7005 1.2
      vertex 35.45 12.6 1.19
      vertex 35.45 12.6 1.2
    endloop
  endfacet
  facet normal 0.996917 0.0784677 0
    outer loop
      vertex 35.45 12.6 1.19
      vertex 35.5208 11.7005 1.2
      vertex 35.5208 11.7005 1.19
    endloop
  endfacet
  facet normal 0.760452 -0.649394 0
    outer loop
      vertex 36.5482 15.9798 1.2
      vertex 37.1341 16.6659 1.19
      vertex 37.1341 16.6659 1.2
    endloop
  endfacet
  facet normal 0.760452 -0.649394 0
    outer loop
      vertex 37.1341 16.6659 1.19
      vertex 36.5482 15.9798 1.2
      vertex 36.5482 15.9798 1.19
    endloop
  endfacet
  facet normal -0.522459 0.852664 0
    outer loop
      vertex 44.5798 7.94815 1.19
      vertex 43.8104 7.47671 1.2
      vertex 44.5798 7.94815 1.2
    endloop
  endfacet
  facet normal -0.522459 0.852664 0
    outer loop
      vertex 43.8104 7.47671 1.2
      vertex 44.5798 7.94815 1.19
      vertex 43.8104 7.47671 1.19
    endloop
  endfacet
  facet normal -0.522507 -0.852635 0
    outer loop
      vertex 43.8104 17.7233 1.19
      vertex 44.5798 17.2518 1.2
      vertex 43.8104 17.7233 1.2
    endloop
  endfacet
  facet normal -0.522507 -0.852635 -0
    outer loop
      vertex 44.5798 17.2518 1.2
      vertex 43.8104 17.7233 1.19
      vertex 44.5798 17.2518 1.19
    endloop
  endfacet
  facet normal -0.85261 0.522547 0
    outer loop
      vertex 45.8518 9.22023 1.19
      vertex 46.3233 9.98955 1.2
      vertex 46.3233 9.98955 1.19
    endloop
  endfacet
  facet normal -0.85261 0.522547 0
    outer loop
      vertex 46.3233 9.98955 1.2
      vertex 45.8518 9.22023 1.19
      vertex 45.8518 9.22023 1.2
    endloop
  endfacet
  facet normal 0.522459 0.852664 -0
    outer loop
      vertex 38.5896 7.47671 1.19
      vertex 37.8202 7.94815 1.2
      vertex 38.5896 7.47671 1.2
    endloop
  endfacet
  facet normal 0.522459 0.852664 0
    outer loop
      vertex 37.8202 7.94815 1.2
      vertex 38.5896 7.47671 1.19
      vertex 37.8202 7.94815 1.19
    endloop
  endfacet
  facet normal -0.760448 0.649399 0
    outer loop
      vertex 45.2659 8.53414 1.19
      vertex 45.8518 9.22023 1.2
      vertex 45.8518 9.22023 1.19
    endloop
  endfacet
  facet normal -0.760448 0.649399 0
    outer loop
      vertex 45.8518 9.22023 1.2
      vertex 45.2659 8.53414 1.19
      vertex 45.2659 8.53414 1.2
    endloop
  endfacet
  facet normal 0.233423 -0.972375 0
    outer loop
      vertex 39.4232 18.0686 1.19
      vertex 40.3005 18.2792 1.2
      vertex 39.4232 18.0686 1.2
    endloop
  endfacet
  facet normal 0.233423 -0.972375 0
    outer loop
      vertex 40.3005 18.2792 1.2
      vertex 39.4232 18.0686 1.19
      vertex 40.3005 18.2792 1.19
    endloop
  endfacet
  facet normal 0.85261 0.522547 0
    outer loop
      vertex 36.5482 9.22023 1.2
      vertex 36.0767 9.98955 1.19
      vertex 36.0767 9.98955 1.2
    endloop
  endfacet
  facet normal 0.85261 0.522547 0
    outer loop
      vertex 36.0767 9.98955 1.19
      vertex 36.5482 9.22023 1.2
      vertex 36.5482 9.22023 1.19
    endloop
  endfacet
  facet normal 0.923883 0.382675 0
    outer loop
      vertex 36.0767 9.98955 1.2
      vertex 35.7314 10.8232 1.19
      vertex 35.7314 10.8232 1.2
    endloop
  endfacet
  facet normal 0.923883 0.382675 0
    outer loop
      vertex 35.7314 10.8232 1.19
      vertex 36.0767 9.98955 1.2
      vertex 36.0767 9.98955 1.19
    endloop
  endfacet
  facet normal -0.972375 0.233423 0
    outer loop
      vertex 46.6686 10.8232 1.19
      vertex 46.8792 11.7005 1.2
      vertex 46.8792 11.7005 1.19
    endloop
  endfacet
  facet normal -0.972375 0.233423 0
    outer loop
      vertex 46.8792 11.7005 1.2
      vertex 46.6686 10.8232 1.19
      vertex 46.6686 10.8232 1.2
    endloop
  endfacet
  facet normal -0.649451 0.760403 0
    outer loop
      vertex 45.2659 8.53414 1.19
      vertex 44.5798 7.94815 1.2
      vertex 45.2659 8.53414 1.2
    endloop
  endfacet
  facet normal -0.649451 0.760403 0
    outer loop
      vertex 44.5798 7.94815 1.2
      vertex 45.2659 8.53414 1.19
      vertex 44.5798 7.94815 1.19
    endloop
  endfacet
  facet normal 0.233455 0.972368 -0
    outer loop
      vertex 40.3005 6.92079 1.19
      vertex 39.4232 7.13142 1.2
      vertex 40.3005 6.92079 1.2
    endloop
  endfacet
  facet normal 0.233455 0.972368 0
    outer loop
      vertex 39.4232 7.13142 1.2
      vertex 40.3005 6.92079 1.19
      vertex 39.4232 7.13142 1.19
    endloop
  endfacet
  facet normal 0.972375 -0.233423 0
    outer loop
      vertex 35.5208 13.4995 1.2
      vertex 35.7314 14.3768 1.19
      vertex 35.7314 14.3768 1.2
    endloop
  endfacet
  facet normal 0.972375 -0.233423 0
    outer loop
      vertex 35.7314 14.3768 1.19
      vertex 35.5208 13.4995 1.2
      vertex 35.5208 13.4995 1.19
    endloop
  endfacet
  facet normal -0.233423 -0.972375 0
    outer loop
      vertex 42.0995 18.2792 1.19
      vertex 42.9768 18.0686 1.2
      vertex 42.0995 18.2792 1.2
    endloop
  endfacet
  facet normal -0.233423 -0.972375 -0
    outer loop
      vertex 42.9768 18.0686 1.2
      vertex 42.0995 18.2792 1.19
      vertex 42.9768 18.0686 1.19
    endloop
  endfacet
  facet normal -0.0784677 -0.996917 0
    outer loop
      vertex 41.2 18.35 1.19
      vertex 42.0995 18.2792 1.2
      vertex 41.2 18.35 1.2
    endloop
  endfacet
  facet normal -0.0784677 -0.996917 -0
    outer loop
      vertex 42.0995 18.2792 1.2
      vertex 41.2 18.35 1.19
      vertex 42.0995 18.2792 1.19
    endloop
  endfacet
  facet normal 0.0784567 0.996918 -0
    outer loop
      vertex 41.2 6.85 1.19
      vertex 40.3005 6.92079 1.2
      vertex 41.2 6.85 1.2
    endloop
  endfacet
  facet normal 0.0784567 0.996918 0
    outer loop
      vertex 40.3005 6.92079 1.2
      vertex 41.2 6.85 1.19
      vertex 40.3005 6.92079 1.19
    endloop
  endfacet
  facet normal 0.760448 0.649399 0
    outer loop
      vertex 37.1341 8.53414 1.2
      vertex 36.5482 9.22023 1.19
      vertex 36.5482 9.22023 1.2
    endloop
  endfacet
  facet normal 0.760448 0.649399 0
    outer loop
      vertex 36.5482 9.22023 1.19
      vertex 37.1341 8.53414 1.2
      vertex 37.1341 8.53414 1.19
    endloop
  endfacet
  facet normal 0.382694 -0.923875 0
    outer loop
      vertex 38.5896 17.7233 1.19
      vertex 39.4232 18.0686 1.2
      vertex 38.5896 17.7233 1.2
    endloop
  endfacet
  facet normal 0.382694 -0.923875 0
    outer loop
      vertex 39.4232 18.0686 1.2
      vertex 38.5896 17.7233 1.19
      vertex 39.4232 18.0686 1.19
    endloop
  endfacet
  facet normal 0.522507 -0.852635 0
    outer loop
      vertex 37.8202 17.2518 1.19
      vertex 38.5896 17.7233 1.2
      vertex 37.8202 17.2518 1.2
    endloop
  endfacet
  facet normal 0.522507 -0.852635 0
    outer loop
      vertex 38.5896 17.7233 1.2
      vertex 37.8202 17.2518 1.19
      vertex 38.5896 17.7233 1.19
    endloop
  endfacet
  facet normal 0.923875 -0.382694 0
    outer loop
      vertex 35.7314 14.3768 1.2
      vertex 36.0767 15.2104 1.19
      vertex 36.0767 15.2104 1.2
    endloop
  endfacet
  facet normal 0.923875 -0.382694 0
    outer loop
      vertex 36.0767 15.2104 1.19
      vertex 35.7314 14.3768 1.2
      vertex 35.7314 14.3768 1.19
    endloop
  endfacet
  facet normal 0.382685 0.923879 -0
    outer loop
      vertex 39.4232 7.13142 1.19
      vertex 38.5896 7.47671 1.2
      vertex 39.4232 7.13142 1.2
    endloop
  endfacet
  facet normal 0.382685 0.923879 0
    outer loop
      vertex 38.5896 7.47671 1.2
      vertex 39.4232 7.13142 1.19
      vertex 38.5896 7.47671 1.19
    endloop
  endfacet
  facet normal 0.852635 -0.522507 0
    outer loop
      vertex 36.0767 15.2104 1.2
      vertex 36.5482 15.9798 1.19
      vertex 36.5482 15.9798 1.2
    endloop
  endfacet
  facet normal 0.852635 -0.522507 0
    outer loop
      vertex 36.5482 15.9798 1.19
      vertex 36.0767 15.2104 1.2
      vertex 36.0767 15.2104 1.19
    endloop
  endfacet
  facet normal 0.233474 -0.972363 0
    outer loop
      vertex 39.5004 17.8308 0
      vertex 40.3396 18.0323 1.19
      vertex 39.5004 17.8308 1.19
    endloop
  endfacet
  facet normal 0.233474 -0.972363 0
    outer loop
      vertex 40.3396 18.0323 1.19
      vertex 39.5004 17.8308 0
      vertex 40.3396 18.0323 0
    endloop
  endfacet
  facet normal -0.972363 -0.233474 0
    outer loop
      vertex 46.6323 13.4604 0
      vertex 46.4308 14.2996 1.19
      vertex 46.4308 14.2996 0
    endloop
  endfacet
  facet normal -0.972363 -0.233474 0
    outer loop
      vertex 46.4308 14.2996 1.19
      vertex 46.6323 13.4604 0
      vertex 46.6323 13.4604 1.19
    endloop
  endfacet
  facet normal -0.996919 -0.0784419 0
    outer loop
      vertex 46.7 12.6 0
      vertex 46.6323 13.4604 1.19
      vertex 46.6323 13.4604 0
    endloop
  endfacet
  facet normal -0.996919 -0.0784419 0
    outer loop
      vertex 46.6323 13.4604 1.19
      vertex 46.7 12.6 0
      vertex 46.7 12.6 1.19
    endloop
  endfacet
  facet normal -0.92386 -0.38273 0
    outer loop
      vertex 46.4308 14.2996 0
      vertex 46.1005 15.0969 1.19
      vertex 46.1005 15.0969 0
    endloop
  endfacet
  facet normal -0.92386 -0.38273 0
    outer loop
      vertex 46.1005 15.0969 1.19
      vertex 46.4308 14.2996 0
      vertex 46.4308 14.2996 1.19
    endloop
  endfacet
  facet normal 0.0784534 0.996918 -0
    outer loop
      vertex 41.2 7.1 0
      vertex 40.3396 7.16771 1.19
      vertex 41.2 7.1 1.19
    endloop
  endfacet
  facet normal 0.0784534 0.996918 0
    outer loop
      vertex 40.3396 7.16771 1.19
      vertex 41.2 7.1 0
      vertex 40.3396 7.16771 0
    endloop
  endfacet
  facet normal -0.996919 0.0784419 0
    outer loop
      vertex 46.6323 11.7396 0
      vertex 46.7 12.6 1.19
      vertex 46.7 12.6 0
    endloop
  endfacet
  facet normal -0.996919 0.0784419 0
    outer loop
      vertex 46.7 12.6 1.19
      vertex 46.6323 11.7396 0
      vertex 46.6323 11.7396 1.19
    endloop
  endfacet
  facet normal 0.52249 0.852645 -0
    outer loop
      vertex 38.7031 7.69946 0
      vertex 37.9672 8.15041 1.19
      vertex 38.7031 7.69946 1.19
    endloop
  endfacet
  facet normal 0.52249 0.852645 0
    outer loop
      vertex 37.9672 8.15041 1.19
      vertex 38.7031 7.69946 0
      vertex 37.9672 8.15041 0
    endloop
  endfacet
  facet normal -0.76041 0.649443 0
    outer loop
      vertex 45.0891 8.71091 0
      vertex 45.6496 9.36718 1.19
      vertex 45.6496 9.36718 0
    endloop
  endfacet
  facet normal -0.76041 0.649443 0
    outer loop
      vertex 45.6496 9.36718 1.19
      vertex 45.0891 8.71091 0
      vertex 45.0891 8.71091 1.19
    endloop
  endfacet
  facet normal 0.760425 -0.649426 0
    outer loop
      vertex 36.7504 15.8328 1.19
      vertex 37.3109 16.4891 0
      vertex 37.3109 16.4891 1.19
    endloop
  endfacet
  facet normal 0.760425 -0.649426 0
    outer loop
      vertex 37.3109 16.4891 0
      vertex 36.7504 15.8328 1.19
      vertex 36.7504 15.8328 0
    endloop
  endfacet
  facet normal 0.852678 0.522438 0
    outer loop
      vertex 36.7504 9.36718 1.19
      vertex 36.2995 10.1031 0
      vertex 36.2995 10.1031 1.19
    endloop
  endfacet
  facet normal 0.852678 0.522438 0
    outer loop
      vertex 36.2995 10.1031 0
      vertex 36.7504 9.36718 1.19
      vertex 36.7504 9.36718 0
    endloop
  endfacet
  facet normal -0.972363 0.233474 0
    outer loop
      vertex 46.4308 10.9004 0
      vertex 46.6323 11.7396 1.19
      vertex 46.6323 11.7396 0
    endloop
  endfacet
  facet normal -0.972363 0.233474 0
    outer loop
      vertex 46.6323 11.7396 1.19
      vertex 46.4308 10.9004 0
      vertex 46.4308 10.9004 1.19
    endloop
  endfacet
  facet normal 0.649426 -0.760425 0
    outer loop
      vertex 37.3109 16.4891 0
      vertex 37.9672 17.0496 1.19
      vertex 37.3109 16.4891 1.19
    endloop
  endfacet
  facet normal 0.649426 -0.760425 0
    outer loop
      vertex 37.9672 17.0496 1.19
      vertex 37.3109 16.4891 0
      vertex 37.9672 17.0496 0
    endloop
  endfacet
  facet normal 0.972363 0.233474 0
    outer loop
      vertex 35.9692 10.9004 1.19
      vertex 35.7677 11.7396 0
      vertex 35.7677 11.7396 1.19
    endloop
  endfacet
  facet normal 0.972363 0.233474 0
    outer loop
      vertex 35.7677 11.7396 0
      vertex 35.9692 10.9004 1.19
      vertex 35.9692 10.9004 0
    endloop
  endfacet
  facet normal -0.0784419 -0.996919 0
    outer loop
      vertex 41.2 18.1 0
      vertex 42.0604 18.0323 1.19
      vertex 41.2 18.1 1.19
    endloop
  endfacet
  facet normal -0.0784419 -0.996919 -0
    outer loop
      vertex 42.0604 18.0323 1.19
      vertex 41.2 18.1 0
      vertex 42.0604 18.0323 0
    endloop
  endfacet
  facet normal -0.52249 0.852645 0
    outer loop
      vertex 44.4328 8.15041 0
      vertex 43.6969 7.69946 1.19
      vertex 44.4328 8.15041 1.19
    endloop
  endfacet
  facet normal -0.52249 0.852645 0
    outer loop
      vertex 43.6969 7.69946 1.19
      vertex 44.4328 8.15041 0
      vertex 43.6969 7.69946 0
    endloop
  endfacet
  facet normal 0.852671 -0.522448 0
    outer loop
      vertex 36.2995 15.0969 1.19
      vertex 36.7504 15.8328 0
      vertex 36.7504 15.8328 1.19
    endloop
  endfacet
  facet normal 0.852671 -0.522448 0
    outer loop
      vertex 36.7504 15.8328 0
      vertex 36.2995 15.0969 1.19
      vertex 36.2995 15.0969 0
    endloop
  endfacet
  facet normal -0.852671 -0.522448 0
    outer loop
      vertex 46.1005 15.0969 0
      vertex 45.6496 15.8328 1.19
      vertex 45.6496 15.8328 0
    endloop
  endfacet
  facet normal -0.852671 -0.522448 0
    outer loop
      vertex 45.6496 15.8328 1.19
      vertex 46.1005 15.0969 0
      vertex 46.1005 15.0969 1.19
    endloop
  endfacet
  facet normal -0.233452 0.972368 0
    outer loop
      vertex 42.8996 7.36919 0
      vertex 42.0604 7.16771 1.19
      vertex 42.8996 7.36919 1.19
    endloop
  endfacet
  facet normal -0.233452 0.972368 0
    outer loop
      vertex 42.0604 7.16771 1.19
      vertex 42.8996 7.36919 0
      vertex 42.0604 7.16771 0
    endloop
  endfacet
  facet normal -0.233474 -0.972363 0
    outer loop
      vertex 42.0604 18.0323 0
      vertex 42.8996 17.8308 1.19
      vertex 42.0604 18.0323 1.19
    endloop
  endfacet
  facet normal -0.233474 -0.972363 -0
    outer loop
      vertex 42.8996 17.8308 1.19
      vertex 42.0604 18.0323 0
      vertex 42.8996 17.8308 0
    endloop
  endfacet
  facet normal -0.92386 0.38273 0
    outer loop
      vertex 46.1005 10.1031 0
      vertex 46.4308 10.9004 1.19
      vertex 46.4308 10.9004 0
    endloop
  endfacet
  facet normal -0.92386 0.38273 0
    outer loop
      vertex 46.4308 10.9004 1.19
      vertex 46.1005 10.1031 0
      vertex 46.1005 10.1031 1.19
    endloop
  endfacet
  facet normal -0.382701 0.923872 0
    outer loop
      vertex 43.6969 7.69946 0
      vertex 42.8996 7.36919 1.19
      vertex 43.6969 7.69946 1.19
    endloop
  endfacet
  facet normal -0.382701 0.923872 0
    outer loop
      vertex 42.8996 7.36919 1.19
      vertex 43.6969 7.69946 0
      vertex 42.8996 7.36919 0
    endloop
  endfacet
  facet normal 0.76041 0.649443 0
    outer loop
      vertex 37.3109 8.71091 1.19
      vertex 36.7504 9.36718 0
      vertex 36.7504 9.36718 1.19
    endloop
  endfacet
  facet normal 0.76041 0.649443 0
    outer loop
      vertex 36.7504 9.36718 0
      vertex 37.3109 8.71091 1.19
      vertex 37.3109 8.71091 0
    endloop
  endfacet
  facet normal 0.972363 -0.233474 0
    outer loop
      vertex 35.7677 13.4604 1.19
      vertex 35.9692 14.2996 0
      vertex 35.9692 14.2996 1.19
    endloop
  endfacet
  facet normal 0.972363 -0.233474 0
    outer loop
      vertex 35.9692 14.2996 0
      vertex 35.7677 13.4604 1.19
      vertex 35.7677 13.4604 0
    endloop
  endfacet
  facet normal 0.233452 0.972368 -0
    outer loop
      vertex 40.3396 7.16771 0
      vertex 39.5004 7.36919 1.19
      vertex 40.3396 7.16771 1.19
    endloop
  endfacet
  facet normal 0.233452 0.972368 0
    outer loop
      vertex 39.5004 7.36919 1.19
      vertex 40.3396 7.16771 0
      vertex 39.5004 7.36919 0
    endloop
  endfacet
  facet normal -0.852678 0.522438 0
    outer loop
      vertex 45.6496 9.36718 0
      vertex 46.1005 10.1031 1.19
      vertex 46.1005 10.1031 0
    endloop
  endfacet
  facet normal -0.852678 0.522438 0
    outer loop
      vertex 46.1005 10.1031 1.19
      vertex 45.6496 9.36718 0
      vertex 45.6496 9.36718 1.19
    endloop
  endfacet
  facet normal -0.649426 -0.760425 0
    outer loop
      vertex 44.4328 17.0496 0
      vertex 45.0891 16.4891 1.19
      vertex 44.4328 17.0496 1.19
    endloop
  endfacet
  facet normal -0.649426 -0.760425 -0
    outer loop
      vertex 45.0891 16.4891 1.19
      vertex 44.4328 17.0496 0
      vertex 45.0891 16.4891 0
    endloop
  endfacet
  facet normal 0.649426 0.760425 -0
    outer loop
      vertex 37.9672 8.15041 0
      vertex 37.3109 8.71091 1.19
      vertex 37.9672 8.15041 1.19
    endloop
  endfacet
  facet normal 0.649426 0.760425 0
    outer loop
      vertex 37.3109 8.71091 1.19
      vertex 37.9672 8.15041 0
      vertex 37.3109 8.71091 0
    endloop
  endfacet
  facet normal -0.522448 -0.852671 0
    outer loop
      vertex 43.6969 17.5005 0
      vertex 44.4328 17.0496 1.19
      vertex 43.6969 17.5005 1.19
    endloop
  endfacet
  facet normal -0.522448 -0.852671 -0
    outer loop
      vertex 44.4328 17.0496 1.19
      vertex 43.6969 17.5005 0
      vertex 44.4328 17.0496 0
    endloop
  endfacet
  facet normal 0.92386 -0.38273 0
    outer loop
      vertex 35.9692 14.2996 1.19
      vertex 36.2995 15.0969 0
      vertex 36.2995 15.0969 1.19
    endloop
  endfacet
  facet normal 0.92386 -0.38273 0
    outer loop
      vertex 36.2995 15.0969 0
      vertex 35.9692 14.2996 1.19
      vertex 35.9692 14.2996 0
    endloop
  endfacet
  facet normal -0.0784534 0.996918 0
    outer loop
      vertex 42.0604 7.16771 0
      vertex 41.2 7.1 1.19
      vertex 42.0604 7.16771 1.19
    endloop
  endfacet
  facet normal -0.0784534 0.996918 0
    outer loop
      vertex 41.2 7.1 1.19
      vertex 42.0604 7.16771 0
      vertex 41.2 7.1 0
    endloop
  endfacet
  facet normal 0.522448 -0.852671 0
    outer loop
      vertex 37.9672 17.0496 0
      vertex 38.7031 17.5005 1.19
      vertex 37.9672 17.0496 1.19
    endloop
  endfacet
  facet normal 0.522448 -0.852671 0
    outer loop
      vertex 38.7031 17.5005 1.19
      vertex 37.9672 17.0496 0
      vertex 38.7031 17.5005 0
    endloop
  endfacet
  facet normal 0.38273 -0.92386 0
    outer loop
      vertex 38.7031 17.5005 0
      vertex 39.5004 17.8308 1.19
      vertex 38.7031 17.5005 1.19
    endloop
  endfacet
  facet normal 0.38273 -0.92386 0
    outer loop
      vertex 39.5004 17.8308 1.19
      vertex 38.7031 17.5005 0
      vertex 39.5004 17.8308 0
    endloop
  endfacet
  facet normal -0.760425 -0.649426 0
    outer loop
      vertex 45.6496 15.8328 0
      vertex 45.0891 16.4891 1.19
      vertex 45.0891 16.4891 0
    endloop
  endfacet
  facet normal -0.760425 -0.649426 0
    outer loop
      vertex 45.0891 16.4891 1.19
      vertex 45.6496 15.8328 0
      vertex 45.6496 15.8328 1.19
    endloop
  endfacet
  facet normal 0.0784419 -0.996919 0
    outer loop
      vertex 40.3396 18.0323 0
      vertex 41.2 18.1 1.19
      vertex 40.3396 18.0323 1.19
    endloop
  endfacet
  facet normal 0.0784419 -0.996919 0
    outer loop
      vertex 41.2 18.1 1.19
      vertex 40.3396 18.0323 0
      vertex 41.2 18.1 0
    endloop
  endfacet
  facet normal -0.38273 -0.92386 0
    outer loop
      vertex 42.8996 17.8308 0
      vertex 43.6969 17.5005 1.19
      vertex 42.8996 17.8308 1.19
    endloop
  endfacet
  facet normal -0.38273 -0.92386 -0
    outer loop
      vertex 43.6969 17.5005 1.19
      vertex 42.8996 17.8308 0
      vertex 43.6969 17.5005 0
    endloop
  endfacet
  facet normal -0.649426 0.760425 0
    outer loop
      vertex 45.0891 8.71091 0
      vertex 44.4328 8.15041 1.19
      vertex 45.0891 8.71091 1.19
    endloop
  endfacet
  facet normal -0.649426 0.760425 0
    outer loop
      vertex 44.4328 8.15041 1.19
      vertex 45.0891 8.71091 0
      vertex 44.4328 8.15041 0
    endloop
  endfacet
  facet normal 0.92386 0.38273 0
    outer loop
      vertex 36.2995 10.1031 1.19
      vertex 35.9692 10.9004 0
      vertex 35.9692 10.9004 1.19
    endloop
  endfacet
  facet normal 0.92386 0.38273 0
    outer loop
      vertex 35.9692 10.9004 0
      vertex 36.2995 10.1031 1.19
      vertex 36.2995 10.1031 0
    endloop
  endfacet
  facet normal 0.996919 -0.0784419 0
    outer loop
      vertex 35.7 12.6 1.19
      vertex 35.7677 13.4604 0
      vertex 35.7677 13.4604 1.19
    endloop
  endfacet
  facet normal 0.996919 -0.0784419 0
    outer loop
      vertex 35.7677 13.4604 0
      vertex 35.7 12.6 1.19
      vertex 35.7 12.6 0
    endloop
  endfacet
  facet normal 0.996919 0.0784419 0
    outer loop
      vertex 35.7677 11.7396 1.19
      vertex 35.7 12.6 0
      vertex 35.7 12.6 1.19
    endloop
  endfacet
  facet normal 0.996919 0.0784419 0
    outer loop
      vertex 35.7 12.6 0
      vertex 35.7677 11.7396 1.19
      vertex 35.7677 11.7396 0
    endloop
  endfacet
  facet normal 0.382701 0.923872 -0
    outer loop
      vertex 39.5004 7.36919 0
      vertex 38.7031 7.69946 1.19
      vertex 39.5004 7.36919 1.19
    endloop
  endfacet
  facet normal 0.382701 0.923872 0
    outer loop
      vertex 38.7031 7.69946 1.19
      vertex 39.5004 7.36919 0
      vertex 38.7031 7.69946 0
    endloop
  endfacet
  facet normal 0 0.972367 -0.233458
    outer loop
      vertex 1.6 8.11847 6.43465
      vertex 0 8.17342 6.66352
      vertex 1.6 8.17342 6.66352
    endloop
  endfacet
  facet normal 0 0.972367 -0.233458
    outer loop
      vertex 0 8.17342 6.66352
      vertex 1.6 8.11847 6.43465
      vertex 0 8.11847 6.43465
    endloop
  endfacet
  facet normal 0 0.996916 0.0784703
    outer loop
      vertex 1.6 8.11847 5.96535
      vertex 0 8.1 6.2
      vertex 1.6 8.1 6.2
    endloop
  endfacet
  facet normal 0 0.996916 0.0784703
    outer loop
      vertex 0 8.1 6.2
      vertex 1.6 8.11847 5.96535
      vertex 0 8.11847 5.96535
    endloop
  endfacet
  facet normal 0 0.852646 -0.522489
    outer loop
      vertex 1.6 8.26349 6.88099
      vertex 0 8.38647 7.08168
      vertex 1.6 8.38647 7.08168
    endloop
  endfacet
  facet normal 0 0.852646 -0.522489
    outer loop
      vertex 0 8.38647 7.08168
      vertex 1.6 8.26349 6.88099
      vertex 0 8.26349 6.88099
    endloop
  endfacet
  facet normal 0 0.923893 -0.382651
    outer loop
      vertex 1.6 8.17342 6.66352
      vertex 0 8.26349 6.88099
      vertex 1.6 8.26349 6.88099
    endloop
  endfacet
  facet normal 0 0.923893 -0.382651
    outer loop
      vertex 0 8.26349 6.88099
      vertex 1.6 8.17342 6.66352
      vertex 0 8.17342 6.66352
    endloop
  endfacet
  facet normal 0 -0.0784703 0.996916
    outer loop
      vertex 0 9.83465 4.71847
      vertex 1.6 9.6 4.7
      vertex 1.6 9.83465 4.71847
    endloop
  endfacet
  facet normal 0 -0.0784703 0.996916
    outer loop
      vertex 1.6 9.6 4.7
      vertex 0 9.83465 4.71847
      vertex 0 9.6 4.7
    endloop
  endfacet
  facet normal 0 -0.760539 0.649292
    outer loop
      vertex 0 10.6607 5.13934
      vertex 1.6 10.8135 5.31832
      vertex 0 10.8135 5.31832
    endloop
  endfacet
  facet normal 0 -0.760539 0.649292
    outer loop
      vertex 1.6 10.8135 5.31832
      vertex 0 10.6607 5.13934
      vertex 1.6 10.6607 5.13934
    endloop
  endfacet
  facet normal -0 0.233408 0.972379
    outer loop
      vertex 0 9.36535 4.71847
      vertex 1.6 9.13647 4.77341
      vertex 1.6 9.36535 4.71847
    endloop
  endfacet
  facet normal 0 0.233408 0.972379
    outer loop
      vertex 1.6 9.13647 4.77341
      vertex 0 9.36535 4.71847
      vertex 0 9.13647 4.77341
    endloop
  endfacet
  facet normal 0 -0.760539 -0.649292
    outer loop
      vertex 0 10.8135 7.08168
      vertex 1.6 10.6607 7.26066
      vertex 0 10.6607 7.26066
    endloop
  endfacet
  facet normal 0 -0.760539 -0.649292
    outer loop
      vertex 1.6 10.6607 7.26066
      vertex 0 10.8135 7.08168
      vertex 1.6 10.8135 7.08168
    endloop
  endfacet
  facet normal 0 -0.923842 0.382775
    outer loop
      vertex 0 10.9365 5.51901
      vertex 1.6 11.0266 5.73647
      vertex 0 11.0266 5.73647
    endloop
  endfacet
  facet normal 0 -0.923842 0.382775
    outer loop
      vertex 1.6 11.0266 5.73647
      vertex 0 10.9365 5.51901
      vertex 1.6 10.9365 5.51901
    endloop
  endfacet
  facet normal 0 -0.996906 0.0785969
    outer loop
      vertex 0 11.0815 5.96535
      vertex 1.6 11.1 6.2
      vertex 0 11.1 6.2
    endloop
  endfacet
  facet normal 0 -0.996906 0.0785969
    outer loop
      vertex 1.6 11.1 6.2
      vertex 0 11.0815 5.96535
      vertex 1.6 11.0815 5.96535
    endloop
  endfacet
  facet normal -0 0.649464 0.760392
    outer loop
      vertex 0 8.71832 4.98647
      vertex 1.6 8.53934 5.13934
      vertex 1.6 8.71832 4.98647
    endloop
  endfacet
  facet normal 0 0.649464 0.760392
    outer loop
      vertex 1.6 8.53934 5.13934
      vertex 0 8.71832 4.98647
      vertex 0 8.53934 5.13934
    endloop
  endfacet
  facet normal 0 -0.996906 -0.0785969
    outer loop
      vertex 0 11.1 6.2
      vertex 1.6 11.0815 6.43465
      vertex 0 11.0815 6.43465
    endloop
  endfacet
  facet normal 0 -0.996906 -0.0785969
    outer loop
      vertex 1.6 11.0815 6.43465
      vertex 0 11.1 6.2
      vertex 1.6 11.1 6.2
    endloop
  endfacet
  facet normal 0 -0.522501 -0.852638
    outer loop
      vertex 0 10.281 7.53651
      vertex 1.6 10.4817 7.41352
      vertex 1.6 10.281 7.53651
    endloop
  endfacet
  facet normal -0 -0.522501 -0.852638
    outer loop
      vertex 1.6 10.4817 7.41352
      vertex 0 10.281 7.53651
      vertex 0 10.4817 7.41352
    endloop
  endfacet
  facet normal 0 -0.233437 0.972372
    outer loop
      vertex 0 10.0635 4.77341
      vertex 1.6 9.83465 4.71847
      vertex 1.6 10.0635 4.77341
    endloop
  endfacet
  facet normal 0 -0.233437 0.972372
    outer loop
      vertex 1.6 9.83465 4.71847
      vertex 0 10.0635 4.77341
      vertex 0 9.83465 4.71847
    endloop
  endfacet
  facet normal 0 -0.852608 -0.522551
    outer loop
      vertex 0 10.9365 6.88099
      vertex 1.6 10.8135 7.08168
      vertex 0 10.8135 7.08168
    endloop
  endfacet
  facet normal 0 -0.852608 -0.522551
    outer loop
      vertex 1.6 10.8135 7.08168
      vertex 0 10.9365 6.88099
      vertex 1.6 10.9365 6.88099
    endloop
  endfacet
  facet normal 0 -0.52247 0.852657
    outer loop
      vertex 0 10.4817 4.98647
      vertex 1.6 10.281 4.86349
      vertex 1.6 10.4817 4.98647
    endloop
  endfacet
  facet normal 0 -0.52247 0.852657
    outer loop
      vertex 1.6 10.281 4.86349
      vertex 0 10.4817 4.98647
      vertex 0 10.281 4.86349
    endloop
  endfacet
  facet normal 0 -0.649422 0.760428
    outer loop
      vertex 0 10.6607 5.13934
      vertex 1.6 10.4817 4.98647
      vertex 1.6 10.6607 5.13934
    endloop
  endfacet
  facet normal 0 -0.649422 0.760428
    outer loop
      vertex 1.6 10.4817 4.98647
      vertex 0 10.6607 5.13934
      vertex 0 10.4817 4.98647
    endloop
  endfacet
  facet normal 0 0.760392 -0.649464
    outer loop
      vertex 1.6 8.38647 7.08168
      vertex 0 8.53934 7.26066
      vertex 1.6 8.53934 7.26066
    endloop
  endfacet
  facet normal 0 0.760392 -0.649464
    outer loop
      vertex 0 8.53934 7.26066
      vertex 1.6 8.38647 7.08168
      vertex 0 8.38647 7.08168
    endloop
  endfacet
  facet normal 0 0.972369 0.233448
    outer loop
      vertex 1.6 8.17342 5.73647
      vertex 0 8.11847 5.96535
      vertex 1.6 8.11847 5.96535
    endloop
  endfacet
  facet normal 0 0.972369 0.233448
    outer loop
      vertex 0 8.11847 5.96535
      vertex 1.6 8.17342 5.73647
      vertex 0 8.17342 5.73647
    endloop
  endfacet
  facet normal -0 0.0784703 0.996916
    outer loop
      vertex 0 9.6 4.7
      vertex 1.6 9.36535 4.71847
      vertex 1.6 9.6 4.7
    endloop
  endfacet
  facet normal 0 0.0784703 0.996916
    outer loop
      vertex 1.6 9.36535 4.71847
      vertex 0 9.6 4.7
      vertex 0 9.36535 4.71847
    endloop
  endfacet
  facet normal -0 0.382702 0.923872
    outer loop
      vertex 0 9.13647 4.77341
      vertex 1.6 8.91901 4.86349
      vertex 1.6 9.13647 4.77341
    endloop
  endfacet
  facet normal 0 0.382702 0.923872
    outer loop
      vertex 1.6 8.91901 4.86349
      vertex 0 9.13647 4.77341
      vertex 0 8.91901 4.86349
    endloop
  endfacet
  facet normal 0 -0.852608 0.522551
    outer loop
      vertex 0 10.8135 5.31832
      vertex 1.6 10.9365 5.51901
      vertex 0 10.9365 5.51901
    endloop
  endfacet
  facet normal 0 -0.852608 0.522551
    outer loop
      vertex 1.6 10.9365 5.51901
      vertex 0 10.8135 5.31832
      vertex 1.6 10.8135 5.31832
    endloop
  endfacet
  facet normal 0 -0.233477 -0.972362
    outer loop
      vertex 0 9.83465 7.68153
      vertex 1.6 10.0635 7.62658
      vertex 1.6 9.83465 7.68153
    endloop
  endfacet
  facet normal -0 -0.233477 -0.972362
    outer loop
      vertex 1.6 10.0635 7.62658
      vertex 0 9.83465 7.68153
      vertex 0 10.0635 7.62658
    endloop
  endfacet
  facet normal 0 0.996916 -0.0784703
    outer loop
      vertex 1.6 8.1 6.2
      vertex 0 8.11847 6.43465
      vertex 1.6 8.11847 6.43465
    endloop
  endfacet
  facet normal 0 0.996916 -0.0784703
    outer loop
      vertex 0 8.11847 6.43465
      vertex 1.6 8.1 6.2
      vertex 0 8.1 6.2
    endloop
  endfacet
  facet normal 0 -0.923848 -0.382759
    outer loop
      vertex 0 11.0266 6.66352
      vertex 1.6 10.9365 6.88099
      vertex 0 10.9365 6.88099
    endloop
  endfacet
  facet normal 0 -0.923848 -0.382759
    outer loop
      vertex 1.6 10.9365 6.88099
      vertex 0 11.0266 6.66352
      vertex 1.6 11.0266 6.66352
    endloop
  endfacet
  facet normal 0 -0.972415 -0.233257
    outer loop
      vertex 0 11.0815 6.43465
      vertex 1.6 11.0266 6.66352
      vertex 0 11.0266 6.66352
    endloop
  endfacet
  facet normal 0 -0.972415 -0.233257
    outer loop
      vertex 1.6 11.0266 6.66352
      vertex 0 11.0815 6.43465
      vertex 1.6 11.0815 6.43465
    endloop
  endfacet
  facet normal 0 0.52252 -0.852627
    outer loop
      vertex 0 8.71832 7.41352
      vertex 1.6 8.91901 7.53651
      vertex 1.6 8.71832 7.41352
    endloop
  endfacet
  facet normal 0 0.52252 -0.852627
    outer loop
      vertex 1.6 8.91901 7.53651
      vertex 0 8.71832 7.41352
      vertex 0 8.91901 7.53651
    endloop
  endfacet
  facet normal 0 -0.649398 -0.760449
    outer loop
      vertex 0 10.4817 7.41352
      vertex 1.6 10.6607 7.26066
      vertex 1.6 10.4817 7.41352
    endloop
  endfacet
  facet normal -0 -0.649398 -0.760449
    outer loop
      vertex 1.6 10.6607 7.26066
      vertex 0 10.4817 7.41352
      vertex 0 10.6607 7.26066
    endloop
  endfacet
  facet normal 0 0.382666 -0.923887
    outer loop
      vertex 0 8.91901 7.53651
      vertex 1.6 9.13647 7.62658
      vertex 1.6 8.91901 7.53651
    endloop
  endfacet
  facet normal 0 0.382666 -0.923887
    outer loop
      vertex 1.6 9.13647 7.62658
      vertex 0 8.91901 7.53651
      vertex 0 9.13647 7.62658
    endloop
  endfacet
  facet normal 0 0.64944 -0.760413
    outer loop
      vertex 0 8.53934 7.26066
      vertex 1.6 8.71832 7.41352
      vertex 1.6 8.53934 7.26066
    endloop
  endfacet
  facet normal 0 0.64944 -0.760413
    outer loop
      vertex 1.6 8.71832 7.41352
      vertex 0 8.53934 7.26066
      vertex 0 8.71832 7.41352
    endloop
  endfacet
  facet normal 0 0.760392 0.649464
    outer loop
      vertex 1.6 8.53934 5.13934
      vertex 0 8.38647 5.31832
      vertex 1.6 8.38647 5.31832
    endloop
  endfacet
  facet normal 0 0.760392 0.649464
    outer loop
      vertex 0 8.38647 5.31832
      vertex 1.6 8.53934 5.13934
      vertex 0 8.53934 5.13934
    endloop
  endfacet
  facet normal 0 0.852646 0.522489
    outer loop
      vertex 1.6 8.38647 5.31832
      vertex 0 8.26349 5.51901
      vertex 1.6 8.26349 5.51901
    endloop
  endfacet
  facet normal 0 0.852646 0.522489
    outer loop
      vertex 0 8.26349 5.51901
      vertex 1.6 8.38647 5.31832
      vertex 0 8.38647 5.31832
    endloop
  endfacet
  facet normal 0 0.0784703 -0.996916
    outer loop
      vertex 0 9.36535 7.68153
      vertex 1.6 9.6 7.7
      vertex 1.6 9.36535 7.68153
    endloop
  endfacet
  facet normal 0 0.0784703 -0.996916
    outer loop
      vertex 1.6 9.6 7.7
      vertex 0 9.36535 7.68153
      vertex 0 9.6 7.7
    endloop
  endfacet
  facet normal 0 -0.972417 0.233248
    outer loop
      vertex 0 11.0266 5.73647
      vertex 1.6 11.0815 5.96535
      vertex 0 11.0815 5.96535
    endloop
  endfacet
  facet normal 0 -0.972417 0.233248
    outer loop
      vertex 1.6 11.0815 5.96535
      vertex 0 11.0266 5.73647
      vertex 1.6 11.0266 5.73647
    endloop
  endfacet
  facet normal 0 -0.382606 -0.923912
    outer loop
      vertex 0 10.0635 7.62658
      vertex 1.6 10.281 7.53651
      vertex 1.6 10.0635 7.62658
    endloop
  endfacet
  facet normal -0 -0.382606 -0.923912
    outer loop
      vertex 1.6 10.281 7.53651
      vertex 0 10.0635 7.62658
      vertex 0 10.281 7.53651
    endloop
  endfacet
  facet normal 0 0.923887 0.382666
    outer loop
      vertex 1.6 8.26349 5.51901
      vertex 0 8.17342 5.73647
      vertex 1.6 8.17342 5.73647
    endloop
  endfacet
  facet normal 0 0.923887 0.382666
    outer loop
      vertex 0 8.17342 5.73647
      vertex 1.6 8.26349 5.51901
      vertex 0 8.26349 5.51901
    endloop
  endfacet
  facet normal 0 -0.382642 0.923897
    outer loop
      vertex 0 10.281 4.86349
      vertex 1.6 10.0635 4.77341
      vertex 1.6 10.281 4.86349
    endloop
  endfacet
  facet normal 0 -0.382642 0.923897
    outer loop
      vertex 1.6 10.0635 4.77341
      vertex 0 10.281 4.86349
      vertex 0 10.0635 4.77341
    endloop
  endfacet
  facet normal 0 0.233448 -0.972369
    outer loop
      vertex 0 9.13647 7.62658
      vertex 1.6 9.36535 7.68153
      vertex 1.6 9.13647 7.62658
    endloop
  endfacet
  facet normal 0 0.233448 -0.972369
    outer loop
      vertex 1.6 9.36535 7.68153
      vertex 0 9.13647 7.62658
      vertex 0 9.36535 7.68153
    endloop
  endfacet
  facet normal -0 0.522489 0.852646
    outer loop
      vertex 0 8.91901 4.86349
      vertex 1.6 8.71832 4.98647
      vertex 1.6 8.91901 4.86349
    endloop
  endfacet
  facet normal 0 0.522489 0.852646
    outer loop
      vertex 1.6 8.71832 4.98647
      vertex 0 8.91901 4.86349
      vertex 0 8.71832 4.98647
    endloop
  endfacet
  facet normal 0 -0.0784703 -0.996916
    outer loop
      vertex 0 9.6 7.7
      vertex 1.6 9.83465 7.68153
      vertex 1.6 9.6 7.7
    endloop
  endfacet
  facet normal -0 -0.0784703 -0.996916
    outer loop
      vertex 1.6 9.83465 7.68153
      vertex 0 9.6 7.7
      vertex 0 9.83465 7.68153
    endloop
  endfacet
  facet normal 0 0.972415 -0.233257
    outer loop
      vertex 1.6 14.1185 6.43465
      vertex 0 14.1734 6.66352
      vertex 1.6 14.1734 6.66352
    endloop
  endfacet
  facet normal 0 0.972415 -0.233257
    outer loop
      vertex 0 14.1734 6.66352
      vertex 1.6 14.1185 6.43465
      vertex 0 14.1185 6.43465
    endloop
  endfacet
  facet normal 0 0.996906 0.0785969
    outer loop
      vertex 1.6 14.1185 5.96535
      vertex 0 14.1 6.2
      vertex 1.6 14.1 6.2
    endloop
  endfacet
  facet normal 0 0.996906 0.0785969
    outer loop
      vertex 0 14.1 6.2
      vertex 1.6 14.1185 5.96535
      vertex 0 14.1185 5.96535
    endloop
  endfacet
  facet normal 0 0.852608 -0.522551
    outer loop
      vertex 1.6 14.2635 6.88099
      vertex 0 14.3865 7.08168
      vertex 1.6 14.3865 7.08168
    endloop
  endfacet
  facet normal 0 0.852608 -0.522551
    outer loop
      vertex 0 14.3865 7.08168
      vertex 1.6 14.2635 6.88099
      vertex 0 14.2635 6.88099
    endloop
  endfacet
  facet normal 0 0.923848 -0.382759
    outer loop
      vertex 1.6 14.1734 6.66352
      vertex 0 14.2635 6.88099
      vertex 1.6 14.2635 6.88099
    endloop
  endfacet
  facet normal 0 0.923848 -0.382759
    outer loop
      vertex 0 14.2635 6.88099
      vertex 1.6 14.1734 6.66352
      vertex 0 14.1734 6.66352
    endloop
  endfacet
  facet normal 0 -0.0784536 0.996918
    outer loop
      vertex 0 15.8347 4.71847
      vertex 1.6 15.6 4.7
      vertex 1.6 15.8347 4.71847
    endloop
  endfacet
  facet normal 0 -0.0784536 0.996918
    outer loop
      vertex 1.6 15.6 4.7
      vertex 0 15.8347 4.71847
      vertex 0 15.6 4.7
    endloop
  endfacet
  facet normal 0 -0.760539 0.649292
    outer loop
      vertex 0 16.6607 5.13934
      vertex 1.6 16.8135 5.31832
      vertex 0 16.8135 5.31832
    endloop
  endfacet
  facet normal 0 -0.760539 0.649292
    outer loop
      vertex 1.6 16.8135 5.31832
      vertex 0 16.6607 5.13934
      vertex 1.6 16.6607 5.13934
    endloop
  endfacet
  facet normal -0 0.233485 0.97236
    outer loop
      vertex 0 15.3653 4.71847
      vertex 1.6 15.1365 4.77341
      vertex 1.6 15.3653 4.71847
    endloop
  endfacet
  facet normal 0 0.233485 0.97236
    outer loop
      vertex 1.6 15.1365 4.77341
      vertex 0 15.3653 4.71847
      vertex 0 15.1365 4.77341
    endloop
  endfacet
  facet normal 0 -0.760539 -0.649292
    outer loop
      vertex 0 16.8135 7.08168
      vertex 1.6 16.6607 7.26066
      vertex 0 16.6607 7.26066
    endloop
  endfacet
  facet normal 0 -0.760539 -0.649292
    outer loop
      vertex 1.6 16.6607 7.26066
      vertex 0 16.8135 7.08168
      vertex 1.6 16.8135 7.08168
    endloop
  endfacet
  facet normal 0 -0.923842 0.382775
    outer loop
      vertex 0 16.9365 5.51901
      vertex 1.6 17.0266 5.73647
      vertex 0 17.0266 5.73647
    endloop
  endfacet
  facet normal 0 -0.923842 0.382775
    outer loop
      vertex 1.6 17.0266 5.73647
      vertex 0 16.9365 5.51901
      vertex 1.6 16.9365 5.51901
    endloop
  endfacet
  facet normal 0 -0.996906 0.0785969
    outer loop
      vertex 0 17.0815 5.96535
      vertex 1.6 17.1 6.2
      vertex 0 17.1 6.2
    endloop
  endfacet
  facet normal 0 -0.996906 0.0785969
    outer loop
      vertex 1.6 17.1 6.2
      vertex 0 17.0815 5.96535
      vertex 1.6 17.0815 5.96535
    endloop
  endfacet
  facet normal 0 -0.972417 0.233248
    outer loop
      vertex 0 17.0266 5.73647
      vertex 1.6 17.0815 5.96535
      vertex 0 17.0815 5.96535
    endloop
  endfacet
  facet normal 0 -0.972417 0.233248
    outer loop
      vertex 1.6 17.0815 5.96535
      vertex 0 17.0266 5.73647
      vertex 1.6 17.0266 5.73647
    endloop
  endfacet
  facet normal -0 0.649422 0.760428
    outer loop
      vertex 0 14.7183 4.98647
      vertex 1.6 14.5393 5.13934
      vertex 1.6 14.7183 4.98647
    endloop
  endfacet
  facet normal 0 0.649422 0.760428
    outer loop
      vertex 1.6 14.5393 5.13934
      vertex 0 14.7183 4.98647
      vertex 0 14.5393 5.13934
    endloop
  endfacet
  facet normal 0 -0.522501 -0.852638
    outer loop
      vertex 0 16.281 7.53651
      vertex 1.6 16.4817 7.41352
      vertex 1.6 16.281 7.53651
    endloop
  endfacet
  facet normal -0 -0.522501 -0.852638
    outer loop
      vertex 1.6 16.4817 7.41352
      vertex 0 16.281 7.53651
      vertex 0 16.4817 7.41352
    endloop
  endfacet
  facet normal 0 -0.996906 -0.0785969
    outer loop
      vertex 0 17.1 6.2
      vertex 1.6 17.0815 6.43465
      vertex 0 17.0815 6.43465
    endloop
  endfacet
  facet normal 0 -0.996906 -0.0785969
    outer loop
      vertex 1.6 17.0815 6.43465
      vertex 0 17.1 6.2
      vertex 1.6 17.1 6.2
    endloop
  endfacet
  facet normal 0 -0.233485 0.97236
    outer loop
      vertex 0 16.0635 4.77341
      vertex 1.6 15.8347 4.71847
      vertex 1.6 16.0635 4.77341
    endloop
  endfacet
  facet normal 0 -0.233485 0.97236
    outer loop
      vertex 1.6 15.8347 4.71847
      vertex 0 16.0635 4.77341
      vertex 0 15.8347 4.71847
    endloop
  endfacet
  facet normal 0 -0.852608 -0.522551
    outer loop
      vertex 0 16.9365 6.88099
      vertex 1.6 16.8135 7.08168
      vertex 0 16.8135 7.08168
    endloop
  endfacet
  facet normal 0 -0.852608 -0.522551
    outer loop
      vertex 1.6 16.8135 7.08168
      vertex 0 16.9365 6.88099
      vertex 1.6 16.9365 6.88099
    endloop
  endfacet
  facet normal 0 -0.52247 0.852657
    outer loop
      vertex 0 16.4817 4.98647
      vertex 1.6 16.281 4.86349
      vertex 1.6 16.4817 4.98647
    endloop
  endfacet
  facet normal 0 -0.52247 0.852657
    outer loop
      vertex 1.6 16.281 4.86349
      vertex 0 16.4817 4.98647
      vertex 0 16.281 4.86349
    endloop
  endfacet
  facet normal 0 -0.649422 0.760428
    outer loop
      vertex 0 16.6607 5.13934
      vertex 1.6 16.4817 4.98647
      vertex 1.6 16.6607 5.13934
    endloop
  endfacet
  facet normal 0 -0.649422 0.760428
    outer loop
      vertex 1.6 16.4817 4.98647
      vertex 0 16.6607 5.13934
      vertex 0 16.4817 4.98647
    endloop
  endfacet
  facet normal 0 0.760539 -0.649292
    outer loop
      vertex 1.6 14.3865 7.08168
      vertex 0 14.5393 7.26066
      vertex 1.6 14.5393 7.26066
    endloop
  endfacet
  facet normal 0 0.760539 -0.649292
    outer loop
      vertex 0 14.5393 7.26066
      vertex 1.6 14.3865 7.08168
      vertex 0 14.3865 7.08168
    endloop
  endfacet
  facet normal 0 0.972417 0.233248
    outer loop
      vertex 1.6 14.1734 5.73647
      vertex 0 14.1185 5.96535
      vertex 1.6 14.1185 5.96535
    endloop
  endfacet
  facet normal 0 0.972417 0.233248
    outer loop
      vertex 0 14.1185 5.96535
      vertex 1.6 14.1734 5.73647
      vertex 0 14.1734 5.73647
    endloop
  endfacet
  facet normal -0 0.0784536 0.996918
    outer loop
      vertex 0 15.6 4.7
      vertex 1.6 15.3653 4.71847
      vertex 1.6 15.6 4.7
    endloop
  endfacet
  facet normal 0 0.0784536 0.996918
    outer loop
      vertex 1.6 15.3653 4.71847
      vertex 0 15.6 4.7
      vertex 0 15.3653 4.71847
    endloop
  endfacet
  facet normal -0 0.382642 0.923897
    outer loop
      vertex 0 15.1365 4.77341
      vertex 1.6 14.919 4.86349
      vertex 1.6 15.1365 4.77341
    endloop
  endfacet
  facet normal 0 0.382642 0.923897
    outer loop
      vertex 1.6 14.919 4.86349
      vertex 0 15.1365 4.77341
      vertex 0 14.919 4.86349
    endloop
  endfacet
  facet normal 0 -0.852608 0.522551
    outer loop
      vertex 0 16.8135 5.31832
      vertex 1.6 16.9365 5.51901
      vertex 0 16.9365 5.51901
    endloop
  endfacet
  facet normal 0 -0.852608 0.522551
    outer loop
      vertex 1.6 16.9365 5.51901
      vertex 0 16.8135 5.31832
      vertex 1.6 16.8135 5.31832
    endloop
  endfacet
  facet normal 0 -0.233526 -0.972351
    outer loop
      vertex 0 15.8347 7.68153
      vertex 1.6 16.0635 7.62658
      vertex 1.6 15.8347 7.68153
    endloop
  endfacet
  facet normal -0 -0.233526 -0.972351
    outer loop
      vertex 1.6 16.0635 7.62658
      vertex 0 15.8347 7.68153
      vertex 0 16.0635 7.62658
    endloop
  endfacet
  facet normal 0 0.996906 -0.0785969
    outer loop
      vertex 1.6 14.1 6.2
      vertex 0 14.1185 6.43465
      vertex 1.6 14.1185 6.43465
    endloop
  endfacet
  facet normal 0 0.996906 -0.0785969
    outer loop
      vertex 0 14.1185 6.43465
      vertex 1.6 14.1 6.2
      vertex 0 14.1 6.2
    endloop
  endfacet
  facet normal 0 -0.923848 -0.382759
    outer loop
      vertex 0 17.0266 6.66352
      vertex 1.6 16.9365 6.88099
      vertex 0 16.9365 6.88099
    endloop
  endfacet
  facet normal 0 -0.923848 -0.382759
    outer loop
      vertex 1.6 16.9365 6.88099
      vertex 0 17.0266 6.66352
      vertex 1.6 17.0266 6.66352
    endloop
  endfacet
  facet normal 0 -0.972415 -0.233257
    outer loop
      vertex 0 17.0815 6.43465
      vertex 1.6 17.0266 6.66352
      vertex 0 17.0266 6.66352
    endloop
  endfacet
  facet normal 0 -0.972415 -0.233257
    outer loop
      vertex 1.6 17.0266 6.66352
      vertex 0 17.0815 6.43465
      vertex 1.6 17.0815 6.43465
    endloop
  endfacet
  facet normal 0 0.522501 -0.852638
    outer loop
      vertex 0 14.7183 7.41352
      vertex 1.6 14.919 7.53651
      vertex 1.6 14.7183 7.41352
    endloop
  endfacet
  facet normal 0 0.522501 -0.852638
    outer loop
      vertex 1.6 14.919 7.53651
      vertex 0 14.7183 7.41352
      vertex 0 14.919 7.53651
    endloop
  endfacet
  facet normal 0 -0.649398 -0.760449
    outer loop
      vertex 0 16.4817 7.41352
      vertex 1.6 16.6607 7.26066
      vertex 1.6 16.4817 7.41352
    endloop
  endfacet
  facet normal -0 -0.649398 -0.760449
    outer loop
      vertex 1.6 16.6607 7.26066
      vertex 0 16.4817 7.41352
      vertex 0 16.6607 7.26066
    endloop
  endfacet
  facet normal 0 0.382606 -0.923912
    outer loop
      vertex 0 14.919 7.53651
      vertex 1.6 15.1365 7.62658
      vertex 1.6 14.919 7.53651
    endloop
  endfacet
  facet normal 0 0.382606 -0.923912
    outer loop
      vertex 1.6 15.1365 7.62658
      vertex 0 14.919 7.53651
      vertex 0 15.1365 7.62658
    endloop
  endfacet
  facet normal 0 0.649398 -0.760449
    outer loop
      vertex 0 14.5393 7.26066
      vertex 1.6 14.7183 7.41352
      vertex 1.6 14.5393 7.26066
    endloop
  endfacet
  facet normal 0 0.649398 -0.760449
    outer loop
      vertex 1.6 14.7183 7.41352
      vertex 0 14.5393 7.26066
      vertex 0 14.7183 7.41352
    endloop
  endfacet
  facet normal 0 0.760539 0.649292
    outer loop
      vertex 1.6 14.5393 5.13934
      vertex 0 14.3865 5.31832
      vertex 1.6 14.3865 5.31832
    endloop
  endfacet
  facet normal 0 0.760539 0.649292
    outer loop
      vertex 0 14.3865 5.31832
      vertex 1.6 14.5393 5.13934
      vertex 0 14.5393 5.13934
    endloop
  endfacet
  facet normal 0 0.852608 0.522551
    outer loop
      vertex 1.6 14.3865 5.31832
      vertex 0 14.2635 5.51901
      vertex 1.6 14.2635 5.51901
    endloop
  endfacet
  facet normal 0 0.852608 0.522551
    outer loop
      vertex 0 14.2635 5.51901
      vertex 1.6 14.3865 5.31832
      vertex 0 14.3865 5.31832
    endloop
  endfacet
  facet normal 0 0.0784536 -0.996918
    outer loop
      vertex 0 15.3653 7.68153
      vertex 1.6 15.6 7.7
      vertex 1.6 15.3653 7.68153
    endloop
  endfacet
  facet normal 0 0.0784536 -0.996918
    outer loop
      vertex 1.6 15.6 7.7
      vertex 0 15.3653 7.68153
      vertex 0 15.6 7.7
    endloop
  endfacet
  facet normal 0 -0.382606 -0.923912
    outer loop
      vertex 0 16.0635 7.62658
      vertex 1.6 16.281 7.53651
      vertex 1.6 16.0635 7.62658
    endloop
  endfacet
  facet normal -0 -0.382606 -0.923912
    outer loop
      vertex 1.6 16.281 7.53651
      vertex 0 16.0635 7.62658
      vertex 0 16.281 7.53651
    endloop
  endfacet
  facet normal 0 0.923842 0.382775
    outer loop
      vertex 1.6 14.2635 5.51901
      vertex 0 14.1734 5.73647
      vertex 1.6 14.1734 5.73647
    endloop
  endfacet
  facet normal 0 0.923842 0.382775
    outer loop
      vertex 0 14.1734 5.73647
      vertex 1.6 14.2635 5.51901
      vertex 0 14.2635 5.51901
    endloop
  endfacet
  facet normal 0 -0.382642 0.923897
    outer loop
      vertex 0 16.281 4.86349
      vertex 1.6 16.0635 4.77341
      vertex 1.6 16.281 4.86349
    endloop
  endfacet
  facet normal 0 -0.382642 0.923897
    outer loop
      vertex 1.6 16.0635 4.77341
      vertex 0 16.281 4.86349
      vertex 0 16.0635 4.77341
    endloop
  endfacet
  facet normal 0 0.233526 -0.972351
    outer loop
      vertex 0 15.1365 7.62658
      vertex 1.6 15.3653 7.68153
      vertex 1.6 15.1365 7.62658
    endloop
  endfacet
  facet normal 0 0.233526 -0.972351
    outer loop
      vertex 1.6 15.3653 7.68153
      vertex 0 15.1365 7.62658
      vertex 0 15.3653 7.68153
    endloop
  endfacet
  facet normal -0 0.52247 0.852657
    outer loop
      vertex 0 14.919 4.86349
      vertex 1.6 14.7183 4.98647
      vertex 1.6 14.919 4.86349
    endloop
  endfacet
  facet normal 0 0.52247 0.852657
    outer loop
      vertex 1.6 14.7183 4.98647
      vertex 0 14.919 4.86349
      vertex 0 14.7183 4.98647
    endloop
  endfacet
  facet normal 0 -0.0784536 -0.996918
    outer loop
      vertex 0 15.6 7.7
      vertex 1.6 15.8347 7.68153
      vertex 1.6 15.6 7.7
    endloop
  endfacet
  facet normal -0 -0.0784536 -0.996918
    outer loop
      vertex 1.6 15.8347 7.68153
      vertex 0 15.6 7.7
      vertex 0 15.8347 7.68153
    endloop
  endfacet
  facet normal -0.972316 0 -0.233669
    outer loop
      vertex 24.1408 -1.9 6.31733
      vertex 24.1133 0.5 6.43176
      vertex 24.1408 0.5 6.31733
    endloop
  endfacet
  facet normal -0.972316 -0 -0.233669
    outer loop
      vertex 24.1133 0.5 6.43176
      vertex 24.1408 -1.9 6.31733
      vertex 24.1133 -1.9 6.43176
    endloop
  endfacet
  facet normal -0.99694 0 -0.0781714
    outer loop
      vertex 24.15 -1.9 6.2
      vertex 24.1408 0.5 6.31733
      vertex 24.15 0.5 6.2
    endloop
  endfacet
  facet normal -0.99694 -0 -0.0781714
    outer loop
      vertex 24.1408 0.5 6.31733
      vertex 24.15 -1.9 6.2
      vertex 24.1408 -1.9 6.31733
    endloop
  endfacet
  facet normal -0.85262 0 0.522532
    outer loop
      vertex 24.0068 -1.9 5.75916
      vertex 24.0683 0.5 5.85951
      vertex 24.0068 0.5 5.75916
    endloop
  endfacet
  facet normal -0.85262 0 0.522532
    outer loop
      vertex 24.0683 0.5 5.85951
      vertex 24.0068 -1.9 5.75916
      vertex 24.0683 -1.9 5.85951
    endloop
  endfacet
  facet normal 0.760119 0 -0.649784
    outer loop
      vertex 22.8697 -1.9 6.73033
      vertex 22.7932 0.5 6.64084
      vertex 22.8697 0.5 6.73033
    endloop
  endfacet
  facet normal 0.760119 0 -0.649784
    outer loop
      vertex 22.7932 0.5 6.64084
      vertex 22.8697 -1.9 6.73033
      vertex 22.7932 -1.9 6.64084
    endloop
  endfacet
  facet normal -0.760119 0 0.649784
    outer loop
      vertex 23.9303 -1.9 5.66967
      vertex 24.0068 0.5 5.75916
      vertex 23.9303 0.5 5.66967
    endloop
  endfacet
  facet normal -0.760119 0 0.649784
    outer loop
      vertex 24.0068 0.5 5.75916
      vertex 23.9303 -1.9 5.66967
      vertex 24.0068 -1.9 5.75916
    endloop
  endfacet
  facet normal 0.972316 -0 0.233669
    outer loop
      vertex 22.6592 -1.9 6.08267
      vertex 22.6867 0.5 5.96824
      vertex 22.6592 0.5 6.08267
    endloop
  endfacet
  facet normal 0.972316 0 0.233669
    outer loop
      vertex 22.6867 0.5 5.96824
      vertex 22.6592 -1.9 6.08267
      vertex 22.6867 -1.9 5.96824
    endloop
  endfacet
  facet normal 0.923992 -0 0.382412
    outer loop
      vertex 22.6867 -1.9 5.96824
      vertex 22.7317 0.5 5.85951
      vertex 22.6867 0.5 5.96824
    endloop
  endfacet
  facet normal 0.923992 0 0.382412
    outer loop
      vertex 22.7317 0.5 5.85951
      vertex 22.6867 -1.9 5.96824
      vertex 22.7317 -1.9 5.85951
    endloop
  endfacet
  facet normal -0.923992 0 0.382412
    outer loop
      vertex 24.0683 -1.9 5.85951
      vertex 24.1133 0.5 5.96824
      vertex 24.0683 0.5 5.85951
    endloop
  endfacet
  facet normal -0.923992 0 0.382412
    outer loop
      vertex 24.1133 0.5 5.96824
      vertex 24.0683 -1.9 5.85951
      vertex 24.1133 -1.9 5.96824
    endloop
  endfacet
  facet normal 0.233373 0 -0.972387
    outer loop
      vertex 23.1682 -1.9 6.91329
      vertex 23.2827 0.5 6.94077
      vertex 23.2827 -1.9 6.94077
    endloop
  endfacet
  facet normal 0.233373 0 -0.972387
    outer loop
      vertex 23.2827 0.5 6.94077
      vertex 23.1682 -1.9 6.91329
      vertex 23.1682 0.5 6.91329
    endloop
  endfacet
  facet normal -0.760119 0 -0.649784
    outer loop
      vertex 24.0068 -1.9 6.64084
      vertex 23.9303 0.5 6.73033
      vertex 24.0068 0.5 6.64084
    endloop
  endfacet
  facet normal -0.760119 -0 -0.649784
    outer loop
      vertex 23.9303 0.5 6.73033
      vertex 24.0068 -1.9 6.64084
      vertex 23.9303 -1.9 6.73033
    endloop
  endfacet
  facet normal -0.0784447 0 0.996918
    outer loop
      vertex 23.4 0.5 5.45
      vertex 23.5173 -1.9 5.45923
      vertex 23.5173 0.5 5.45923
    endloop
  endfacet
  facet normal -0.0784447 0 0.996918
    outer loop
      vertex 23.5173 -1.9 5.45923
      vertex 23.4 0.5 5.45
      vertex 23.4 -1.9 5.45
    endloop
  endfacet
  facet normal -0.923992 0 -0.382412
    outer loop
      vertex 24.1133 -1.9 6.43176
      vertex 24.0683 0.5 6.54049
      vertex 24.1133 0.5 6.43176
    endloop
  endfacet
  facet normal -0.923992 -0 -0.382412
    outer loop
      vertex 24.0683 0.5 6.54049
      vertex 24.1133 -1.9 6.43176
      vertex 24.0683 -1.9 6.54049
    endloop
  endfacet
  facet normal 0.649398 0 -0.760449
    outer loop
      vertex 22.8697 -1.9 6.73033
      vertex 22.9592 0.5 6.80676
      vertex 22.9592 -1.9 6.80676
    endloop
  endfacet
  facet normal 0.649398 0 -0.760449
    outer loop
      vertex 22.9592 0.5 6.80676
      vertex 22.8697 -1.9 6.73033
      vertex 22.8697 0.5 6.73033
    endloop
  endfacet
  facet normal 0.972316 0 -0.233669
    outer loop
      vertex 22.6867 -1.9 6.43176
      vertex 22.6592 0.5 6.31733
      vertex 22.6867 0.5 6.43176
    endloop
  endfacet
  facet normal 0.972316 0 -0.233669
    outer loop
      vertex 22.6592 0.5 6.31733
      vertex 22.6867 -1.9 6.43176
      vertex 22.6592 -1.9 6.31733
    endloop
  endfacet
  facet normal -0.52266 0 -0.852541
    outer loop
      vertex 23.7405 -1.9 6.86825
      vertex 23.8408 0.5 6.80676
      vertex 23.8408 -1.9 6.80676
    endloop
  endfacet
  facet normal -0.52266 0 -0.852541
    outer loop
      vertex 23.8408 0.5 6.80676
      vertex 23.7405 -1.9 6.86825
      vertex 23.7405 0.5 6.86825
    endloop
  endfacet
  facet normal 0.85262 0 -0.522532
    outer loop
      vertex 22.7932 -1.9 6.64084
      vertex 22.7317 0.5 6.54049
      vertex 22.7932 0.5 6.64084
    endloop
  endfacet
  facet normal 0.85262 0 -0.522532
    outer loop
      vertex 22.7317 0.5 6.54049
      vertex 22.7932 -1.9 6.64084
      vertex 22.7317 -1.9 6.54049
    endloop
  endfacet
  facet normal -0.0784447 0 -0.996918
    outer loop
      vertex 23.4 -1.9 6.95
      vertex 23.5173 0.5 6.94077
      vertex 23.5173 -1.9 6.94077
    endloop
  endfacet
  facet normal -0.0784447 0 -0.996918
    outer loop
      vertex 23.5173 0.5 6.94077
      vertex 23.4 -1.9 6.95
      vertex 23.4 0.5 6.95
    endloop
  endfacet
  facet normal -0.972316 0 0.233669
    outer loop
      vertex 24.1133 -1.9 5.96824
      vertex 24.1408 0.5 6.08267
      vertex 24.1133 0.5 5.96824
    endloop
  endfacet
  facet normal -0.972316 0 0.233669
    outer loop
      vertex 24.1408 0.5 6.08267
      vertex 24.1133 -1.9 5.96824
      vertex 24.1408 -1.9 6.08267
    endloop
  endfacet
  facet normal 0.382792 0 -0.923834
    outer loop
      vertex 23.0595 -1.9 6.86825
      vertex 23.1682 0.5 6.91329
      vertex 23.1682 -1.9 6.91329
    endloop
  endfacet
  facet normal 0.382792 0 -0.923834
    outer loop
      vertex 23.1682 0.5 6.91329
      vertex 23.0595 -1.9 6.86825
      vertex 23.0595 0.5 6.86825
    endloop
  endfacet
  facet normal -0.85262 0 -0.522532
    outer loop
      vertex 24.0683 -1.9 6.54049
      vertex 24.0068 0.5 6.64084
      vertex 24.0683 0.5 6.54049
    endloop
  endfacet
  facet normal -0.85262 -0 -0.522532
    outer loop
      vertex 24.0068 0.5 6.64084
      vertex 24.0683 -1.9 6.54049
      vertex 24.0068 -1.9 6.64084
    endloop
  endfacet
  facet normal -0.233373 0 0.972387
    outer loop
      vertex 23.5173 0.5 5.45923
      vertex 23.6318 -1.9 5.48671
      vertex 23.6318 0.5 5.48671
    endloop
  endfacet
  facet normal -0.233373 0 0.972387
    outer loop
      vertex 23.6318 -1.9 5.48671
      vertex 23.5173 0.5 5.45923
      vertex 23.5173 -1.9 5.45923
    endloop
  endfacet
  facet normal 0.99694 0 -0.0781714
    outer loop
      vertex 22.6592 -1.9 6.31733
      vertex 22.65 0.5 6.2
      vertex 22.6592 0.5 6.31733
    endloop
  endfacet
  facet normal 0.99694 0 -0.0781714
    outer loop
      vertex 22.65 0.5 6.2
      vertex 22.6592 -1.9 6.31733
      vertex 22.65 -1.9 6.2
    endloop
  endfacet
  facet normal -0.382792 0 -0.923834
    outer loop
      vertex 23.6318 -1.9 6.91329
      vertex 23.7405 0.5 6.86825
      vertex 23.7405 -1.9 6.86825
    endloop
  endfacet
  facet normal -0.382792 0 -0.923834
    outer loop
      vertex 23.7405 0.5 6.86825
      vertex 23.6318 -1.9 6.91329
      vertex 23.6318 0.5 6.91329
    endloop
  endfacet
  facet normal -0.649398 0 0.760449
    outer loop
      vertex 23.8408 0.5 5.59324
      vertex 23.9303 -1.9 5.66967
      vertex 23.9303 0.5 5.66967
    endloop
  endfacet
  facet normal -0.649398 0 0.760449
    outer loop
      vertex 23.9303 -1.9 5.66967
      vertex 23.8408 0.5 5.59324
      vertex 23.8408 -1.9 5.59324
    endloop
  endfacet
  facet normal -0.38272 0 0.923865
    outer loop
      vertex 23.6318 0.5 5.48671
      vertex 23.7405 -1.9 5.53174
      vertex 23.7405 0.5 5.53174
    endloop
  endfacet
  facet normal -0.38272 0 0.923865
    outer loop
      vertex 23.7405 -1.9 5.53174
      vertex 23.6318 0.5 5.48671
      vertex 23.6318 -1.9 5.48671
    endloop
  endfacet
  facet normal -0.99694 0 0.0781714
    outer loop
      vertex 24.1408 -1.9 6.08267
      vertex 24.15 0.5 6.2
      vertex 24.1408 0.5 6.08267
    endloop
  endfacet
  facet normal -0.99694 0 0.0781714
    outer loop
      vertex 24.15 0.5 6.2
      vertex 24.1408 -1.9 6.08267
      vertex 24.15 -1.9 6.2
    endloop
  endfacet
  facet normal 0.52266 0 -0.852541
    outer loop
      vertex 22.9592 -1.9 6.80676
      vertex 23.0595 0.5 6.86825
      vertex 23.0595 -1.9 6.86825
    endloop
  endfacet
  facet normal 0.52266 0 -0.852541
    outer loop
      vertex 23.0595 0.5 6.86825
      vertex 22.9592 -1.9 6.80676
      vertex 22.9592 0.5 6.80676
    endloop
  endfacet
  facet normal -0.522721 0 0.852504
    outer loop
      vertex 23.7405 0.5 5.53174
      vertex 23.8408 -1.9 5.59324
      vertex 23.8408 0.5 5.59324
    endloop
  endfacet
  facet normal -0.522721 0 0.852504
    outer loop
      vertex 23.8408 -1.9 5.59324
      vertex 23.7405 0.5 5.53174
      vertex 23.7405 -1.9 5.53174
    endloop
  endfacet
  facet normal -0.649398 0 -0.760449
    outer loop
      vertex 23.8408 -1.9 6.80676
      vertex 23.9303 0.5 6.73033
      vertex 23.9303 -1.9 6.73033
    endloop
  endfacet
  facet normal -0.649398 0 -0.760449
    outer loop
      vertex 23.9303 0.5 6.73033
      vertex 23.8408 -1.9 6.80676
      vertex 23.8408 0.5 6.80676
    endloop
  endfacet
  facet normal -0.233373 0 -0.972387
    outer loop
      vertex 23.5173 -1.9 6.94077
      vertex 23.6318 0.5 6.91329
      vertex 23.6318 -1.9 6.91329
    endloop
  endfacet
  facet normal -0.233373 0 -0.972387
    outer loop
      vertex 23.6318 0.5 6.91329
      vertex 23.5173 -1.9 6.94077
      vertex 23.5173 0.5 6.94077
    endloop
  endfacet
  facet normal 0.0784447 0 -0.996918
    outer loop
      vertex 23.2827 -1.9 6.94077
      vertex 23.4 0.5 6.95
      vertex 23.4 -1.9 6.95
    endloop
  endfacet
  facet normal 0.0784447 0 -0.996918
    outer loop
      vertex 23.4 0.5 6.95
      vertex 23.2827 -1.9 6.94077
      vertex 23.2827 0.5 6.94077
    endloop
  endfacet
  facet normal 0.923992 0 -0.382412
    outer loop
      vertex 22.7317 -1.9 6.54049
      vertex 22.6867 0.5 6.43176
      vertex 22.7317 0.5 6.54049
    endloop
  endfacet
  facet normal 0.923992 0 -0.382412
    outer loop
      vertex 22.6867 0.5 6.43176
      vertex 22.7317 -1.9 6.54049
      vertex 22.6867 -1.9 6.43176
    endloop
  endfacet
  facet normal 0.760119 -0 0.649784
    outer loop
      vertex 22.7932 -1.9 5.75916
      vertex 22.8697 0.5 5.66967
      vertex 22.7932 0.5 5.75916
    endloop
  endfacet
  facet normal 0.760119 0 0.649784
    outer loop
      vertex 22.8697 0.5 5.66967
      vertex 22.7932 -1.9 5.75916
      vertex 22.8697 -1.9 5.66967
    endloop
  endfacet
  facet normal 0.649398 0 0.760449
    outer loop
      vertex 22.8697 0.5 5.66967
      vertex 22.9592 -1.9 5.59324
      vertex 22.9592 0.5 5.59324
    endloop
  endfacet
  facet normal 0.649398 0 0.760449
    outer loop
      vertex 22.9592 -1.9 5.59324
      vertex 22.8697 0.5 5.66967
      vertex 22.8697 -1.9 5.66967
    endloop
  endfacet
  facet normal 0.99694 -0 0.0781714
    outer loop
      vertex 22.65 -1.9 6.2
      vertex 22.6592 0.5 6.08267
      vertex 22.65 0.5 6.2
    endloop
  endfacet
  facet normal 0.99694 0 0.0781714
    outer loop
      vertex 22.6592 0.5 6.08267
      vertex 22.65 -1.9 6.2
      vertex 22.6592 -1.9 6.08267
    endloop
  endfacet
  facet normal 0.85262 -0 0.522532
    outer loop
      vertex 22.7317 -1.9 5.85951
      vertex 22.7932 0.5 5.75916
      vertex 22.7317 0.5 5.85951
    endloop
  endfacet
  facet normal 0.85262 0 0.522532
    outer loop
      vertex 22.7932 0.5 5.75916
      vertex 22.7317 -1.9 5.85951
      vertex 22.7932 -1.9 5.75916
    endloop
  endfacet
  facet normal 0.522721 0 0.852504
    outer loop
      vertex 22.9592 0.5 5.59324
      vertex 23.0595 -1.9 5.53174
      vertex 23.0595 0.5 5.53174
    endloop
  endfacet
  facet normal 0.522721 0 0.852504
    outer loop
      vertex 23.0595 -1.9 5.53174
      vertex 22.9592 0.5 5.59324
      vertex 22.9592 -1.9 5.59324
    endloop
  endfacet
  facet normal 0.0784447 0 0.996918
    outer loop
      vertex 23.2827 0.5 5.45923
      vertex 23.4 -1.9 5.45
      vertex 23.4 0.5 5.45
    endloop
  endfacet
  facet normal 0.0784447 0 0.996918
    outer loop
      vertex 23.4 -1.9 5.45
      vertex 23.2827 0.5 5.45923
      vertex 23.2827 -1.9 5.45923
    endloop
  endfacet
  facet normal 0.233373 0 0.972387
    outer loop
      vertex 23.1682 0.5 5.48671
      vertex 23.2827 -1.9 5.45923
      vertex 23.2827 0.5 5.45923
    endloop
  endfacet
  facet normal 0.233373 0 0.972387
    outer loop
      vertex 23.2827 -1.9 5.45923
      vertex 23.1682 0.5 5.48671
      vertex 23.1682 -1.9 5.48671
    endloop
  endfacet
  facet normal 0.38272 0 0.923865
    outer loop
      vertex 23.0595 0.5 5.53174
      vertex 23.1682 -1.9 5.48671
      vertex 23.1682 0.5 5.48671
    endloop
  endfacet
  facet normal 0.38272 0 0.923865
    outer loop
      vertex 23.1682 -1.9 5.48671
      vertex 23.0595 0.5 5.53174
      vertex 23.0595 -1.9 5.53174
    endloop
  endfacet
  facet normal 0 -1 0
    outer loop
      vertex 23.2827 0.5 6.94077
      vertex 23.5173 0.5 6.94077
      vertex 23.4 0.5 6.95
    endloop
  endfacet
  facet normal 0 -1 0
    outer loop
      vertex 23.1682 0.5 6.91329
      vertex 23.5173 0.5 6.94077
      vertex 23.2827 0.5 6.94077
    endloop
  endfacet
  facet normal 0 -1 0
    outer loop
      vertex 23.1682 0.5 6.91329
      vertex 23.6318 0.5 6.91329
      vertex 23.5173 0.5 6.94077
    endloop
  endfacet
  facet normal 0 -1 0
    outer loop
      vertex 23.0595 0.5 6.86825
      vertex 23.6318 0.5 6.91329
      vertex 23.1682 0.5 6.91329
    endloop
  endfacet
  facet normal 0 -1 0
    outer loop
      vertex 23.0595 0.5 6.86825
      vertex 23.7405 0.5 6.86825
      vertex 23.6318 0.5 6.91329
    endloop
  endfacet
  facet normal 0 -1 0
    outer loop
      vertex 22.9592 0.5 6.80676
      vertex 23.7405 0.5 6.86825
      vertex 23.0595 0.5 6.86825
    endloop
  endfacet
  facet normal 0 -1 0
    outer loop
      vertex 22.9592 0.5 6.80676
      vertex 23.8408 0.5 6.80676
      vertex 23.7405 0.5 6.86825
    endloop
  endfacet
  facet normal 0 -1 0
    outer loop
      vertex 22.8697 0.5 6.73033
      vertex 23.8408 0.5 6.80676
      vertex 22.9592 0.5 6.80676
    endloop
  endfacet
  facet normal 0 -1 0
    outer loop
      vertex 22.8697 0.5 6.73033
      vertex 23.9303 0.5 6.73033
      vertex 23.8408 0.5 6.80676
    endloop
  endfacet
  facet normal 0 -1 0
    outer loop
      vertex 22.7932 0.5 6.64084
      vertex 23.9303 0.5 6.73033
      vertex 22.8697 0.5 6.73033
    endloop
  endfacet
  facet normal 0 -1 0
    outer loop
      vertex 22.7932 0.5 6.64084
      vertex 24.0068 0.5 6.64084
      vertex 23.9303 0.5 6.73033
    endloop
  endfacet
  facet normal 0 -1 0
    outer loop
      vertex 22.7317 0.5 6.54049
      vertex 24.0068 0.5 6.64084
      vertex 22.7932 0.5 6.64084
    endloop
  endfacet
  facet normal 0 -1 0
    outer loop
      vertex 22.7317 0.5 6.54049
      vertex 24.0683 0.5 6.54049
      vertex 24.0068 0.5 6.64084
    endloop
  endfacet
  facet normal 0 -1 0
    outer loop
      vertex 22.6867 0.5 6.43176
      vertex 24.0683 0.5 6.54049
      vertex 22.7317 0.5 6.54049
    endloop
  endfacet
  facet normal 0 -1 0
    outer loop
      vertex 22.6867 0.5 6.43176
      vertex 24.1133 0.5 6.43176
      vertex 24.0683 0.5 6.54049
    endloop
  endfacet
  facet normal 0 -1 0
    outer loop
      vertex 22.6592 0.5 6.31733
      vertex 24.1133 0.5 6.43176
      vertex 22.6867 0.5 6.43176
    endloop
  endfacet
  facet normal 0 -1 0
    outer loop
      vertex 22.6592 0.5 6.31733
      vertex 24.1408 0.5 6.31733
      vertex 24.1133 0.5 6.43176
    endloop
  endfacet
  facet normal 0 -1 0
    outer loop
      vertex 22.65 0.5 6.2
      vertex 24.1408 0.5 6.31733
      vertex 22.6592 0.5 6.31733
    endloop
  endfacet
  facet normal 0 -1 0
    outer loop
      vertex 22.65 0.5 6.2
      vertex 24.15 0.5 6.2
      vertex 24.1408 0.5 6.31733
    endloop
  endfacet
  facet normal 0 -1 0
    outer loop
      vertex 22.6592 0.5 6.08267
      vertex 24.15 0.5 6.2
      vertex 22.65 0.5 6.2
    endloop
  endfacet
  facet normal 0 -1 0
    outer loop
      vertex 22.6592 0.5 6.08267
      vertex 24.1408 0.5 6.08267
      vertex 24.15 0.5 6.2
    endloop
  endfacet
  facet normal 0 -1 0
    outer loop
      vertex 22.6867 0.5 5.96824
      vertex 24.1408 0.5 6.08267
      vertex 22.6592 0.5 6.08267
    endloop
  endfacet
  facet normal 0 -1 0
    outer loop
      vertex 22.6867 0.5 5.96824
      vertex 24.1133 0.5 5.96824
      vertex 24.1408 0.5 6.08267
    endloop
  endfacet
  facet normal 0 -1 0
    outer loop
      vertex 22.7317 0.5 5.85951
      vertex 24.1133 0.5 5.96824
      vertex 22.6867 0.5 5.96824
    endloop
  endfacet
  facet normal 0 -1 0
    outer loop
      vertex 22.7317 0.5 5.85951
      vertex 24.0683 0.5 5.85951
      vertex 24.1133 0.5 5.96824
    endloop
  endfacet
  facet normal 0 -1 0
    outer loop
      vertex 22.7932 0.5 5.75916
      vertex 24.0683 0.5 5.85951
      vertex 22.7317 0.5 5.85951
    endloop
  endfacet
  facet normal 0 -1 0
    outer loop
      vertex 22.7932 0.5 5.75916
      vertex 24.0068 0.5 5.75916
      vertex 24.0683 0.5 5.85951
    endloop
  endfacet
  facet normal 0 -1 0
    outer loop
      vertex 22.8697 0.5 5.66967
      vertex 24.0068 0.5 5.75916
      vertex 22.7932 0.5 5.75916
    endloop
  endfacet
  facet normal 0 -1 0
    outer loop
      vertex 22.8697 0.5 5.66967
      vertex 23.9303 0.5 5.66967
      vertex 24.0068 0.5 5.75916
    endloop
  endfacet
  facet normal 0 -1 0
    outer loop
      vertex 22.9592 0.5 5.59324
      vertex 23.9303 0.5 5.66967
      vertex 22.8697 0.5 5.66967
    endloop
  endfacet
  facet normal 0 -1 0
    outer loop
      vertex 22.9592 0.5 5.59324
      vertex 23.8408 0.5 5.59324
      vertex 23.9303 0.5 5.66967
    endloop
  endfacet
  facet normal 0 -1 0
    outer loop
      vertex 23.0595 0.5 5.53174
      vertex 23.8408 0.5 5.59324
      vertex 22.9592 0.5 5.59324
    endloop
  endfacet
  facet normal 0 -1 0
    outer loop
      vertex 23.0595 0.5 5.53174
      vertex 23.7405 0.5 5.53174
      vertex 23.8408 0.5 5.59324
    endloop
  endfacet
  facet normal 0 -1 0
    outer loop
      vertex 23.1682 0.5 5.48671
      vertex 23.7405 0.5 5.53174
      vertex 23.0595 0.5 5.53174
    endloop
  endfacet
  facet normal 0 -1 0
    outer loop
      vertex 23.1682 0.5 5.48671
      vertex 23.6318 0.5 5.48671
      vertex 23.7405 0.5 5.53174
    endloop
  endfacet
  facet normal 0 -1 0
    outer loop
      vertex 23.2827 0.5 5.45923
      vertex 23.6318 0.5 5.48671
      vertex 23.1682 0.5 5.48671
    endloop
  endfacet
  facet normal 0 -1 0
    outer loop
      vertex 23.2827 0.5 5.45923
      vertex 23.5173 0.5 5.45923
      vertex 23.6318 0.5 5.48671
    endloop
  endfacet
  facet normal -0 -1 0
    outer loop
      vertex 23.5173 0.5 5.45923
      vertex 23.2827 0.5 5.45923
      vertex 23.4 0.5 5.45
    endloop
  endfacet
  facet normal -0.972316 0 -0.233669
    outer loop
      vertex 28.1408 -1.9 6.31733
      vertex 28.1133 0.5 6.43176
      vertex 28.1408 0.5 6.31733
    endloop
  endfacet
  facet normal -0.972316 -0 -0.233669
    outer loop
      vertex 28.1133 0.5 6.43176
      vertex 28.1408 -1.9 6.31733
      vertex 28.1133 -1.9 6.43176
    endloop
  endfacet
  facet normal -0.99694 0 -0.0781714
    outer loop
      vertex 28.15 -1.9 6.2
      vertex 28.1408 0.5 6.31733
      vertex 28.15 0.5 6.2
    endloop
  endfacet
  facet normal -0.99694 -0 -0.0781714
    outer loop
      vertex 28.1408 0.5 6.31733
      vertex 28.15 -1.9 6.2
      vertex 28.1408 -1.9 6.31733
    endloop
  endfacet
  facet normal -0.85262 0 0.522532
    outer loop
      vertex 28.0068 -1.9 5.75916
      vertex 28.0683 0.5 5.85951
      vertex 28.0068 0.5 5.75916
    endloop
  endfacet
  facet normal -0.85262 0 0.522532
    outer loop
      vertex 28.0683 0.5 5.85951
      vertex 28.0068 -1.9 5.75916
      vertex 28.0683 -1.9 5.85951
    endloop
  endfacet
  facet normal 0.760119 0 -0.649784
    outer loop
      vertex 26.8697 -1.9 6.73033
      vertex 26.7932 0.5 6.64084
      vertex 26.8697 0.5 6.73033
    endloop
  endfacet
  facet normal 0.760119 0 -0.649784
    outer loop
      vertex 26.7932 0.5 6.64084
      vertex 26.8697 -1.9 6.73033
      vertex 26.7932 -1.9 6.64084
    endloop
  endfacet
  facet normal -0.760119 0 0.649784
    outer loop
      vertex 27.9303 -1.9 5.66967
      vertex 28.0068 0.5 5.75916
      vertex 27.9303 0.5 5.66967
    endloop
  endfacet
  facet normal -0.760119 0 0.649784
    outer loop
      vertex 28.0068 0.5 5.75916
      vertex 27.9303 -1.9 5.66967
      vertex 28.0068 -1.9 5.75916
    endloop
  endfacet
  facet normal 0.972316 -0 0.233669
    outer loop
      vertex 26.6592 -1.9 6.08267
      vertex 26.6867 0.5 5.96824
      vertex 26.6592 0.5 6.08267
    endloop
  endfacet
  facet normal 0.972316 0 0.233669
    outer loop
      vertex 26.6867 0.5 5.96824
      vertex 26.6592 -1.9 6.08267
      vertex 26.6867 -1.9 5.96824
    endloop
  endfacet
  facet normal 0.923992 -0 0.382412
    outer loop
      vertex 26.6867 -1.9 5.96824
      vertex 26.7317 0.5 5.85951
      vertex 26.6867 0.5 5.96824
    endloop
  endfacet
  facet normal 0.923992 0 0.382412
    outer loop
      vertex 26.7317 0.5 5.85951
      vertex 26.6867 -1.9 5.96824
      vertex 26.7317 -1.9 5.85951
    endloop
  endfacet
  facet normal -0.923992 0 0.382412
    outer loop
      vertex 28.0683 -1.9 5.85951
      vertex 28.1133 0.5 5.96824
      vertex 28.0683 0.5 5.85951
    endloop
  endfacet
  facet normal -0.923992 0 0.382412
    outer loop
      vertex 28.1133 0.5 5.96824
      vertex 28.0683 -1.9 5.85951
      vertex 28.1133 -1.9 5.96824
    endloop
  endfacet
  facet normal 0.233373 0 -0.972387
    outer loop
      vertex 27.1682 -1.9 6.91329
      vertex 27.2827 0.5 6.94077
      vertex 27.2827 -1.9 6.94077
    endloop
  endfacet
  facet normal 0.233373 0 -0.972387
    outer loop
      vertex 27.2827 0.5 6.94077
      vertex 27.1682 -1.9 6.91329
      vertex 27.1682 0.5 6.91329
    endloop
  endfacet
  facet normal -0.760119 0 -0.649784
    outer loop
      vertex 28.0068 -1.9 6.64084
      vertex 27.9303 0.5 6.73033
      vertex 28.0068 0.5 6.64084
    endloop
  endfacet
  facet normal -0.760119 -0 -0.649784
    outer loop
      vertex 27.9303 0.5 6.73033
      vertex 28.0068 -1.9 6.64084
      vertex 27.9303 -1.9 6.73033
    endloop
  endfacet
  facet normal -0.0784447 0 0.996918
    outer loop
      vertex 27.4 0.5 5.45
      vertex 27.5173 -1.9 5.45923
      vertex 27.5173 0.5 5.45923
    endloop
  endfacet
  facet normal -0.0784447 0 0.996918
    outer loop
      vertex 27.5173 -1.9 5.45923
      vertex 27.4 0.5 5.45
      vertex 27.4 -1.9 5.45
    endloop
  endfacet
  facet normal -0.923992 0 -0.382412
    outer loop
      vertex 28.1133 -1.9 6.43176
      vertex 28.0683 0.5 6.54049
      vertex 28.1133 0.5 6.43176
    endloop
  endfacet
  facet normal -0.923992 -0 -0.382412
    outer loop
      vertex 28.0683 0.5 6.54049
      vertex 28.1133 -1.9 6.43176
      vertex 28.0683 -1.9 6.54049
    endloop
  endfacet
  facet normal 0.649398 0 -0.760449
    outer loop
      vertex 26.8697 -1.9 6.73033
      vertex 26.9592 0.5 6.80676
      vertex 26.9592 -1.9 6.80676
    endloop
  endfacet
  facet normal 0.649398 0 -0.760449
    outer loop
      vertex 26.9592 0.5 6.80676
      vertex 26.8697 -1.9 6.73033
      vertex 26.8697 0.5 6.73033
    endloop
  endfacet
  facet normal 0.972316 0 -0.233669
    outer loop
      vertex 26.6867 -1.9 6.43176
      vertex 26.6592 0.5 6.31733
      vertex 26.6867 0.5 6.43176
    endloop
  endfacet
  facet normal 0.972316 0 -0.233669
    outer loop
      vertex 26.6592 0.5 6.31733
      vertex 26.6867 -1.9 6.43176
      vertex 26.6592 -1.9 6.31733
    endloop
  endfacet
  facet normal -0.52266 0 -0.852541
    outer loop
      vertex 27.7405 -1.9 6.86825
      vertex 27.8408 0.5 6.80676
      vertex 27.8408 -1.9 6.80676
    endloop
  endfacet
  facet normal -0.52266 0 -0.852541
    outer loop
      vertex 27.8408 0.5 6.80676
      vertex 27.7405 -1.9 6.86825
      vertex 27.7405 0.5 6.86825
    endloop
  endfacet
  facet normal 0.85262 0 -0.522532
    outer loop
      vertex 26.7932 -1.9 6.64084
      vertex 26.7317 0.5 6.54049
      vertex 26.7932 0.5 6.64084
    endloop
  endfacet
  facet normal 0.85262 0 -0.522532
    outer loop
      vertex 26.7317 0.5 6.54049
      vertex 26.7932 -1.9 6.64084
      vertex 26.7317 -1.9 6.54049
    endloop
  endfacet
  facet normal -0.0784447 0 -0.996918
    outer loop
      vertex 27.4 -1.9 6.95
      vertex 27.5173 0.5 6.94077
      vertex 27.5173 -1.9 6.94077
    endloop
  endfacet
  facet normal -0.0784447 0 -0.996918
    outer loop
      vertex 27.5173 0.5 6.94077
      vertex 27.4 -1.9 6.95
      vertex 27.4 0.5 6.95
    endloop
  endfacet
  facet normal -0.972316 0 0.233669
    outer loop
      vertex 28.1133 -1.9 5.96824
      vertex 28.1408 0.5 6.08267
      vertex 28.1133 0.5 5.96824
    endloop
  endfacet
  facet normal -0.972316 0 0.233669
    outer loop
      vertex 28.1408 0.5 6.08267
      vertex 28.1133 -1.9 5.96824
      vertex 28.1408 -1.9 6.08267
    endloop
  endfacet
  facet normal 0.382792 0 -0.923834
    outer loop
      vertex 27.0595 -1.9 6.86825
      vertex 27.1682 0.5 6.91329
      vertex 27.1682 -1.9 6.91329
    endloop
  endfacet
  facet normal 0.382792 0 -0.923834
    outer loop
      vertex 27.1682 0.5 6.91329
      vertex 27.0595 -1.9 6.86825
      vertex 27.0595 0.5 6.86825
    endloop
  endfacet
  facet normal -0.85262 0 -0.522532
    outer loop
      vertex 28.0683 -1.9 6.54049
      vertex 28.0068 0.5 6.64084
      vertex 28.0683 0.5 6.54049
    endloop
  endfacet
  facet normal -0.85262 -0 -0.522532
    outer loop
      vertex 28.0068 0.5 6.64084
      vertex 28.0683 -1.9 6.54049
      vertex 28.0068 -1.9 6.64084
    endloop
  endfacet
  facet normal -0.233373 0 0.972387
    outer loop
      vertex 27.5173 0.5 5.45923
      vertex 27.6318 -1.9 5.48671
      vertex 27.6318 0.5 5.48671
    endloop
  endfacet
  facet normal -0.233373 0 0.972387
    outer loop
      vertex 27.6318 -1.9 5.48671
      vertex 27.5173 0.5 5.45923
      vertex 27.5173 -1.9 5.45923
    endloop
  endfacet
  facet normal 0.99694 0 -0.0781714
    outer loop
      vertex 26.6592 -1.9 6.31733
      vertex 26.65 0.5 6.2
      vertex 26.6592 0.5 6.31733
    endloop
  endfacet
  facet normal 0.99694 0 -0.0781714
    outer loop
      vertex 26.65 0.5 6.2
      vertex 26.6592 -1.9 6.31733
      vertex 26.65 -1.9 6.2
    endloop
  endfacet
  facet normal -0.382792 0 -0.923834
    outer loop
      vertex 27.6318 -1.9 6.91329
      vertex 27.7405 0.5 6.86825
      vertex 27.7405 -1.9 6.86825
    endloop
  endfacet
  facet normal -0.382792 0 -0.923834
    outer loop
      vertex 27.7405 0.5 6.86825
      vertex 27.6318 -1.9 6.91329
      vertex 27.6318 0.5 6.91329
    endloop
  endfacet
  facet normal -0.649398 0 0.760449
    outer loop
      vertex 27.8408 0.5 5.59324
      vertex 27.9303 -1.9 5.66967
      vertex 27.9303 0.5 5.66967
    endloop
  endfacet
  facet normal -0.649398 0 0.760449
    outer loop
      vertex 27.9303 -1.9 5.66967
      vertex 27.8408 0.5 5.59324
      vertex 27.8408 -1.9 5.59324
    endloop
  endfacet
  facet normal -0.38272 0 0.923865
    outer loop
      vertex 27.6318 0.5 5.48671
      vertex 27.7405 -1.9 5.53174
      vertex 27.7405 0.5 5.53174
    endloop
  endfacet
  facet normal -0.38272 0 0.923865
    outer loop
      vertex 27.7405 -1.9 5.53174
      vertex 27.6318 0.5 5.48671
      vertex 27.6318 -1.9 5.48671
    endloop
  endfacet
  facet normal -0.99694 0 0.0781714
    outer loop
      vertex 28.1408 -1.9 6.08267
      vertex 28.15 0.5 6.2
      vertex 28.1408 0.5 6.08267
    endloop
  endfacet
  facet normal -0.99694 0 0.0781714
    outer loop
      vertex 28.15 0.5 6.2
      vertex 28.1408 -1.9 6.08267
      vertex 28.15 -1.9 6.2
    endloop
  endfacet
  facet normal 0.52266 0 -0.852541
    outer loop
      vertex 26.9592 -1.9 6.80676
      vertex 27.0595 0.5 6.86825
      vertex 27.0595 -1.9 6.86825
    endloop
  endfacet
  facet normal 0.52266 0 -0.852541
    outer loop
      vertex 27.0595 0.5 6.86825
      vertex 26.9592 -1.9 6.80676
      vertex 26.9592 0.5 6.80676
    endloop
  endfacet
  facet normal -0.522721 0 0.852504
    outer loop
      vertex 27.7405 0.5 5.53174
      vertex 27.8408 -1.9 5.59324
      vertex 27.8408 0.5 5.59324
    endloop
  endfacet
  facet normal -0.522721 0 0.852504
    outer loop
      vertex 27.8408 -1.9 5.59324
      vertex 27.7405 0.5 5.53174
      vertex 27.7405 -1.9 5.53174
    endloop
  endfacet
  facet normal -0.649398 0 -0.760449
    outer loop
      vertex 27.8408 -1.9 6.80676
      vertex 27.9303 0.5 6.73033
      vertex 27.9303 -1.9 6.73033
    endloop
  endfacet
  facet normal -0.649398 0 -0.760449
    outer loop
      vertex 27.9303 0.5 6.73033
      vertex 27.8408 -1.9 6.80676
      vertex 27.8408 0.5 6.80676
    endloop
  endfacet
  facet normal -0.233373 0 -0.972387
    outer loop
      vertex 27.5173 -1.9 6.94077
      vertex 27.6318 0.5 6.91329
      vertex 27.6318 -1.9 6.91329
    endloop
  endfacet
  facet normal -0.233373 0 -0.972387
    outer loop
      vertex 27.6318 0.5 6.91329
      vertex 27.5173 -1.9 6.94077
      vertex 27.5173 0.5 6.94077
    endloop
  endfacet
  facet normal 0.0784447 0 -0.996918
    outer loop
      vertex 27.2827 -1.9 6.94077
      vertex 27.4 0.5 6.95
      vertex 27.4 -1.9 6.95
    endloop
  endfacet
  facet normal 0.0784447 0 -0.996918
    outer loop
      vertex 27.4 0.5 6.95
      vertex 27.2827 -1.9 6.94077
      vertex 27.2827 0.5 6.94077
    endloop
  endfacet
  facet normal 0.923992 0 -0.382412
    outer loop
      vertex 26.7317 -1.9 6.54049
      vertex 26.6867 0.5 6.43176
      vertex 26.7317 0.5 6.54049
    endloop
  endfacet
  facet normal 0.923992 0 -0.382412
    outer loop
      vertex 26.6867 0.5 6.43176
      vertex 26.7317 -1.9 6.54049
      vertex 26.6867 -1.9 6.43176
    endloop
  endfacet
  facet normal 0.760119 -0 0.649784
    outer loop
      vertex 26.7932 -1.9 5.75916
      vertex 26.8697 0.5 5.66967
      vertex 26.7932 0.5 5.75916
    endloop
  endfacet
  facet normal 0.760119 0 0.649784
    outer loop
      vertex 26.8697 0.5 5.66967
      vertex 26.7932 -1.9 5.75916
      vertex 26.8697 -1.9 5.66967
    endloop
  endfacet
  facet normal 0.649398 0 0.760449
    outer loop
      vertex 26.8697 0.5 5.66967
      vertex 26.9592 -1.9 5.59324
      vertex 26.9592 0.5 5.59324
    endloop
  endfacet
  facet normal 0.649398 0 0.760449
    outer loop
      vertex 26.9592 -1.9 5.59324
      vertex 26.8697 0.5 5.66967
      vertex 26.8697 -1.9 5.66967
    endloop
  endfacet
  facet normal 0.99694 -0 0.0781714
    outer loop
      vertex 26.65 -1.9 6.2
      vertex 26.6592 0.5 6.08267
      vertex 26.65 0.5 6.2
    endloop
  endfacet
  facet normal 0.99694 0 0.0781714
    outer loop
      vertex 26.6592 0.5 6.08267
      vertex 26.65 -1.9 6.2
      vertex 26.6592 -1.9 6.08267
    endloop
  endfacet
  facet normal 0.85262 -0 0.522532
    outer loop
      vertex 26.7317 -1.9 5.85951
      vertex 26.7932 0.5 5.75916
      vertex 26.7317 0.5 5.85951
    endloop
  endfacet
  facet normal 0.85262 0 0.522532
    outer loop
      vertex 26.7932 0.5 5.75916
      vertex 26.7317 -1.9 5.85951
      vertex 26.7932 -1.9 5.75916
    endloop
  endfacet
  facet normal 0.522721 0 0.852504
    outer loop
      vertex 26.9592 0.5 5.59324
      vertex 27.0595 -1.9 5.53174
      vertex 27.0595 0.5 5.53174
    endloop
  endfacet
  facet normal 0.522721 0 0.852504
    outer loop
      vertex 27.0595 -1.9 5.53174
      vertex 26.9592 0.5 5.59324
      vertex 26.9592 -1.9 5.59324
    endloop
  endfacet
  facet normal 0.0784447 0 0.996918
    outer loop
      vertex 27.2827 0.5 5.45923
      vertex 27.4 -1.9 5.45
      vertex 27.4 0.5 5.45
    endloop
  endfacet
  facet normal 0.0784447 0 0.996918
    outer loop
      vertex 27.4 -1.9 5.45
      vertex 27.2827 0.5 5.45923
      vertex 27.2827 -1.9 5.45923
    endloop
  endfacet
  facet normal 0.233373 0 0.972387
    outer loop
      vertex 27.1682 0.5 5.48671
      vertex 27.2827 -1.9 5.45923
      vertex 27.2827 0.5 5.45923
    endloop
  endfacet
  facet normal 0.233373 0 0.972387
    outer loop
      vertex 27.2827 -1.9 5.45923
      vertex 27.1682 0.5 5.48671
      vertex 27.1682 -1.9 5.48671
    endloop
  endfacet
  facet normal 0.38272 0 0.923865
    outer loop
      vertex 27.0595 0.5 5.53174
      vertex 27.1682 -1.9 5.48671
      vertex 27.1682 0.5 5.48671
    endloop
  endfacet
  facet normal 0.38272 0 0.923865
    outer loop
      vertex 27.1682 -1.9 5.48671
      vertex 27.0595 0.5 5.53174
      vertex 27.0595 -1.9 5.53174
    endloop
  endfacet
  facet normal 0 -1 0
    outer loop
      vertex 27.2827 0.5 6.94077
      vertex 27.5173 0.5 6.94077
      vertex 27.4 0.5 6.95
    endloop
  endfacet
  facet normal 0 -1 0
    outer loop
      vertex 27.1682 0.5 6.91329
      vertex 27.5173 0.5 6.94077
      vertex 27.2827 0.5 6.94077
    endloop
  endfacet
  facet normal 0 -1 0
    outer loop
      vertex 27.1682 0.5 6.91329
      vertex 27.6318 0.5 6.91329
      vertex 27.5173 0.5 6.94077
    endloop
  endfacet
  facet normal 0 -1 0
    outer loop
      vertex 27.0595 0.5 6.86825
      vertex 27.6318 0.5 6.91329
      vertex 27.1682 0.5 6.91329
    endloop
  endfacet
  facet normal 0 -1 0
    outer loop
      vertex 27.0595 0.5 6.86825
      vertex 27.7405 0.5 6.86825
      vertex 27.6318 0.5 6.91329
    endloop
  endfacet
  facet normal 0 -1 0
    outer loop
      vertex 26.9592 0.5 6.80676
      vertex 27.7405 0.5 6.86825
      vertex 27.0595 0.5 6.86825
    endloop
  endfacet
  facet normal 0 -1 0
    outer loop
      vertex 26.9592 0.5 6.80676
      vertex 27.8408 0.5 6.80676
      vertex 27.7405 0.5 6.86825
    endloop
  endfacet
  facet normal 0 -1 0
    outer loop
      vertex 26.8697 0.5 6.73033
      vertex 27.8408 0.5 6.80676
      vertex 26.9592 0.5 6.80676
    endloop
  endfacet
  facet normal 0 -1 0
    outer loop
      vertex 26.8697 0.5 6.73033
      vertex 27.9303 0.5 6.73033
      vertex 27.8408 0.5 6.80676
    endloop
  endfacet
  facet normal 0 -1 0
    outer loop
      vertex 26.7932 0.5 6.64084
      vertex 27.9303 0.5 6.73033
      vertex 26.8697 0.5 6.73033
    endloop
  endfacet
  facet normal 0 -1 0
    outer loop
      vertex 26.7932 0.5 6.64084
      vertex 28.0068 0.5 6.64084
      vertex 27.9303 0.5 6.73033
    endloop
  endfacet
  facet normal 0 -1 0
    outer loop
      vertex 26.7317 0.5 6.54049
      vertex 28.0068 0.5 6.64084
      vertex 26.7932 0.5 6.64084
    endloop
  endfacet
  facet normal 0 -1 0
    outer loop
      vertex 26.7317 0.5 6.54049
      vertex 28.0683 0.5 6.54049
      vertex 28.0068 0.5 6.64084
    endloop
  endfacet
  facet normal 0 -1 0
    outer loop
      vertex 26.6867 0.5 6.43176
      vertex 28.0683 0.5 6.54049
      vertex 26.7317 0.5 6.54049
    endloop
  endfacet
  facet normal 0 -1 0
    outer loop
      vertex 26.6867 0.5 6.43176
      vertex 28.1133 0.5 6.43176
      vertex 28.0683 0.5 6.54049
    endloop
  endfacet
  facet normal 0 -1 0
    outer loop
      vertex 26.6592 0.5 6.31733
      vertex 28.1133 0.5 6.43176
      vertex 26.6867 0.5 6.43176
    endloop
  endfacet
  facet normal 0 -1 0
    outer loop
      vertex 26.6592 0.5 6.31733
      vertex 28.1408 0.5 6.31733
      vertex 28.1133 0.5 6.43176
    endloop
  endfacet
  facet normal 0 -1 0
    outer loop
      vertex 26.65 0.5 6.2
      vertex 28.1408 0.5 6.31733
      vertex 26.6592 0.5 6.31733
    endloop
  endfacet
  facet normal 0 -1 0
    outer loop
      vertex 26.65 0.5 6.2
      vertex 28.15 0.5 6.2
      vertex 28.1408 0.5 6.31733
    endloop
  endfacet
  facet normal 0 -1 0
    outer loop
      vertex 26.6592 0.5 6.08267
      vertex 28.15 0.5 6.2
      vertex 26.65 0.5 6.2
    endloop
  endfacet
  facet normal 0 -1 0
    outer loop
      vertex 26.6592 0.5 6.08267
      vertex 28.1408 0.5 6.08267
      vertex 28.15 0.5 6.2
    endloop
  endfacet
  facet normal 0 -1 0
    outer loop
      vertex 26.6867 0.5 5.96824
      vertex 28.1408 0.5 6.08267
      vertex 26.6592 0.5 6.08267
    endloop
  endfacet
  facet normal 0 -1 0
    outer loop
      vertex 26.6867 0.5 5.96824
      vertex 28.1133 0.5 5.96824
      vertex 28.1408 0.5 6.08267
    endloop
  endfacet
  facet normal 0 -1 0
    outer loop
      vertex 26.7317 0.5 5.85951
      vertex 28.1133 0.5 5.96824
      vertex 26.6867 0.5 5.96824
    endloop
  endfacet
  facet normal 0 -1 0
    outer loop
      vertex 26.7317 0.5 5.85951
      vertex 28.0683 0.5 5.85951
      vertex 28.1133 0.5 5.96824
    endloop
  endfacet
  facet normal 0 -1 0
    outer loop
      vertex 26.7932 0.5 5.75916
      vertex 28.0683 0.5 5.85951
      vertex 26.7317 0.5 5.85951
    endloop
  endfacet
  facet normal 0 -1 0
    outer loop
      vertex 26.7932 0.5 5.75916
      vertex 28.0068 0.5 5.75916
      vertex 28.0683 0.5 5.85951
    endloop
  endfacet
  facet normal 0 -1 0
    outer loop
      vertex 26.8697 0.5 5.66967
      vertex 28.0068 0.5 5.75916
      vertex 26.7932 0.5 5.75916
    endloop
  endfacet
  facet normal 0 -1 0
    outer loop
      vertex 26.8697 0.5 5.66967
      vertex 27.9303 0.5 5.66967
      vertex 28.0068 0.5 5.75916
    endloop
  endfacet
  facet normal 0 -1 0
    outer loop
      vertex 26.9592 0.5 5.59324
      vertex 27.9303 0.5 5.66967
      vertex 26.8697 0.5 5.66967
    endloop
  endfacet
  facet normal 0 -1 0
    outer loop
      vertex 26.9592 0.5 5.59324
      vertex 27.8408 0.5 5.59324
      vertex 27.9303 0.5 5.66967
    endloop
  endfacet
  facet normal 0 -1 0
    outer loop
      vertex 27.0595 0.5 5.53174
      vertex 27.8408 0.5 5.59324
      vertex 26.9592 0.5 5.59324
    endloop
  endfacet
  facet normal 0 -1 0
    outer loop
      vertex 27.0595 0.5 5.53174
      vertex 27.7405 0.5 5.53174
      vertex 27.8408 0.5 5.59324
    endloop
  endfacet
  facet normal 0 -1 0
    outer loop
      vertex 27.1682 0.5 5.48671
      vertex 27.7405 0.5 5.53174
      vertex 27.0595 0.5 5.53174
    endloop
  endfacet
  facet normal 0 -1 0
    outer loop
      vertex 27.1682 0.5 5.48671
      vertex 27.6318 0.5 5.48671
      vertex 27.7405 0.5 5.53174
    endloop
  endfacet
  facet normal 0 -1 0
    outer loop
      vertex 27.2827 0.5 5.45923
      vertex 27.6318 0.5 5.48671
      vertex 27.1682 0.5 5.48671
    endloop
  endfacet
  facet normal 0 -1 0
    outer loop
      vertex 27.2827 0.5 5.45923
      vertex 27.5173 0.5 5.45923
      vertex 27.6318 0.5 5.48671
    endloop
  endfacet
  facet normal -0 -1 0
    outer loop
      vertex 27.5173 0.5 5.45923
      vertex 27.2827 0.5 5.45923
      vertex 27.4 0.5 5.45
    endloop
  endfacet
  facet normal -0.972316 0 -0.233669
    outer loop
      vertex 24.1408 24.7 6.31733
      vertex 24.1133 27.1 6.43176
      vertex 24.1408 27.1 6.31733
    endloop
  endfacet
  facet normal -0.972316 -0 -0.233669
    outer loop
      vertex 24.1133 27.1 6.43176
      vertex 24.1408 24.7 6.31733
      vertex 24.1133 24.7 6.43176
    endloop
  endfacet
  facet normal -0.99694 0 -0.0781714
    outer loop
      vertex 24.15 24.7 6.2
      vertex 24.1408 27.1 6.31733
      vertex 24.15 27.1 6.2
    endloop
  endfacet
  facet normal -0.99694 -0 -0.0781714
    outer loop
      vertex 24.1408 27.1 6.31733
      vertex 24.15 24.7 6.2
      vertex 24.1408 24.7 6.31733
    endloop
  endfacet
  facet normal -0.85262 0 0.522532
    outer loop
      vertex 24.0068 24.7 5.75916
      vertex 24.0683 27.1 5.85951
      vertex 24.0068 27.1 5.75916
    endloop
  endfacet
  facet normal -0.85262 0 0.522532
    outer loop
      vertex 24.0683 27.1 5.85951
      vertex 24.0068 24.7 5.75916
      vertex 24.0683 24.7 5.85951
    endloop
  endfacet
  facet normal 0.760119 0 -0.649784
    outer loop
      vertex 22.8697 24.7 6.73033
      vertex 22.7932 27.1 6.64084
      vertex 22.8697 27.1 6.73033
    endloop
  endfacet
  facet normal 0.760119 0 -0.649784
    outer loop
      vertex 22.7932 27.1 6.64084
      vertex 22.8697 24.7 6.73033
      vertex 22.7932 24.7 6.64084
    endloop
  endfacet
  facet normal -0.760119 0 0.649784
    outer loop
      vertex 23.9303 24.7 5.66967
      vertex 24.0068 27.1 5.75916
      vertex 23.9303 27.1 5.66967
    endloop
  endfacet
  facet normal -0.760119 0 0.649784
    outer loop
      vertex 24.0068 27.1 5.75916
      vertex 23.9303 24.7 5.66967
      vertex 24.0068 24.7 5.75916
    endloop
  endfacet
  facet normal 0.972316 -0 0.233669
    outer loop
      vertex 22.6592 24.7 6.08267
      vertex 22.6867 27.1 5.96824
      vertex 22.6592 27.1 6.08267
    endloop
  endfacet
  facet normal 0.972316 0 0.233669
    outer loop
      vertex 22.6867 27.1 5.96824
      vertex 22.6592 24.7 6.08267
      vertex 22.6867 24.7 5.96824
    endloop
  endfacet
  facet normal 0.923992 -0 0.382412
    outer loop
      vertex 22.6867 24.7 5.96824
      vertex 22.7317 27.1 5.85951
      vertex 22.6867 27.1 5.96824
    endloop
  endfacet
  facet normal 0.923992 0 0.382412
    outer loop
      vertex 22.7317 27.1 5.85951
      vertex 22.6867 24.7 5.96824
      vertex 22.7317 24.7 5.85951
    endloop
  endfacet
  facet normal -0.923992 0 0.382412
    outer loop
      vertex 24.0683 24.7 5.85951
      vertex 24.1133 27.1 5.96824
      vertex 24.0683 27.1 5.85951
    endloop
  endfacet
  facet normal -0.923992 0 0.382412
    outer loop
      vertex 24.1133 27.1 5.96824
      vertex 24.0683 24.7 5.85951
      vertex 24.1133 24.7 5.96824
    endloop
  endfacet
  facet normal 0.233373 0 -0.972387
    outer loop
      vertex 23.1682 24.7 6.91329
      vertex 23.2827 27.1 6.94077
      vertex 23.2827 24.7 6.94077
    endloop
  endfacet
  facet normal 0.233373 0 -0.972387
    outer loop
      vertex 23.2827 27.1 6.94077
      vertex 23.1682 24.7 6.91329
      vertex 23.1682 27.1 6.91329
    endloop
  endfacet
  facet normal -0.760119 0 -0.649784
    outer loop
      vertex 24.0068 24.7 6.64084
      vertex 23.9303 27.1 6.73033
      vertex 24.0068 27.1 6.64084
    endloop
  endfacet
  facet normal -0.760119 -0 -0.649784
    outer loop
      vertex 23.9303 27.1 6.73033
      vertex 24.0068 24.7 6.64084
      vertex 23.9303 24.7 6.73033
    endloop
  endfacet
  facet normal -0.0784447 0 0.996918
    outer loop
      vertex 23.4 27.1 5.45
      vertex 23.5173 24.7 5.45923
      vertex 23.5173 27.1 5.45923
    endloop
  endfacet
  facet normal -0.0784447 0 0.996918
    outer loop
      vertex 23.5173 24.7 5.45923
      vertex 23.4 27.1 5.45
      vertex 23.4 24.7 5.45
    endloop
  endfacet
  facet normal -0.923992 0 -0.382412
    outer loop
      vertex 24.1133 24.7 6.43176
      vertex 24.0683 27.1 6.54049
      vertex 24.1133 27.1 6.43176
    endloop
  endfacet
  facet normal -0.923992 -0 -0.382412
    outer loop
      vertex 24.0683 27.1 6.54049
      vertex 24.1133 24.7 6.43176
      vertex 24.0683 24.7 6.54049
    endloop
  endfacet
  facet normal 0.649398 0 -0.760449
    outer loop
      vertex 22.8697 24.7 6.73033
      vertex 22.9592 27.1 6.80676
      vertex 22.9592 24.7 6.80676
    endloop
  endfacet
  facet normal 0.649398 0 -0.760449
    outer loop
      vertex 22.9592 27.1 6.80676
      vertex 22.8697 24.7 6.73033
      vertex 22.8697 27.1 6.73033
    endloop
  endfacet
  facet normal 0.972316 0 -0.233669
    outer loop
      vertex 22.6867 24.7 6.43176
      vertex 22.6592 27.1 6.31733
      vertex 22.6867 27.1 6.43176
    endloop
  endfacet
  facet normal 0.972316 0 -0.233669
    outer loop
      vertex 22.6592 27.1 6.31733
      vertex 22.6867 24.7 6.43176
      vertex 22.6592 24.7 6.31733
    endloop
  endfacet
  facet normal -0.52266 0 -0.852541
    outer loop
      vertex 23.7405 24.7 6.86825
      vertex 23.8408 27.1 6.80676
      vertex 23.8408 24.7 6.80676
    endloop
  endfacet
  facet normal -0.52266 0 -0.852541
    outer loop
      vertex 23.8408 27.1 6.80676
      vertex 23.7405 24.7 6.86825
      vertex 23.7405 27.1 6.86825
    endloop
  endfacet
  facet normal 0.85262 0 -0.522532
    outer loop
      vertex 22.7932 24.7 6.64084
      vertex 22.7317 27.1 6.54049
      vertex 22.7932 27.1 6.64084
    endloop
  endfacet
  facet normal 0.85262 0 -0.522532
    outer loop
      vertex 22.7317 27.1 6.54049
      vertex 22.7932 24.7 6.64084
      vertex 22.7317 24.7 6.54049
    endloop
  endfacet
  facet normal -0.0784447 0 -0.996918
    outer loop
      vertex 23.4 24.7 6.95
      vertex 23.5173 27.1 6.94077
      vertex 23.5173 24.7 6.94077
    endloop
  endfacet
  facet normal -0.0784447 0 -0.996918
    outer loop
      vertex 23.5173 27.1 6.94077
      vertex 23.4 24.7 6.95
      vertex 23.4 27.1 6.95
    endloop
  endfacet
  facet normal -0.972316 0 0.233669
    outer loop
      vertex 24.1133 24.7 5.96824
      vertex 24.1408 27.1 6.08267
      vertex 24.1133 27.1 5.96824
    endloop
  endfacet
  facet normal -0.972316 0 0.233669
    outer loop
      vertex 24.1408 27.1 6.08267
      vertex 24.1133 24.7 5.96824
      vertex 24.1408 24.7 6.08267
    endloop
  endfacet
  facet normal 0.382792 0 -0.923834
    outer loop
      vertex 23.0595 24.7 6.86825
      vertex 23.1682 27.1 6.91329
      vertex 23.1682 24.7 6.91329
    endloop
  endfacet
  facet normal 0.382792 0 -0.923834
    outer loop
      vertex 23.1682 27.1 6.91329
      vertex 23.0595 24.7 6.86825
      vertex 23.0595 27.1 6.86825
    endloop
  endfacet
  facet normal -0.85262 0 -0.522532
    outer loop
      vertex 24.0683 24.7 6.54049
      vertex 24.0068 27.1 6.64084
      vertex 24.0683 27.1 6.54049
    endloop
  endfacet
  facet normal -0.85262 -0 -0.522532
    outer loop
      vertex 24.0068 27.1 6.64084
      vertex 24.0683 24.7 6.54049
      vertex 24.0068 24.7 6.64084
    endloop
  endfacet
  facet normal -0.233373 0 0.972387
    outer loop
      vertex 23.5173 27.1 5.45923
      vertex 23.6318 24.7 5.48671
      vertex 23.6318 27.1 5.48671
    endloop
  endfacet
  facet normal -0.233373 0 0.972387
    outer loop
      vertex 23.6318 24.7 5.48671
      vertex 23.5173 27.1 5.45923
      vertex 23.5173 24.7 5.45923
    endloop
  endfacet
  facet normal 0.99694 0 -0.0781714
    outer loop
      vertex 22.6592 24.7 6.31733
      vertex 22.65 27.1 6.2
      vertex 22.6592 27.1 6.31733
    endloop
  endfacet
  facet normal 0.99694 0 -0.0781714
    outer loop
      vertex 22.65 27.1 6.2
      vertex 22.6592 24.7 6.31733
      vertex 22.65 24.7 6.2
    endloop
  endfacet
  facet normal -0.382792 0 -0.923834
    outer loop
      vertex 23.6318 24.7 6.91329
      vertex 23.7405 27.1 6.86825
      vertex 23.7405 24.7 6.86825
    endloop
  endfacet
  facet normal -0.382792 0 -0.923834
    outer loop
      vertex 23.7405 27.1 6.86825
      vertex 23.6318 24.7 6.91329
      vertex 23.6318 27.1 6.91329
    endloop
  endfacet
  facet normal -0.649398 0 0.760449
    outer loop
      vertex 23.8408 27.1 5.59324
      vertex 23.9303 24.7 5.66967
      vertex 23.9303 27.1 5.66967
    endloop
  endfacet
  facet normal -0.649398 0 0.760449
    outer loop
      vertex 23.9303 24.7 5.66967
      vertex 23.8408 27.1 5.59324
      vertex 23.8408 24.7 5.59324
    endloop
  endfacet
  facet normal -0.38272 0 0.923865
    outer loop
      vertex 23.6318 27.1 5.48671
      vertex 23.7405 24.7 5.53174
      vertex 23.7405 27.1 5.53174
    endloop
  endfacet
  facet normal -0.38272 0 0.923865
    outer loop
      vertex 23.7405 24.7 5.53174
      vertex 23.6318 27.1 5.48671
      vertex 23.6318 24.7 5.48671
    endloop
  endfacet
  facet normal -0.99694 0 0.0781714
    outer loop
      vertex 24.1408 24.7 6.08267
      vertex 24.15 27.1 6.2
      vertex 24.1408 27.1 6.08267
    endloop
  endfacet
  facet normal -0.99694 0 0.0781714
    outer loop
      vertex 24.15 27.1 6.2
      vertex 24.1408 24.7 6.08267
      vertex 24.15 24.7 6.2
    endloop
  endfacet
  facet normal 0.52266 0 -0.852541
    outer loop
      vertex 22.9592 24.7 6.80676
      vertex 23.0595 27.1 6.86825
      vertex 23.0595 24.7 6.86825
    endloop
  endfacet
  facet normal 0.52266 0 -0.852541
    outer loop
      vertex 23.0595 27.1 6.86825
      vertex 22.9592 24.7 6.80676
      vertex 22.9592 27.1 6.80676
    endloop
  endfacet
  facet normal -0.522721 0 0.852504
    outer loop
      vertex 23.7405 27.1 5.53174
      vertex 23.8408 24.7 5.59324
      vertex 23.8408 27.1 5.59324
    endloop
  endfacet
  facet normal -0.522721 0 0.852504
    outer loop
      vertex 23.8408 24.7 5.59324
      vertex 23.7405 27.1 5.53174
      vertex 23.7405 24.7 5.53174
    endloop
  endfacet
  facet normal -0.649398 0 -0.760449
    outer loop
      vertex 23.8408 24.7 6.80676
      vertex 23.9303 27.1 6.73033
      vertex 23.9303 24.7 6.73033
    endloop
  endfacet
  facet normal -0.649398 0 -0.760449
    outer loop
      vertex 23.9303 27.1 6.73033
      vertex 23.8408 24.7 6.80676
      vertex 23.8408 27.1 6.80676
    endloop
  endfacet
  facet normal -0.233373 0 -0.972387
    outer loop
      vertex 23.5173 24.7 6.94077
      vertex 23.6318 27.1 6.91329
      vertex 23.6318 24.7 6.91329
    endloop
  endfacet
  facet normal -0.233373 0 -0.972387
    outer loop
      vertex 23.6318 27.1 6.91329
      vertex 23.5173 24.7 6.94077
      vertex 23.5173 27.1 6.94077
    endloop
  endfacet
  facet normal 0.0784447 0 -0.996918
    outer loop
      vertex 23.2827 24.7 6.94077
      vertex 23.4 27.1 6.95
      vertex 23.4 24.7 6.95
    endloop
  endfacet
  facet normal 0.0784447 0 -0.996918
    outer loop
      vertex 23.4 27.1 6.95
      vertex 23.2827 24.7 6.94077
      vertex 23.2827 27.1 6.94077
    endloop
  endfacet
  facet normal 0.923992 0 -0.382412
    outer loop
      vertex 22.7317 24.7 6.54049
      vertex 22.6867 27.1 6.43176
      vertex 22.7317 27.1 6.54049
    endloop
  endfacet
  facet normal 0.923992 0 -0.382412
    outer loop
      vertex 22.6867 27.1 6.43176
      vertex 22.7317 24.7 6.54049
      vertex 22.6867 24.7 6.43176
    endloop
  endfacet
  facet normal 0.760119 -0 0.649784
    outer loop
      vertex 22.7932 24.7 5.75916
      vertex 22.8697 27.1 5.66967
      vertex 22.7932 27.1 5.75916
    endloop
  endfacet
  facet normal 0.760119 0 0.649784
    outer loop
      vertex 22.8697 27.1 5.66967
      vertex 22.7932 24.7 5.75916
      vertex 22.8697 24.7 5.66967
    endloop
  endfacet
  facet normal 0.649398 0 0.760449
    outer loop
      vertex 22.8697 27.1 5.66967
      vertex 22.9592 24.7 5.59324
      vertex 22.9592 27.1 5.59324
    endloop
  endfacet
  facet normal 0.649398 0 0.760449
    outer loop
      vertex 22.9592 24.7 5.59324
      vertex 22.8697 27.1 5.66967
      vertex 22.8697 24.7 5.66967
    endloop
  endfacet
  facet normal 0 1 0
    outer loop
      vertex 23.5173 24.7 6.94077
      vertex 23.2827 24.7 6.94077
      vertex 23.4 24.7 6.95
    endloop
  endfacet
  facet normal 0 1 0
    outer loop
      vertex 23.6318 24.7 6.91329
      vertex 23.2827 24.7 6.94077
      vertex 23.5173 24.7 6.94077
    endloop
  endfacet
  facet normal 0 1 0
    outer loop
      vertex 23.6318 24.7 6.91329
      vertex 23.1682 24.7 6.91329
      vertex 23.2827 24.7 6.94077
    endloop
  endfacet
  facet normal 0 1 0
    outer loop
      vertex 23.7405 24.7 6.86825
      vertex 23.1682 24.7 6.91329
      vertex 23.6318 24.7 6.91329
    endloop
  endfacet
  facet normal 0 1 0
    outer loop
      vertex 23.7405 24.7 6.86825
      vertex 23.0595 24.7 6.86825
      vertex 23.1682 24.7 6.91329
    endloop
  endfacet
  facet normal 0 1 0
    outer loop
      vertex 23.8408 24.7 6.80676
      vertex 23.0595 24.7 6.86825
      vertex 23.7405 24.7 6.86825
    endloop
  endfacet
  facet normal 0 1 0
    outer loop
      vertex 23.8408 24.7 6.80676
      vertex 22.9592 24.7 6.80676
      vertex 23.0595 24.7 6.86825
    endloop
  endfacet
  facet normal 0 1 0
    outer loop
      vertex 23.9303 24.7 6.73033
      vertex 22.9592 24.7 6.80676
      vertex 23.8408 24.7 6.80676
    endloop
  endfacet
  facet normal 0 1 0
    outer loop
      vertex 23.9303 24.7 6.73033
      vertex 22.8697 24.7 6.73033
      vertex 22.9592 24.7 6.80676
    endloop
  endfacet
  facet normal 0 1 0
    outer loop
      vertex 24.0068 24.7 6.64084
      vertex 22.8697 24.7 6.73033
      vertex 23.9303 24.7 6.73033
    endloop
  endfacet
  facet normal 0 1 0
    outer loop
      vertex 24.0068 24.7 6.64084
      vertex 22.7932 24.7 6.64084
      vertex 22.8697 24.7 6.73033
    endloop
  endfacet
  facet normal 0 1 0
    outer loop
      vertex 24.0683 24.7 6.54049
      vertex 22.7932 24.7 6.64084
      vertex 24.0068 24.7 6.64084
    endloop
  endfacet
  facet normal 0 1 0
    outer loop
      vertex 24.0683 24.7 6.54049
      vertex 22.7317 24.7 6.54049
      vertex 22.7932 24.7 6.64084
    endloop
  endfacet
  facet normal 0 1 0
    outer loop
      vertex 24.1133 24.7 6.43176
      vertex 22.7317 24.7 6.54049
      vertex 24.0683 24.7 6.54049
    endloop
  endfacet
  facet normal 0 1 0
    outer loop
      vertex 24.1133 24.7 6.43176
      vertex 22.6867 24.7 6.43176
      vertex 22.7317 24.7 6.54049
    endloop
  endfacet
  facet normal 0 1 0
    outer loop
      vertex 24.1408 24.7 6.31733
      vertex 22.6867 24.7 6.43176
      vertex 24.1133 24.7 6.43176
    endloop
  endfacet
  facet normal 0 1 0
    outer loop
      vertex 24.1408 24.7 6.31733
      vertex 22.6592 24.7 6.31733
      vertex 22.6867 24.7 6.43176
    endloop
  endfacet
  facet normal 0 1 0
    outer loop
      vertex 24.15 24.7 6.2
      vertex 22.6592 24.7 6.31733
      vertex 24.1408 24.7 6.31733
    endloop
  endfacet
  facet normal 0 1 0
    outer loop
      vertex 24.15 24.7 6.2
      vertex 22.65 24.7 6.2
      vertex 22.6592 24.7 6.31733
    endloop
  endfacet
  facet normal 0 1 -0
    outer loop
      vertex 24.1408 24.7 6.08267
      vertex 22.65 24.7 6.2
      vertex 24.15 24.7 6.2
    endloop
  endfacet
  facet normal 0 1 0
    outer loop
      vertex 24.1408 24.7 6.08267
      vertex 22.6592 24.7 6.08267
      vertex 22.65 24.7 6.2
    endloop
  endfacet
  facet normal 0 1 -0
    outer loop
      vertex 24.1133 24.7 5.96824
      vertex 22.6592 24.7 6.08267
      vertex 24.1408 24.7 6.08267
    endloop
  endfacet
  facet normal 0 1 0
    outer loop
      vertex 24.1133 24.7 5.96824
      vertex 22.6867 24.7 5.96824
      vertex 22.6592 24.7 6.08267
    endloop
  endfacet
  facet normal 0 1 -0
    outer loop
      vertex 24.0683 24.7 5.85951
      vertex 22.6867 24.7 5.96824
      vertex 24.1133 24.7 5.96824
    endloop
  endfacet
  facet normal 0 1 0
    outer loop
      vertex 24.0683 24.7 5.85951
      vertex 22.7317 24.7 5.85951
      vertex 22.6867 24.7 5.96824
    endloop
  endfacet
  facet normal 0 1 -0
    outer loop
      vertex 24.0068 24.7 5.75916
      vertex 22.7317 24.7 5.85951
      vertex 24.0683 24.7 5.85951
    endloop
  endfacet
  facet normal 0 1 0
    outer loop
      vertex 24.0068 24.7 5.75916
      vertex 22.7932 24.7 5.75916
      vertex 22.7317 24.7 5.85951
    endloop
  endfacet
  facet normal 0 1 -0
    outer loop
      vertex 23.9303 24.7 5.66967
      vertex 22.7932 24.7 5.75916
      vertex 24.0068 24.7 5.75916
    endloop
  endfacet
  facet normal 0 1 0
    outer loop
      vertex 23.9303 24.7 5.66967
      vertex 22.8697 24.7 5.66967
      vertex 22.7932 24.7 5.75916
    endloop
  endfacet
  facet normal 0 1 -0
    outer loop
      vertex 23.8408 24.7 5.59324
      vertex 22.8697 24.7 5.66967
      vertex 23.9303 24.7 5.66967
    endloop
  endfacet
  facet normal 0 1 0
    outer loop
      vertex 23.8408 24.7 5.59324
      vertex 22.9592 24.7 5.59324
      vertex 22.8697 24.7 5.66967
    endloop
  endfacet
  facet normal 0 1 -0
    outer loop
      vertex 23.7405 24.7 5.53174
      vertex 22.9592 24.7 5.59324
      vertex 23.8408 24.7 5.59324
    endloop
  endfacet
  facet normal 0 1 0
    outer loop
      vertex 23.7405 24.7 5.53174
      vertex 23.0595 24.7 5.53174
      vertex 22.9592 24.7 5.59324
    endloop
  endfacet
  facet normal 0 1 -0
    outer loop
      vertex 23.6318 24.7 5.48671
      vertex 23.0595 24.7 5.53174
      vertex 23.7405 24.7 5.53174
    endloop
  endfacet
  facet normal 0 1 0
    outer loop
      vertex 23.6318 24.7 5.48671
      vertex 23.1682 24.7 5.48671
      vertex 23.0595 24.7 5.53174
    endloop
  endfacet
  facet normal 0 1 -0
    outer loop
      vertex 23.5173 24.7 5.45923
      vertex 23.1682 24.7 5.48671
      vertex 23.6318 24.7 5.48671
    endloop
  endfacet
  facet normal 0 1 0
    outer loop
      vertex 23.5173 24.7 5.45923
      vertex 23.2827 24.7 5.45923
      vertex 23.1682 24.7 5.48671
    endloop
  endfacet
  facet normal -0 1 0
    outer loop
      vertex 23.2827 24.7 5.45923
      vertex 23.5173 24.7 5.45923
      vertex 23.4 24.7 5.45
    endloop
  endfacet
  facet normal 0.99694 -0 0.0781714
    outer loop
      vertex 22.65 24.7 6.2
      vertex 22.6592 27.1 6.08267
      vertex 22.65 27.1 6.2
    endloop
  endfacet
  facet normal 0.99694 0 0.0781714
    outer loop
      vertex 22.6592 27.1 6.08267
      vertex 22.65 24.7 6.2
      vertex 22.6592 24.7 6.08267
    endloop
  endfacet
  facet normal 0.85262 -0 0.522532
    outer loop
      vertex 22.7317 24.7 5.85951
      vertex 22.7932 27.1 5.75916
      vertex 22.7317 27.1 5.85951
    endloop
  endfacet
  facet normal 0.85262 0 0.522532
    outer loop
      vertex 22.7932 27.1 5.75916
      vertex 22.7317 24.7 5.85951
      vertex 22.7932 24.7 5.75916
    endloop
  endfacet
  facet normal 0.522721 0 0.852504
    outer loop
      vertex 22.9592 27.1 5.59324
      vertex 23.0595 24.7 5.53174
      vertex 23.0595 27.1 5.53174
    endloop
  endfacet
  facet normal 0.522721 0 0.852504
    outer loop
      vertex 23.0595 24.7 5.53174
      vertex 22.9592 27.1 5.59324
      vertex 22.9592 24.7 5.59324
    endloop
  endfacet
  facet normal 0.0784447 0 0.996918
    outer loop
      vertex 23.2827 27.1 5.45923
      vertex 23.4 24.7 5.45
      vertex 23.4 27.1 5.45
    endloop
  endfacet
  facet normal 0.0784447 0 0.996918
    outer loop
      vertex 23.4 24.7 5.45
      vertex 23.2827 27.1 5.45923
      vertex 23.2827 24.7 5.45923
    endloop
  endfacet
  facet normal 0.233373 0 0.972387
    outer loop
      vertex 23.1682 27.1 5.48671
      vertex 23.2827 24.7 5.45923
      vertex 23.2827 27.1 5.45923
    endloop
  endfacet
  facet normal 0.233373 0 0.972387
    outer loop
      vertex 23.2827 24.7 5.45923
      vertex 23.1682 27.1 5.48671
      vertex 23.1682 24.7 5.48671
    endloop
  endfacet
  facet normal 0.38272 0 0.923865
    outer loop
      vertex 23.0595 27.1 5.53174
      vertex 23.1682 24.7 5.48671
      vertex 23.1682 27.1 5.48671
    endloop
  endfacet
  facet normal 0.38272 0 0.923865
    outer loop
      vertex 23.1682 24.7 5.48671
      vertex 23.0595 27.1 5.53174
      vertex 23.0595 24.7 5.53174
    endloop
  endfacet
  facet normal -0.972316 0 -0.233669
    outer loop
      vertex 28.1408 24.7 6.31733
      vertex 28.1133 27.1 6.43176
      vertex 28.1408 27.1 6.31733
    endloop
  endfacet
  facet normal -0.972316 -0 -0.233669
    outer loop
      vertex 28.1133 27.1 6.43176
      vertex 28.1408 24.7 6.31733
      vertex 28.1133 24.7 6.43176
    endloop
  endfacet
  facet normal -0.99694 0 -0.0781714
    outer loop
      vertex 28.15 24.7 6.2
      vertex 28.1408 27.1 6.31733
      vertex 28.15 27.1 6.2
    endloop
  endfacet
  facet normal -0.99694 -0 -0.0781714
    outer loop
      vertex 28.1408 27.1 6.31733
      vertex 28.15 24.7 6.2
      vertex 28.1408 24.7 6.31733
    endloop
  endfacet
  facet normal -0.85262 0 0.522532
    outer loop
      vertex 28.0068 24.7 5.75916
      vertex 28.0683 27.1 5.85951
      vertex 28.0068 27.1 5.75916
    endloop
  endfacet
  facet normal -0.85262 0 0.522532
    outer loop
      vertex 28.0683 27.1 5.85951
      vertex 28.0068 24.7 5.75916
      vertex 28.0683 24.7 5.85951
    endloop
  endfacet
  facet normal 0.760119 0 -0.649784
    outer loop
      vertex 26.8697 24.7 6.73033
      vertex 26.7932 27.1 6.64084
      vertex 26.8697 27.1 6.73033
    endloop
  endfacet
  facet normal 0.760119 0 -0.649784
    outer loop
      vertex 26.7932 27.1 6.64084
      vertex 26.8697 24.7 6.73033
      vertex 26.7932 24.7 6.64084
    endloop
  endfacet
  facet normal -0.760119 0 0.649784
    outer loop
      vertex 27.9303 24.7 5.66967
      vertex 28.0068 27.1 5.75916
      vertex 27.9303 27.1 5.66967
    endloop
  endfacet
  facet normal -0.760119 0 0.649784
    outer loop
      vertex 28.0068 27.1 5.75916
      vertex 27.9303 24.7 5.66967
      vertex 28.0068 24.7 5.75916
    endloop
  endfacet
  facet normal 0.972316 -0 0.233669
    outer loop
      vertex 26.6592 24.7 6.08267
      vertex 26.6867 27.1 5.96824
      vertex 26.6592 27.1 6.08267
    endloop
  endfacet
  facet normal 0.972316 0 0.233669
    outer loop
      vertex 26.6867 27.1 5.96824
      vertex 26.6592 24.7 6.08267
      vertex 26.6867 24.7 5.96824
    endloop
  endfacet
  facet normal 0.923992 -0 0.382412
    outer loop
      vertex 26.6867 24.7 5.96824
      vertex 26.7317 27.1 5.85951
      vertex 26.6867 27.1 5.96824
    endloop
  endfacet
  facet normal 0.923992 0 0.382412
    outer loop
      vertex 26.7317 27.1 5.85951
      vertex 26.6867 24.7 5.96824
      vertex 26.7317 24.7 5.85951
    endloop
  endfacet
  facet normal -0.923992 0 0.382412
    outer loop
      vertex 28.0683 24.7 5.85951
      vertex 28.1133 27.1 5.96824
      vertex 28.0683 27.1 5.85951
    endloop
  endfacet
  facet normal -0.923992 0 0.382412
    outer loop
      vertex 28.1133 27.1 5.96824
      vertex 28.0683 24.7 5.85951
      vertex 28.1133 24.7 5.96824
    endloop
  endfacet
  facet normal 0.233373 0 -0.972387
    outer loop
      vertex 27.1682 24.7 6.91329
      vertex 27.2827 27.1 6.94077
      vertex 27.2827 24.7 6.94077
    endloop
  endfacet
  facet normal 0.233373 0 -0.972387
    outer loop
      vertex 27.2827 27.1 6.94077
      vertex 27.1682 24.7 6.91329
      vertex 27.1682 27.1 6.91329
    endloop
  endfacet
  facet normal -0.760119 0 -0.649784
    outer loop
      vertex 28.0068 24.7 6.64084
      vertex 27.9303 27.1 6.73033
      vertex 28.0068 27.1 6.64084
    endloop
  endfacet
  facet normal -0.760119 -0 -0.649784
    outer loop
      vertex 27.9303 27.1 6.73033
      vertex 28.0068 24.7 6.64084
      vertex 27.9303 24.7 6.73033
    endloop
  endfacet
  facet normal -0.0784447 0 0.996918
    outer loop
      vertex 27.4 27.1 5.45
      vertex 27.5173 24.7 5.45923
      vertex 27.5173 27.1 5.45923
    endloop
  endfacet
  facet normal -0.0784447 0 0.996918
    outer loop
      vertex 27.5173 24.7 5.45923
      vertex 27.4 27.1 5.45
      vertex 27.4 24.7 5.45
    endloop
  endfacet
  facet normal -0.923992 0 -0.382412
    outer loop
      vertex 28.1133 24.7 6.43176
      vertex 28.0683 27.1 6.54049
      vertex 28.1133 27.1 6.43176
    endloop
  endfacet
  facet normal -0.923992 -0 -0.382412
    outer loop
      vertex 28.0683 27.1 6.54049
      vertex 28.1133 24.7 6.43176
      vertex 28.0683 24.7 6.54049
    endloop
  endfacet
  facet normal 0.649398 0 -0.760449
    outer loop
      vertex 26.8697 24.7 6.73033
      vertex 26.9592 27.1 6.80676
      vertex 26.9592 24.7 6.80676
    endloop
  endfacet
  facet normal 0.649398 0 -0.760449
    outer loop
      vertex 26.9592 27.1 6.80676
      vertex 26.8697 24.7 6.73033
      vertex 26.8697 27.1 6.73033
    endloop
  endfacet
  facet normal 0.972316 0 -0.233669
    outer loop
      vertex 26.6867 24.7 6.43176
      vertex 26.6592 27.1 6.31733
      vertex 26.6867 27.1 6.43176
    endloop
  endfacet
  facet normal 0.972316 0 -0.233669
    outer loop
      vertex 26.6592 27.1 6.31733
      vertex 26.6867 24.7 6.43176
      vertex 26.6592 24.7 6.31733
    endloop
  endfacet
  facet normal -0.52266 0 -0.852541
    outer loop
      vertex 27.7405 24.7 6.86825
      vertex 27.8408 27.1 6.80676
      vertex 27.8408 24.7 6.80676
    endloop
  endfacet
  facet normal -0.52266 0 -0.852541
    outer loop
      vertex 27.8408 27.1 6.80676
      vertex 27.7405 24.7 6.86825
      vertex 27.7405 27.1 6.86825
    endloop
  endfacet
  facet normal 0.85262 0 -0.522532
    outer loop
      vertex 26.7932 24.7 6.64084
      vertex 26.7317 27.1 6.54049
      vertex 26.7932 27.1 6.64084
    endloop
  endfacet
  facet normal 0.85262 0 -0.522532
    outer loop
      vertex 26.7317 27.1 6.54049
      vertex 26.7932 24.7 6.64084
      vertex 26.7317 24.7 6.54049
    endloop
  endfacet
  facet normal -0.0784447 0 -0.996918
    outer loop
      vertex 27.4 24.7 6.95
      vertex 27.5173 27.1 6.94077
      vertex 27.5173 24.7 6.94077
    endloop
  endfacet
  facet normal -0.0784447 0 -0.996918
    outer loop
      vertex 27.5173 27.1 6.94077
      vertex 27.4 24.7 6.95
      vertex 27.4 27.1 6.95
    endloop
  endfacet
  facet normal -0.972316 0 0.233669
    outer loop
      vertex 28.1133 24.7 5.96824
      vertex 28.1408 27.1 6.08267
      vertex 28.1133 27.1 5.96824
    endloop
  endfacet
  facet normal -0.972316 0 0.233669
    outer loop
      vertex 28.1408 27.1 6.08267
      vertex 28.1133 24.7 5.96824
      vertex 28.1408 24.7 6.08267
    endloop
  endfacet
  facet normal 0.382792 0 -0.923834
    outer loop
      vertex 27.0595 24.7 6.86825
      vertex 27.1682 27.1 6.91329
      vertex 27.1682 24.7 6.91329
    endloop
  endfacet
  facet normal 0.382792 0 -0.923834
    outer loop
      vertex 27.1682 27.1 6.91329
      vertex 27.0595 24.7 6.86825
      vertex 27.0595 27.1 6.86825
    endloop
  endfacet
  facet normal -0.85262 0 -0.522532
    outer loop
      vertex 28.0683 24.7 6.54049
      vertex 28.0068 27.1 6.64084
      vertex 28.0683 27.1 6.54049
    endloop
  endfacet
  facet normal -0.85262 -0 -0.522532
    outer loop
      vertex 28.0068 27.1 6.64084
      vertex 28.0683 24.7 6.54049
      vertex 28.0068 24.7 6.64084
    endloop
  endfacet
  facet normal -0.233373 0 0.972387
    outer loop
      vertex 27.5173 27.1 5.45923
      vertex 27.6318 24.7 5.48671
      vertex 27.6318 27.1 5.48671
    endloop
  endfacet
  facet normal -0.233373 0 0.972387
    outer loop
      vertex 27.6318 24.7 5.48671
      vertex 27.5173 27.1 5.45923
      vertex 27.5173 24.7 5.45923
    endloop
  endfacet
  facet normal 0.99694 0 -0.0781714
    outer loop
      vertex 26.6592 24.7 6.31733
      vertex 26.65 27.1 6.2
      vertex 26.6592 27.1 6.31733
    endloop
  endfacet
  facet normal 0.99694 0 -0.0781714
    outer loop
      vertex 26.65 27.1 6.2
      vertex 26.6592 24.7 6.31733
      vertex 26.65 24.7 6.2
    endloop
  endfacet
  facet normal -0.382792 0 -0.923834
    outer loop
      vertex 27.6318 24.7 6.91329
      vertex 27.7405 27.1 6.86825
      vertex 27.7405 24.7 6.86825
    endloop
  endfacet
  facet normal -0.382792 0 -0.923834
    outer loop
      vertex 27.7405 27.1 6.86825
      vertex 27.6318 24.7 6.91329
      vertex 27.6318 27.1 6.91329
    endloop
  endfacet
  facet normal -0.649398 0 0.760449
    outer loop
      vertex 27.8408 27.1 5.59324
      vertex 27.9303 24.7 5.66967
      vertex 27.9303 27.1 5.66967
    endloop
  endfacet
  facet normal -0.649398 0 0.760449
    outer loop
      vertex 27.9303 24.7 5.66967
      vertex 27.8408 27.1 5.59324
      vertex 27.8408 24.7 5.59324
    endloop
  endfacet
  facet normal -0.38272 0 0.923865
    outer loop
      vertex 27.6318 27.1 5.48671
      vertex 27.7405 24.7 5.53174
      vertex 27.7405 27.1 5.53174
    endloop
  endfacet
  facet normal -0.38272 0 0.923865
    outer loop
      vertex 27.7405 24.7 5.53174
      vertex 27.6318 27.1 5.48671
      vertex 27.6318 24.7 5.48671
    endloop
  endfacet
  facet normal -0.99694 0 0.0781714
    outer loop
      vertex 28.1408 24.7 6.08267
      vertex 28.15 27.1 6.2
      vertex 28.1408 27.1 6.08267
    endloop
  endfacet
  facet normal -0.99694 0 0.0781714
    outer loop
      vertex 28.15 27.1 6.2
      vertex 28.1408 24.7 6.08267
      vertex 28.15 24.7 6.2
    endloop
  endfacet
  facet normal 0.52266 0 -0.852541
    outer loop
      vertex 26.9592 24.7 6.80676
      vertex 27.0595 27.1 6.86825
      vertex 27.0595 24.7 6.86825
    endloop
  endfacet
  facet normal 0.52266 0 -0.852541
    outer loop
      vertex 27.0595 27.1 6.86825
      vertex 26.9592 24.7 6.80676
      vertex 26.9592 27.1 6.80676
    endloop
  endfacet
  facet normal -0.522721 0 0.852504
    outer loop
      vertex 27.7405 27.1 5.53174
      vertex 27.8408 24.7 5.59324
      vertex 27.8408 27.1 5.59324
    endloop
  endfacet
  facet normal -0.522721 0 0.852504
    outer loop
      vertex 27.8408 24.7 5.59324
      vertex 27.7405 27.1 5.53174
      vertex 27.7405 24.7 5.53174
    endloop
  endfacet
  facet normal -0.649398 0 -0.760449
    outer loop
      vertex 27.8408 24.7 6.80676
      vertex 27.9303 27.1 6.73033
      vertex 27.9303 24.7 6.73033
    endloop
  endfacet
  facet normal -0.649398 0 -0.760449
    outer loop
      vertex 27.9303 27.1 6.73033
      vertex 27.8408 24.7 6.80676
      vertex 27.8408 27.1 6.80676
    endloop
  endfacet
  facet normal -0.233373 0 -0.972387
    outer loop
      vertex 27.5173 24.7 6.94077
      vertex 27.6318 27.1 6.91329
      vertex 27.6318 24.7 6.91329
    endloop
  endfacet
  facet normal -0.233373 0 -0.972387
    outer loop
      vertex 27.6318 27.1 6.91329
      vertex 27.5173 24.7 6.94077
      vertex 27.5173 27.1 6.94077
    endloop
  endfacet
  facet normal 0.0784447 0 -0.996918
    outer loop
      vertex 27.2827 24.7 6.94077
      vertex 27.4 27.1 6.95
      vertex 27.4 24.7 6.95
    endloop
  endfacet
  facet normal 0.0784447 0 -0.996918
    outer loop
      vertex 27.4 27.1 6.95
      vertex 27.2827 24.7 6.94077
      vertex 27.2827 27.1 6.94077
    endloop
  endfacet
  facet normal 0.923992 0 -0.382412
    outer loop
      vertex 26.7317 24.7 6.54049
      vertex 26.6867 27.1 6.43176
      vertex 26.7317 27.1 6.54049
    endloop
  endfacet
  facet normal 0.923992 0 -0.382412
    outer loop
      vertex 26.6867 27.1 6.43176
      vertex 26.7317 24.7 6.54049
      vertex 26.6867 24.7 6.43176
    endloop
  endfacet
  facet normal 0.760119 -0 0.649784
    outer loop
      vertex 26.7932 24.7 5.75916
      vertex 26.8697 27.1 5.66967
      vertex 26.7932 27.1 5.75916
    endloop
  endfacet
  facet normal 0.760119 0 0.649784
    outer loop
      vertex 26.8697 27.1 5.66967
      vertex 26.7932 24.7 5.75916
      vertex 26.8697 24.7 5.66967
    endloop
  endfacet
  facet normal 0.649398 0 0.760449
    outer loop
      vertex 26.8697 27.1 5.66967
      vertex 26.9592 24.7 5.59324
      vertex 26.9592 27.1 5.59324
    endloop
  endfacet
  facet normal 0.649398 0 0.760449
    outer loop
      vertex 26.9592 24.7 5.59324
      vertex 26.8697 27.1 5.66967
      vertex 26.8697 24.7 5.66967
    endloop
  endfacet
  facet normal 0 1 0
    outer loop
      vertex 27.5173 24.7 6.94077
      vertex 27.2827 24.7 6.94077
      vertex 27.4 24.7 6.95
    endloop
  endfacet
  facet normal 0 1 0
    outer loop
      vertex 27.6318 24.7 6.91329
      vertex 27.2827 24.7 6.94077
      vertex 27.5173 24.7 6.94077
    endloop
  endfacet
  facet normal 0 1 0
    outer loop
      vertex 27.6318 24.7 6.91329
      vertex 27.1682 24.7 6.91329
      vertex 27.2827 24.7 6.94077
    endloop
  endfacet
  facet normal 0 1 0
    outer loop
      vertex 27.7405 24.7 6.86825
      vertex 27.1682 24.7 6.91329
      vertex 27.6318 24.7 6.91329
    endloop
  endfacet
  facet normal 0 1 0
    outer loop
      vertex 27.7405 24.7 6.86825
      vertex 27.0595 24.7 6.86825
      vertex 27.1682 24.7 6.91329
    endloop
  endfacet
  facet normal 0 1 0
    outer loop
      vertex 27.8408 24.7 6.80676
      vertex 27.0595 24.7 6.86825
      vertex 27.7405 24.7 6.86825
    endloop
  endfacet
  facet normal 0 1 0
    outer loop
      vertex 27.8408 24.7 6.80676
      vertex 26.9592 24.7 6.80676
      vertex 27.0595 24.7 6.86825
    endloop
  endfacet
  facet normal 0 1 0
    outer loop
      vertex 27.9303 24.7 6.73033
      vertex 26.9592 24.7 6.80676
      vertex 27.8408 24.7 6.80676
    endloop
  endfacet
  facet normal 0 1 0
    outer loop
      vertex 27.9303 24.7 6.73033
      vertex 26.8697 24.7 6.73033
      vertex 26.9592 24.7 6.80676
    endloop
  endfacet
  facet normal 0 1 0
    outer loop
      vertex 28.0068 24.7 6.64084
      vertex 26.8697 24.7 6.73033
      vertex 27.9303 24.7 6.73033
    endloop
  endfacet
  facet normal 0 1 0
    outer loop
      vertex 28.0068 24.7 6.64084
      vertex 26.7932 24.7 6.64084
      vertex 26.8697 24.7 6.73033
    endloop
  endfacet
  facet normal 0 1 0
    outer loop
      vertex 28.0683 24.7 6.54049
      vertex 26.7932 24.7 6.64084
      vertex 28.0068 24.7 6.64084
    endloop
  endfacet
  facet normal 0 1 0
    outer loop
      vertex 28.0683 24.7 6.54049
      vertex 26.7317 24.7 6.54049
      vertex 26.7932 24.7 6.64084
    endloop
  endfacet
  facet normal 0 1 0
    outer loop
      vertex 28.1133 24.7 6.43176
      vertex 26.7317 24.7 6.54049
      vertex 28.0683 24.7 6.54049
    endloop
  endfacet
  facet normal 0 1 0
    outer loop
      vertex 28.1133 24.7 6.43176
      vertex 26.6867 24.7 6.43176
      vertex 26.7317 24.7 6.54049
    endloop
  endfacet
  facet normal 0 1 0
    outer loop
      vertex 28.1408 24.7 6.31733
      vertex 26.6867 24.7 6.43176
      vertex 28.1133 24.7 6.43176
    endloop
  endfacet
  facet normal 0 1 0
    outer loop
      vertex 28.1408 24.7 6.31733
      vertex 26.6592 24.7 6.31733
      vertex 26.6867 24.7 6.43176
    endloop
  endfacet
  facet normal 0 1 0
    outer loop
      vertex 28.15 24.7 6.2
      vertex 26.6592 24.7 6.31733
      vertex 28.1408 24.7 6.31733
    endloop
  endfacet
  facet normal 0 1 0
    outer loop
      vertex 28.15 24.7 6.2
      vertex 26.65 24.7 6.2
      vertex 26.6592 24.7 6.31733
    endloop
  endfacet
  facet normal 0 1 -0
    outer loop
      vertex 28.1408 24.7 6.08267
      vertex 26.65 24.7 6.2
      vertex 28.15 24.7 6.2
    endloop
  endfacet
  facet normal 0 1 0
    outer loop
      vertex 28.1408 24.7 6.08267
      vertex 26.6592 24.7 6.08267
      vertex 26.65 24.7 6.2
    endloop
  endfacet
  facet normal 0 1 -0
    outer loop
      vertex 28.1133 24.7 5.96824
      vertex 26.6592 24.7 6.08267
      vertex 28.1408 24.7 6.08267
    endloop
  endfacet
  facet normal 0 1 0
    outer loop
      vertex 28.1133 24.7 5.96824
      vertex 26.6867 24.7 5.96824
      vertex 26.6592 24.7 6.08267
    endloop
  endfacet
  facet normal 0 1 -0
    outer loop
      vertex 28.0683 24.7 5.85951
      vertex 26.6867 24.7 5.96824
      vertex 28.1133 24.7 5.96824
    endloop
  endfacet
  facet normal 0 1 0
    outer loop
      vertex 28.0683 24.7 5.85951
      vertex 26.7317 24.7 5.85951
      vertex 26.6867 24.7 5.96824
    endloop
  endfacet
  facet normal 0 1 -0
    outer loop
      vertex 28.0068 24.7 5.75916
      vertex 26.7317 24.7 5.85951
      vertex 28.0683 24.7 5.85951
    endloop
  endfacet
  facet normal 0 1 0
    outer loop
      vertex 28.0068 24.7 5.75916
      vertex 26.7932 24.7 5.75916
      vertex 26.7317 24.7 5.85951
    endloop
  endfacet
  facet normal 0 1 -0
    outer loop
      vertex 27.9303 24.7 5.66967
      vertex 26.7932 24.7 5.75916
      vertex 28.0068 24.7 5.75916
    endloop
  endfacet
  facet normal 0 1 0
    outer loop
      vertex 27.9303 24.7 5.66967
      vertex 26.8697 24.7 5.66967
      vertex 26.7932 24.7 5.75916
    endloop
  endfacet
  facet normal 0 1 -0
    outer loop
      vertex 27.8408 24.7 5.59324
      vertex 26.8697 24.7 5.66967
      vertex 27.9303 24.7 5.66967
    endloop
  endfacet
  facet normal 0 1 0
    outer loop
      vertex 27.8408 24.7 5.59324
      vertex 26.9592 24.7 5.59324
      vertex 26.8697 24.7 5.66967
    endloop
  endfacet
  facet normal 0 1 -0
    outer loop
      vertex 27.7405 24.7 5.53174
      vertex 26.9592 24.7 5.59324
      vertex 27.8408 24.7 5.59324
    endloop
  endfacet
  facet normal 0 1 0
    outer loop
      vertex 27.7405 24.7 5.53174
      vertex 27.0595 24.7 5.53174
      vertex 26.9592 24.7 5.59324
    endloop
  endfacet
  facet normal 0 1 -0
    outer loop
      vertex 27.6318 24.7 5.48671
      vertex 27.0595 24.7 5.53174
      vertex 27.7405 24.7 5.53174
    endloop
  endfacet
  facet normal 0 1 0
    outer loop
      vertex 27.6318 24.7 5.48671
      vertex 27.1682 24.7 5.48671
      vertex 27.0595 24.7 5.53174
    endloop
  endfacet
  facet normal 0 1 -0
    outer loop
      vertex 27.5173 24.7 5.45923
      vertex 27.1682 24.7 5.48671
      vertex 27.6318 24.7 5.48671
    endloop
  endfacet
  facet normal 0 1 0
    outer loop
      vertex 27.5173 24.7 5.45923
      vertex 27.2827 24.7 5.45923
      vertex 27.1682 24.7 5.48671
    endloop
  endfacet
  facet normal -0 1 0
    outer loop
      vertex 27.2827 24.7 5.45923
      vertex 27.5173 24.7 5.45923
      vertex 27.4 24.7 5.45
    endloop
  endfacet
  facet normal 0.99694 -0 0.0781714
    outer loop
      vertex 26.65 24.7 6.2
      vertex 26.6592 27.1 6.08267
      vertex 26.65 27.1 6.2
    endloop
  endfacet
  facet normal 0.99694 0 0.0781714
    outer loop
      vertex 26.6592 27.1 6.08267
      vertex 26.65 24.7 6.2
      vertex 26.6592 24.7 6.08267
    endloop
  endfacet
  facet normal 0.85262 -0 0.522532
    outer loop
      vertex 26.7317 24.7 5.85951
      vertex 26.7932 27.1 5.75916
      vertex 26.7317 27.1 5.85951
    endloop
  endfacet
  facet normal 0.85262 0 0.522532
    outer loop
      vertex 26.7932 27.1 5.75916
      vertex 26.7317 24.7 5.85951
      vertex 26.7932 24.7 5.75916
    endloop
  endfacet
  facet normal 0.522721 0 0.852504
    outer loop
      vertex 26.9592 27.1 5.59324
      vertex 27.0595 24.7 5.53174
      vertex 27.0595 27.1 5.53174
    endloop
  endfacet
  facet normal 0.522721 0 0.852504
    outer loop
      vertex 27.0595 24.7 5.53174
      vertex 26.9592 27.1 5.59324
      vertex 26.9592 24.7 5.59324
    endloop
  endfacet
  facet normal 0.0784447 0 0.996918
    outer loop
      vertex 27.2827 27.1 5.45923
      vertex 27.4 24.7 5.45
      vertex 27.4 27.1 5.45
    endloop
  endfacet
  facet normal 0.0784447 0 0.996918
    outer loop
      vertex 27.4 24.7 5.45
      vertex 27.2827 27.1 5.45923
      vertex 27.2827 24.7 5.45923
    endloop
  endfacet
  facet normal 0.233373 0 0.972387
    outer loop
      vertex 27.1682 27.1 5.48671
      vertex 27.2827 24.7 5.45923
      vertex 27.2827 27.1 5.45923
    endloop
  endfacet
  facet normal 0.233373 0 0.972387
    outer loop
      vertex 27.2827 24.7 5.45923
      vertex 27.1682 27.1 5.48671
      vertex 27.1682 24.7 5.48671
    endloop
  endfacet
  facet normal 0.38272 0 0.923865
    outer loop
      vertex 27.0595 27.1 5.53174
      vertex 27.1682 24.7 5.48671
      vertex 27.1682 27.1 5.48671
    endloop
  endfacet
  facet normal 0.38272 0 0.923865
    outer loop
      vertex 27.1682 24.7 5.48671
      vertex 27.0595 27.1 5.53174
      vertex 27.0595 24.7 5.53174
    endloop
  endfacet
  facet normal 0.522532 0.85262 -0
    outer loop
      vertex 4.71411 4.34264 1.2
      vertex 4.60038 4.41234 11.2
      vertex 4.71411 4.34264 11.2
    endloop
  endfacet
  facet normal 0.522532 0.85262 0
    outer loop
      vertex 4.71411 4.34264 1.2
      vertex 4.60038 4.41234 1.2
      vertex 4.60038 4.41234 11.2
    endloop
  endfacet
  facet normal 0.522532 0.85262 -0
    outer loop
      vertex 4.71411 4.34264 0.7
      vertex 4.60038 4.41234 1.2
      vertex 4.71411 4.34264 1.2
    endloop
  endfacet
  facet normal 0.522532 0.85262 0
    outer loop
      vertex 4.60038 4.41234 1.2
      vertex 4.71411 4.34264 0.7
      vertex 4.60038 4.41234 0.7
    endloop
  endfacet
  facet normal -0.233475 0.972363 0
    outer loop
      vertex 5.36266 4.2916 1.2
      vertex 5.23297 4.26046 11.2
      vertex 5.36266 4.2916 11.2
    endloop
  endfacet
  facet normal -0.233475 0.972363 0
    outer loop
      vertex 5.36266 4.2916 1.2
      vertex 5.23297 4.26046 1.2
      vertex 5.23297 4.26046 11.2
    endloop
  endfacet
  facet normal -0.233475 0.972363 0
    outer loop
      vertex 5.36266 4.2916 0.7
      vertex 5.23297 4.26046 1.2
      vertex 5.36266 4.2916 1.2
    endloop
  endfacet
  facet normal -0.233475 0.972363 0
    outer loop
      vertex 5.23297 4.26046 1.2
      vertex 5.36266 4.2916 0.7
      vertex 5.23297 4.26046 0.7
    endloop
  endfacet
  facet normal -0.97238 -0.233404 0
    outer loop
      vertex 5.93953 5.23297 1.2
      vertex 5.9084 5.36266 1.2
      vertex 5.9084 5.36266 0.7
    endloop
  endfacet
  facet normal -0.97238 -0.233404 -0
    outer loop
      vertex 5.93953 5.23297 1.2
      vertex 5.9084 5.36266 0.7
      vertex 5.93953 5.23297 0.7
    endloop
  endfacet
  facet normal -0.97238 -0.233404 0
    outer loop
      vertex 5.9084 5.36266 1.2
      vertex 5.93953 5.23297 1.2
      vertex 5.9084 5.36266 11.2
    endloop
  endfacet
  facet normal -0.97238 -0.233404 0
    outer loop
      vertex 5.9084 5.36266 11.2
      vertex 5.93953 5.23297 1.2
      vertex 5.93953 5.23297 11.2
    endloop
  endfacet
  facet normal -0.996914 -0.0784966 0
    outer loop
      vertex 5.95 5.1 1.2
      vertex 5.93953 5.23297 1.2
      vertex 5.93953 5.23297 0.7
    endloop
  endfacet
  facet normal -0.996914 -0.0784966 -0
    outer loop
      vertex 5.95 5.1 1.2
      vertex 5.93953 5.23297 0.7
      vertex 5.95 5.1 0.7
    endloop
  endfacet
  facet normal -0.996914 -0.0784966 0
    outer loop
      vertex 5.93953 5.23297 1.2
      vertex 5.95 5.1 1.2
      vertex 5.93953 5.23297 11.2
    endloop
  endfacet
  facet normal -0.996914 -0.0784966 0
    outer loop
      vertex 5.93953 5.23297 11.2
      vertex 5.95 5.1 1.2
      vertex 5.95 5.1 11.2
    endloop
  endfacet
  facet normal -0.972384 0.233387 0
    outer loop
      vertex 5.9084 4.83733 1.2
      vertex 5.93953 4.96703 1.2
      vertex 5.93953 4.96703 0.7
    endloop
  endfacet
  facet normal -0.972384 0.233387 0
    outer loop
      vertex 5.9084 4.83733 1.2
      vertex 5.93953 4.96703 0.7
      vertex 5.9084 4.83733 0.7
    endloop
  endfacet
  facet normal -0.972384 0.233387 0
    outer loop
      vertex 5.93953 4.96703 1.2
      vertex 5.9084 4.83733 1.2
      vertex 5.93953 4.96703 11.2
    endloop
  endfacet
  facet normal -0.972384 0.233387 0
    outer loop
      vertex 5.93953 4.96703 11.2
      vertex 5.9084 4.83733 1.2
      vertex 5.9084 4.83733 11.2
    endloop
  endfacet
  facet normal 0.233458 0.972367 -0
    outer loop
      vertex 4.96703 4.26046 1.2
      vertex 4.83733 4.2916 11.2
      vertex 4.96703 4.26046 11.2
    endloop
  endfacet
  facet normal 0.233458 0.972367 0
    outer loop
      vertex 4.96703 4.26046 1.2
      vertex 4.83733 4.2916 1.2
      vertex 4.83733 4.2916 11.2
    endloop
  endfacet
  facet normal 0.233458 0.972367 -0
    outer loop
      vertex 4.96703 4.26046 0.7
      vertex 4.83733 4.2916 1.2
      vertex 4.96703 4.26046 1.2
    endloop
  endfacet
  facet normal 0.233458 0.972367 0
    outer loop
      vertex 4.83733 4.2916 1.2
      vertex 4.96703 4.26046 0.7
      vertex 4.83733 4.2916 0.7
    endloop
  endfacet
  facet normal -0.760409 -0.649444 0
    outer loop
      vertex 5.78766 5.59962 1.2
      vertex 5.70104 5.70104 1.2
      vertex 5.70104 5.70104 0.7
    endloop
  endfacet
  facet normal -0.760409 -0.649444 -0
    outer loop
      vertex 5.78766 5.59962 1.2
      vertex 5.70104 5.70104 0.7
      vertex 5.78766 5.59962 0.7
    endloop
  endfacet
  facet normal -0.760409 -0.649444 0
    outer loop
      vertex 5.70104 5.70104 1.2
      vertex 5.78766 5.59962 1.2
      vertex 5.70104 5.70104 11.2
    endloop
  endfacet
  facet normal -0.760409 -0.649444 0
    outer loop
      vertex 5.70104 5.70104 11.2
      vertex 5.78766 5.59962 1.2
      vertex 5.78766 5.59962 11.2
    endloop
  endfacet
  facet normal -0.649444 -0.760409 0
    outer loop
      vertex 5.59962 5.78766 1.2
      vertex 5.70104 5.70104 11.2
      vertex 5.59962 5.78766 11.2
    endloop
  endfacet
  facet normal -0.649444 -0.760409 0
    outer loop
      vertex 5.59962 5.78766 1.2
      vertex 5.70104 5.70104 1.2
      vertex 5.70104 5.70104 11.2
    endloop
  endfacet
  facet normal -0.649444 -0.760409 0
    outer loop
      vertex 5.59962 5.78766 0.7
      vertex 5.70104 5.70104 1.2
      vertex 5.59962 5.78766 1.2
    endloop
  endfacet
  facet normal -0.649444 -0.760409 -0
    outer loop
      vertex 5.70104 5.70104 1.2
      vertex 5.59962 5.78766 0.7
      vertex 5.70104 5.70104 0.7
    endloop
  endfacet
  facet normal -0.760409 0.649444 0
    outer loop
      vertex 5.70104 4.49896 1.2
      vertex 5.78766 4.60038 1.2
      vertex 5.78766 4.60038 0.7
    endloop
  endfacet
  facet normal -0.760409 0.649444 0
    outer loop
      vertex 5.70104 4.49896 1.2
      vertex 5.78766 4.60038 0.7
      vertex 5.70104 4.49896 0.7
    endloop
  endfacet
  facet normal -0.760409 0.649444 0
    outer loop
      vertex 5.78766 4.60038 1.2
      vertex 5.70104 4.49896 1.2
      vertex 5.78766 4.60038 11.2
    endloop
  endfacet
  facet normal -0.760409 0.649444 0
    outer loop
      vertex 5.78766 4.60038 11.2
      vertex 5.70104 4.49896 1.2
      vertex 5.70104 4.49896 11.2
    endloop
  endfacet
  facet normal 0.649444 -0.760409 0
    outer loop
      vertex 4.49896 5.70104 1.2
      vertex 4.60038 5.78766 11.2
      vertex 4.49896 5.70104 11.2
    endloop
  endfacet
  facet normal 0.649444 -0.760409 0
    outer loop
      vertex 4.49896 5.70104 1.2
      vertex 4.60038 5.78766 1.2
      vertex 4.60038 5.78766 11.2
    endloop
  endfacet
  facet normal 0.649444 -0.760409 0
    outer loop
      vertex 4.49896 5.70104 0.7
      vertex 4.60038 5.78766 1.2
      vertex 4.49896 5.70104 1.2
    endloop
  endfacet
  facet normal 0.649444 -0.760409 0
    outer loop
      vertex 4.60038 5.78766 1.2
      vertex 4.49896 5.70104 0.7
      vertex 4.60038 5.78766 0.7
    endloop
  endfacet
  facet normal -0.382661 0.923889 0
    outer loop
      vertex 5.48589 4.34264 1.2
      vertex 5.36266 4.2916 11.2
      vertex 5.48589 4.34264 11.2
    endloop
  endfacet
  facet normal -0.382661 0.923889 0
    outer loop
      vertex 5.48589 4.34264 1.2
      vertex 5.36266 4.2916 1.2
      vertex 5.36266 4.2916 11.2
    endloop
  endfacet
  facet normal -0.382661 0.923889 0
    outer loop
      vertex 5.48589 4.34264 0.7
      vertex 5.36266 4.2916 1.2
      vertex 5.48589 4.34264 1.2
    endloop
  endfacet
  facet normal -0.382661 0.923889 0
    outer loop
      vertex 5.36266 4.2916 1.2
      vertex 5.48589 4.34264 0.7
      vertex 5.36266 4.2916 0.7
    endloop
  endfacet
  facet normal 0.760409 0.649444 0
    outer loop
      vertex 4.49896 4.49896 1.2
      vertex 4.41234 4.60038 1.2
      vertex 4.41234 4.60038 11.2
    endloop
  endfacet
  facet normal 0.760409 0.649444 -0
    outer loop
      vertex 4.49896 4.49896 1.2
      vertex 4.41234 4.60038 11.2
      vertex 4.49896 4.49896 11.2
    endloop
  endfacet
  facet normal 0.760409 0.649444 0
    outer loop
      vertex 4.41234 4.60038 1.2
      vertex 4.49896 4.49896 1.2
      vertex 4.41234 4.60038 0.7
    endloop
  endfacet
  facet normal 0.760409 0.649444 0
    outer loop
      vertex 4.41234 4.60038 0.7
      vertex 4.49896 4.49896 1.2
      vertex 4.49896 4.49896 0.7
    endloop
  endfacet
  facet normal 0.85262 0.522532 0
    outer loop
      vertex 4.41234 4.60038 1.2
      vertex 4.34264 4.71411 1.2
      vertex 4.34264 4.71411 11.2
    endloop
  endfacet
  facet normal 0.85262 0.522532 -0
    outer loop
      vertex 4.41234 4.60038 1.2
      vertex 4.34264 4.71411 11.2
      vertex 4.41234 4.60038 11.2
    endloop
  endfacet
  facet normal 0.85262 0.522532 0
    outer loop
      vertex 4.34264 4.71411 1.2
      vertex 4.41234 4.60038 1.2
      vertex 4.34264 4.71411 0.7
    endloop
  endfacet
  facet normal 0.85262 0.522532 0
    outer loop
      vertex 4.34264 4.71411 0.7
      vertex 4.41234 4.60038 1.2
      vertex 4.41234 4.60038 0.7
    endloop
  endfacet
  facet normal 0.923889 -0.382661 0
    outer loop
      vertex 4.2916 5.36266 1.2
      vertex 4.34264 5.48589 1.2
      vertex 4.34264 5.48589 11.2
    endloop
  endfacet
  facet normal 0.923889 -0.382661 0
    outer loop
      vertex 4.2916 5.36266 1.2
      vertex 4.34264 5.48589 11.2
      vertex 4.2916 5.36266 11.2
    endloop
  endfacet
  facet normal 0.923889 -0.382661 0
    outer loop
      vertex 4.34264 5.48589 1.2
      vertex 4.2916 5.36266 1.2
      vertex 4.34264 5.48589 0.7
    endloop
  endfacet
  facet normal 0.923889 -0.382661 0
    outer loop
      vertex 4.34264 5.48589 0.7
      vertex 4.2916 5.36266 1.2
      vertex 4.2916 5.36266 0.7
    endloop
  endfacet
  facet normal 0.972367 0.233458 0
    outer loop
      vertex 4.2916 4.83733 1.2
      vertex 4.26046 4.96703 1.2
      vertex 4.26046 4.96703 11.2
    endloop
  endfacet
  facet normal 0.972367 0.233458 -0
    outer loop
      vertex 4.2916 4.83733 1.2
      vertex 4.26046 4.96703 11.2
      vertex 4.2916 4.83733 11.2
    endloop
  endfacet
  facet normal 0.972367 0.233458 0
    outer loop
      vertex 4.26046 4.96703 1.2
      vertex 4.2916 4.83733 1.2
      vertex 4.26046 4.96703 0.7
    endloop
  endfacet
  facet normal 0.972367 0.233458 0
    outer loop
      vertex 4.26046 4.96703 0.7
      vertex 4.2916 4.83733 1.2
      vertex 4.2916 4.83733 0.7
    endloop
  endfacet
  facet normal -0.85262 0.522532 0
    outer loop
      vertex 5.78766 4.60038 1.2
      vertex 5.85736 4.71411 1.2
      vertex 5.85736 4.71411 0.7
    endloop
  endfacet
  facet normal -0.85262 0.522532 0
    outer loop
      vertex 5.78766 4.60038 1.2
      vertex 5.85736 4.71411 0.7
      vertex 5.78766 4.60038 0.7
    endloop
  endfacet
  facet normal -0.85262 0.522532 0
    outer loop
      vertex 5.85736 4.71411 1.2
      vertex 5.78766 4.60038 1.2
      vertex 5.85736 4.71411 11.2
    endloop
  endfacet
  facet normal -0.85262 0.522532 0
    outer loop
      vertex 5.85736 4.71411 11.2
      vertex 5.78766 4.60038 1.2
      vertex 5.78766 4.60038 11.2
    endloop
  endfacet
  facet normal 0.382687 0.923878 -0
    outer loop
      vertex 4.83733 4.2916 1.2
      vertex 4.71411 4.34264 11.2
      vertex 4.83733 4.2916 11.2
    endloop
  endfacet
  facet normal 0.382687 0.923878 0
    outer loop
      vertex 4.83733 4.2916 1.2
      vertex 4.71411 4.34264 1.2
      vertex 4.71411 4.34264 11.2
    endloop
  endfacet
  facet normal 0.382687 0.923878 -0
    outer loop
      vertex 4.83733 4.2916 0.7
      vertex 4.71411 4.34264 1.2
      vertex 4.83733 4.2916 1.2
    endloop
  endfacet
  facet normal 0.382687 0.923878 0
    outer loop
      vertex 4.71411 4.34264 1.2
      vertex 4.83733 4.2916 0.7
      vertex 4.71411 4.34264 0.7
    endloop
  endfacet
  facet normal 0.382687 -0.923878 0
    outer loop
      vertex 4.71411 5.85736 1.2
      vertex 4.83733 5.9084 11.2
      vertex 4.71411 5.85736 11.2
    endloop
  endfacet
  facet normal 0.382687 -0.923878 0
    outer loop
      vertex 4.71411 5.85736 1.2
      vertex 4.83733 5.9084 1.2
      vertex 4.83733 5.9084 11.2
    endloop
  endfacet
  facet normal 0.382687 -0.923878 0
    outer loop
      vertex 4.71411 5.85736 0.7
      vertex 4.83733 5.9084 1.2
      vertex 4.71411 5.85736 1.2
    endloop
  endfacet
  facet normal 0.382687 -0.923878 0
    outer loop
      vertex 4.83733 5.9084 1.2
      vertex 4.71411 5.85736 0.7
      vertex 4.83733 5.9084 0.7
    endloop
  endfacet
  facet normal -0.923878 0.382687 0
    outer loop
      vertex 5.85736 4.71411 1.2
      vertex 5.9084 4.83733 1.2
      vertex 5.9084 4.83733 0.7
    endloop
  endfacet
  facet normal -0.923878 0.382687 0
    outer loop
      vertex 5.85736 4.71411 1.2
      vertex 5.9084 4.83733 0.7
      vertex 5.85736 4.71411 0.7
    endloop
  endfacet
  facet normal -0.923878 0.382687 0
    outer loop
      vertex 5.9084 4.83733 1.2
      vertex 5.85736 4.71411 1.2
      vertex 5.9084 4.83733 11.2
    endloop
  endfacet
  facet normal -0.923878 0.382687 0
    outer loop
      vertex 5.9084 4.83733 11.2
      vertex 5.85736 4.71411 1.2
      vertex 5.85736 4.71411 11.2
    endloop
  endfacet
  facet normal -0.382661 -0.923889 0
    outer loop
      vertex 5.36266 5.9084 1.2
      vertex 5.48589 5.85736 11.2
      vertex 5.36266 5.9084 11.2
    endloop
  endfacet
  facet normal -0.382661 -0.923889 0
    outer loop
      vertex 5.36266 5.9084 1.2
      vertex 5.48589 5.85736 1.2
      vertex 5.48589 5.85736 11.2
    endloop
  endfacet
  facet normal -0.382661 -0.923889 0
    outer loop
      vertex 5.36266 5.9084 0.7
      vertex 5.48589 5.85736 1.2
      vertex 5.36266 5.9084 1.2
    endloop
  endfacet
  facet normal -0.382661 -0.923889 -0
    outer loop
      vertex 5.48589 5.85736 1.2
      vertex 5.36266 5.9084 0.7
      vertex 5.48589 5.85736 0.7
    endloop
  endfacet
  facet normal 0.923878 0.382687 0
    outer loop
      vertex 4.34264 4.71411 1.2
      vertex 4.2916 4.83733 1.2
      vertex 4.2916 4.83733 11.2
    endloop
  endfacet
  facet normal 0.923878 0.382687 -0
    outer loop
      vertex 4.34264 4.71411 1.2
      vertex 4.2916 4.83733 11.2
      vertex 4.34264 4.71411 11.2
    endloop
  endfacet
  facet normal 0.923878 0.382687 0
    outer loop
      vertex 4.2916 4.83733 1.2
      vertex 4.34264 4.71411 1.2
      vertex 4.2916 4.83733 0.7
    endloop
  endfacet
  facet normal 0.923878 0.382687 0
    outer loop
      vertex 4.2916 4.83733 0.7
      vertex 4.34264 4.71411 1.2
      vertex 4.34264 4.71411 0.7
    endloop
  endfacet
  facet normal 0 0 1
    outer loop
      vertex 5.93953 5.23297 0.7
      vertex 5.93953 4.96703 0.7
      vertex 5.95 5.1 0.7
    endloop
  endfacet
  facet normal 0 0 1
    outer loop
      vertex 5.9084 5.36266 0.7
      vertex 5.93953 4.96703 0.7
      vertex 5.93953 5.23297 0.7
    endloop
  endfacet
  facet normal 0 0 1
    outer loop
      vertex 5.9084 5.36266 0.7
      vertex 5.9084 4.83733 0.7
      vertex 5.93953 4.96703 0.7
    endloop
  endfacet
  facet normal 0 0 1
    outer loop
      vertex 5.85736 5.48589 0.7
      vertex 5.9084 4.83733 0.7
      vertex 5.9084 5.36266 0.7
    endloop
  endfacet
  facet normal 0 0 1
    outer loop
      vertex 5.85736 5.48589 0.7
      vertex 5.85736 4.71411 0.7
      vertex 5.9084 4.83733 0.7
    endloop
  endfacet
  facet normal 0 0 1
    outer loop
      vertex 5.78766 5.59962 0.7
      vertex 5.85736 4.71411 0.7
      vertex 5.85736 5.48589 0.7
    endloop
  endfacet
  facet normal 0 0 1
    outer loop
      vertex 5.78766 5.59962 0.7
      vertex 5.78766 4.60038 0.7
      vertex 5.85736 4.71411 0.7
    endloop
  endfacet
  facet normal 0 0 1
    outer loop
      vertex 5.70104 5.70104 0.7
      vertex 5.78766 4.60038 0.7
      vertex 5.78766 5.59962 0.7
    endloop
  endfacet
  facet normal 0 0 1
    outer loop
      vertex 5.70104 5.70104 0.7
      vertex 5.70104 4.49896 0.7
      vertex 5.78766 4.60038 0.7
    endloop
  endfacet
  facet normal 0 0 1
    outer loop
      vertex 5.59962 5.78766 0.7
      vertex 5.70104 4.49896 0.7
      vertex 5.70104 5.70104 0.7
    endloop
  endfacet
  facet normal 0 0 1
    outer loop
      vertex 5.59962 5.78766 0.7
      vertex 5.59962 4.41234 0.7
      vertex 5.70104 4.49896 0.7
    endloop
  endfacet
  facet normal 0 0 1
    outer loop
      vertex 5.48589 5.85736 0.7
      vertex 5.59962 4.41234 0.7
      vertex 5.59962 5.78766 0.7
    endloop
  endfacet
  facet normal 0 0 1
    outer loop
      vertex 5.48589 5.85736 0.7
      vertex 5.48589 4.34264 0.7
      vertex 5.59962 4.41234 0.7
    endloop
  endfacet
  facet normal 0 0 1
    outer loop
      vertex 5.36266 5.9084 0.7
      vertex 5.48589 4.34264 0.7
      vertex 5.48589 5.85736 0.7
    endloop
  endfacet
  facet normal 0 0 1
    outer loop
      vertex 5.36266 5.9084 0.7
      vertex 5.36266 4.2916 0.7
      vertex 5.48589 4.34264 0.7
    endloop
  endfacet
  facet normal 0 0 1
    outer loop
      vertex 5.23297 5.93953 0.7
      vertex 5.36266 4.2916 0.7
      vertex 5.36266 5.9084 0.7
    endloop
  endfacet
  facet normal 0 0 1
    outer loop
      vertex 5.23297 5.93953 0.7
      vertex 5.23297 4.26046 0.7
      vertex 5.36266 4.2916 0.7
    endloop
  endfacet
  facet normal 0 0 1
    outer loop
      vertex 5.1 5.95 0.7
      vertex 5.23297 4.26046 0.7
      vertex 5.23297 5.93953 0.7
    endloop
  endfacet
  facet normal 0 0 1
    outer loop
      vertex 5.1 5.95 0.7
      vertex 5.1 4.25 0.7
      vertex 5.23297 4.26046 0.7
    endloop
  endfacet
  facet normal -0 0 1
    outer loop
      vertex 4.96703 5.93953 0.7
      vertex 5.1 4.25 0.7
      vertex 5.1 5.95 0.7
    endloop
  endfacet
  facet normal 0 0 1
    outer loop
      vertex 4.96703 5.93953 0.7
      vertex 4.96703 4.26046 0.7
      vertex 5.1 4.25 0.7
    endloop
  endfacet
  facet normal -0 0 1
    outer loop
      vertex 4.83733 5.9084 0.7
      vertex 4.96703 4.26046 0.7
      vertex 4.96703 5.93953 0.7
    endloop
  endfacet
  facet normal 0 0 1
    outer loop
      vertex 4.83733 5.9084 0.7
      vertex 4.83733 4.2916 0.7
      vertex 4.96703 4.26046 0.7
    endloop
  endfacet
  facet normal -0 0 1
    outer loop
      vertex 4.71411 5.85736 0.7
      vertex 4.83733 4.2916 0.7
      vertex 4.83733 5.9084 0.7
    endloop
  endfacet
  facet normal 0 0 1
    outer loop
      vertex 4.71411 5.85736 0.7
      vertex 4.71411 4.34264 0.7
      vertex 4.83733 4.2916 0.7
    endloop
  endfacet
  facet normal -0 0 1
    outer loop
      vertex 4.60038 5.78766 0.7
      vertex 4.71411 4.34264 0.7
      vertex 4.71411 5.85736 0.7
    endloop
  endfacet
  facet normal 0 0 1
    outer loop
      vertex 4.60038 5.78766 0.7
      vertex 4.60038 4.41234 0.7
      vertex 4.71411 4.34264 0.7
    endloop
  endfacet
  facet normal -0 0 1
    outer loop
      vertex 4.49896 5.70104 0.7
      vertex 4.60038 4.41234 0.7
      vertex 4.60038 5.78766 0.7
    endloop
  endfacet
  facet normal 0 0 1
    outer loop
      vertex 4.49896 5.70104 0.7
      vertex 4.49896 4.49896 0.7
      vertex 4.60038 4.41234 0.7
    endloop
  endfacet
  facet normal -0 0 1
    outer loop
      vertex 4.41234 5.59962 0.7
      vertex 4.49896 4.49896 0.7
      vertex 4.49896 5.70104 0.7
    endloop
  endfacet
  facet normal 0 0 1
    outer loop
      vertex 4.41234 5.59962 0.7
      vertex 4.41234 4.60038 0.7
      vertex 4.49896 4.49896 0.7
    endloop
  endfacet
  facet normal -0 0 1
    outer loop
      vertex 4.34264 5.48589 0.7
      vertex 4.41234 4.60038 0.7
      vertex 4.41234 5.59962 0.7
    endloop
  endfacet
  facet normal 0 0 1
    outer loop
      vertex 4.34264 5.48589 0.7
      vertex 4.34264 4.71411 0.7
      vertex 4.41234 4.60038 0.7
    endloop
  endfacet
  facet normal -0 0 1
    outer loop
      vertex 4.2916 5.36266 0.7
      vertex 4.34264 4.71411 0.7
      vertex 4.34264 5.48589 0.7
    endloop
  endfacet
  facet normal 0 0 1
    outer loop
      vertex 4.2916 5.36266 0.7
      vertex 4.2916 4.83733 0.7
      vertex 4.34264 4.71411 0.7
    endloop
  endfacet
  facet normal -0 0 1
    outer loop
      vertex 4.26046 5.23297 0.7
      vertex 4.2916 4.83733 0.7
      vertex 4.2916 5.36266 0.7
    endloop
  endfacet
  facet normal 0 0 1
    outer loop
      vertex 4.26046 5.23297 0.7
      vertex 4.26046 4.96703 0.7
      vertex 4.2916 4.83733 0.7
    endloop
  endfacet
  facet normal 0 -0 1
    outer loop
      vertex 4.26046 4.96703 0.7
      vertex 4.26046 5.23297 0.7
      vertex 4.25 5.1 0.7
    endloop
  endfacet
  facet normal -0.0784221 0.99692 0
    outer loop
      vertex 5.23297 4.26046 1.2
      vertex 5.1 4.25 11.2
      vertex 5.23297 4.26046 11.2
    endloop
  endfacet
  facet normal -0.0784221 0.99692 0
    outer loop
      vertex 5.23297 4.26046 1.2
      vertex 5.1 4.25 1.2
      vertex 5.1 4.25 11.2
    endloop
  endfacet
  facet normal -0.0784221 0.99692 0
    outer loop
      vertex 5.23297 4.26046 0.7
      vertex 5.1 4.25 1.2
      vertex 5.23297 4.26046 1.2
    endloop
  endfacet
  facet normal -0.0784221 0.99692 0
    outer loop
      vertex 5.1 4.25 1.2
      vertex 5.23297 4.26046 0.7
      vertex 5.1 4.25 0.7
    endloop
  endfacet
  facet normal -0.923889 -0.382661 0
    outer loop
      vertex 5.9084 5.36266 1.2
      vertex 5.85736 5.48589 1.2
      vertex 5.85736 5.48589 0.7
    endloop
  endfacet
  facet normal -0.923889 -0.382661 -0
    outer loop
      vertex 5.9084 5.36266 1.2
      vertex 5.85736 5.48589 0.7
      vertex 5.9084 5.36266 0.7
    endloop
  endfacet
  facet normal -0.923889 -0.382661 0
    outer loop
      vertex 5.85736 5.48589 1.2
      vertex 5.9084 5.36266 1.2
      vertex 5.85736 5.48589 11.2
    endloop
  endfacet
  facet normal -0.923889 -0.382661 0
    outer loop
      vertex 5.85736 5.48589 11.2
      vertex 5.9084 5.36266 1.2
      vertex 5.9084 5.36266 11.2
    endloop
  endfacet
  facet normal -0.522532 0.85262 0
    outer loop
      vertex 5.59962 4.41234 1.2
      vertex 5.48589 4.34264 11.2
      vertex 5.59962 4.41234 11.2
    endloop
  endfacet
  facet normal -0.522532 0.85262 0
    outer loop
      vertex 5.59962 4.41234 1.2
      vertex 5.48589 4.34264 1.2
      vertex 5.48589 4.34264 11.2
    endloop
  endfacet
  facet normal -0.522532 0.85262 0
    outer loop
      vertex 5.59962 4.41234 0.7
      vertex 5.48589 4.34264 1.2
      vertex 5.59962 4.41234 1.2
    endloop
  endfacet
  facet normal -0.522532 0.85262 0
    outer loop
      vertex 5.48589 4.34264 1.2
      vertex 5.59962 4.41234 0.7
      vertex 5.48589 4.34264 0.7
    endloop
  endfacet
  facet normal 0.760409 -0.649444 0
    outer loop
      vertex 4.41234 5.59962 1.2
      vertex 4.49896 5.70104 1.2
      vertex 4.49896 5.70104 11.2
    endloop
  endfacet
  facet normal 0.760409 -0.649444 0
    outer loop
      vertex 4.41234 5.59962 1.2
      vertex 4.49896 5.70104 11.2
      vertex 4.41234 5.59962 11.2
    endloop
  endfacet
  facet normal 0.760409 -0.649444 0
    outer loop
      vertex 4.49896 5.70104 1.2
      vertex 4.41234 5.59962 1.2
      vertex 4.49896 5.70104 0.7
    endloop
  endfacet
  facet normal 0.760409 -0.649444 0
    outer loop
      vertex 4.49896 5.70104 0.7
      vertex 4.41234 5.59962 1.2
      vertex 4.41234 5.59962 0.7
    endloop
  endfacet
  facet normal 0.522532 -0.85262 0
    outer loop
      vertex 4.60038 5.78766 1.2
      vertex 4.71411 5.85736 11.2
      vertex 4.60038 5.78766 11.2
    endloop
  endfacet
  facet normal 0.522532 -0.85262 0
    outer loop
      vertex 4.60038 5.78766 1.2
      vertex 4.71411 5.85736 1.2
      vertex 4.71411 5.85736 11.2
    endloop
  endfacet
  facet normal 0.522532 -0.85262 0
    outer loop
      vertex 4.60038 5.78766 0.7
      vertex 4.71411 5.85736 1.2
      vertex 4.60038 5.78766 1.2
    endloop
  endfacet
  facet normal 0.522532 -0.85262 0
    outer loop
      vertex 4.71411 5.85736 1.2
      vertex 4.60038 5.78766 0.7
      vertex 4.71411 5.85736 0.7
    endloop
  endfacet
  facet normal 0.99692 0.0784221 0
    outer loop
      vertex 4.26046 4.96703 1.2
      vertex 4.25 5.1 1.2
      vertex 4.25 5.1 11.2
    endloop
  endfacet
  facet normal 0.99692 0.0784221 -0
    outer loop
      vertex 4.26046 4.96703 1.2
      vertex 4.25 5.1 11.2
      vertex 4.26046 4.96703 11.2
    endloop
  endfacet
  facet normal 0.99692 0.0784221 0
    outer loop
      vertex 4.25 5.1 1.2
      vertex 4.26046 4.96703 1.2
      vertex 4.25 5.1 0.7
    endloop
  endfacet
  facet normal 0.99692 0.0784221 0
    outer loop
      vertex 4.25 5.1 0.7
      vertex 4.26046 4.96703 1.2
      vertex 4.26046 4.96703 0.7
    endloop
  endfacet
  facet normal -0.233404 -0.97238 0
    outer loop
      vertex 5.23297 5.93953 1.2
      vertex 5.36266 5.9084 11.2
      vertex 5.23297 5.93953 11.2
    endloop
  endfacet
  facet normal -0.233404 -0.97238 0
    outer loop
      vertex 5.23297 5.93953 1.2
      vertex 5.36266 5.9084 1.2
      vertex 5.36266 5.9084 11.2
    endloop
  endfacet
  facet normal -0.233404 -0.97238 0
    outer loop
      vertex 5.23297 5.93953 0.7
      vertex 5.36266 5.9084 1.2
      vertex 5.23297 5.93953 1.2
    endloop
  endfacet
  facet normal -0.233404 -0.97238 -0
    outer loop
      vertex 5.36266 5.9084 1.2
      vertex 5.23297 5.93953 0.7
      vertex 5.36266 5.9084 0.7
    endloop
  endfacet
  facet normal -0.522532 -0.85262 0
    outer loop
      vertex 5.48589 5.85736 1.2
      vertex 5.59962 5.78766 11.2
      vertex 5.48589 5.85736 11.2
    endloop
  endfacet
  facet normal -0.522532 -0.85262 0
    outer loop
      vertex 5.48589 5.85736 1.2
      vertex 5.59962 5.78766 1.2
      vertex 5.59962 5.78766 11.2
    endloop
  endfacet
  facet normal -0.522532 -0.85262 0
    outer loop
      vertex 5.48589 5.85736 0.7
      vertex 5.59962 5.78766 1.2
      vertex 5.48589 5.85736 1.2
    endloop
  endfacet
  facet normal -0.522532 -0.85262 -0
    outer loop
      vertex 5.59962 5.78766 1.2
      vertex 5.48589 5.85736 0.7
      vertex 5.59962 5.78766 0.7
    endloop
  endfacet
  facet normal -0.649444 0.760409 0
    outer loop
      vertex 5.70104 4.49896 1.2
      vertex 5.59962 4.41234 11.2
      vertex 5.70104 4.49896 11.2
    endloop
  endfacet
  facet normal -0.649444 0.760409 0
    outer loop
      vertex 5.70104 4.49896 1.2
      vertex 5.59962 4.41234 1.2
      vertex 5.59962 4.41234 11.2
    endloop
  endfacet
  facet normal -0.649444 0.760409 0
    outer loop
      vertex 5.70104 4.49896 0.7
      vertex 5.59962 4.41234 1.2
      vertex 5.70104 4.49896 1.2
    endloop
  endfacet
  facet normal -0.649444 0.760409 0
    outer loop
      vertex 5.59962 4.41234 1.2
      vertex 5.70104 4.49896 0.7
      vertex 5.59962 4.41234 0.7
    endloop
  endfacet
  facet normal 0.233387 -0.972384 0
    outer loop
      vertex 4.83733 5.9084 1.2
      vertex 4.96703 5.93953 11.2
      vertex 4.83733 5.9084 11.2
    endloop
  endfacet
  facet normal 0.233387 -0.972384 0
    outer loop
      vertex 4.83733 5.9084 1.2
      vertex 4.96703 5.93953 1.2
      vertex 4.96703 5.93953 11.2
    endloop
  endfacet
  facet normal 0.233387 -0.972384 0
    outer loop
      vertex 4.83733 5.9084 0.7
      vertex 4.96703 5.93953 1.2
      vertex 4.83733 5.9084 1.2
    endloop
  endfacet
  facet normal 0.233387 -0.972384 0
    outer loop
      vertex 4.96703 5.93953 1.2
      vertex 4.83733 5.9084 0.7
      vertex 4.96703 5.93953 0.7
    endloop
  endfacet
  facet normal -0.85262 -0.522532 0
    outer loop
      vertex 5.85736 5.48589 1.2
      vertex 5.78766 5.59962 1.2
      vertex 5.78766 5.59962 0.7
    endloop
  endfacet
  facet normal -0.85262 -0.522532 -0
    outer loop
      vertex 5.85736 5.48589 1.2
      vertex 5.78766 5.59962 0.7
      vertex 5.85736 5.48589 0.7
    endloop
  endfacet
  facet normal -0.85262 -0.522532 0
    outer loop
      vertex 5.78766 5.59962 1.2
      vertex 5.85736 5.48589 1.2
      vertex 5.78766 5.59962 11.2
    endloop
  endfacet
  facet normal -0.85262 -0.522532 0
    outer loop
      vertex 5.78766 5.59962 11.2
      vertex 5.85736 5.48589 1.2
      vertex 5.85736 5.48589 11.2
    endloop
  endfacet
  facet normal 0.85262 -0.522532 0
    outer loop
      vertex 4.34264 5.48589 1.2
      vertex 4.41234 5.59962 1.2
      vertex 4.41234 5.59962 11.2
    endloop
  endfacet
  facet normal 0.85262 -0.522532 0
    outer loop
      vertex 4.34264 5.48589 1.2
      vertex 4.41234 5.59962 11.2
      vertex 4.34264 5.48589 11.2
    endloop
  endfacet
  facet normal 0.85262 -0.522532 0
    outer loop
      vertex 4.41234 5.59962 1.2
      vertex 4.34264 5.48589 1.2
      vertex 4.41234 5.59962 0.7
    endloop
  endfacet
  facet normal 0.85262 -0.522532 0
    outer loop
      vertex 4.41234 5.59962 0.7
      vertex 4.34264 5.48589 1.2
      vertex 4.34264 5.48589 0.7
    endloop
  endfacet
  facet normal -0.996914 0.0784966 0
    outer loop
      vertex 5.93953 4.96703 1.2
      vertex 5.95 5.1 1.2
      vertex 5.95 5.1 0.7
    endloop
  endfacet
  facet normal -0.996914 0.0784966 0
    outer loop
      vertex 5.93953 4.96703 1.2
      vertex 5.95 5.1 0.7
      vertex 5.93953 4.96703 0.7
    endloop
  endfacet
  facet normal -0.996914 0.0784966 0
    outer loop
      vertex 5.95 5.1 1.2
      vertex 5.93953 4.96703 1.2
      vertex 5.95 5.1 11.2
    endloop
  endfacet
  facet normal -0.996914 0.0784966 0
    outer loop
      vertex 5.95 5.1 11.2
      vertex 5.93953 4.96703 1.2
      vertex 5.93953 4.96703 11.2
    endloop
  endfacet
  facet normal 0.972363 -0.233475 0
    outer loop
      vertex 4.26046 5.23297 1.2
      vertex 4.2916 5.36266 1.2
      vertex 4.2916 5.36266 11.2
    endloop
  endfacet
  facet normal 0.972363 -0.233475 0
    outer loop
      vertex 4.26046 5.23297 1.2
      vertex 4.2916 5.36266 11.2
      vertex 4.26046 5.23297 11.2
    endloop
  endfacet
  facet normal 0.972363 -0.233475 0
    outer loop
      vertex 4.2916 5.36266 1.2
      vertex 4.26046 5.23297 1.2
      vertex 4.2916 5.36266 0.7
    endloop
  endfacet
  facet normal 0.972363 -0.233475 0
    outer loop
      vertex 4.2916 5.36266 0.7
      vertex 4.26046 5.23297 1.2
      vertex 4.26046 5.23297 0.7
    endloop
  endfacet
  facet normal 0.649444 0.760409 -0
    outer loop
      vertex 4.60038 4.41234 1.2
      vertex 4.49896 4.49896 11.2
      vertex 4.60038 4.41234 11.2
    endloop
  endfacet
  facet normal 0.649444 0.760409 0
    outer loop
      vertex 4.60038 4.41234 1.2
      vertex 4.49896 4.49896 1.2
      vertex 4.49896 4.49896 11.2
    endloop
  endfacet
  facet normal 0.649444 0.760409 -0
    outer loop
      vertex 4.60038 4.41234 0.7
      vertex 4.49896 4.49896 1.2
      vertex 4.60038 4.41234 1.2
    endloop
  endfacet
  facet normal 0.649444 0.760409 0
    outer loop
      vertex 4.49896 4.49896 1.2
      vertex 4.60038 4.41234 0.7
      vertex 4.49896 4.49896 0.7
    endloop
  endfacet
  facet normal 0.0784221 0.99692 -0
    outer loop
      vertex 5.1 4.25 1.2
      vertex 4.96703 4.26046 11.2
      vertex 5.1 4.25 11.2
    endloop
  endfacet
  facet normal 0.0784221 0.99692 0
    outer loop
      vertex 5.1 4.25 1.2
      vertex 4.96703 4.26046 1.2
      vertex 4.96703 4.26046 11.2
    endloop
  endfacet
  facet normal 0.0784221 0.99692 -0
    outer loop
      vertex 5.1 4.25 0.7
      vertex 4.96703 4.26046 1.2
      vertex 5.1 4.25 1.2
    endloop
  endfacet
  facet normal 0.0784221 0.99692 0
    outer loop
      vertex 4.96703 4.26046 1.2
      vertex 5.1 4.25 0.7
      vertex 4.96703 4.26046 0.7
    endloop
  endfacet
  facet normal -0.0784966 -0.996914 0
    outer loop
      vertex 5.1 5.95 1.2
      vertex 5.23297 5.93953 11.2
      vertex 5.1 5.95 11.2
    endloop
  endfacet
  facet normal -0.0784966 -0.996914 0
    outer loop
      vertex 5.1 5.95 1.2
      vertex 5.23297 5.93953 1.2
      vertex 5.23297 5.93953 11.2
    endloop
  endfacet
  facet normal -0.0784966 -0.996914 0
    outer loop
      vertex 5.1 5.95 0.7
      vertex 5.23297 5.93953 1.2
      vertex 5.1 5.95 1.2
    endloop
  endfacet
  facet normal -0.0784966 -0.996914 -0
    outer loop
      vertex 5.23297 5.93953 1.2
      vertex 5.1 5.95 0.7
      vertex 5.23297 5.93953 0.7
    endloop
  endfacet
  facet normal 0.0784966 -0.996914 0
    outer loop
      vertex 4.96703 5.93953 1.2
      vertex 5.1 5.95 11.2
      vertex 4.96703 5.93953 11.2
    endloop
  endfacet
  facet normal 0.0784966 -0.996914 0
    outer loop
      vertex 4.96703 5.93953 1.2
      vertex 5.1 5.95 1.2
      vertex 5.1 5.95 11.2
    endloop
  endfacet
  facet normal 0.0784966 -0.996914 0
    outer loop
      vertex 4.96703 5.93953 0.7
      vertex 5.1 5.95 1.2
      vertex 4.96703 5.93953 1.2
    endloop
  endfacet
  facet normal 0.0784966 -0.996914 0
    outer loop
      vertex 5.1 5.95 1.2
      vertex 4.96703 5.93953 0.7
      vertex 5.1 5.95 0.7
    endloop
  endfacet
  facet normal 0.99692 -0.0784221 0
    outer loop
      vertex 4.25 5.1 1.2
      vertex 4.26046 5.23297 1.2
      vertex 4.26046 5.23297 11.2
    endloop
  endfacet
  facet normal 0.99692 -0.0784221 0
    outer loop
      vertex 4.25 5.1 1.2
      vertex 4.26046 5.23297 11.2
      vertex 4.25 5.1 11.2
    endloop
  endfacet
  facet normal 0.99692 -0.0784221 0
    outer loop
      vertex 4.26046 5.23297 1.2
      vertex 4.25 5.1 1.2
      vertex 4.26046 5.23297 0.7
    endloop
  endfacet
  facet normal 0.99692 -0.0784221 0
    outer loop
      vertex 4.26046 5.23297 0.7
      vertex 4.25 5.1 1.2
      vertex 4.25 5.1 0.7
    endloop
  endfacet
  facet normal 0.522632 0.852558 -0
    outer loop
      vertex 27.7141 19.3426 1.2
      vertex 27.6004 19.4123 11.2
      vertex 27.7141 19.3426 11.2
    endloop
  endfacet
  facet normal 0.522632 0.852558 0
    outer loop
      vertex 27.7141 19.3426 1.2
      vertex 27.6004 19.4123 1.2
      vertex 27.6004 19.4123 11.2
    endloop
  endfacet
  facet normal 0.522632 0.852558 -0
    outer loop
      vertex 27.7141 19.3426 0.7
      vertex 27.6004 19.4123 1.2
      vertex 27.7141 19.3426 1.2
    endloop
  endfacet
  facet normal 0.522632 0.852558 0
    outer loop
      vertex 27.6004 19.4123 1.2
      vertex 27.7141 19.3426 0.7
      vertex 27.6004 19.4123 0.7
    endloop
  endfacet
  facet normal -0.233174 0.972435 0
    outer loop
      vertex 28.3627 19.2916 1.2
      vertex 28.233 19.2605 11.2
      vertex 28.3627 19.2916 11.2
    endloop
  endfacet
  facet normal -0.233174 0.972435 0
    outer loop
      vertex 28.3627 19.2916 1.2
      vertex 28.233 19.2605 1.2
      vertex 28.233 19.2605 11.2
    endloop
  endfacet
  facet normal -0.233174 0.972435 0
    outer loop
      vertex 28.3627 19.2916 0.7
      vertex 28.233 19.2605 1.2
      vertex 28.3627 19.2916 1.2
    endloop
  endfacet
  facet normal -0.233174 0.972435 0
    outer loop
      vertex 28.233 19.2605 1.2
      vertex 28.3627 19.2916 0.7
      vertex 28.233 19.2605 0.7
    endloop
  endfacet
  facet normal -0.972435 -0.233174 0
    outer loop
      vertex 28.9395 20.233 1.2
      vertex 28.9084 20.3627 1.2
      vertex 28.9084 20.3627 0.7
    endloop
  endfacet
  facet normal -0.972435 -0.233174 -0
    outer loop
      vertex 28.9395 20.233 1.2
      vertex 28.9084 20.3627 0.7
      vertex 28.9395 20.233 0.7
    endloop
  endfacet
  facet normal -0.972435 -0.233174 0
    outer loop
      vertex 28.9084 20.3627 1.2
      vertex 28.9395 20.233 1.2
      vertex 28.9084 20.3627 11.2
    endloop
  endfacet
  facet normal -0.972435 -0.233174 0
    outer loop
      vertex 28.9084 20.3627 11.2
      vertex 28.9395 20.233 1.2
      vertex 28.9395 20.233 11.2
    endloop
  endfacet
  facet normal -0.996898 -0.0787025 0
    outer loop
      vertex 28.95 20.1 1.2
      vertex 28.9395 20.233 1.2
      vertex 28.9395 20.233 0.7
    endloop
  endfacet
  facet normal -0.996898 -0.0787025 -0
    outer loop
      vertex 28.95 20.1 1.2
      vertex 28.9395 20.233 0.7
      vertex 28.95 20.1 0.7
    endloop
  endfacet
  facet normal -0.996898 -0.0787025 0
    outer loop
      vertex 28.9395 20.233 1.2
      vertex 28.95 20.1 1.2
      vertex 28.9395 20.233 11.2
    endloop
  endfacet
  facet normal -0.996898 -0.0787025 0
    outer loop
      vertex 28.9395 20.233 11.2
      vertex 28.95 20.1 1.2
      vertex 28.95 20.1 11.2
    endloop
  endfacet
  facet normal -0.972435 0.233174 0
    outer loop
      vertex 28.9084 19.8373 1.2
      vertex 28.9395 19.967 1.2
      vertex 28.9395 19.967 0.7
    endloop
  endfacet
  facet normal -0.972435 0.233174 0
    outer loop
      vertex 28.9084 19.8373 1.2
      vertex 28.9395 19.967 0.7
      vertex 28.9084 19.8373 0.7
    endloop
  endfacet
  facet normal -0.972435 0.233174 0
    outer loop
      vertex 28.9395 19.967 1.2
      vertex 28.9084 19.8373 1.2
      vertex 28.9395 19.967 11.2
    endloop
  endfacet
  facet normal -0.972435 0.233174 0
    outer loop
      vertex 28.9395 19.967 11.2
      vertex 28.9084 19.8373 1.2
      vertex 28.9084 19.8373 11.2
    endloop
  endfacet
  facet normal 0.233174 0.972435 -0
    outer loop
      vertex 27.967 19.2605 1.2
      vertex 27.8373 19.2916 11.2
      vertex 27.967 19.2605 11.2
    endloop
  endfacet
  facet normal 0.233174 0.972435 0
    outer loop
      vertex 27.967 19.2605 1.2
      vertex 27.8373 19.2916 1.2
      vertex 27.8373 19.2916 11.2
    endloop
  endfacet
  facet normal 0.233174 0.972435 -0
    outer loop
      vertex 27.967 19.2605 0.7
      vertex 27.8373 19.2916 1.2
      vertex 27.967 19.2605 1.2
    endloop
  endfacet
  facet normal 0.233174 0.972435 0
    outer loop
      vertex 27.8373 19.2916 1.2
      vertex 27.967 19.2605 0.7
      vertex 27.8373 19.2916 0.7
    endloop
  endfacet
  facet normal -0.76005 -0.649865 0
    outer loop
      vertex 28.7877 20.5996 1.2
      vertex 28.701 20.701 1.2
      vertex 28.701 20.701 0.7
    endloop
  endfacet
  facet normal -0.76005 -0.649865 -0
    outer loop
      vertex 28.7877 20.5996 1.2
      vertex 28.701 20.701 0.7
      vertex 28.7877 20.5996 0.7
    endloop
  endfacet
  facet normal -0.76005 -0.649865 0
    outer loop
      vertex 28.701 20.701 1.2
      vertex 28.7877 20.5996 1.2
      vertex 28.701 20.701 11.2
    endloop
  endfacet
  facet normal -0.76005 -0.649865 0
    outer loop
      vertex 28.701 20.701 11.2
      vertex 28.7877 20.5996 1.2
      vertex 28.7877 20.5996 11.2
    endloop
  endfacet
  facet normal -0.649865 -0.76005 0
    outer loop
      vertex 28.5996 20.7877 1.2
      vertex 28.701 20.701 11.2
      vertex 28.5996 20.7877 11.2
    endloop
  endfacet
  facet normal -0.649865 -0.76005 0
    outer loop
      vertex 28.5996 20.7877 1.2
      vertex 28.701 20.701 1.2
      vertex 28.701 20.701 11.2
    endloop
  endfacet
  facet normal -0.649865 -0.76005 0
    outer loop
      vertex 28.5996 20.7877 0.7
      vertex 28.701 20.701 1.2
      vertex 28.5996 20.7877 1.2
    endloop
  endfacet
  facet normal -0.649865 -0.76005 -0
    outer loop
      vertex 28.701 20.701 1.2
      vertex 28.5996 20.7877 0.7
      vertex 28.701 20.701 0.7
    endloop
  endfacet
  facet normal -0.76005 0.649865 0
    outer loop
      vertex 28.701 19.499 1.2
      vertex 28.7877 19.6004 1.2
      vertex 28.7877 19.6004 0.7
    endloop
  endfacet
  facet normal -0.76005 0.649865 0
    outer loop
      vertex 28.701 19.499 1.2
      vertex 28.7877 19.6004 0.7
      vertex 28.701 19.499 0.7
    endloop
  endfacet
  facet normal -0.76005 0.649865 0
    outer loop
      vertex 28.7877 19.6004 1.2
      vertex 28.701 19.499 1.2
      vertex 28.7877 19.6004 11.2
    endloop
  endfacet
  facet normal -0.76005 0.649865 0
    outer loop
      vertex 28.7877 19.6004 11.2
      vertex 28.701 19.499 1.2
      vertex 28.701 19.499 11.2
    endloop
  endfacet
  facet normal 0.649865 -0.76005 0
    outer loop
      vertex 27.499 20.701 1.2
      vertex 27.6004 20.7877 11.2
      vertex 27.499 20.701 11.2
    endloop
  endfacet
  facet normal 0.649865 -0.76005 0
    outer loop
      vertex 27.499 20.701 1.2
      vertex 27.6004 20.7877 1.2
      vertex 27.6004 20.7877 11.2
    endloop
  endfacet
  facet normal 0.649865 -0.76005 0
    outer loop
      vertex 27.499 20.701 0.7
      vertex 27.6004 20.7877 1.2
      vertex 27.499 20.701 1.2
    endloop
  endfacet
  facet normal 0.649865 -0.76005 0
    outer loop
      vertex 27.6004 20.7877 1.2
      vertex 27.499 20.701 0.7
      vertex 27.6004 20.7877 0.7
    endloop
  endfacet
  facet normal -0.382484 0.923962 0
    outer loop
      vertex 28.4859 19.3426 1.2
      vertex 28.3627 19.2916 11.2
      vertex 28.4859 19.3426 11.2
    endloop
  endfacet
  facet normal -0.382484 0.923962 0
    outer loop
      vertex 28.4859 19.3426 1.2
      vertex 28.3627 19.2916 1.2
      vertex 28.3627 19.2916 11.2
    endloop
  endfacet
  facet normal -0.382484 0.923962 0
    outer loop
      vertex 28.4859 19.3426 0.7
      vertex 28.3627 19.2916 1.2
      vertex 28.4859 19.3426 1.2
    endloop
  endfacet
  facet normal -0.382484 0.923962 0
    outer loop
      vertex 28.3627 19.2916 1.2
      vertex 28.4859 19.3426 0.7
      vertex 28.3627 19.2916 0.7
    endloop
  endfacet
  facet normal 0.76005 0.649865 0
    outer loop
      vertex 27.499 19.499 1.2
      vertex 27.4123 19.6004 1.2
      vertex 27.4123 19.6004 11.2
    endloop
  endfacet
  facet normal 0.76005 0.649865 -0
    outer loop
      vertex 27.499 19.499 1.2
      vertex 27.4123 19.6004 11.2
      vertex 27.499 19.499 11.2
    endloop
  endfacet
  facet normal 0.76005 0.649865 0
    outer loop
      vertex 27.4123 19.6004 1.2
      vertex 27.499 19.499 1.2
      vertex 27.4123 19.6004 0.7
    endloop
  endfacet
  facet normal 0.76005 0.649865 0
    outer loop
      vertex 27.4123 19.6004 0.7
      vertex 27.499 19.499 1.2
      vertex 27.499 19.499 0.7
    endloop
  endfacet
  facet normal 0.852558 0.522632 0
    outer loop
      vertex 27.4123 19.6004 1.2
      vertex 27.3426 19.7141 1.2
      vertex 27.3426 19.7141 11.2
    endloop
  endfacet
  facet normal 0.852558 0.522632 -0
    outer loop
      vertex 27.4123 19.6004 1.2
      vertex 27.3426 19.7141 11.2
      vertex 27.4123 19.6004 11.2
    endloop
  endfacet
  facet normal 0.852558 0.522632 0
    outer loop
      vertex 27.3426 19.7141 1.2
      vertex 27.4123 19.6004 1.2
      vertex 27.3426 19.7141 0.7
    endloop
  endfacet
  facet normal 0.852558 0.522632 0
    outer loop
      vertex 27.3426 19.7141 0.7
      vertex 27.4123 19.6004 1.2
      vertex 27.4123 19.6004 0.7
    endloop
  endfacet
  facet normal 0.923962 -0.382484 0
    outer loop
      vertex 27.2916 20.3627 1.2
      vertex 27.3426 20.4859 1.2
      vertex 27.3426 20.4859 11.2
    endloop
  endfacet
  facet normal 0.923962 -0.382484 0
    outer loop
      vertex 27.2916 20.3627 1.2
      vertex 27.3426 20.4859 11.2
      vertex 27.2916 20.3627 11.2
    endloop
  endfacet
  facet normal 0.923962 -0.382484 0
    outer loop
      vertex 27.3426 20.4859 1.2
      vertex 27.2916 20.3627 1.2
      vertex 27.3426 20.4859 0.7
    endloop
  endfacet
  facet normal 0.923962 -0.382484 0
    outer loop
      vertex 27.3426 20.4859 0.7
      vertex 27.2916 20.3627 1.2
      vertex 27.2916 20.3627 0.7
    endloop
  endfacet
  facet normal 0.972435 0.233174 0
    outer loop
      vertex 27.2916 19.8373 1.2
      vertex 27.2605 19.967 1.2
      vertex 27.2605 19.967 11.2
    endloop
  endfacet
  facet normal 0.972435 0.233174 -0
    outer loop
      vertex 27.2916 19.8373 1.2
      vertex 27.2605 19.967 11.2
      vertex 27.2916 19.8373 11.2
    endloop
  endfacet
  facet normal 0.972435 0.233174 0
    outer loop
      vertex 27.2605 19.967 1.2
      vertex 27.2916 19.8373 1.2
      vertex 27.2605 19.967 0.7
    endloop
  endfacet
  facet normal 0.972435 0.233174 0
    outer loop
      vertex 27.2605 19.967 0.7
      vertex 27.2916 19.8373 1.2
      vertex 27.2916 19.8373 0.7
    endloop
  endfacet
  facet normal -0.852558 0.522632 0
    outer loop
      vertex 28.7877 19.6004 1.2
      vertex 28.8574 19.7141 1.2
      vertex 28.8574 19.7141 0.7
    endloop
  endfacet
  facet normal -0.852558 0.522632 0
    outer loop
      vertex 28.7877 19.6004 1.2
      vertex 28.8574 19.7141 0.7
      vertex 28.7877 19.6004 0.7
    endloop
  endfacet
  facet normal -0.852558 0.522632 0
    outer loop
      vertex 28.8574 19.7141 1.2
      vertex 28.7877 19.6004 1.2
      vertex 28.8574 19.7141 11.2
    endloop
  endfacet
  facet normal -0.852558 0.522632 0
    outer loop
      vertex 28.8574 19.7141 11.2
      vertex 28.7877 19.6004 1.2
      vertex 28.7877 19.6004 11.2
    endloop
  endfacet
  facet normal 0.382484 0.923962 -0
    outer loop
      vertex 27.8373 19.2916 1.2
      vertex 27.7141 19.3426 11.2
      vertex 27.8373 19.2916 11.2
    endloop
  endfacet
  facet normal 0.382484 0.923962 0
    outer loop
      vertex 27.8373 19.2916 1.2
      vertex 27.7141 19.3426 1.2
      vertex 27.7141 19.3426 11.2
    endloop
  endfacet
  facet normal 0.382484 0.923962 -0
    outer loop
      vertex 27.8373 19.2916 0.7
      vertex 27.7141 19.3426 1.2
      vertex 27.8373 19.2916 1.2
    endloop
  endfacet
  facet normal 0.382484 0.923962 0
    outer loop
      vertex 27.7141 19.3426 1.2
      vertex 27.8373 19.2916 0.7
      vertex 27.7141 19.3426 0.7
    endloop
  endfacet
  facet normal 0.382484 -0.923962 0
    outer loop
      vertex 27.7141 20.8574 1.2
      vertex 27.8373 20.9084 11.2
      vertex 27.7141 20.8574 11.2
    endloop
  endfacet
  facet normal 0.382484 -0.923962 0
    outer loop
      vertex 27.7141 20.8574 1.2
      vertex 27.8373 20.9084 1.2
      vertex 27.8373 20.9084 11.2
    endloop
  endfacet
  facet normal 0.382484 -0.923962 0
    outer loop
      vertex 27.7141 20.8574 0.7
      vertex 27.8373 20.9084 1.2
      vertex 27.7141 20.8574 1.2
    endloop
  endfacet
  facet normal 0.382484 -0.923962 0
    outer loop
      vertex 27.8373 20.9084 1.2
      vertex 27.7141 20.8574 0.7
      vertex 27.8373 20.9084 0.7
    endloop
  endfacet
  facet normal -0.923962 0.382484 0
    outer loop
      vertex 28.8574 19.7141 1.2
      vertex 28.9084 19.8373 1.2
      vertex 28.9084 19.8373 0.7
    endloop
  endfacet
  facet normal -0.923962 0.382484 0
    outer loop
      vertex 28.8574 19.7141 1.2
      vertex 28.9084 19.8373 0.7
      vertex 28.8574 19.7141 0.7
    endloop
  endfacet
  facet normal -0.923962 0.382484 0
    outer loop
      vertex 28.9084 19.8373 1.2
      vertex 28.8574 19.7141 1.2
      vertex 28.9084 19.8373 11.2
    endloop
  endfacet
  facet normal -0.923962 0.382484 0
    outer loop
      vertex 28.9084 19.8373 11.2
      vertex 28.8574 19.7141 1.2
      vertex 28.8574 19.7141 11.2
    endloop
  endfacet
  facet normal -0.382484 -0.923962 0
    outer loop
      vertex 28.3627 20.9084 1.2
      vertex 28.4859 20.8574 11.2
      vertex 28.3627 20.9084 11.2
    endloop
  endfacet
  facet normal -0.382484 -0.923962 0
    outer loop
      vertex 28.3627 20.9084 1.2
      vertex 28.4859 20.8574 1.2
      vertex 28.4859 20.8574 11.2
    endloop
  endfacet
  facet normal -0.382484 -0.923962 0
    outer loop
      vertex 28.3627 20.9084 0.7
      vertex 28.4859 20.8574 1.2
      vertex 28.3627 20.9084 1.2
    endloop
  endfacet
  facet normal -0.382484 -0.923962 -0
    outer loop
      vertex 28.4859 20.8574 1.2
      vertex 28.3627 20.9084 0.7
      vertex 28.4859 20.8574 0.7
    endloop
  endfacet
  facet normal 0.923962 0.382484 0
    outer loop
      vertex 27.3426 19.7141 1.2
      vertex 27.2916 19.8373 1.2
      vertex 27.2916 19.8373 11.2
    endloop
  endfacet
  facet normal 0.923962 0.382484 -0
    outer loop
      vertex 27.3426 19.7141 1.2
      vertex 27.2916 19.8373 11.2
      vertex 27.3426 19.7141 11.2
    endloop
  endfacet
  facet normal 0.923962 0.382484 0
    outer loop
      vertex 27.2916 19.8373 1.2
      vertex 27.3426 19.7141 1.2
      vertex 27.2916 19.8373 0.7
    endloop
  endfacet
  facet normal 0.923962 0.382484 0
    outer loop
      vertex 27.2916 19.8373 0.7
      vertex 27.3426 19.7141 1.2
      vertex 27.3426 19.7141 0.7
    endloop
  endfacet
  facet normal 0 0 1
    outer loop
      vertex 28.9395 20.233 0.7
      vertex 28.9395 19.967 0.7
      vertex 28.95 20.1 0.7
    endloop
  endfacet
  facet normal 0 0 1
    outer loop
      vertex 28.9084 20.3627 0.7
      vertex 28.9395 19.967 0.7
      vertex 28.9395 20.233 0.7
    endloop
  endfacet
  facet normal 0 0 1
    outer loop
      vertex 28.9084 20.3627 0.7
      vertex 28.9084 19.8373 0.7
      vertex 28.9395 19.967 0.7
    endloop
  endfacet
  facet normal 0 0 1
    outer loop
      vertex 28.8574 20.4859 0.7
      vertex 28.9084 19.8373 0.7
      vertex 28.9084 20.3627 0.7
    endloop
  endfacet
  facet normal 0 0 1
    outer loop
      vertex 28.8574 20.4859 0.7
      vertex 28.8574 19.7141 0.7
      vertex 28.9084 19.8373 0.7
    endloop
  endfacet
  facet normal 0 0 1
    outer loop
      vertex 28.7877 20.5996 0.7
      vertex 28.8574 19.7141 0.7
      vertex 28.8574 20.4859 0.7
    endloop
  endfacet
  facet normal 0 0 1
    outer loop
      vertex 28.7877 20.5996 0.7
      vertex 28.7877 19.6004 0.7
      vertex 28.8574 19.7141 0.7
    endloop
  endfacet
  facet normal 0 0 1
    outer loop
      vertex 28.701 20.701 0.7
      vertex 28.7877 19.6004 0.7
      vertex 28.7877 20.5996 0.7
    endloop
  endfacet
  facet normal 0 0 1
    outer loop
      vertex 28.701 20.701 0.7
      vertex 28.701 19.499 0.7
      vertex 28.7877 19.6004 0.7
    endloop
  endfacet
  facet normal 0 0 1
    outer loop
      vertex 28.5996 20.7877 0.7
      vertex 28.701 19.499 0.7
      vertex 28.701 20.701 0.7
    endloop
  endfacet
  facet normal 0 0 1
    outer loop
      vertex 28.5996 20.7877 0.7
      vertex 28.5996 19.4123 0.7
      vertex 28.701 19.499 0.7
    endloop
  endfacet
  facet normal 0 0 1
    outer loop
      vertex 28.4859 20.8574 0.7
      vertex 28.5996 19.4123 0.7
      vertex 28.5996 20.7877 0.7
    endloop
  endfacet
  facet normal 0 0 1
    outer loop
      vertex 28.4859 20.8574 0.7
      vertex 28.4859 19.3426 0.7
      vertex 28.5996 19.4123 0.7
    endloop
  endfacet
  facet normal 0 0 1
    outer loop
      vertex 28.3627 20.9084 0.7
      vertex 28.4859 19.3426 0.7
      vertex 28.4859 20.8574 0.7
    endloop
  endfacet
  facet normal 0 0 1
    outer loop
      vertex 28.3627 20.9084 0.7
      vertex 28.3627 19.2916 0.7
      vertex 28.4859 19.3426 0.7
    endloop
  endfacet
  facet normal 0 0 1
    outer loop
      vertex 28.233 20.9395 0.7
      vertex 28.3627 19.2916 0.7
      vertex 28.3627 20.9084 0.7
    endloop
  endfacet
  facet normal 0 0 1
    outer loop
      vertex 28.233 20.9395 0.7
      vertex 28.233 19.2605 0.7
      vertex 28.3627 19.2916 0.7
    endloop
  endfacet
  facet normal 0 0 1
    outer loop
      vertex 28.1 20.95 0.7
      vertex 28.233 19.2605 0.7
      vertex 28.233 20.9395 0.7
    endloop
  endfacet
  facet normal 0 0 1
    outer loop
      vertex 28.1 20.95 0.7
      vertex 28.1 19.25 0.7
      vertex 28.233 19.2605 0.7
    endloop
  endfacet
  facet normal -0 0 1
    outer loop
      vertex 27.967 20.9395 0.7
      vertex 28.1 19.25 0.7
      vertex 28.1 20.95 0.7
    endloop
  endfacet
  facet normal 0 0 1
    outer loop
      vertex 27.967 20.9395 0.7
      vertex 27.967 19.2605 0.7
      vertex 28.1 19.25 0.7
    endloop
  endfacet
  facet normal -0 0 1
    outer loop
      vertex 27.8373 20.9084 0.7
      vertex 27.967 19.2605 0.7
      vertex 27.967 20.9395 0.7
    endloop
  endfacet
  facet normal 0 0 1
    outer loop
      vertex 27.8373 20.9084 0.7
      vertex 27.8373 19.2916 0.7
      vertex 27.967 19.2605 0.7
    endloop
  endfacet
  facet normal -0 0 1
    outer loop
      vertex 27.7141 20.8574 0.7
      vertex 27.8373 19.2916 0.7
      vertex 27.8373 20.9084 0.7
    endloop
  endfacet
  facet normal 0 0 1
    outer loop
      vertex 27.7141 20.8574 0.7
      vertex 27.7141 19.3426 0.7
      vertex 27.8373 19.2916 0.7
    endloop
  endfacet
  facet normal -0 0 1
    outer loop
      vertex 27.6004 20.7877 0.7
      vertex 27.7141 19.3426 0.7
      vertex 27.7141 20.8574 0.7
    endloop
  endfacet
  facet normal 0 0 1
    outer loop
      vertex 27.6004 20.7877 0.7
      vertex 27.6004 19.4123 0.7
      vertex 27.7141 19.3426 0.7
    endloop
  endfacet
  facet normal -0 0 1
    outer loop
      vertex 27.499 20.701 0.7
      vertex 27.6004 19.4123 0.7
      vertex 27.6004 20.7877 0.7
    endloop
  endfacet
  facet normal 0 0 1
    outer loop
      vertex 27.499 20.701 0.7
      vertex 27.499 19.499 0.7
      vertex 27.6004 19.4123 0.7
    endloop
  endfacet
  facet normal -0 0 1
    outer loop
      vertex 27.4123 20.5996 0.7
      vertex 27.499 19.499 0.7
      vertex 27.499 20.701 0.7
    endloop
  endfacet
  facet normal 0 0 1
    outer loop
      vertex 27.4123 20.5996 0.7
      vertex 27.4123 19.6004 0.7
      vertex 27.499 19.499 0.7
    endloop
  endfacet
  facet normal -0 0 1
    outer loop
      vertex 27.3426 20.4859 0.7
      vertex 27.4123 19.6004 0.7
      vertex 27.4123 20.5996 0.7
    endloop
  endfacet
  facet normal 0 0 1
    outer loop
      vertex 27.3426 20.4859 0.7
      vertex 27.3426 19.7141 0.7
      vertex 27.4123 19.6004 0.7
    endloop
  endfacet
  facet normal -0 0 1
    outer loop
      vertex 27.2916 20.3627 0.7
      vertex 27.3426 19.7141 0.7
      vertex 27.3426 20.4859 0.7
    endloop
  endfacet
  facet normal 0 0 1
    outer loop
      vertex 27.2916 20.3627 0.7
      vertex 27.2916 19.8373 0.7
      vertex 27.3426 19.7141 0.7
    endloop
  endfacet
  facet normal -0 0 1
    outer loop
      vertex 27.2605 20.233 0.7
      vertex 27.2916 19.8373 0.7
      vertex 27.2916 20.3627 0.7
    endloop
  endfacet
  facet normal 0 0 1
    outer loop
      vertex 27.2605 20.233 0.7
      vertex 27.2605 19.967 0.7
      vertex 27.2916 19.8373 0.7
    endloop
  endfacet
  facet normal 0 -0 1
    outer loop
      vertex 27.2605 19.967 0.7
      vertex 27.2605 20.233 0.7
      vertex 27.25 20.1 0.7
    endloop
  endfacet
  facet normal -0.0787025 0.996898 0
    outer loop
      vertex 28.233 19.2605 1.2
      vertex 28.1 19.25 11.2
      vertex 28.233 19.2605 11.2
    endloop
  endfacet
  facet normal -0.0787025 0.996898 0
    outer loop
      vertex 28.233 19.2605 1.2
      vertex 28.1 19.25 1.2
      vertex 28.1 19.25 11.2
    endloop
  endfacet
  facet normal -0.0787025 0.996898 0
    outer loop
      vertex 28.233 19.2605 0.7
      vertex 28.1 19.25 1.2
      vertex 28.233 19.2605 1.2
    endloop
  endfacet
  facet normal -0.0787025 0.996898 0
    outer loop
      vertex 28.1 19.25 1.2
      vertex 28.233 19.2605 0.7
      vertex 28.1 19.25 0.7
    endloop
  endfacet
  facet normal -0.923962 -0.382484 0
    outer loop
      vertex 28.9084 20.3627 1.2
      vertex 28.8574 20.4859 1.2
      vertex 28.8574 20.4859 0.7
    endloop
  endfacet
  facet normal -0.923962 -0.382484 -0
    outer loop
      vertex 28.9084 20.3627 1.2
      vertex 28.8574 20.4859 0.7
      vertex 28.9084 20.3627 0.7
    endloop
  endfacet
  facet normal -0.923962 -0.382484 0
    outer loop
      vertex 28.8574 20.4859 1.2
      vertex 28.9084 20.3627 1.2
      vertex 28.8574 20.4859 11.2
    endloop
  endfacet
  facet normal -0.923962 -0.382484 0
    outer loop
      vertex 28.8574 20.4859 11.2
      vertex 28.9084 20.3627 1.2
      vertex 28.9084 20.3627 11.2
    endloop
  endfacet
  facet normal -0.522632 0.852558 0
    outer loop
      vertex 28.5996 19.4123 1.2
      vertex 28.4859 19.3426 11.2
      vertex 28.5996 19.4123 11.2
    endloop
  endfacet
  facet normal -0.522632 0.852558 0
    outer loop
      vertex 28.5996 19.4123 1.2
      vertex 28.4859 19.3426 1.2
      vertex 28.4859 19.3426 11.2
    endloop
  endfacet
  facet normal -0.522632 0.852558 0
    outer loop
      vertex 28.5996 19.4123 0.7
      vertex 28.4859 19.3426 1.2
      vertex 28.5996 19.4123 1.2
    endloop
  endfacet
  facet normal -0.522632 0.852558 0
    outer loop
      vertex 28.4859 19.3426 1.2
      vertex 28.5996 19.4123 0.7
      vertex 28.4859 19.3426 0.7
    endloop
  endfacet
  facet normal 0.76005 -0.649865 0
    outer loop
      vertex 27.4123 20.5996 1.2
      vertex 27.499 20.701 1.2
      vertex 27.499 20.701 11.2
    endloop
  endfacet
  facet normal 0.76005 -0.649865 0
    outer loop
      vertex 27.4123 20.5996 1.2
      vertex 27.499 20.701 11.2
      vertex 27.4123 20.5996 11.2
    endloop
  endfacet
  facet normal 0.76005 -0.649865 0
    outer loop
      vertex 27.499 20.701 1.2
      vertex 27.4123 20.5996 1.2
      vertex 27.499 20.701 0.7
    endloop
  endfacet
  facet normal 0.76005 -0.649865 0
    outer loop
      vertex 27.499 20.701 0.7
      vertex 27.4123 20.5996 1.2
      vertex 27.4123 20.5996 0.7
    endloop
  endfacet
  facet normal 0.522632 -0.852558 0
    outer loop
      vertex 27.6004 20.7877 1.2
      vertex 27.7141 20.8574 11.2
      vertex 27.6004 20.7877 11.2
    endloop
  endfacet
  facet normal 0.522632 -0.852558 0
    outer loop
      vertex 27.6004 20.7877 1.2
      vertex 27.7141 20.8574 1.2
      vertex 27.7141 20.8574 11.2
    endloop
  endfacet
  facet normal 0.522632 -0.852558 0
    outer loop
      vertex 27.6004 20.7877 0.7
      vertex 27.7141 20.8574 1.2
      vertex 27.6004 20.7877 1.2
    endloop
  endfacet
  facet normal 0.522632 -0.852558 0
    outer loop
      vertex 27.7141 20.8574 1.2
      vertex 27.6004 20.7877 0.7
      vertex 27.7141 20.8574 0.7
    endloop
  endfacet
  facet normal 0.996898 0.0787025 0
    outer loop
      vertex 27.2605 19.967 1.2
      vertex 27.25 20.1 1.2
      vertex 27.25 20.1 11.2
    endloop
  endfacet
  facet normal 0.996898 0.0787025 -0
    outer loop
      vertex 27.2605 19.967 1.2
      vertex 27.25 20.1 11.2
      vertex 27.2605 19.967 11.2
    endloop
  endfacet
  facet normal 0.996898 0.0787025 0
    outer loop
      vertex 27.25 20.1 1.2
      vertex 27.2605 19.967 1.2
      vertex 27.25 20.1 0.7
    endloop
  endfacet
  facet normal 0.996898 0.0787025 0
    outer loop
      vertex 27.25 20.1 0.7
      vertex 27.2605 19.967 1.2
      vertex 27.2605 19.967 0.7
    endloop
  endfacet
  facet normal -0.233174 -0.972435 0
    outer loop
      vertex 28.233 20.9395 1.2
      vertex 28.3627 20.9084 11.2
      vertex 28.233 20.9395 11.2
    endloop
  endfacet
  facet normal -0.233174 -0.972435 0
    outer loop
      vertex 28.233 20.9395 1.2
      vertex 28.3627 20.9084 1.2
      vertex 28.3627 20.9084 11.2
    endloop
  endfacet
  facet normal -0.233174 -0.972435 0
    outer loop
      vertex 28.233 20.9395 0.7
      vertex 28.3627 20.9084 1.2
      vertex 28.233 20.9395 1.2
    endloop
  endfacet
  facet normal -0.233174 -0.972435 -0
    outer loop
      vertex 28.3627 20.9084 1.2
      vertex 28.233 20.9395 0.7
      vertex 28.3627 20.9084 0.7
    endloop
  endfacet
  facet normal -0.522632 -0.852558 0
    outer loop
      vertex 28.4859 20.8574 1.2
      vertex 28.5996 20.7877 11.2
      vertex 28.4859 20.8574 11.2
    endloop
  endfacet
  facet normal -0.522632 -0.852558 0
    outer loop
      vertex 28.4859 20.8574 1.2
      vertex 28.5996 20.7877 1.2
      vertex 28.5996 20.7877 11.2
    endloop
  endfacet
  facet normal -0.522632 -0.852558 0
    outer loop
      vertex 28.4859 20.8574 0.7
      vertex 28.5996 20.7877 1.2
      vertex 28.4859 20.8574 1.2
    endloop
  endfacet
  facet normal -0.522632 -0.852558 -0
    outer loop
      vertex 28.5996 20.7877 1.2
      vertex 28.4859 20.8574 0.7
      vertex 28.5996 20.7877 0.7
    endloop
  endfacet
  facet normal -0.649865 0.76005 0
    outer loop
      vertex 28.701 19.499 1.2
      vertex 28.5996 19.4123 11.2
      vertex 28.701 19.499 11.2
    endloop
  endfacet
  facet normal -0.649865 0.76005 0
    outer loop
      vertex 28.701 19.499 1.2
      vertex 28.5996 19.4123 1.2
      vertex 28.5996 19.4123 11.2
    endloop
  endfacet
  facet normal -0.649865 0.76005 0
    outer loop
      vertex 28.701 19.499 0.7
      vertex 28.5996 19.4123 1.2
      vertex 28.701 19.499 1.2
    endloop
  endfacet
  facet normal -0.649865 0.76005 0
    outer loop
      vertex 28.5996 19.4123 1.2
      vertex 28.701 19.499 0.7
      vertex 28.5996 19.4123 0.7
    endloop
  endfacet
  facet normal 0.233174 -0.972435 0
    outer loop
      vertex 27.8373 20.9084 1.2
      vertex 27.967 20.9395 11.2
      vertex 27.8373 20.9084 11.2
    endloop
  endfacet
  facet normal 0.233174 -0.972435 0
    outer loop
      vertex 27.8373 20.9084 1.2
      vertex 27.967 20.9395 1.2
      vertex 27.967 20.9395 11.2
    endloop
  endfacet
  facet normal 0.233174 -0.972435 0
    outer loop
      vertex 27.8373 20.9084 0.7
      vertex 27.967 20.9395 1.2
      vertex 27.8373 20.9084 1.2
    endloop
  endfacet
  facet normal 0.233174 -0.972435 0
    outer loop
      vertex 27.967 20.9395 1.2
      vertex 27.8373 20.9084 0.7
      vertex 27.967 20.9395 0.7
    endloop
  endfacet
  facet normal -0.852558 -0.522632 0
    outer loop
      vertex 28.8574 20.4859 1.2
      vertex 28.7877 20.5996 1.2
      vertex 28.7877 20.5996 0.7
    endloop
  endfacet
  facet normal -0.852558 -0.522632 -0
    outer loop
      vertex 28.8574 20.4859 1.2
      vertex 28.7877 20.5996 0.7
      vertex 28.8574 20.4859 0.7
    endloop
  endfacet
  facet normal -0.852558 -0.522632 0
    outer loop
      vertex 28.7877 20.5996 1.2
      vertex 28.8574 20.4859 1.2
      vertex 28.7877 20.5996 11.2
    endloop
  endfacet
  facet normal -0.852558 -0.522632 0
    outer loop
      vertex 28.7877 20.5996 11.2
      vertex 28.8574 20.4859 1.2
      vertex 28.8574 20.4859 11.2
    endloop
  endfacet
  facet normal 0.852558 -0.522632 0
    outer loop
      vertex 27.3426 20.4859 1.2
      vertex 27.4123 20.5996 1.2
      vertex 27.4123 20.5996 11.2
    endloop
  endfacet
  facet normal 0.852558 -0.522632 0
    outer loop
      vertex 27.3426 20.4859 1.2
      vertex 27.4123 20.5996 11.2
      vertex 27.3426 20.4859 11.2
    endloop
  endfacet
  facet normal 0.852558 -0.522632 0
    outer loop
      vertex 27.4123 20.5996 1.2
      vertex 27.3426 20.4859 1.2
      vertex 27.4123 20.5996 0.7
    endloop
  endfacet
  facet normal 0.852558 -0.522632 0
    outer loop
      vertex 27.4123 20.5996 0.7
      vertex 27.3426 20.4859 1.2
      vertex 27.3426 20.4859 0.7
    endloop
  endfacet
  facet normal -0.996898 0.0787025 0
    outer loop
      vertex 28.9395 19.967 1.2
      vertex 28.95 20.1 1.2
      vertex 28.95 20.1 0.7
    endloop
  endfacet
  facet normal -0.996898 0.0787025 0
    outer loop
      vertex 28.9395 19.967 1.2
      vertex 28.95 20.1 0.7
      vertex 28.9395 19.967 0.7
    endloop
  endfacet
  facet normal -0.996898 0.0787025 0
    outer loop
      vertex 28.95 20.1 1.2
      vertex 28.9395 19.967 1.2
      vertex 28.95 20.1 11.2
    endloop
  endfacet
  facet normal -0.996898 0.0787025 0
    outer loop
      vertex 28.95 20.1 11.2
      vertex 28.9395 19.967 1.2
      vertex 28.9395 19.967 11.2
    endloop
  endfacet
  facet normal 0.972435 -0.233174 0
    outer loop
      vertex 27.2605 20.233 1.2
      vertex 27.2916 20.3627 1.2
      vertex 27.2916 20.3627 11.2
    endloop
  endfacet
  facet normal 0.972435 -0.233174 0
    outer loop
      vertex 27.2605 20.233 1.2
      vertex 27.2916 20.3627 11.2
      vertex 27.2605 20.233 11.2
    endloop
  endfacet
  facet normal 0.972435 -0.233174 0
    outer loop
      vertex 27.2916 20.3627 1.2
      vertex 27.2605 20.233 1.2
      vertex 27.2916 20.3627 0.7
    endloop
  endfacet
  facet normal 0.972435 -0.233174 0
    outer loop
      vertex 27.2916 20.3627 0.7
      vertex 27.2605 20.233 1.2
      vertex 27.2605 20.233 0.7
    endloop
  endfacet
  facet normal 0.649865 0.76005 -0
    outer loop
      vertex 27.6004 19.4123 1.2
      vertex 27.499 19.499 11.2
      vertex 27.6004 19.4123 11.2
    endloop
  endfacet
  facet normal 0.649865 0.76005 0
    outer loop
      vertex 27.6004 19.4123 1.2
      vertex 27.499 19.499 1.2
      vertex 27.499 19.499 11.2
    endloop
  endfacet
  facet normal 0.649865 0.76005 -0
    outer loop
      vertex 27.6004 19.4123 0.7
      vertex 27.499 19.499 1.2
      vertex 27.6004 19.4123 1.2
    endloop
  endfacet
  facet normal 0.649865 0.76005 0
    outer loop
      vertex 27.499 19.499 1.2
      vertex 27.6004 19.4123 0.7
      vertex 27.499 19.499 0.7
    endloop
  endfacet
  facet normal 0.0787025 0.996898 -0
    outer loop
      vertex 28.1 19.25 1.2
      vertex 27.967 19.2605 11.2
      vertex 28.1 19.25 11.2
    endloop
  endfacet
  facet normal 0.0787025 0.996898 0
    outer loop
      vertex 28.1 19.25 1.2
      vertex 27.967 19.2605 1.2
      vertex 27.967 19.2605 11.2
    endloop
  endfacet
  facet normal 0.0787025 0.996898 -0
    outer loop
      vertex 28.1 19.25 0.7
      vertex 27.967 19.2605 1.2
      vertex 28.1 19.25 1.2
    endloop
  endfacet
  facet normal 0.0787025 0.996898 0
    outer loop
      vertex 27.967 19.2605 1.2
      vertex 28.1 19.25 0.7
      vertex 27.967 19.2605 0.7
    endloop
  endfacet
  facet normal -0.0787025 -0.996898 0
    outer loop
      vertex 28.1 20.95 1.2
      vertex 28.233 20.9395 11.2
      vertex 28.1 20.95 11.2
    endloop
  endfacet
  facet normal -0.0787025 -0.996898 0
    outer loop
      vertex 28.1 20.95 1.2
      vertex 28.233 20.9395 1.2
      vertex 28.233 20.9395 11.2
    endloop
  endfacet
  facet normal -0.0787025 -0.996898 0
    outer loop
      vertex 28.1 20.95 0.7
      vertex 28.233 20.9395 1.2
      vertex 28.1 20.95 1.2
    endloop
  endfacet
  facet normal -0.0787025 -0.996898 -0
    outer loop
      vertex 28.233 20.9395 1.2
      vertex 28.1 20.95 0.7
      vertex 28.233 20.9395 0.7
    endloop
  endfacet
  facet normal 0.0787025 -0.996898 0
    outer loop
      vertex 27.967 20.9395 1.2
      vertex 28.1 20.95 11.2
      vertex 27.967 20.9395 11.2
    endloop
  endfacet
  facet normal 0.0787025 -0.996898 0
    outer loop
      vertex 27.967 20.9395 1.2
      vertex 28.1 20.95 1.2
      vertex 28.1 20.95 11.2
    endloop
  endfacet
  facet normal 0.0787025 -0.996898 0
    outer loop
      vertex 27.967 20.9395 0.7
      vertex 28.1 20.95 1.2
      vertex 27.967 20.9395 1.2
    endloop
  endfacet
  facet normal 0.0787025 -0.996898 0
    outer loop
      vertex 28.1 20.95 1.2
      vertex 27.967 20.9395 0.7
      vertex 28.1 20.95 0.7
    endloop
  endfacet
  facet normal 0.996898 -0.0787025 0
    outer loop
      vertex 27.25 20.1 1.2
      vertex 27.2605 20.233 1.2
      vertex 27.2605 20.233 11.2
    endloop
  endfacet
  facet normal 0.996898 -0.0787025 0
    outer loop
      vertex 27.25 20.1 1.2
      vertex 27.2605 20.233 11.2
      vertex 27.25 20.1 11.2
    endloop
  endfacet
  facet normal 0.996898 -0.0787025 0
    outer loop
      vertex 27.2605 20.233 1.2
      vertex 27.25 20.1 1.2
      vertex 27.2605 20.233 0.7
    endloop
  endfacet
  facet normal 0.996898 -0.0787025 0
    outer loop
      vertex 27.2605 20.233 0.7
      vertex 27.25 20.1 1.2
      vertex 27.25 20.1 0.7
    endloop
  endfacet
  facet normal -1 0 0
    outer loop
      vertex 31.6 23.6 1.2
      vertex 31.6 14.35 6.2
      vertex 31.6 23.6 11.2
    endloop
  endfacet
  facet normal -1 0 0
    outer loop
      vertex 31.6 23.6 1.2
      vertex 31.6 14.3285 5.92624
      vertex 31.6 14.35 6.2
    endloop
  endfacet
  facet normal -1 0 0
    outer loop
      vertex 31.6 23.6 1.2
      vertex 31.6 14.2643 5.65922
      vertex 31.6 14.3285 5.92624
    endloop
  endfacet
  facet normal -1 0 0
    outer loop
      vertex 31.6 23.6 1.2
      vertex 31.6 14.1593 5.40552
      vertex 31.6 14.2643 5.65922
    endloop
  endfacet
  facet normal -1 0 0
    outer loop
      vertex 31.6 23.6 1.2
      vertex 31.6 14.0158 5.17138
      vertex 31.6 14.1593 5.40552
    endloop
  endfacet
  facet normal -1 0 0
    outer loop
      vertex 31.6 23.6 1.2
      vertex 31.6 13.8374 4.96256
      vertex 31.6 14.0158 5.17138
    endloop
  endfacet
  facet normal -1 0 0
    outer loop
      vertex 31.6 23.6 1.2
      vertex 31.6 13.6286 4.78422
      vertex 31.6 13.8374 4.96256
    endloop
  endfacet
  facet normal -1 0 0
    outer loop
      vertex 31.6 23.6 1.2
      vertex 31.6 13.3945 4.64074
      vertex 31.6 13.6286 4.78422
    endloop
  endfacet
  facet normal -1 0 0
    outer loop
      vertex 31.6 23.6 1.2
      vertex 31.6 13.1408 4.53565
      vertex 31.6 13.3945 4.64074
    endloop
  endfacet
  facet normal -1 0 0
    outer loop
      vertex 31.6 23.6 1.2
      vertex 31.6 12.8738 4.47155
      vertex 31.6 13.1408 4.53565
    endloop
  endfacet
  facet normal -1 0 0
    outer loop
      vertex 31.6 23.6 1.2
      vertex 31.6 12.6 4.45
      vertex 31.6 12.8738 4.47155
    endloop
  endfacet
  facet normal -1 0 0
    outer loop
      vertex 31.6 1.6 1.2
      vertex 31.6 12.6 4.45
      vertex 31.6 23.6 1.2
    endloop
  endfacet
  facet normal -1 -0 0
    outer loop
      vertex 31.6 12.6 4.45
      vertex 31.6 1.6 1.2
      vertex 31.6 12.3262 4.47155
    endloop
  endfacet
  facet normal -1 -0 0
    outer loop
      vertex 31.6 10.8715 5.92624
      vertex 31.6 1.6 1.2
      vertex 31.6 10.85 6.2
    endloop
  endfacet
  facet normal -1 -0 0
    outer loop
      vertex 31.6 10.9357 5.65922
      vertex 31.6 1.6 1.2
      vertex 31.6 10.8715 5.92624
    endloop
  endfacet
  facet normal -1 -0 0
    outer loop
      vertex 31.6 11.0407 5.40552
      vertex 31.6 1.6 1.2
      vertex 31.6 10.9357 5.65922
    endloop
  endfacet
  facet normal -1 -0 0
    outer loop
      vertex 31.6 11.1842 5.17138
      vertex 31.6 1.6 1.2
      vertex 31.6 11.0407 5.40552
    endloop
  endfacet
  facet normal -1 -0 0
    outer loop
      vertex 31.6 11.3626 4.96256
      vertex 31.6 1.6 1.2
      vertex 31.6 11.1842 5.17138
    endloop
  endfacet
  facet normal -1 -0 0
    outer loop
      vertex 31.6 11.5714 4.78422
      vertex 31.6 1.6 1.2
      vertex 31.6 11.3626 4.96256
    endloop
  endfacet
  facet normal -1 -0 0
    outer loop
      vertex 31.6 11.8055 4.64074
      vertex 31.6 1.6 1.2
      vertex 31.6 11.5714 4.78422
    endloop
  endfacet
  facet normal -1 -0 0
    outer loop
      vertex 31.6 12.0592 4.53565
      vertex 31.6 1.6 1.2
      vertex 31.6 11.8055 4.64074
    endloop
  endfacet
  facet normal -1 -0 0
    outer loop
      vertex 31.6 12.3262 4.47155
      vertex 31.6 1.6 1.2
      vertex 31.6 12.0592 4.53565
    endloop
  endfacet
  facet normal -1 0 0
    outer loop
      vertex 31.6 14.3285 6.47376
      vertex 31.6 23.6 11.2
      vertex 31.6 14.35 6.2
    endloop
  endfacet
  facet normal -1 0 0
    outer loop
      vertex 31.6 14.2643 6.74078
      vertex 31.6 23.6 11.2
      vertex 31.6 14.3285 6.47376
    endloop
  endfacet
  facet normal -1 0 0
    outer loop
      vertex 31.6 14.1593 6.99448
      vertex 31.6 23.6 11.2
      vertex 31.6 14.2643 6.74078
    endloop
  endfacet
  facet normal -1 0 0
    outer loop
      vertex 31.6 14.0158 7.22862
      vertex 31.6 23.6 11.2
      vertex 31.6 14.1593 6.99448
    endloop
  endfacet
  facet normal -1 0 0
    outer loop
      vertex 31.6 13.8374 7.43744
      vertex 31.6 23.6 11.2
      vertex 31.6 14.0158 7.22862
    endloop
  endfacet
  facet normal -1 0 0
    outer loop
      vertex 31.6 13.6286 7.61578
      vertex 31.6 23.6 11.2
      vertex 31.6 13.8374 7.43744
    endloop
  endfacet
  facet normal -1 0 0
    outer loop
      vertex 31.6 13.3945 7.75926
      vertex 31.6 23.6 11.2
      vertex 31.6 13.6286 7.61578
    endloop
  endfacet
  facet normal -1 0 0
    outer loop
      vertex 31.6 13.1408 7.86435
      vertex 31.6 23.6 11.2
      vertex 31.6 13.3945 7.75926
    endloop
  endfacet
  facet normal -1 0 0
    outer loop
      vertex 31.6 12.8738 7.92845
      vertex 31.6 23.6 11.2
      vertex 31.6 13.1408 7.86435
    endloop
  endfacet
  facet normal -1 0 0
    outer loop
      vertex 31.6 12.6 7.95
      vertex 31.6 23.6 11.2
      vertex 31.6 12.8738 7.92845
    endloop
  endfacet
  facet normal -1 0 0
    outer loop
      vertex 31.6 1.6 11.2
      vertex 31.6 12.6 7.95
      vertex 31.6 12.3262 7.92845
    endloop
  endfacet
  facet normal -1 0 0
    outer loop
      vertex 31.6 1.6 11.2
      vertex 31.6 12.3262 7.92845
      vertex 31.6 12.0592 7.86435
    endloop
  endfacet
  facet normal -1 0 0
    outer loop
      vertex 31.6 1.6 11.2
      vertex 31.6 10.85 6.2
      vertex 31.6 1.6 1.2
    endloop
  endfacet
  facet normal -1 0 0
    outer loop
      vertex 31.6 10.85 6.2
      vertex 31.6 1.6 11.2
      vertex 31.6 10.8715 6.47376
    endloop
  endfacet
  facet normal -1 0 0
    outer loop
      vertex 31.6 10.8715 6.47376
      vertex 31.6 1.6 11.2
      vertex 31.6 10.9357 6.74078
    endloop
  endfacet
  facet normal -1 0 0
    outer loop
      vertex 31.6 10.9357 6.74078
      vertex 31.6 1.6 11.2
      vertex 31.6 11.0407 6.99448
    endloop
  endfacet
  facet normal -1 0 0
    outer loop
      vertex 31.6 11.0407 6.99448
      vertex 31.6 1.6 11.2
      vertex 31.6 11.1842 7.22862
    endloop
  endfacet
  facet normal -1 0 0
    outer loop
      vertex 31.6 11.1842 7.22862
      vertex 31.6 1.6 11.2
      vertex 31.6 11.3626 7.43744
    endloop
  endfacet
  facet normal -1 0 0
    outer loop
      vertex 31.6 12.6 7.95
      vertex 31.6 1.6 11.2
      vertex 31.6 23.6 11.2
    endloop
  endfacet
  facet normal -1 0 0
    outer loop
      vertex 31.6 11.8055 7.75926
      vertex 31.6 1.6 11.2
      vertex 31.6 12.0592 7.86435
    endloop
  endfacet
  facet normal -1 0 0
    outer loop
      vertex 31.6 11.5714 7.61578
      vertex 31.6 1.6 11.2
      vertex 31.6 11.8055 7.75926
    endloop
  endfacet
  facet normal -1 0 0
    outer loop
      vertex 31.6 11.3626 7.43744
      vertex 31.6 1.6 11.2
      vertex 31.6 11.5714 7.61578
    endloop
  endfacet
  facet normal 0 0 1
    outer loop
      vertex 30.3223 19.748 1.2
      vertex 31.6 23.6 1.2
      vertex 30.35 20.1 1.2
    endloop
  endfacet
  facet normal 0 0 1
    outer loop
      vertex 31.6 23.6 1.2
      vertex 30.3223 20.452 1.2
      vertex 30.35 20.1 1.2
    endloop
  endfacet
  facet normal 0 0 1
    outer loop
      vertex 31.6 23.6 1.2
      vertex 30.2399 20.7953 1.2
      vertex 30.3223 20.452 1.2
    endloop
  endfacet
  facet normal 0 0 1
    outer loop
      vertex 31.6 23.6 1.2
      vertex 30.1048 21.1215 1.2
      vertex 30.2399 20.7953 1.2
    endloop
  endfacet
  facet normal 0 0 1
    outer loop
      vertex 31.6 23.6 1.2
      vertex 29.9203 21.4225 1.2
      vertex 30.1048 21.1215 1.2
    endloop
  endfacet
  facet normal 0 0 1
    outer loop
      vertex 31.6 23.6 1.2
      vertex 29.691 21.691 1.2
      vertex 29.9203 21.4225 1.2
    endloop
  endfacet
  facet normal 0 0 1
    outer loop
      vertex 31.6 23.6 1.2
      vertex 29.4225 21.9203 1.2
      vertex 29.691 21.691 1.2
    endloop
  endfacet
  facet normal 0 0 1
    outer loop
      vertex 31.6 23.6 1.2
      vertex 29.1215 22.1048 1.2
      vertex 29.4225 21.9203 1.2
    endloop
  endfacet
  facet normal 0 0 1
    outer loop
      vertex 31.6 23.6 1.2
      vertex 28.7953 22.2399 1.2
      vertex 29.1215 22.1048 1.2
    endloop
  endfacet
  facet normal 0 0 1
    outer loop
      vertex 31.6 23.6 1.2
      vertex 28.452 22.3223 1.2
      vertex 28.7953 22.2399 1.2
    endloop
  endfacet
  facet normal 0 0 1
    outer loop
      vertex 31.6 23.6 1.2
      vertex 28.1 22.35 1.2
      vertex 28.452 22.3223 1.2
    endloop
  endfacet
  facet normal 0 0 1
    outer loop
      vertex 31.6 23.6 1.2
      vertex 27.748 22.3223 1.2
      vertex 28.1 22.35 1.2
    endloop
  endfacet
  facet normal 0 0 1
    outer loop
      vertex 31.6 23.6 1.2
      vertex 27.4047 22.2399 1.2
      vertex 27.748 22.3223 1.2
    endloop
  endfacet
  facet normal 0 0 1
    outer loop
      vertex 1.6 23.6 1.2
      vertex 25.85 20.1 1.2
      vertex 25.8777 20.452 1.2
    endloop
  endfacet
  facet normal 0 0 1
    outer loop
      vertex 1.6 23.6 1.2
      vertex 25.8777 20.452 1.2
      vertex 25.9601 20.7953 1.2
    endloop
  endfacet
  facet normal 0 0 1
    outer loop
      vertex 1.6 23.6 1.2
      vertex 25.9601 20.7953 1.2
      vertex 26.0952 21.1215 1.2
    endloop
  endfacet
  facet normal 0 0 1
    outer loop
      vertex 1.6 23.6 1.2
      vertex 26.0952 21.1215 1.2
      vertex 26.2797 21.4225 1.2
    endloop
  endfacet
  facet normal 0 0 1
    outer loop
      vertex 1.6 23.6 1.2
      vertex 26.2797 21.4225 1.2
      vertex 26.509 21.691 1.2
    endloop
  endfacet
  facet normal 0 0 1
    outer loop
      vertex 25.85 20.1 1.2
      vertex 7.3223 5.45198 1.2
      vertex 7.35 5.1 1.2
    endloop
  endfacet
  facet normal 0 0 1
    outer loop
      vertex 1.6 23.6 1.2
      vertex 26.509 21.691 1.2
      vertex 26.7775 21.9203 1.2
    endloop
  endfacet
  facet normal 0 0 1
    outer loop
      vertex 25.85 20.1 1.2
      vertex 7.23988 5.79529 1.2
      vertex 7.3223 5.45198 1.2
    endloop
  endfacet
  facet normal 0 0 1
    outer loop
      vertex 25.85 20.1 1.2
      vertex 7.10476 6.12148 1.2
      vertex 7.23988 5.79529 1.2
    endloop
  endfacet
  facet normal 0 0 1
    outer loop
      vertex 25.85 20.1 1.2
      vertex 6.92029 6.42252 1.2
      vertex 7.10476 6.12148 1.2
    endloop
  endfacet
  facet normal 0 0 1
    outer loop
      vertex 25.85 20.1 1.2
      vertex 6.69099 6.69099 1.2
      vertex 6.92029 6.42252 1.2
    endloop
  endfacet
  facet normal 0 0 1
    outer loop
      vertex 25.85 20.1 1.2
      vertex 6.42252 6.92029 1.2
      vertex 6.69099 6.69099 1.2
    endloop
  endfacet
  facet normal 0 0 1
    outer loop
      vertex 25.85 20.1 1.2
      vertex 1.6 23.6 1.2
      vertex 6.42252 6.92029 1.2
    endloop
  endfacet
  facet normal 0 0 1
    outer loop
      vertex 6.42252 6.92029 1.2
      vertex 1.6 23.6 1.2
      vertex 6.12148 7.10476 1.2
    endloop
  endfacet
  facet normal 0 0 1
    outer loop
      vertex 6.12148 7.10476 1.2
      vertex 1.6 23.6 1.2
      vertex 5.79529 7.23988 1.2
    endloop
  endfacet
  facet normal 0 0 1
    outer loop
      vertex 5.79529 7.23988 1.2
      vertex 1.6 23.6 1.2
      vertex 5.45198 7.3223 1.2
    endloop
  endfacet
  facet normal 0 0 1
    outer loop
      vertex 5.45198 7.3223 1.2
      vertex 1.6 23.6 1.2
      vertex 5.1 7.35 1.2
    endloop
  endfacet
  facet normal 0 0 1
    outer loop
      vertex 5.1 7.35 1.2
      vertex 1.6 23.6 1.2
      vertex 4.74802 7.3223 1.2
    endloop
  endfacet
  facet normal 0 0 1
    outer loop
      vertex 4.74802 7.3223 1.2
      vertex 1.6 23.6 1.2
      vertex 4.40471 7.23988 1.2
    endloop
  endfacet
  facet normal 0 0 1
    outer loop
      vertex 4.40471 7.23988 1.2
      vertex 1.6 23.6 1.2
      vertex 4.07852 7.10476 1.2
    endloop
  endfacet
  facet normal 0 0 1
    outer loop
      vertex 1.6 1.6 1.2
      vertex 2.8777 5.45198 1.2
      vertex 1.6 23.6 1.2
    endloop
  endfacet
  facet normal 0 0 1
    outer loop
      vertex 2.96012 5.79529 1.2
      vertex 1.6 23.6 1.2
      vertex 2.8777 5.45198 1.2
    endloop
  endfacet
  facet normal 0 0 1
    outer loop
      vertex 3.09523 6.12148 1.2
      vertex 1.6 23.6 1.2
      vertex 2.96012 5.79529 1.2
    endloop
  endfacet
  facet normal 0 0 1
    outer loop
      vertex 3.27971 6.42252 1.2
      vertex 1.6 23.6 1.2
      vertex 3.09523 6.12148 1.2
    endloop
  endfacet
  facet normal 0 0 1
    outer loop
      vertex 3.50901 6.69099 1.2
      vertex 1.6 23.6 1.2
      vertex 3.27971 6.42252 1.2
    endloop
  endfacet
  facet normal 0 0 1
    outer loop
      vertex 3.77748 6.92029 1.2
      vertex 1.6 23.6 1.2
      vertex 3.50901 6.69099 1.2
    endloop
  endfacet
  facet normal 0 0 1
    outer loop
      vertex 4.07852 7.10476 1.2
      vertex 1.6 23.6 1.2
      vertex 3.77748 6.92029 1.2
    endloop
  endfacet
  facet normal 0 0 1
    outer loop
      vertex 27.0785 22.1048 1.2
      vertex 1.6 23.6 1.2
      vertex 26.7775 21.9203 1.2
    endloop
  endfacet
  facet normal 0 0 1
    outer loop
      vertex 27.4047 22.2399 1.2
      vertex 1.6 23.6 1.2
      vertex 27.0785 22.1048 1.2
    endloop
  endfacet
  facet normal -0 0 1
    outer loop
      vertex 1.6 23.6 1.2
      vertex 27.4047 22.2399 1.2
      vertex 31.6 23.6 1.2
    endloop
  endfacet
  facet normal 0 0 1
    outer loop
      vertex 31.6 23.6 1.2
      vertex 30.3223 19.748 1.2
      vertex 31.6 1.6 1.2
    endloop
  endfacet
  facet normal -0 0 1
    outer loop
      vertex 30.2399 19.4047 1.2
      vertex 31.6 1.6 1.2
      vertex 30.3223 19.748 1.2
    endloop
  endfacet
  facet normal -0 0 1
    outer loop
      vertex 30.1048 19.0785 1.2
      vertex 31.6 1.6 1.2
      vertex 30.2399 19.4047 1.2
    endloop
  endfacet
  facet normal -0 0 1
    outer loop
      vertex 29.9203 18.7775 1.2
      vertex 31.6 1.6 1.2
      vertex 30.1048 19.0785 1.2
    endloop
  endfacet
  facet normal -0 0 1
    outer loop
      vertex 29.691 18.509 1.2
      vertex 31.6 1.6 1.2
      vertex 29.9203 18.7775 1.2
    endloop
  endfacet
  facet normal -0 0 1
    outer loop
      vertex 29.4225 18.2797 1.2
      vertex 31.6 1.6 1.2
      vertex 29.691 18.509 1.2
    endloop
  endfacet
  facet normal -0 0 1
    outer loop
      vertex 29.1215 18.0952 1.2
      vertex 31.6 1.6 1.2
      vertex 29.4225 18.2797 1.2
    endloop
  endfacet
  facet normal -0 0 1
    outer loop
      vertex 28.7953 17.9601 1.2
      vertex 31.6 1.6 1.2
      vertex 29.1215 18.0952 1.2
    endloop
  endfacet
  facet normal -0 0 1
    outer loop
      vertex 28.452 17.8777 1.2
      vertex 31.6 1.6 1.2
      vertex 28.7953 17.9601 1.2
    endloop
  endfacet
  facet normal -0 0 1
    outer loop
      vertex 28.1 17.85 1.2
      vertex 31.6 1.6 1.2
      vertex 28.452 17.8777 1.2
    endloop
  endfacet
  facet normal 0 0 1
    outer loop
      vertex 27.748 17.8777 1.2
      vertex 31.6 1.6 1.2
      vertex 28.1 17.85 1.2
    endloop
  endfacet
  facet normal 0 0 1
    outer loop
      vertex 27.4047 17.9601 1.2
      vertex 31.6 1.6 1.2
      vertex 27.748 17.8777 1.2
    endloop
  endfacet
  facet normal 0 0 1
    outer loop
      vertex 27.0785 18.0952 1.2
      vertex 31.6 1.6 1.2
      vertex 27.4047 17.9601 1.2
    endloop
  endfacet
  facet normal 0 0 1
    outer loop
      vertex 26.7775 18.2797 1.2
      vertex 31.6 1.6 1.2
      vertex 27.0785 18.0952 1.2
    endloop
  endfacet
  facet normal 0 0 1
    outer loop
      vertex 7.35 5.1 1.2
      vertex 26.7775 18.2797 1.2
      vertex 26.509 18.509 1.2
    endloop
  endfacet
  facet normal 0 0 1
    outer loop
      vertex 7.35 5.1 1.2
      vertex 26.509 18.509 1.2
      vertex 26.2797 18.7775 1.2
    endloop
  endfacet
  facet normal 0 0 1
    outer loop
      vertex 7.35 5.1 1.2
      vertex 26.2797 18.7775 1.2
      vertex 26.0952 19.0785 1.2
    endloop
  endfacet
  facet normal 0 0 1
    outer loop
      vertex 7.35 5.1 1.2
      vertex 26.0952 19.0785 1.2
      vertex 25.9601 19.4047 1.2
    endloop
  endfacet
  facet normal 0 0 1
    outer loop
      vertex 7.35 5.1 1.2
      vertex 25.8777 19.748 1.2
      vertex 25.85 20.1 1.2
    endloop
  endfacet
  facet normal 0 0 1
    outer loop
      vertex 7.35 5.1 1.2
      vertex 25.9601 19.4047 1.2
      vertex 25.8777 19.748 1.2
    endloop
  endfacet
  facet normal 0 0 1
    outer loop
      vertex 26.7775 18.2797 1.2
      vertex 7.35 5.1 1.2
      vertex 31.6 1.6 1.2
    endloop
  endfacet
  facet normal -0 0 1
    outer loop
      vertex 7.3223 4.74802 1.2
      vertex 31.6 1.6 1.2
      vertex 7.35 5.1 1.2
    endloop
  endfacet
  facet normal -0 0 1
    outer loop
      vertex 7.23988 4.40471 1.2
      vertex 31.6 1.6 1.2
      vertex 7.3223 4.74802 1.2
    endloop
  endfacet
  facet normal -0 0 1
    outer loop
      vertex 7.10476 4.07852 1.2
      vertex 31.6 1.6 1.2
      vertex 7.23988 4.40471 1.2
    endloop
  endfacet
  facet normal -0 0 1
    outer loop
      vertex 6.92029 3.77748 1.2
      vertex 31.6 1.6 1.2
      vertex 7.10476 4.07852 1.2
    endloop
  endfacet
  facet normal -0 0 1
    outer loop
      vertex 6.69099 3.50901 1.2
      vertex 31.6 1.6 1.2
      vertex 6.92029 3.77748 1.2
    endloop
  endfacet
  facet normal -0 0 1
    outer loop
      vertex 6.42252 3.27971 1.2
      vertex 31.6 1.6 1.2
      vertex 6.69099 3.50901 1.2
    endloop
  endfacet
  facet normal -0 0 1
    outer loop
      vertex 6.12148 3.09523 1.2
      vertex 31.6 1.6 1.2
      vertex 6.42252 3.27971 1.2
    endloop
  endfacet
  facet normal -0 0 1
    outer loop
      vertex 5.79529 2.96012 1.2
      vertex 31.6 1.6 1.2
      vertex 6.12148 3.09523 1.2
    endloop
  endfacet
  facet normal 0 0 1
    outer loop
      vertex 1.6 1.6 1.2
      vertex 5.79529 2.96012 1.2
      vertex 5.45198 2.8777 1.2
    endloop
  endfacet
  facet normal 0 0 1
    outer loop
      vertex 1.6 1.6 1.2
      vertex 5.45198 2.8777 1.2
      vertex 5.1 2.85 1.2
    endloop
  endfacet
  facet normal 0 0 1
    outer loop
      vertex 5.79529 2.96012 1.2
      vertex 1.6 1.6 1.2
      vertex 31.6 1.6 1.2
    endloop
  endfacet
  facet normal 0 0 1
    outer loop
      vertex 4.74802 2.8777 1.2
      vertex 1.6 1.6 1.2
      vertex 5.1 2.85 1.2
    endloop
  endfacet
  facet normal 0 0 1
    outer loop
      vertex 4.40471 2.96012 1.2
      vertex 1.6 1.6 1.2
      vertex 4.74802 2.8777 1.2
    endloop
  endfacet
  facet normal 0 0 1
    outer loop
      vertex 4.07852 3.09523 1.2
      vertex 1.6 1.6 1.2
      vertex 4.40471 2.96012 1.2
    endloop
  endfacet
  facet normal 0 0 1
    outer loop
      vertex 3.77748 3.27971 1.2
      vertex 1.6 1.6 1.2
      vertex 4.07852 3.09523 1.2
    endloop
  endfacet
  facet normal 0 0 1
    outer loop
      vertex 3.50901 3.50901 1.2
      vertex 1.6 1.6 1.2
      vertex 3.77748 3.27971 1.2
    endloop
  endfacet
  facet normal 0 0 1
    outer loop
      vertex 3.27971 3.77748 1.2
      vertex 1.6 1.6 1.2
      vertex 3.50901 3.50901 1.2
    endloop
  endfacet
  facet normal 0 0 1
    outer loop
      vertex 3.09523 4.07852 1.2
      vertex 1.6 1.6 1.2
      vertex 3.27971 3.77748 1.2
    endloop
  endfacet
  facet normal 0 0 1
    outer loop
      vertex 2.96012 4.40471 1.2
      vertex 1.6 1.6 1.2
      vertex 3.09523 4.07852 1.2
    endloop
  endfacet
  facet normal 0 0 1
    outer loop
      vertex 2.8777 4.74802 1.2
      vertex 1.6 1.6 1.2
      vertex 2.96012 4.40471 1.2
    endloop
  endfacet
  facet normal 0 0 1
    outer loop
      vertex 2.85 5.1 1.2
      vertex 1.6 1.6 1.2
      vertex 2.8777 4.74802 1.2
    endloop
  endfacet
  facet normal 0 0 1
    outer loop
      vertex 2.8777 5.45198 1.2
      vertex 1.6 1.6 1.2
      vertex 2.85 5.1 1.2
    endloop
  endfacet
  facet normal 1 0 0
    outer loop
      vertex 1.6 23.6 11.2
      vertex 1.6 17.1 6.2
      vertex 1.6 23.6 1.2
    endloop
  endfacet
  facet normal 1 0 0
    outer loop
      vertex 1.6 23.6 11.2
      vertex 1.6 17.0815 6.43465
      vertex 1.6 17.1 6.2
    endloop
  endfacet
  facet normal 1 0 0
    outer loop
      vertex 1.6 23.6 11.2
      vertex 1.6 17.0266 6.66352
      vertex 1.6 17.0815 6.43465
    endloop
  endfacet
  facet normal 1 0 0
    outer loop
      vertex 1.6 23.6 11.2
      vertex 1.6 16.9365 6.88099
      vertex 1.6 17.0266 6.66352
    endloop
  endfacet
  facet normal 1 0 0
    outer loop
      vertex 1.6 23.6 11.2
      vertex 1.6 16.8135 7.08168
      vertex 1.6 16.9365 6.88099
    endloop
  endfacet
  facet normal 1 0 0
    outer loop
      vertex 1.6 23.6 11.2
      vertex 1.6 16.6607 7.26066
      vertex 1.6 16.8135 7.08168
    endloop
  endfacet
  facet normal 1 0 0
    outer loop
      vertex 1.6 23.6 11.2
      vertex 1.6 16.4817 7.41352
      vertex 1.6 16.6607 7.26066
    endloop
  endfacet
  facet normal 1 0 0
    outer loop
      vertex 1.6 23.6 11.2
      vertex 1.6 16.281 7.53651
      vertex 1.6 16.4817 7.41352
    endloop
  endfacet
  facet normal 1 0 0
    outer loop
      vertex 1.6 23.6 11.2
      vertex 1.6 16.0635 7.62658
      vertex 1.6 16.281 7.53651
    endloop
  endfacet
  facet normal 1 0 0
    outer loop
      vertex 1.6 23.6 11.2
      vertex 1.6 15.8347 7.68153
      vertex 1.6 16.0635 7.62658
    endloop
  endfacet
  facet normal 1 0 0
    outer loop
      vertex 1.6 23.6 11.2
      vertex 1.6 15.6 7.7
      vertex 1.6 15.8347 7.68153
    endloop
  endfacet
  facet normal 1 0 0
    outer loop
      vertex 1.6 23.6 11.2
      vertex 1.6 15.3653 7.68153
      vertex 1.6 15.6 7.7
    endloop
  endfacet
  facet normal 1 0 0
    outer loop
      vertex 1.6 9.83465 7.68153
      vertex 1.6 15.3653 7.68153
      vertex 1.6 23.6 11.2
    endloop
  endfacet
  facet normal 1 0 0
    outer loop
      vertex 1.6 15.3653 7.68153
      vertex 1.6 9.83465 7.68153
      vertex 1.6 15.1365 7.62658
    endloop
  endfacet
  facet normal 1 0 0
    outer loop
      vertex 1.6 14.1185 6.43465
      vertex 1.6 11.1 6.2
      vertex 1.6 14.1 6.2
    endloop
  endfacet
  facet normal 1 0 0
    outer loop
      vertex 1.6 11.0815 6.43465
      vertex 1.6 14.1185 6.43465
      vertex 1.6 14.1734 6.66352
    endloop
  endfacet
  facet normal 1 0 0
    outer loop
      vertex 1.6 11.0266 6.66352
      vertex 1.6 14.1734 6.66352
      vertex 1.6 14.2635 6.88099
    endloop
  endfacet
  facet normal 1 0 0
    outer loop
      vertex 1.6 10.9365 6.88099
      vertex 1.6 14.2635 6.88099
      vertex 1.6 14.3865 7.08168
    endloop
  endfacet
  facet normal 1 0 0
    outer loop
      vertex 1.6 10.8135 7.08168
      vertex 1.6 14.3865 7.08168
      vertex 1.6 14.5393 7.26066
    endloop
  endfacet
  facet normal 1 0 0
    outer loop
      vertex 1.6 10.6607 7.26066
      vertex 1.6 14.5393 7.26066
      vertex 1.6 14.7183 7.41352
    endloop
  endfacet
  facet normal 1 0 0
    outer loop
      vertex 1.6 10.4817 7.41352
      vertex 1.6 14.7183 7.41352
      vertex 1.6 14.919 7.53651
    endloop
  endfacet
  facet normal 1 0 -0
    outer loop
      vertex 1.6 10.0635 7.62658
      vertex 1.6 15.1365 7.62658
      vertex 1.6 9.83465 7.68153
    endloop
  endfacet
  facet normal 1 0 0
    outer loop
      vertex 1.6 14.1185 6.43465
      vertex 1.6 11.0815 6.43465
      vertex 1.6 11.1 6.2
    endloop
  endfacet
  facet normal 1 0 0
    outer loop
      vertex 1.6 14.1734 6.66352
      vertex 1.6 11.0266 6.66352
      vertex 1.6 11.0815 6.43465
    endloop
  endfacet
  facet normal 1 0 0
    outer loop
      vertex 1.6 14.2635 6.88099
      vertex 1.6 10.9365 6.88099
      vertex 1.6 11.0266 6.66352
    endloop
  endfacet
  facet normal 1 0 0
    outer loop
      vertex 1.6 14.3865 7.08168
      vertex 1.6 10.8135 7.08168
      vertex 1.6 10.9365 6.88099
    endloop
  endfacet
  facet normal 1 0 0
    outer loop
      vertex 1.6 14.5393 7.26066
      vertex 1.6 10.6607 7.26066
      vertex 1.6 10.8135 7.08168
    endloop
  endfacet
  facet normal 1 0 0
    outer loop
      vertex 1.6 14.7183 7.41352
      vertex 1.6 10.4817 7.41352
      vertex 1.6 10.6607 7.26066
    endloop
  endfacet
  facet normal 1 0 0
    outer loop
      vertex 1.6 14.919 7.53651
      vertex 1.6 10.281 7.53651
      vertex 1.6 10.4817 7.41352
    endloop
  endfacet
  facet normal 1 0 0
    outer loop
      vertex 1.6 14.919 7.53651
      vertex 1.6 10.0635 7.62658
      vertex 1.6 10.281 7.53651
    endloop
  endfacet
  facet normal 1 0 0
    outer loop
      vertex 1.6 15.1365 7.62658
      vertex 1.6 10.0635 7.62658
      vertex 1.6 14.919 7.53651
    endloop
  endfacet
  facet normal 1 -0 0
    outer loop
      vertex 1.6 1.6 11.2
      vertex 1.6 9.83465 7.68153
      vertex 1.6 23.6 11.2
    endloop
  endfacet
  facet normal 1 0 0
    outer loop
      vertex 1.6 9.83465 7.68153
      vertex 1.6 1.6 11.2
      vertex 1.6 9.6 7.7
    endloop
  endfacet
  facet normal 1 0 0
    outer loop
      vertex 1.6 9.6 7.7
      vertex 1.6 1.6 11.2
      vertex 1.6 9.36535 7.68153
    endloop
  endfacet
  facet normal 1 0 0
    outer loop
      vertex 1.6 8.11847 6.43465
      vertex 1.6 1.6 11.2
      vertex 1.6 8.1 6.2
    endloop
  endfacet
  facet normal 1 0 0
    outer loop
      vertex 1.6 8.17342 6.66352
      vertex 1.6 1.6 11.2
      vertex 1.6 8.11847 6.43465
    endloop
  endfacet
  facet normal 1 0 0
    outer loop
      vertex 1.6 8.26349 6.88099
      vertex 1.6 1.6 11.2
      vertex 1.6 8.17342 6.66352
    endloop
  endfacet
  facet normal 1 0 0
    outer loop
      vertex 1.6 8.38647 7.08168
      vertex 1.6 1.6 11.2
      vertex 1.6 8.26349 6.88099
    endloop
  endfacet
  facet normal 1 0 0
    outer loop
      vertex 1.6 8.53934 7.26066
      vertex 1.6 1.6 11.2
      vertex 1.6 8.38647 7.08168
    endloop
  endfacet
  facet normal 1 0 0
    outer loop
      vertex 1.6 8.71832 7.41352
      vertex 1.6 1.6 11.2
      vertex 1.6 8.53934 7.26066
    endloop
  endfacet
  facet normal 1 0 0
    outer loop
      vertex 1.6 8.91901 7.53651
      vertex 1.6 1.6 11.2
      vertex 1.6 8.71832 7.41352
    endloop
  endfacet
  facet normal 1 0 0
    outer loop
      vertex 1.6 9.13647 7.62658
      vertex 1.6 1.6 11.2
      vertex 1.6 8.91901 7.53651
    endloop
  endfacet
  facet normal 1 0 0
    outer loop
      vertex 1.6 9.36535 7.68153
      vertex 1.6 1.6 11.2
      vertex 1.6 9.13647 7.62658
    endloop
  endfacet
  facet normal 1 -0 0
    outer loop
      vertex 1.6 17.0815 5.96535
      vertex 1.6 23.6 1.2
      vertex 1.6 17.1 6.2
    endloop
  endfacet
  facet normal 1 -0 0
    outer loop
      vertex 1.6 17.0266 5.73647
      vertex 1.6 23.6 1.2
      vertex 1.6 17.0815 5.96535
    endloop
  endfacet
  facet normal 1 -0 0
    outer loop
      vertex 1.6 16.9365 5.51901
      vertex 1.6 23.6 1.2
      vertex 1.6 17.0266 5.73647
    endloop
  endfacet
  facet normal 1 -0 0
    outer loop
      vertex 1.6 16.8135 5.31832
      vertex 1.6 23.6 1.2
      vertex 1.6 16.9365 5.51901
    endloop
  endfacet
  facet normal 1 -0 0
    outer loop
      vertex 1.6 16.6607 5.13934
      vertex 1.6 23.6 1.2
      vertex 1.6 16.8135 5.31832
    endloop
  endfacet
  facet normal 1 -0 0
    outer loop
      vertex 1.6 16.4817 4.98647
      vertex 1.6 23.6 1.2
      vertex 1.6 16.6607 5.13934
    endloop
  endfacet
  facet normal 1 -0 0
    outer loop
      vertex 1.6 16.281 4.86349
      vertex 1.6 23.6 1.2
      vertex 1.6 16.4817 4.98647
    endloop
  endfacet
  facet normal 1 -0 0
    outer loop
      vertex 1.6 16.0635 4.77341
      vertex 1.6 23.6 1.2
      vertex 1.6 16.281 4.86349
    endloop
  endfacet
  facet normal 1 -0 0
    outer loop
      vertex 1.6 15.8347 4.71847
      vertex 1.6 23.6 1.2
      vertex 1.6 16.0635 4.77341
    endloop
  endfacet
  facet normal 1 -0 0
    outer loop
      vertex 1.6 15.6 4.7
      vertex 1.6 23.6 1.2
      vertex 1.6 15.8347 4.71847
    endloop
  endfacet
  facet normal 1 0 0
    outer loop
      vertex 1.6 15.3653 4.71847
      vertex 1.6 23.6 1.2
      vertex 1.6 15.6 4.7
    endloop
  endfacet
  facet normal 1 0 0
    outer loop
      vertex 1.6 9.83465 4.71847
      vertex 1.6 15.3653 4.71847
      vertex 1.6 15.1365 4.77341
    endloop
  endfacet
  facet normal 1 0 0
    outer loop
      vertex 1.6 10.0635 4.77341
      vertex 1.6 15.1365 4.77341
      vertex 1.6 14.919 4.86349
    endloop
  endfacet
  facet normal 1 -0 0
    outer loop
      vertex 1.6 11.1 6.2
      vertex 1.6 14.1185 5.96535
      vertex 1.6 14.1 6.2
    endloop
  endfacet
  facet normal 1 0 0
    outer loop
      vertex 1.6 11.0815 5.96535
      vertex 1.6 14.1185 5.96535
      vertex 1.6 11.1 6.2
    endloop
  endfacet
  facet normal 1 0 0
    outer loop
      vertex 1.6 14.1185 5.96535
      vertex 1.6 11.0815 5.96535
      vertex 1.6 14.1734 5.73647
    endloop
  endfacet
  facet normal 1 0 0
    outer loop
      vertex 1.6 11.0266 5.73647
      vertex 1.6 14.1734 5.73647
      vertex 1.6 11.0815 5.96535
    endloop
  endfacet
  facet normal 1 0 0
    outer loop
      vertex 1.6 14.1734 5.73647
      vertex 1.6 11.0266 5.73647
      vertex 1.6 14.2635 5.51901
    endloop
  endfacet
  facet normal 1 0 0
    outer loop
      vertex 1.6 10.9365 5.51901
      vertex 1.6 14.2635 5.51901
      vertex 1.6 11.0266 5.73647
    endloop
  endfacet
  facet normal 1 0 0
    outer loop
      vertex 1.6 14.2635 5.51901
      vertex 1.6 10.9365 5.51901
      vertex 1.6 14.3865 5.31832
    endloop
  endfacet
  facet normal 1 0 0
    outer loop
      vertex 1.6 10.8135 5.31832
      vertex 1.6 14.3865 5.31832
      vertex 1.6 10.9365 5.51901
    endloop
  endfacet
  facet normal 1 0 0
    outer loop
      vertex 1.6 14.3865 5.31832
      vertex 1.6 10.8135 5.31832
      vertex 1.6 14.5393 5.13934
    endloop
  endfacet
  facet normal 1 0 0
    outer loop
      vertex 1.6 10.6607 5.13934
      vertex 1.6 14.5393 5.13934
      vertex 1.6 10.8135 5.31832
    endloop
  endfacet
  facet normal 1 0 0
    outer loop
      vertex 1.6 14.5393 5.13934
      vertex 1.6 10.6607 5.13934
      vertex 1.6 14.7183 4.98647
    endloop
  endfacet
  facet normal 1 0 0
    outer loop
      vertex 1.6 10.4817 4.98647
      vertex 1.6 14.7183 4.98647
      vertex 1.6 10.6607 5.13934
    endloop
  endfacet
  facet normal 1 0 0
    outer loop
      vertex 1.6 14.7183 4.98647
      vertex 1.6 10.4817 4.98647
      vertex 1.6 14.919 4.86349
    endloop
  endfacet
  facet normal 1 0 0
    outer loop
      vertex 1.6 10.281 4.86349
      vertex 1.6 14.919 4.86349
      vertex 1.6 10.4817 4.98647
    endloop
  endfacet
  facet normal 1 0 0
    outer loop
      vertex 1.6 10.0635 4.77341
      vertex 1.6 14.919 4.86349
      vertex 1.6 10.281 4.86349
    endloop
  endfacet
  facet normal 1 0 0
    outer loop
      vertex 1.6 15.1365 4.77341
      vertex 1.6 10.0635 4.77341
      vertex 1.6 9.83465 4.71847
    endloop
  endfacet
  facet normal 1 0 0
    outer loop
      vertex 1.6 15.3653 4.71847
      vertex 1.6 9.83465 4.71847
      vertex 1.6 23.6 1.2
    endloop
  endfacet
  facet normal 1 0 0
    outer loop
      vertex 1.6 1.6 1.2
      vertex 1.6 9.83465 4.71847
      vertex 1.6 9.6 4.7
    endloop
  endfacet
  facet normal 1 0 0
    outer loop
      vertex 1.6 1.6 1.2
      vertex 1.6 9.6 4.7
      vertex 1.6 9.36535 4.71847
    endloop
  endfacet
  facet normal 1 0 0
    outer loop
      vertex 1.6 1.6 1.2
      vertex 1.6 9.36535 4.71847
      vertex 1.6 9.13647 4.77341
    endloop
  endfacet
  facet normal 1 0 0
    outer loop
      vertex 1.6 1.6 1.2
      vertex 1.6 8.1 6.2
      vertex 1.6 1.6 11.2
    endloop
  endfacet
  facet normal 1 0 0
    outer loop
      vertex 1.6 8.1 6.2
      vertex 1.6 1.6 1.2
      vertex 1.6 8.11847 5.96535
    endloop
  endfacet
  facet normal 1 0 0
    outer loop
      vertex 1.6 8.11847 5.96535
      vertex 1.6 1.6 1.2
      vertex 1.6 8.17342 5.73647
    endloop
  endfacet
  facet normal 1 0 0
    outer loop
      vertex 1.6 8.17342 5.73647
      vertex 1.6 1.6 1.2
      vertex 1.6 8.26349 5.51901
    endloop
  endfacet
  facet normal 1 0 0
    outer loop
      vertex 1.6 8.26349 5.51901
      vertex 1.6 1.6 1.2
      vertex 1.6 8.38647 5.31832
    endloop
  endfacet
  facet normal 1 0 0
    outer loop
      vertex 1.6 9.83465 4.71847
      vertex 1.6 1.6 1.2
      vertex 1.6 23.6 1.2
    endloop
  endfacet
  facet normal 1 0 0
    outer loop
      vertex 1.6 8.91901 4.86349
      vertex 1.6 1.6 1.2
      vertex 1.6 9.13647 4.77341
    endloop
  endfacet
  facet normal 1 0 0
    outer loop
      vertex 1.6 8.71832 4.98647
      vertex 1.6 1.6 1.2
      vertex 1.6 8.91901 4.86349
    endloop
  endfacet
  facet normal 1 0 0
    outer loop
      vertex 1.6 8.53934 5.13934
      vertex 1.6 1.6 1.2
      vertex 1.6 8.71832 4.98647
    endloop
  endfacet
  facet normal 1 0 0
    outer loop
      vertex 1.6 8.38647 5.31832
      vertex 1.6 1.6 1.2
      vertex 1.6 8.53934 5.13934
    endloop
  endfacet
  facet normal 0 -1 0
    outer loop
      vertex 1.6 23.6 1.2
      vertex 31.6 23.6 11.2
      vertex 1.6 23.6 11.2
    endloop
  endfacet
  facet normal 0 -1 -0
    outer loop
      vertex 31.6 23.6 11.2
      vertex 1.6 23.6 1.2
      vertex 31.6 23.6 1.2
    endloop
  endfacet
  facet normal 0 1 -0
    outer loop
      vertex 31.6 1.6 1.2
      vertex 1.6 1.6 11.2
      vertex 31.6 1.6 11.2
    endloop
  endfacet
  facet normal 0 1 0
    outer loop
      vertex 1.6 1.6 11.2
      vertex 31.6 1.6 1.2
      vertex 1.6 1.6 1.2
    endloop
  endfacet
  facet normal -1 0 0
    outer loop
      vertex 49.2 1.6 1.2
      vertex 49.2 23.6 11.2
      vertex 49.2 23.6 1.2
    endloop
  endfacet
  facet normal -1 -0 0
    outer loop
      vertex 49.2 23.6 11.2
      vertex 49.2 1.6 1.2
      vertex 49.2 1.6 11.2
    endloop
  endfacet
  facet normal 0 0 1
    outer loop
      vertex 49.2 23.6 1.2
      vertex 46.95 12.6 1.2
      vertex 49.2 1.6 1.2
    endloop
  endfacet
  facet normal 0 0 1
    outer loop
      vertex 49.2 23.6 1.2
      vertex 46.8792 13.4995 1.2
      vertex 46.95 12.6 1.2
    endloop
  endfacet
  facet normal 0 0 1
    outer loop
      vertex 49.2 23.6 1.2
      vertex 46.6686 14.3768 1.2
      vertex 46.8792 13.4995 1.2
    endloop
  endfacet
  facet normal 0 0 1
    outer loop
      vertex 49.2 23.6 1.2
      vertex 46.3233 15.2104 1.2
      vertex 46.6686 14.3768 1.2
    endloop
  endfacet
  facet normal 0 0 1
    outer loop
      vertex 49.2 23.6 1.2
      vertex 45.8518 15.9798 1.2
      vertex 46.3233 15.2104 1.2
    endloop
  endfacet
  facet normal 0 0 1
    outer loop
      vertex 49.2 23.6 1.2
      vertex 45.2659 16.6659 1.2
      vertex 45.8518 15.9798 1.2
    endloop
  endfacet
  facet normal 0 0 1
    outer loop
      vertex 49.2 23.6 1.2
      vertex 44.5798 17.2518 1.2
      vertex 45.2659 16.6659 1.2
    endloop
  endfacet
  facet normal 0 0 1
    outer loop
      vertex 49.2 23.6 1.2
      vertex 43.8104 17.7233 1.2
      vertex 44.5798 17.2518 1.2
    endloop
  endfacet
  facet normal 0 0 1
    outer loop
      vertex 49.2 23.6 1.2
      vertex 42.9768 18.0686 1.2
      vertex 43.8104 17.7233 1.2
    endloop
  endfacet
  facet normal 0 0 1
    outer loop
      vertex 49.2 23.6 1.2
      vertex 42.0995 18.2792 1.2
      vertex 42.9768 18.0686 1.2
    endloop
  endfacet
  facet normal 0 0 1
    outer loop
      vertex 49.2 23.6 1.2
      vertex 41.2 18.35 1.2
      vertex 42.0995 18.2792 1.2
    endloop
  endfacet
  facet normal -0 0 1
    outer loop
      vertex 33.2 23.6 1.2
      vertex 41.2 18.35 1.2
      vertex 49.2 23.6 1.2
    endloop
  endfacet
  facet normal 0 0 1
    outer loop
      vertex 41.2 18.35 1.2
      vertex 33.2 23.6 1.2
      vertex 40.3005 18.2792 1.2
    endloop
  endfacet
  facet normal 0 0 1
    outer loop
      vertex 40.3005 18.2792 1.2
      vertex 33.2 23.6 1.2
      vertex 39.4232 18.0686 1.2
    endloop
  endfacet
  facet normal 0 0 1
    outer loop
      vertex 35.5208 13.4995 1.2
      vertex 33.2 23.6 1.2
      vertex 35.45 12.6 1.2
    endloop
  endfacet
  facet normal 0 0 1
    outer loop
      vertex 35.7314 14.3768 1.2
      vertex 33.2 23.6 1.2
      vertex 35.5208 13.4995 1.2
    endloop
  endfacet
  facet normal 0 0 1
    outer loop
      vertex 36.0767 15.2104 1.2
      vertex 33.2 23.6 1.2
      vertex 35.7314 14.3768 1.2
    endloop
  endfacet
  facet normal 0 0 1
    outer loop
      vertex 36.5482 15.9798 1.2
      vertex 33.2 23.6 1.2
      vertex 36.0767 15.2104 1.2
    endloop
  endfacet
  facet normal 0 0 1
    outer loop
      vertex 37.1341 16.6659 1.2
      vertex 33.2 23.6 1.2
      vertex 36.5482 15.9798 1.2
    endloop
  endfacet
  facet normal 0 0 1
    outer loop
      vertex 37.8202 17.2518 1.2
      vertex 33.2 23.6 1.2
      vertex 37.1341 16.6659 1.2
    endloop
  endfacet
  facet normal 0 0 1
    outer loop
      vertex 38.5896 17.7233 1.2
      vertex 33.2 23.6 1.2
      vertex 37.8202 17.2518 1.2
    endloop
  endfacet
  facet normal 0 0 1
    outer loop
      vertex 39.4232 18.0686 1.2
      vertex 33.2 23.6 1.2
      vertex 38.5896 17.7233 1.2
    endloop
  endfacet
  facet normal -0 0 1
    outer loop
      vertex 46.8792 11.7005 1.2
      vertex 49.2 1.6 1.2
      vertex 46.95 12.6 1.2
    endloop
  endfacet
  facet normal -0 0 1
    outer loop
      vertex 46.6686 10.8232 1.2
      vertex 49.2 1.6 1.2
      vertex 46.8792 11.7005 1.2
    endloop
  endfacet
  facet normal -0 0 1
    outer loop
      vertex 46.3233 9.98955 1.2
      vertex 49.2 1.6 1.2
      vertex 46.6686 10.8232 1.2
    endloop
  endfacet
  facet normal -0 0 1
    outer loop
      vertex 45.8518 9.22023 1.2
      vertex 49.2 1.6 1.2
      vertex 46.3233 9.98955 1.2
    endloop
  endfacet
  facet normal -0 0 1
    outer loop
      vertex 45.2659 8.53414 1.2
      vertex 49.2 1.6 1.2
      vertex 45.8518 9.22023 1.2
    endloop
  endfacet
  facet normal -0 0 1
    outer loop
      vertex 44.5798 7.94815 1.2
      vertex 49.2 1.6 1.2
      vertex 45.2659 8.53414 1.2
    endloop
  endfacet
  facet normal -0 0 1
    outer loop
      vertex 43.8104 7.47671 1.2
      vertex 49.2 1.6 1.2
      vertex 44.5798 7.94815 1.2
    endloop
  endfacet
  facet normal -0 0 1
    outer loop
      vertex 42.9768 7.13142 1.2
      vertex 49.2 1.6 1.2
      vertex 43.8104 7.47671 1.2
    endloop
  endfacet
  facet normal -0 0 1
    outer loop
      vertex 42.0995 6.92079 1.2
      vertex 49.2 1.6 1.2
      vertex 42.9768 7.13142 1.2
    endloop
  endfacet
  facet normal -0 0 1
    outer loop
      vertex 41.2 6.85 1.2
      vertex 49.2 1.6 1.2
      vertex 42.0995 6.92079 1.2
    endloop
  endfacet
  facet normal 0 0 1
    outer loop
      vertex 33.2 1.6 1.2
      vertex 41.2 6.85 1.2
      vertex 40.3005 6.92079 1.2
    endloop
  endfacet
  facet normal 0 0 1
    outer loop
      vertex 33.2 1.6 1.2
      vertex 40.3005 6.92079 1.2
      vertex 39.4232 7.13142 1.2
    endloop
  endfacet
  facet normal 0 0 1
    outer loop
      vertex 33.2 1.6 1.2
      vertex 39.4232 7.13142 1.2
      vertex 38.5896 7.47671 1.2
    endloop
  endfacet
  facet normal 0 0 1
    outer loop
      vertex 33.2 1.6 1.2
      vertex 35.45 12.6 1.2
      vertex 33.2 23.6 1.2
    endloop
  endfacet
  facet normal 0 0 1
    outer loop
      vertex 41.2 6.85 1.2
      vertex 33.2 1.6 1.2
      vertex 49.2 1.6 1.2
    endloop
  endfacet
  facet normal 0 0 1
    outer loop
      vertex 37.8202 7.94815 1.2
      vertex 33.2 1.6 1.2
      vertex 38.5896 7.47671 1.2
    endloop
  endfacet
  facet normal 0 0 1
    outer loop
      vertex 37.1341 8.53414 1.2
      vertex 33.2 1.6 1.2
      vertex 37.8202 7.94815 1.2
    endloop
  endfacet
  facet normal 0 0 1
    outer loop
      vertex 36.5482 9.22023 1.2
      vertex 33.2 1.6 1.2
      vertex 37.1341 8.53414 1.2
    endloop
  endfacet
  facet normal 0 0 1
    outer loop
      vertex 36.0767 9.98955 1.2
      vertex 33.2 1.6 1.2
      vertex 36.5482 9.22023 1.2
    endloop
  endfacet
  facet normal 0 0 1
    outer loop
      vertex 35.7314 10.8232 1.2
      vertex 33.2 1.6 1.2
      vertex 36.0767 9.98955 1.2
    endloop
  endfacet
  facet normal 0 0 1
    outer loop
      vertex 35.5208 11.7005 1.2
      vertex 33.2 1.6 1.2
      vertex 35.7314 10.8232 1.2
    endloop
  endfacet
  facet normal 0 0 1
    outer loop
      vertex 35.45 12.6 1.2
      vertex 33.2 1.6 1.2
      vertex 35.5208 11.7005 1.2
    endloop
  endfacet
  facet normal 1 0 0
    outer loop
      vertex 33.2 23.6 11.2
      vertex 33.2 14.35 6.2
      vertex 33.2 23.6 1.2
    endloop
  endfacet
  facet normal 1 0 0
    outer loop
      vertex 33.2 23.6 11.2
      vertex 33.2 14.3285 6.47376
      vertex 33.2 14.35 6.2
    endloop
  endfacet
  facet normal 1 0 0
    outer loop
      vertex 33.2 23.6 11.2
      vertex 33.2 14.2643 6.74078
      vertex 33.2 14.3285 6.47376
    endloop
  endfacet
  facet normal 1 0 0
    outer loop
      vertex 33.2 23.6 11.2
      vertex 33.2 14.1593 6.99448
      vertex 33.2 14.2643 6.74078
    endloop
  endfacet
  facet normal 1 0 0
    outer loop
      vertex 33.2 23.6 11.2
      vertex 33.2 14.0158 7.22862
      vertex 33.2 14.1593 6.99448
    endloop
  endfacet
  facet normal 1 0 0
    outer loop
      vertex 33.2 23.6 11.2
      vertex 33.2 13.8374 7.43744
      vertex 33.2 14.0158 7.22862
    endloop
  endfacet
  facet normal 1 0 0
    outer loop
      vertex 33.2 23.6 11.2
      vertex 33.2 13.6286 7.61578
      vertex 33.2 13.8374 7.43744
    endloop
  endfacet
  facet normal 1 0 0
    outer loop
      vertex 33.2 23.6 11.2
      vertex 33.2 13.3945 7.75926
      vertex 33.2 13.6286 7.61578
    endloop
  endfacet
  facet normal 1 0 0
    outer loop
      vertex 33.2 23.6 11.2
      vertex 33.2 13.1408 7.86435
      vertex 33.2 13.3945 7.75926
    endloop
  endfacet
  facet normal 1 0 0
    outer loop
      vertex 33.2 23.6 11.2
      vertex 33.2 12.8738 7.92845
      vertex 33.2 13.1408 7.86435
    endloop
  endfacet
  facet normal 1 0 0
    outer loop
      vertex 33.2 23.6 11.2
      vertex 33.2 12.6 7.95
      vertex 33.2 12.8738 7.92845
    endloop
  endfacet
  facet normal 1 -0 0
    outer loop
      vertex 33.2 1.6 11.2
      vertex 33.2 12.6 7.95
      vertex 33.2 23.6 11.2
    endloop
  endfacet
  facet normal 1 0 0
    outer loop
      vertex 33.2 12.6 7.95
      vertex 33.2 1.6 11.2
      vertex 33.2 12.3262 7.92845
    endloop
  endfacet
  facet normal 1 0 0
    outer loop
      vertex 33.2 10.8715 6.47376
      vertex 33.2 1.6 11.2
      vertex 33.2 10.85 6.2
    endloop
  endfacet
  facet normal 1 0 0
    outer loop
      vertex 33.2 10.9357 6.74078
      vertex 33.2 1.6 11.2
      vertex 33.2 10.8715 6.47376
    endloop
  endfacet
  facet normal 1 0 0
    outer loop
      vertex 33.2 11.0407 6.99448
      vertex 33.2 1.6 11.2
      vertex 33.2 10.9357 6.74078
    endloop
  endfacet
  facet normal 1 0 0
    outer loop
      vertex 33.2 11.1842 7.22862
      vertex 33.2 1.6 11.2
      vertex 33.2 11.0407 6.99448
    endloop
  endfacet
  facet normal 1 0 0
    outer loop
      vertex 33.2 11.3626 7.43744
      vertex 33.2 1.6 11.2
      vertex 33.2 11.1842 7.22862
    endloop
  endfacet
  facet normal 1 0 0
    outer loop
      vertex 33.2 11.5714 7.61578
      vertex 33.2 1.6 11.2
      vertex 33.2 11.3626 7.43744
    endloop
  endfacet
  facet normal 1 0 0
    outer loop
      vertex 33.2 11.8055 7.75926
      vertex 33.2 1.6 11.2
      vertex 33.2 11.5714 7.61578
    endloop
  endfacet
  facet normal 1 0 0
    outer loop
      vertex 33.2 12.0592 7.86435
      vertex 33.2 1.6 11.2
      vertex 33.2 11.8055 7.75926
    endloop
  endfacet
  facet normal 1 0 0
    outer loop
      vertex 33.2 12.3262 7.92845
      vertex 33.2 1.6 11.2
      vertex 33.2 12.0592 7.86435
    endloop
  endfacet
  facet normal 1 -0 0
    outer loop
      vertex 33.2 14.3285 5.92624
      vertex 33.2 23.6 1.2
      vertex 33.2 14.35 6.2
    endloop
  endfacet
  facet normal 1 -0 0
    outer loop
      vertex 33.2 14.2643 5.65922
      vertex 33.2 23.6 1.2
      vertex 33.2 14.3285 5.92624
    endloop
  endfacet
  facet normal 1 -0 0
    outer loop
      vertex 33.2 14.1593 5.40552
      vertex 33.2 23.6 1.2
      vertex 33.2 14.2643 5.65922
    endloop
  endfacet
  facet normal 1 -0 0
    outer loop
      vertex 33.2 14.0158 5.17138
      vertex 33.2 23.6 1.2
      vertex 33.2 14.1593 5.40552
    endloop
  endfacet
  facet normal 1 -0 0
    outer loop
      vertex 33.2 13.8374 4.96256
      vertex 33.2 23.6 1.2
      vertex 33.2 14.0158 5.17138
    endloop
  endfacet
  facet normal 1 -0 0
    outer loop
      vertex 33.2 13.6286 4.78422
      vertex 33.2 23.6 1.2
      vertex 33.2 13.8374 4.96256
    endloop
  endfacet
  facet normal 1 -0 0
    outer loop
      vertex 33.2 13.3945 4.64074
      vertex 33.2 23.6 1.2
      vertex 33.2 13.6286 4.78422
    endloop
  endfacet
  facet normal 1 -0 0
    outer loop
      vertex 33.2 13.1408 4.53565
      vertex 33.2 23.6 1.2
      vertex 33.2 13.3945 4.64074
    endloop
  endfacet
  facet normal 1 -0 0
    outer loop
      vertex 33.2 12.8738 4.47155
      vertex 33.2 23.6 1.2
      vertex 33.2 13.1408 4.53565
    endloop
  endfacet
  facet normal 1 -0 0
    outer loop
      vertex 33.2 12.6 4.45
      vertex 33.2 23.6 1.2
      vertex 33.2 12.8738 4.47155
    endloop
  endfacet
  facet normal 1 0 0
    outer loop
      vertex 33.2 1.6 1.2
      vertex 33.2 12.6 4.45
      vertex 33.2 12.3262 4.47155
    endloop
  endfacet
  facet normal 1 0 0
    outer loop
      vertex 33.2 1.6 1.2
      vertex 33.2 12.3262 4.47155
      vertex 33.2 12.0592 4.53565
    endloop
  endfacet
  facet normal 1 0 0
    outer loop
      vertex 33.2 1.6 1.2
      vertex 33.2 10.85 6.2
      vertex 33.2 1.6 11.2
    endloop
  endfacet
  facet normal 1 0 0
    outer loop
      vertex 33.2 10.85 6.2
      vertex 33.2 1.6 1.2
      vertex 33.2 10.8715 5.92624
    endloop
  endfacet
  facet normal 1 0 0
    outer loop
      vertex 33.2 10.8715 5.92624
      vertex 33.2 1.6 1.2
      vertex 33.2 10.9357 5.65922
    endloop
  endfacet
  facet normal 1 0 0
    outer loop
      vertex 33.2 10.9357 5.65922
      vertex 33.2 1.6 1.2
      vertex 33.2 11.0407 5.40552
    endloop
  endfacet
  facet normal 1 0 0
    outer loop
      vertex 33.2 11.0407 5.40552
      vertex 33.2 1.6 1.2
      vertex 33.2 11.1842 5.17138
    endloop
  endfacet
  facet normal 1 0 0
    outer loop
      vertex 33.2 11.1842 5.17138
      vertex 33.2 1.6 1.2
      vertex 33.2 11.3626 4.96256
    endloop
  endfacet
  facet normal 1 0 0
    outer loop
      vertex 33.2 12.6 4.45
      vertex 33.2 1.6 1.2
      vertex 33.2 23.6 1.2
    endloop
  endfacet
  facet normal 1 0 0
    outer loop
      vertex 33.2 11.8055 4.64074
      vertex 33.2 1.6 1.2
      vertex 33.2 12.0592 4.53565
    endloop
  endfacet
  facet normal 1 0 0
    outer loop
      vertex 33.2 11.5714 4.78422
      vertex 33.2 1.6 1.2
      vertex 33.2 11.8055 4.64074
    endloop
  endfacet
  facet normal 1 0 0
    outer loop
      vertex 33.2 11.3626 4.96256
      vertex 33.2 1.6 1.2
      vertex 33.2 11.5714 4.78422
    endloop
  endfacet
  facet normal 0 -1 0
    outer loop
      vertex 33.2 23.6 1.2
      vertex 49.2 23.6 11.2
      vertex 33.2 23.6 11.2
    endloop
  endfacet
  facet normal 0 -1 -0
    outer loop
      vertex 49.2 23.6 11.2
      vertex 33.2 23.6 1.2
      vertex 49.2 23.6 1.2
    endloop
  endfacet
  facet normal 0 1 -0
    outer loop
      vertex 49.2 1.6 1.2
      vertex 33.2 1.6 11.2
      vertex 49.2 1.6 11.2
    endloop
  endfacet
  facet normal 0 1 0
    outer loop
      vertex 33.2 1.6 11.2
      vertex 49.2 1.6 1.2
      vertex 33.2 1.6 1.2
    endloop
  endfacet
  facet normal 0 -0.382696 0.923874
    outer loop
      vertex 31.6 13.3945 4.64074
      vertex 33.2 13.1408 4.53565
      vertex 33.2 13.3945 4.64074
    endloop
  endfacet
  facet normal 0 -0.382696 0.923874
    outer loop
      vertex 33.2 13.1408 4.53565
      vertex 31.6 13.3945 4.64074
      vertex 31.6 13.1408 4.53565
    endloop
  endfacet
  facet normal 0 -0.52256 0.852602
    outer loop
      vertex 31.6 13.6286 4.78422
      vertex 33.2 13.3945 4.64074
      vertex 33.2 13.6286 4.78422
    endloop
  endfacet
  facet normal 0 -0.52256 0.852602
    outer loop
      vertex 33.2 13.3945 4.64074
      vertex 31.6 13.6286 4.78422
      vertex 31.6 13.3945 4.64074
    endloop
  endfacet
  facet normal 0 0.0784644 -0.996917
    outer loop
      vertex 31.6 12.3262 7.92845
      vertex 33.2 12.6 7.95
      vertex 33.2 12.3262 7.92845
    endloop
  endfacet
  facet normal 0 0.0784644 -0.996917
    outer loop
      vertex 33.2 12.6 7.95
      vertex 31.6 12.3262 7.92845
      vertex 31.6 12.6 7.95
    endloop
  endfacet
  facet normal 0 -0.972292 0.23377
    outer loop
      vertex 31.6 14.2643 5.65922
      vertex 33.2 14.3285 5.92624
      vertex 31.6 14.3285 5.92624
    endloop
  endfacet
  facet normal 0 -0.972292 0.23377
    outer loop
      vertex 33.2 14.3285 5.92624
      vertex 31.6 14.2643 5.65922
      vertex 33.2 14.2643 5.65922
    endloop
  endfacet
  facet normal 0 -0.0784644 0.996917
    outer loop
      vertex 31.6 12.8738 4.47155
      vertex 33.2 12.6 4.45
      vertex 33.2 12.8738 4.47155
    endloop
  endfacet
  facet normal 0 -0.0784644 0.996917
    outer loop
      vertex 33.2 12.6 4.45
      vertex 31.6 12.8738 4.47155
      vertex 31.6 12.6 4.45
    endloop
  endfacet
  facet normal 0 -0.52256 -0.852602
    outer loop
      vertex 31.6 13.3945 7.75926
      vertex 33.2 13.6286 7.61578
      vertex 33.2 13.3945 7.75926
    endloop
  endfacet
  facet normal -0 -0.52256 -0.852602
    outer loop
      vertex 33.2 13.6286 7.61578
      vertex 31.6 13.3945 7.75926
      vertex 31.6 13.6286 7.61578
    endloop
  endfacet
  facet normal 0 0.99693 -0.0782949
    outer loop
      vertex 33.2 10.85 6.2
      vertex 31.6 10.8715 6.47376
      vertex 33.2 10.8715 6.47376
    endloop
  endfacet
  facet normal 0 0.99693 -0.0782949
    outer loop
      vertex 31.6 10.8715 6.47376
      vertex 33.2 10.85 6.2
      vertex 31.6 10.85 6.2
    endloop
  endfacet
  facet normal 0 0.233442 -0.972371
    outer loop
      vertex 31.6 12.0592 7.86435
      vertex 33.2 12.3262 7.92845
      vertex 33.2 12.0592 7.86435
    endloop
  endfacet
  facet normal 0 0.233442 -0.972371
    outer loop
      vertex 33.2 12.3262 7.92845
      vertex 31.6 12.0592 7.86435
      vertex 31.6 12.3262 7.92845
    endloop
  endfacet
  facet normal 0 0.85261 0.522548
    outer loop
      vertex 33.2 11.1842 5.17138
      vertex 31.6 11.0407 5.40552
      vertex 33.2 11.0407 5.40552
    endloop
  endfacet
  facet normal 0 0.85261 0.522548
    outer loop
      vertex 31.6 11.0407 5.40552
      vertex 33.2 11.1842 5.17138
      vertex 31.6 11.1842 5.17138
    endloop
  endfacet
  facet normal -0 0.382696 0.923874
    outer loop
      vertex 31.6 12.0592 4.53565
      vertex 33.2 11.8055 4.64074
      vertex 33.2 12.0592 4.53565
    endloop
  endfacet
  facet normal 0 0.382696 0.923874
    outer loop
      vertex 33.2 11.8055 4.64074
      vertex 31.6 12.0592 4.53565
      vertex 31.6 11.8055 4.64074
    endloop
  endfacet
  facet normal 0 -0.233442 0.972371
    outer loop
      vertex 31.6 13.1408 4.53565
      vertex 33.2 12.8738 4.47155
      vertex 33.2 13.1408 4.53565
    endloop
  endfacet
  facet normal 0 -0.233442 0.972371
    outer loop
      vertex 33.2 12.8738 4.47155
      vertex 31.6 13.1408 4.53565
      vertex 31.6 12.8738 4.47155
    endloop
  endfacet
  facet normal 0 -0.85261 -0.522548
    outer loop
      vertex 31.6 14.1593 6.99448
      vertex 33.2 14.0158 7.22862
      vertex 31.6 14.0158 7.22862
    endloop
  endfacet
  facet normal 0 -0.85261 -0.522548
    outer loop
      vertex 33.2 14.0158 7.22862
      vertex 31.6 14.1593 6.99448
      vertex 33.2 14.1593 6.99448
    endloop
  endfacet
  facet normal 0 0.972292 0.23377
    outer loop
      vertex 33.2 10.9357 5.65922
      vertex 31.6 10.8715 5.92624
      vertex 33.2 10.8715 5.92624
    endloop
  endfacet
  facet normal 0 0.972292 0.23377
    outer loop
      vertex 31.6 10.8715 5.92624
      vertex 33.2 10.9357 5.65922
      vertex 31.6 10.9357 5.65922
    endloop
  endfacet
  facet normal 0 -0.972292 -0.23377
    outer loop
      vertex 31.6 14.3285 6.47376
      vertex 33.2 14.2643 6.74078
      vertex 31.6 14.2643 6.74078
    endloop
  endfacet
  facet normal 0 -0.972292 -0.23377
    outer loop
      vertex 33.2 14.2643 6.74078
      vertex 31.6 14.3285 6.47376
      vertex 33.2 14.3285 6.47376
    endloop
  endfacet
  facet normal 0 0.382696 -0.923874
    outer loop
      vertex 31.6 11.8055 7.75926
      vertex 33.2 12.0592 7.86435
      vertex 33.2 11.8055 7.75926
    endloop
  endfacet
  facet normal 0 0.382696 -0.923874
    outer loop
      vertex 33.2 12.0592 7.86435
      vertex 31.6 11.8055 7.75926
      vertex 31.6 12.0592 7.86435
    endloop
  endfacet
  facet normal 0 -0.0784644 -0.996917
    outer loop
      vertex 31.6 12.6 7.95
      vertex 33.2 12.8738 7.92845
      vertex 33.2 12.6 7.95
    endloop
  endfacet
  facet normal -0 -0.0784644 -0.996917
    outer loop
      vertex 33.2 12.8738 7.92845
      vertex 31.6 12.6 7.95
      vertex 31.6 12.8738 7.92845
    endloop
  endfacet
  facet normal 0 -0.92399 0.382416
    outer loop
      vertex 31.6 14.1593 5.40552
      vertex 33.2 14.2643 5.65922
      vertex 31.6 14.2643 5.65922
    endloop
  endfacet
  facet normal 0 -0.92399 0.382416
    outer loop
      vertex 33.2 14.2643 5.65922
      vertex 31.6 14.1593 5.40552
      vertex 33.2 14.1593 5.40552
    endloop
  endfacet
  facet normal -0 0.52256 0.852602
    outer loop
      vertex 31.6 11.8055 4.64074
      vertex 33.2 11.5714 4.78422
      vertex 33.2 11.8055 4.64074
    endloop
  endfacet
  facet normal 0 0.52256 0.852602
    outer loop
      vertex 33.2 11.5714 4.78422
      vertex 31.6 11.8055 4.64074
      vertex 31.6 11.5714 4.78422
    endloop
  endfacet
  facet normal 0 -0.760314 -0.649555
    outer loop
      vertex 31.6 14.0158 7.22862
      vertex 33.2 13.8374 7.43744
      vertex 31.6 13.8374 7.43744
    endloop
  endfacet
  facet normal 0 -0.760314 -0.649555
    outer loop
      vertex 33.2 13.8374 7.43744
      vertex 31.6 14.0158 7.22862
      vertex 33.2 14.0158 7.22862
    endloop
  endfacet
  facet normal 0 -0.649465 0.760392
    outer loop
      vertex 31.6 13.8374 4.96256
      vertex 33.2 13.6286 4.78422
      vertex 33.2 13.8374 4.96256
    endloop
  endfacet
  facet normal 0 -0.649465 0.760392
    outer loop
      vertex 33.2 13.6286 4.78422
      vertex 31.6 13.8374 4.96256
      vertex 31.6 13.6286 4.78422
    endloop
  endfacet
  facet normal 0 0.92399 0.382416
    outer loop
      vertex 33.2 11.0407 5.40552
      vertex 31.6 10.9357 5.65922
      vertex 33.2 10.9357 5.65922
    endloop
  endfacet
  facet normal 0 0.92399 0.382416
    outer loop
      vertex 31.6 10.9357 5.65922
      vertex 33.2 11.0407 5.40552
      vertex 31.6 11.0407 5.40552
    endloop
  endfacet
  facet normal 0 -0.760314 0.649555
    outer loop
      vertex 31.6 13.8374 4.96256
      vertex 33.2 14.0158 5.17138
      vertex 31.6 14.0158 5.17138
    endloop
  endfacet
  facet normal 0 -0.760314 0.649555
    outer loop
      vertex 33.2 14.0158 5.17138
      vertex 31.6 13.8374 4.96256
      vertex 33.2 13.8374 4.96256
    endloop
  endfacet
  facet normal 0 -0.99693 -0.0782949
    outer loop
      vertex 31.6 14.35 6.2
      vertex 33.2 14.3285 6.47376
      vertex 31.6 14.3285 6.47376
    endloop
  endfacet
  facet normal 0 -0.99693 -0.0782949
    outer loop
      vertex 33.2 14.3285 6.47376
      vertex 31.6 14.35 6.2
      vertex 33.2 14.35 6.2
    endloop
  endfacet
  facet normal 0 -0.85261 0.522548
    outer loop
      vertex 31.6 14.0158 5.17138
      vertex 33.2 14.1593 5.40552
      vertex 31.6 14.1593 5.40552
    endloop
  endfacet
  facet normal 0 -0.85261 0.522548
    outer loop
      vertex 33.2 14.1593 5.40552
      vertex 31.6 14.0158 5.17138
      vertex 33.2 14.0158 5.17138
    endloop
  endfacet
  facet normal 0 0.52256 -0.852602
    outer loop
      vertex 31.6 11.5714 7.61578
      vertex 33.2 11.8055 7.75926
      vertex 33.2 11.5714 7.61578
    endloop
  endfacet
  facet normal 0 0.52256 -0.852602
    outer loop
      vertex 33.2 11.8055 7.75926
      vertex 31.6 11.5714 7.61578
      vertex 31.6 11.8055 7.75926
    endloop
  endfacet
  facet normal -0 0.649465 0.760392
    outer loop
      vertex 31.6 11.5714 4.78422
      vertex 33.2 11.3626 4.96256
      vertex 33.2 11.5714 4.78422
    endloop
  endfacet
  facet normal 0 0.649465 0.760392
    outer loop
      vertex 33.2 11.3626 4.96256
      vertex 31.6 11.5714 4.78422
      vertex 31.6 11.3626 4.96256
    endloop
  endfacet
  facet normal -0 0.0784644 0.996917
    outer loop
      vertex 31.6 12.6 4.45
      vertex 33.2 12.3262 4.47155
      vertex 33.2 12.6 4.45
    endloop
  endfacet
  facet normal 0 0.0784644 0.996917
    outer loop
      vertex 33.2 12.3262 4.47155
      vertex 31.6 12.6 4.45
      vertex 31.6 12.3262 4.47155
    endloop
  endfacet
  facet normal -0 0.233442 0.972371
    outer loop
      vertex 31.6 12.3262 4.47155
      vertex 33.2 12.0592 4.53565
      vertex 33.2 12.3262 4.47155
    endloop
  endfacet
  facet normal 0 0.233442 0.972371
    outer loop
      vertex 33.2 12.0592 4.53565
      vertex 31.6 12.3262 4.47155
      vertex 31.6 12.0592 4.53565
    endloop
  endfacet
  facet normal 0 0.760314 0.649555
    outer loop
      vertex 33.2 11.3626 4.96256
      vertex 31.6 11.1842 5.17138
      vertex 33.2 11.1842 5.17138
    endloop
  endfacet
  facet normal 0 0.760314 0.649555
    outer loop
      vertex 31.6 11.1842 5.17138
      vertex 33.2 11.3626 4.96256
      vertex 31.6 11.3626 4.96256
    endloop
  endfacet
  facet normal 0 0.649465 -0.760392
    outer loop
      vertex 31.6 11.3626 7.43744
      vertex 33.2 11.5714 7.61578
      vertex 33.2 11.3626 7.43744
    endloop
  endfacet
  facet normal 0 0.649465 -0.760392
    outer loop
      vertex 33.2 11.5714 7.61578
      vertex 31.6 11.3626 7.43744
      vertex 31.6 11.5714 7.61578
    endloop
  endfacet
  facet normal 0 -0.92399 -0.382416
    outer loop
      vertex 31.6 14.2643 6.74078
      vertex 33.2 14.1593 6.99448
      vertex 31.6 14.1593 6.99448
    endloop
  endfacet
  facet normal 0 -0.92399 -0.382416
    outer loop
      vertex 33.2 14.1593 6.99448
      vertex 31.6 14.2643 6.74078
      vertex 33.2 14.2643 6.74078
    endloop
  endfacet
  facet normal 0 -0.649465 -0.760392
    outer loop
      vertex 31.6 13.6286 7.61578
      vertex 33.2 13.8374 7.43744
      vertex 33.2 13.6286 7.61578
    endloop
  endfacet
  facet normal -0 -0.649465 -0.760392
    outer loop
      vertex 33.2 13.8374 7.43744
      vertex 31.6 13.6286 7.61578
      vertex 31.6 13.8374 7.43744
    endloop
  endfacet
  facet normal 0 0.972292 -0.23377
    outer loop
      vertex 33.2 10.8715 6.47376
      vertex 31.6 10.9357 6.74078
      vertex 33.2 10.9357 6.74078
    endloop
  endfacet
  facet normal 0 0.972292 -0.23377
    outer loop
      vertex 31.6 10.9357 6.74078
      vertex 33.2 10.8715 6.47376
      vertex 31.6 10.8715 6.47376
    endloop
  endfacet
  facet normal 0 -0.99693 0.0782949
    outer loop
      vertex 31.6 14.3285 5.92624
      vertex 33.2 14.35 6.2
      vertex 31.6 14.35 6.2
    endloop
  endfacet
  facet normal 0 -0.99693 0.0782949
    outer loop
      vertex 33.2 14.35 6.2
      vertex 31.6 14.3285 5.92624
      vertex 33.2 14.3285 5.92624
    endloop
  endfacet
  facet normal 0 -0.233442 -0.972371
    outer loop
      vertex 31.6 12.8738 7.92845
      vertex 33.2 13.1408 7.86435
      vertex 33.2 12.8738 7.92845
    endloop
  endfacet
  facet normal -0 -0.233442 -0.972371
    outer loop
      vertex 33.2 13.1408 7.86435
      vertex 31.6 12.8738 7.92845
      vertex 31.6 13.1408 7.86435
    endloop
  endfacet
  facet normal 0 -0.382696 -0.923874
    outer loop
      vertex 31.6 13.1408 7.86435
      vertex 33.2 13.3945 7.75926
      vertex 33.2 13.1408 7.86435
    endloop
  endfacet
  facet normal -0 -0.382696 -0.923874
    outer loop
      vertex 33.2 13.3945 7.75926
      vertex 31.6 13.1408 7.86435
      vertex 31.6 13.3945 7.75926
    endloop
  endfacet
  facet normal 0 0.92399 -0.382416
    outer loop
      vertex 33.2 10.9357 6.74078
      vertex 31.6 11.0407 6.99448
      vertex 33.2 11.0407 6.99448
    endloop
  endfacet
  facet normal 0 0.92399 -0.382416
    outer loop
      vertex 31.6 11.0407 6.99448
      vertex 33.2 10.9357 6.74078
      vertex 31.6 10.9357 6.74078
    endloop
  endfacet
  facet normal 0 0.99693 0.0782949
    outer loop
      vertex 33.2 10.8715 5.92624
      vertex 31.6 10.85 6.2
      vertex 33.2 10.85 6.2
    endloop
  endfacet
  facet normal 0 0.99693 0.0782949
    outer loop
      vertex 31.6 10.85 6.2
      vertex 33.2 10.8715 5.92624
      vertex 31.6 10.8715 5.92624
    endloop
  endfacet
  facet normal 0 0.760314 -0.649555
    outer loop
      vertex 33.2 11.1842 7.22862
      vertex 31.6 11.3626 7.43744
      vertex 33.2 11.3626 7.43744
    endloop
  endfacet
  facet normal 0 0.760314 -0.649555
    outer loop
      vertex 31.6 11.3626 7.43744
      vertex 33.2 11.1842 7.22862
      vertex 31.6 11.1842 7.22862
    endloop
  endfacet
  facet normal 0 0.85261 -0.522548
    outer loop
      vertex 33.2 11.0407 6.99448
      vertex 31.6 11.1842 7.22862
      vertex 33.2 11.1842 7.22862
    endloop
  endfacet
  facet normal 0 0.85261 -0.522548
    outer loop
      vertex 31.6 11.1842 7.22862
      vertex 33.2 11.0407 6.99448
      vertex 31.6 11.0407 6.99448
    endloop
  endfacet
  facet normal 0.233442 0.972371 -0
    outer loop
      vertex 5.79529 7.23988 1.2
      vertex 5.45198 7.3223 11.2
      vertex 5.79529 7.23988 11.2
    endloop
  endfacet
  facet normal 0.233442 0.972371 0
    outer loop
      vertex 5.45198 7.3223 11.2
      vertex 5.79529 7.23988 1.2
      vertex 5.45198 7.3223 1.2
    endloop
  endfacet
  facet normal 0.760399 -0.649456 0
    outer loop
      vertex 6.69099 3.50901 11.2
      vertex 6.92029 3.77748 1.2
      vertex 6.92029 3.77748 11.2
    endloop
  endfacet
  facet normal 0.760399 -0.649456 0
    outer loop
      vertex 6.92029 3.77748 1.2
      vertex 6.69099 3.50901 11.2
      vertex 6.69099 3.50901 1.2
    endloop
  endfacet
  facet normal 0.972371 0.233442 0
    outer loop
      vertex 7.3223 5.45198 11.2
      vertex 7.23988 5.79529 1.2
      vertex 7.23988 5.79529 11.2
    endloop
  endfacet
  facet normal 0.972371 0.233442 0
    outer loop
      vertex 7.23988 5.79529 1.2
      vertex 7.3223 5.45198 11.2
      vertex 7.3223 5.45198 1.2
    endloop
  endfacet
  facet normal -0.649456 0.760399 0
    outer loop
      vertex 3.77748 6.92029 1.2
      vertex 3.50901 6.69099 11.2
      vertex 3.77748 6.92029 11.2
    endloop
  endfacet
  facet normal -0.649456 0.760399 0
    outer loop
      vertex 3.50901 6.69099 11.2
      vertex 3.77748 6.92029 1.2
      vertex 3.50901 6.69099 1.2
    endloop
  endfacet
  facet normal 0.85265 0.522483 0
    outer loop
      vertex 7.10476 6.12148 11.2
      vertex 6.92029 6.42252 1.2
      vertex 6.92029 6.42252 11.2
    endloop
  endfacet
  facet normal 0.85265 0.522483 0
    outer loop
      vertex 6.92029 6.42252 1.2
      vertex 7.10476 6.12148 11.2
      vertex 7.10476 6.12148 1.2
    endloop
  endfacet
  facet normal 0.85265 -0.522483 0
    outer loop
      vertex 6.92029 3.77748 11.2
      vertex 7.10476 4.07852 1.2
      vertex 7.10476 4.07852 11.2
    endloop
  endfacet
  facet normal 0.85265 -0.522483 0
    outer loop
      vertex 7.10476 4.07852 1.2
      vertex 6.92029 3.77748 11.2
      vertex 6.92029 3.77748 1.2
    endloop
  endfacet
  facet normal 0.0784551 -0.996918 0
    outer loop
      vertex 5.1 2.85 1.2
      vertex 5.45198 2.8777 11.2
      vertex 5.1 2.85 11.2
    endloop
  endfacet
  facet normal 0.0784551 -0.996918 0
    outer loop
      vertex 5.45198 2.8777 11.2
      vertex 5.1 2.85 1.2
      vertex 5.45198 2.8777 1.2
    endloop
  endfacet
  facet normal -0.996918 -0.0784551 0
    outer loop
      vertex 2.8777 4.74802 1.2
      vertex 2.85 5.1 11.2
      vertex 2.85 5.1 1.2
    endloop
  endfacet
  facet normal -0.996918 -0.0784551 0
    outer loop
      vertex 2.85 5.1 11.2
      vertex 2.8777 4.74802 1.2
      vertex 2.8777 4.74802 11.2
    endloop
  endfacet
  facet normal -0.382678 -0.923882 0
    outer loop
      vertex 4.07852 3.09523 1.2
      vertex 4.40471 2.96012 11.2
      vertex 4.07852 3.09523 11.2
    endloop
  endfacet
  facet normal -0.382678 -0.923882 -0
    outer loop
      vertex 4.40471 2.96012 11.2
      vertex 4.07852 3.09523 1.2
      vertex 4.40471 2.96012 1.2
    endloop
  endfacet
  facet normal 0.649456 -0.760399 0
    outer loop
      vertex 6.42252 3.27971 1.2
      vertex 6.69099 3.50901 11.2
      vertex 6.42252 3.27971 11.2
    endloop
  endfacet
  facet normal 0.649456 -0.760399 0
    outer loop
      vertex 6.69099 3.50901 11.2
      vertex 6.42252 3.27971 1.2
      vertex 6.69099 3.50901 1.2
    endloop
  endfacet
  facet normal -0.0784551 -0.996918 0
    outer loop
      vertex 4.74802 2.8777 1.2
      vertex 5.1 2.85 11.2
      vertex 4.74802 2.8777 11.2
    endloop
  endfacet
  facet normal -0.0784551 -0.996918 -0
    outer loop
      vertex 5.1 2.85 11.2
      vertex 4.74802 2.8777 1.2
      vertex 5.1 2.85 1.2
    endloop
  endfacet
  facet normal 0.996918 0.0784551 0
    outer loop
      vertex 7.35 5.1 11.2
      vertex 7.3223 5.45198 1.2
      vertex 7.3223 5.45198 11.2
    endloop
  endfacet
  facet normal 0.996918 0.0784551 0
    outer loop
      vertex 7.3223 5.45198 1.2
      vertex 7.35 5.1 11.2
      vertex 7.35 5.1 1.2
    endloop
  endfacet
  facet normal -0.972371 0.233442 0
    outer loop
      vertex 2.8777 5.45198 1.2
      vertex 2.96012 5.79529 11.2
      vertex 2.96012 5.79529 1.2
    endloop
  endfacet
  facet normal -0.972371 0.233442 0
    outer loop
      vertex 2.96012 5.79529 11.2
      vertex 2.8777 5.45198 1.2
      vertex 2.8777 5.45198 11.2
    endloop
  endfacet
  facet normal 0.0784551 0.996918 -0
    outer loop
      vertex 5.45198 7.3223 1.2
      vertex 5.1 7.35 11.2
      vertex 5.45198 7.3223 11.2
    endloop
  endfacet
  facet normal 0.0784551 0.996918 0
    outer loop
      vertex 5.1 7.35 11.2
      vertex 5.45198 7.3223 1.2
      vertex 5.1 7.35 1.2
    endloop
  endfacet
  facet normal -0.649456 -0.760399 0
    outer loop
      vertex 3.50901 3.50901 1.2
      vertex 3.77748 3.27971 11.2
      vertex 3.50901 3.50901 11.2
    endloop
  endfacet
  facet normal -0.649456 -0.760399 -0
    outer loop
      vertex 3.77748 3.27971 11.2
      vertex 3.50901 3.50901 1.2
      vertex 3.77748 3.27971 1.2
    endloop
  endfacet
  facet normal 0.382702 0.923872 -0
    outer loop
      vertex 6.12148 7.10476 1.2
      vertex 5.79529 7.23988 11.2
      vertex 6.12148 7.10476 11.2
    endloop
  endfacet
  facet normal 0.382702 0.923872 0
    outer loop
      vertex 5.79529 7.23988 11.2
      vertex 6.12148 7.10476 1.2
      vertex 5.79529 7.23988 1.2
    endloop
  endfacet
  facet normal -0.382702 0.923872 0
    outer loop
      vertex 4.40471 7.23988 1.2
      vertex 4.07852 7.10476 11.2
      vertex 4.40471 7.23988 11.2
    endloop
  endfacet
  facet normal -0.382702 0.923872 0
    outer loop
      vertex 4.07852 7.10476 11.2
      vertex 4.40471 7.23988 1.2
      vertex 4.07852 7.10476 1.2
    endloop
  endfacet
  facet normal 0.923872 -0.382702 0
    outer loop
      vertex 7.10476 4.07852 11.2
      vertex 7.23988 4.40471 1.2
      vertex 7.23988 4.40471 11.2
    endloop
  endfacet
  facet normal 0.923872 -0.382702 0
    outer loop
      vertex 7.23988 4.40471 1.2
      vertex 7.10476 4.07852 11.2
      vertex 7.10476 4.07852 1.2
    endloop
  endfacet
  facet normal 0.996918 -0.0784551 0
    outer loop
      vertex 7.3223 4.74802 11.2
      vertex 7.35 5.1 1.2
      vertex 7.35 5.1 11.2
    endloop
  endfacet
  facet normal 0.996918 -0.0784551 0
    outer loop
      vertex 7.35 5.1 1.2
      vertex 7.3223 4.74802 11.2
      vertex 7.3223 4.74802 1.2
    endloop
  endfacet
  facet normal 0.649456 0.760399 -0
    outer loop
      vertex 6.69099 6.69099 1.2
      vertex 6.42252 6.92029 11.2
      vertex 6.69099 6.69099 11.2
    endloop
  endfacet
  facet normal 0.649456 0.760399 0
    outer loop
      vertex 6.42252 6.92029 11.2
      vertex 6.69099 6.69099 1.2
      vertex 6.42252 6.92029 1.2
    endloop
  endfacet
  facet normal -0.760399 0.649456 0
    outer loop
      vertex 3.27971 6.42252 1.2
      vertex 3.50901 6.69099 11.2
      vertex 3.50901 6.69099 1.2
    endloop
  endfacet
  facet normal -0.760399 0.649456 0
    outer loop
      vertex 3.50901 6.69099 11.2
      vertex 3.27971 6.42252 1.2
      vertex 3.27971 6.42252 11.2
    endloop
  endfacet
  facet normal 0.382678 -0.923882 0
    outer loop
      vertex 5.79529 2.96012 1.2
      vertex 6.12148 3.09523 11.2
      vertex 5.79529 2.96012 11.2
    endloop
  endfacet
  facet normal 0.382678 -0.923882 0
    outer loop
      vertex 6.12148 3.09523 11.2
      vertex 5.79529 2.96012 1.2
      vertex 6.12148 3.09523 1.2
    endloop
  endfacet
  facet normal -0.233442 -0.972371 0
    outer loop
      vertex 4.40471 2.96012 1.2
      vertex 4.74802 2.8777 11.2
      vertex 4.40471 2.96012 11.2
    endloop
  endfacet
  facet normal -0.233442 -0.972371 -0
    outer loop
      vertex 4.74802 2.8777 11.2
      vertex 4.40471 2.96012 1.2
      vertex 4.74802 2.8777 1.2
    endloop
  endfacet
  facet normal 0.760399 0.649456 0
    outer loop
      vertex 6.92029 6.42252 11.2
      vertex 6.69099 6.69099 1.2
      vertex 6.69099 6.69099 11.2
    endloop
  endfacet
  facet normal 0.760399 0.649456 0
    outer loop
      vertex 6.69099 6.69099 1.2
      vertex 6.92029 6.42252 11.2
      vertex 6.92029 6.42252 1.2
    endloop
  endfacet
  facet normal 0.522483 0.85265 -0
    outer loop
      vertex 6.42252 6.92029 1.2
      vertex 6.12148 7.10476 11.2
      vertex 6.42252 6.92029 11.2
    endloop
  endfacet
  facet normal 0.522483 0.85265 0
    outer loop
      vertex 6.12148 7.10476 11.2
      vertex 6.42252 6.92029 1.2
      vertex 6.12148 7.10476 1.2
    endloop
  endfacet
  facet normal -0.996918 0.0784551 0
    outer loop
      vertex 2.85 5.1 1.2
      vertex 2.8777 5.45198 11.2
      vertex 2.8777 5.45198 1.2
    endloop
  endfacet
  facet normal -0.996918 0.0784551 0
    outer loop
      vertex 2.8777 5.45198 11.2
      vertex 2.85 5.1 1.2
      vertex 2.85 5.1 11.2
    endloop
  endfacet
  facet normal 0 0 1
    outer loop
      vertex 5.95 5.1 11.2
      vertex 7.35 5.1 11.2
      vertex 7.3223 5.45198 11.2
    endloop
  endfacet
  facet normal 0 0 1
    outer loop
      vertex 5.93953 5.23297 11.2
      vertex 7.3223 5.45198 11.2
      vertex 7.23988 5.79529 11.2
    endloop
  endfacet
  facet normal 0 0 1
    outer loop
      vertex 7.35 5.1 11.2
      vertex 5.95 5.1 11.2
      vertex 7.3223 4.74802 11.2
    endloop
  endfacet
  facet normal 0 0 1
    outer loop
      vertex 5.9084 5.36266 11.2
      vertex 7.23988 5.79529 11.2
      vertex 7.10476 6.12148 11.2
    endloop
  endfacet
  facet normal -0 0 1
    outer loop
      vertex 5.93953 4.96703 11.2
      vertex 7.3223 4.74802 11.2
      vertex 5.95 5.1 11.2
    endloop
  endfacet
  facet normal 0 0 1
    outer loop
      vertex 5.85736 5.48589 11.2
      vertex 7.10476 6.12148 11.2
      vertex 6.92029 6.42252 11.2
    endloop
  endfacet
  facet normal 0 0 1
    outer loop
      vertex 7.3223 4.74802 11.2
      vertex 5.93953 4.96703 11.2
      vertex 7.23988 4.40471 11.2
    endloop
  endfacet
  facet normal 0 0 1
    outer loop
      vertex 5.78766 5.59962 11.2
      vertex 6.92029 6.42252 11.2
      vertex 6.69099 6.69099 11.2
    endloop
  endfacet
  facet normal -0 0 1
    outer loop
      vertex 5.9084 4.83733 11.2
      vertex 7.23988 4.40471 11.2
      vertex 5.93953 4.96703 11.2
    endloop
  endfacet
  facet normal 0 0 1
    outer loop
      vertex 5.70104 5.70104 11.2
      vertex 6.69099 6.69099 11.2
      vertex 6.42252 6.92029 11.2
    endloop
  endfacet
  facet normal 0 0 1
    outer loop
      vertex 7.23988 4.40471 11.2
      vertex 5.9084 4.83733 11.2
      vertex 7.10476 4.07852 11.2
    endloop
  endfacet
  facet normal 0 0 1
    outer loop
      vertex 5.59962 5.78766 11.2
      vertex 6.42252 6.92029 11.2
      vertex 6.12148 7.10476 11.2
    endloop
  endfacet
  facet normal -0 0 1
    outer loop
      vertex 5.85736 4.71411 11.2
      vertex 7.10476 4.07852 11.2
      vertex 5.9084 4.83733 11.2
    endloop
  endfacet
  facet normal 0 0 1
    outer loop
      vertex 7.10476 4.07852 11.2
      vertex 5.85736 4.71411 11.2
      vertex 6.92029 3.77748 11.2
    endloop
  endfacet
  facet normal 0 0 1
    outer loop
      vertex 7.3223 5.45198 11.2
      vertex 5.93953 5.23297 11.2
      vertex 5.95 5.1 11.2
    endloop
  endfacet
  facet normal 0 0 1
    outer loop
      vertex 7.23988 5.79529 11.2
      vertex 5.9084 5.36266 11.2
      vertex 5.93953 5.23297 11.2
    endloop
  endfacet
  facet normal 0 0 1
    outer loop
      vertex 7.10476 6.12148 11.2
      vertex 5.85736 5.48589 11.2
      vertex 5.9084 5.36266 11.2
    endloop
  endfacet
  facet normal 0 0 1
    outer loop
      vertex 5.48589 5.85736 11.2
      vertex 6.12148 7.10476 11.2
      vertex 5.79529 7.23988 11.2
    endloop
  endfacet
  facet normal 0 0 1
    outer loop
      vertex 6.92029 6.42252 11.2
      vertex 5.78766 5.59962 11.2
      vertex 5.85736 5.48589 11.2
    endloop
  endfacet
  facet normal 0 0 1
    outer loop
      vertex 6.69099 6.69099 11.2
      vertex 5.70104 5.70104 11.2
      vertex 5.78766 5.59962 11.2
    endloop
  endfacet
  facet normal 0 0 1
    outer loop
      vertex 6.42252 6.92029 11.2
      vertex 5.59962 5.78766 11.2
      vertex 5.70104 5.70104 11.2
    endloop
  endfacet
  facet normal 0 0 1
    outer loop
      vertex 6.12148 7.10476 11.2
      vertex 5.48589 5.85736 11.2
      vertex 5.59962 5.78766 11.2
    endloop
  endfacet
  facet normal 0 0 1
    outer loop
      vertex 5.36266 5.9084 11.2
      vertex 5.79529 7.23988 11.2
      vertex 5.45198 7.3223 11.2
    endloop
  endfacet
  facet normal 0 0 1
    outer loop
      vertex 5.79529 7.23988 11.2
      vertex 5.36266 5.9084 11.2
      vertex 5.48589 5.85736 11.2
    endloop
  endfacet
  facet normal 0 0 1
    outer loop
      vertex 5.45198 7.3223 11.2
      vertex 5.23297 5.93953 11.2
      vertex 5.36266 5.9084 11.2
    endloop
  endfacet
  facet normal 0 0 1
    outer loop
      vertex 5.1 7.35 11.2
      vertex 5.23297 5.93953 11.2
      vertex 5.45198 7.3223 11.2
    endloop
  endfacet
  facet normal 0 0 1
    outer loop
      vertex 5.1 7.35 11.2
      vertex 5.1 5.95 11.2
      vertex 5.23297 5.93953 11.2
    endloop
  endfacet
  facet normal 0 0 1
    outer loop
      vertex 5.1 7.35 11.2
      vertex 4.96703 5.93953 11.2
      vertex 5.1 5.95 11.2
    endloop
  endfacet
  facet normal -0 0 1
    outer loop
      vertex 4.74802 7.3223 11.2
      vertex 4.96703 5.93953 11.2
      vertex 5.1 7.35 11.2
    endloop
  endfacet
  facet normal 0 0 1
    outer loop
      vertex 4.96703 5.93953 11.2
      vertex 4.74802 7.3223 11.2
      vertex 4.83733 5.9084 11.2
    endloop
  endfacet
  facet normal -0 0 1
    outer loop
      vertex 4.40471 7.23988 11.2
      vertex 4.83733 5.9084 11.2
      vertex 4.74802 7.3223 11.2
    endloop
  endfacet
  facet normal 0 0 1
    outer loop
      vertex 4.83733 5.9084 11.2
      vertex 4.40471 7.23988 11.2
      vertex 4.71411 5.85736 11.2
    endloop
  endfacet
  facet normal -0 0 1
    outer loop
      vertex 4.07852 7.10476 11.2
      vertex 4.71411 5.85736 11.2
      vertex 4.40471 7.23988 11.2
    endloop
  endfacet
  facet normal 0 0 1
    outer loop
      vertex 4.71411 5.85736 11.2
      vertex 4.07852 7.10476 11.2
      vertex 4.60038 5.78766 11.2
    endloop
  endfacet
  facet normal -0 0 1
    outer loop
      vertex 3.77748 6.92029 11.2
      vertex 4.60038 5.78766 11.2
      vertex 4.07852 7.10476 11.2
    endloop
  endfacet
  facet normal 0 0 1
    outer loop
      vertex 4.60038 5.78766 11.2
      vertex 3.77748 6.92029 11.2
      vertex 4.49896 5.70104 11.2
    endloop
  endfacet
  facet normal -0 0 1
    outer loop
      vertex 3.50901 6.69099 11.2
      vertex 4.49896 5.70104 11.2
      vertex 3.77748 6.92029 11.2
    endloop
  endfacet
  facet normal 0 0 1
    outer loop
      vertex 4.49896 5.70104 11.2
      vertex 3.50901 6.69099 11.2
      vertex 4.41234 5.59962 11.2
    endloop
  endfacet
  facet normal -0 0 1
    outer loop
      vertex 3.27971 6.42252 11.2
      vertex 4.41234 5.59962 11.2
      vertex 3.50901 6.69099 11.2
    endloop
  endfacet
  facet normal 0 0 1
    outer loop
      vertex 4.41234 5.59962 11.2
      vertex 3.27971 6.42252 11.2
      vertex 4.34264 5.48589 11.2
    endloop
  endfacet
  facet normal -0 0 1
    outer loop
      vertex 5.78766 4.60038 11.2
      vertex 6.92029 3.77748 11.2
      vertex 5.85736 4.71411 11.2
    endloop
  endfacet
  facet normal 0 0 1
    outer loop
      vertex 6.92029 3.77748 11.2
      vertex 5.78766 4.60038 11.2
      vertex 6.69099 3.50901 11.2
    endloop
  endfacet
  facet normal -0 0 1
    outer loop
      vertex 5.70104 4.49896 11.2
      vertex 6.69099 3.50901 11.2
      vertex 5.78766 4.60038 11.2
    endloop
  endfacet
  facet normal 0 0 1
    outer loop
      vertex 6.69099 3.50901 11.2
      vertex 5.70104 4.49896 11.2
      vertex 6.42252 3.27971 11.2
    endloop
  endfacet
  facet normal -0 0 1
    outer loop
      vertex 5.59962 4.41234 11.2
      vertex 6.42252 3.27971 11.2
      vertex 5.70104 4.49896 11.2
    endloop
  endfacet
  facet normal 0 0 1
    outer loop
      vertex 6.42252 3.27971 11.2
      vertex 5.59962 4.41234 11.2
      vertex 6.12148 3.09523 11.2
    endloop
  endfacet
  facet normal -0 0 1
    outer loop
      vertex 5.48589 4.34264 11.2
      vertex 6.12148 3.09523 11.2
      vertex 5.59962 4.41234 11.2
    endloop
  endfacet
  facet normal 0 0 1
    outer loop
      vertex 6.12148 3.09523 11.2
      vertex 5.48589 4.34264 11.2
      vertex 5.79529 2.96012 11.2
    endloop
  endfacet
  facet normal -0 0 1
    outer loop
      vertex 5.36266 4.2916 11.2
      vertex 5.79529 2.96012 11.2
      vertex 5.48589 4.34264 11.2
    endloop
  endfacet
  facet normal 0 0 1
    outer loop
      vertex 5.79529 2.96012 11.2
      vertex 5.36266 4.2916 11.2
      vertex 5.45198 2.8777 11.2
    endloop
  endfacet
  facet normal -0 0 1
    outer loop
      vertex 5.23297 4.26046 11.2
      vertex 5.45198 2.8777 11.2
      vertex 5.36266 4.2916 11.2
    endloop
  endfacet
  facet normal -0 0 1
    outer loop
      vertex 5.1 4.25 11.2
      vertex 5.45198 2.8777 11.2
      vertex 5.23297 4.26046 11.2
    endloop
  endfacet
  facet normal 0 0 1
    outer loop
      vertex 5.1 4.25 11.2
      vertex 5.1 2.85 11.2
      vertex 5.45198 2.8777 11.2
    endloop
  endfacet
  facet normal 0 0 1
    outer loop
      vertex 4.96703 4.26046 11.2
      vertex 5.1 2.85 11.2
      vertex 5.1 4.25 11.2
    endloop
  endfacet
  facet normal 0 0 1
    outer loop
      vertex 4.74802 2.8777 11.2
      vertex 4.96703 4.26046 11.2
      vertex 4.83733 4.2916 11.2
    endloop
  endfacet
  facet normal 0 0 1
    outer loop
      vertex 4.96703 4.26046 11.2
      vertex 4.74802 2.8777 11.2
      vertex 5.1 2.85 11.2
    endloop
  endfacet
  facet normal 0 0 1
    outer loop
      vertex 4.40471 2.96012 11.2
      vertex 4.83733 4.2916 11.2
      vertex 4.71411 4.34264 11.2
    endloop
  endfacet
  facet normal 0 0 1
    outer loop
      vertex 4.07852 3.09523 11.2
      vertex 4.71411 4.34264 11.2
      vertex 4.60038 4.41234 11.2
    endloop
  endfacet
  facet normal 0 0 1
    outer loop
      vertex 3.77748 3.27971 11.2
      vertex 4.60038 4.41234 11.2
      vertex 4.49896 4.49896 11.2
    endloop
  endfacet
  facet normal 0 0 1
    outer loop
      vertex 3.50901 3.50901 11.2
      vertex 4.49896 4.49896 11.2
      vertex 4.41234 4.60038 11.2
    endloop
  endfacet
  facet normal 0 0 1
    outer loop
      vertex 4.83733 4.2916 11.2
      vertex 4.40471 2.96012 11.2
      vertex 4.74802 2.8777 11.2
    endloop
  endfacet
  facet normal 0 0 1
    outer loop
      vertex 3.27971 3.77748 11.2
      vertex 4.41234 4.60038 11.2
      vertex 4.34264 4.71411 11.2
    endloop
  endfacet
  facet normal 0 0 1
    outer loop
      vertex 3.09523 4.07852 11.2
      vertex 4.34264 4.71411 11.2
      vertex 4.2916 4.83733 11.2
    endloop
  endfacet
  facet normal 0 0 1
    outer loop
      vertex 2.96012 4.40471 11.2
      vertex 4.2916 4.83733 11.2
      vertex 4.26046 4.96703 11.2
    endloop
  endfacet
  facet normal 0 0 1
    outer loop
      vertex 2.8777 4.74802 11.2
      vertex 4.26046 4.96703 11.2
      vertex 4.25 5.1 11.2
    endloop
  endfacet
  facet normal -0 0 1
    outer loop
      vertex 3.09523 6.12148 11.2
      vertex 4.34264 5.48589 11.2
      vertex 3.27971 6.42252 11.2
    endloop
  endfacet
  facet normal 0 0 1
    outer loop
      vertex 4.71411 4.34264 11.2
      vertex 4.07852 3.09523 11.2
      vertex 4.40471 2.96012 11.2
    endloop
  endfacet
  facet normal 0 0 1
    outer loop
      vertex 4.34264 5.48589 11.2
      vertex 3.09523 6.12148 11.2
      vertex 4.2916 5.36266 11.2
    endloop
  endfacet
  facet normal 0 0 1
    outer loop
      vertex 4.60038 4.41234 11.2
      vertex 3.77748 3.27971 11.2
      vertex 4.07852 3.09523 11.2
    endloop
  endfacet
  facet normal -0 0 1
    outer loop
      vertex 2.96012 5.79529 11.2
      vertex 4.2916 5.36266 11.2
      vertex 3.09523 6.12148 11.2
    endloop
  endfacet
  facet normal 0 0 1
    outer loop
      vertex 4.49896 4.49896 11.2
      vertex 3.50901 3.50901 11.2
      vertex 3.77748 3.27971 11.2
    endloop
  endfacet
  facet normal 0 0 1
    outer loop
      vertex 4.2916 5.36266 11.2
      vertex 2.96012 5.79529 11.2
      vertex 4.26046 5.23297 11.2
    endloop
  endfacet
  facet normal 0 0 1
    outer loop
      vertex 4.41234 4.60038 11.2
      vertex 3.27971 3.77748 11.2
      vertex 3.50901 3.50901 11.2
    endloop
  endfacet
  facet normal -0 0 1
    outer loop
      vertex 2.8777 5.45198 11.2
      vertex 4.26046 5.23297 11.2
      vertex 2.96012 5.79529 11.2
    endloop
  endfacet
  facet normal 0 0 1
    outer loop
      vertex 4.34264 4.71411 11.2
      vertex 3.09523 4.07852 11.2
      vertex 3.27971 3.77748 11.2
    endloop
  endfacet
  facet normal 0 0 1
    outer loop
      vertex 4.26046 5.23297 11.2
      vertex 2.8777 5.45198 11.2
      vertex 4.25 5.1 11.2
    endloop
  endfacet
  facet normal 0 0 1
    outer loop
      vertex 4.2916 4.83733 11.2
      vertex 2.96012 4.40471 11.2
      vertex 3.09523 4.07852 11.2
    endloop
  endfacet
  facet normal 0 0 1
    outer loop
      vertex 2.85 5.1 11.2
      vertex 4.25 5.1 11.2
      vertex 2.8777 5.45198 11.2
    endloop
  endfacet
  facet normal 0 0 1
    outer loop
      vertex 4.26046 4.96703 11.2
      vertex 2.8777 4.74802 11.2
      vertex 2.96012 4.40471 11.2
    endloop
  endfacet
  facet normal 0 0 1
    outer loop
      vertex 4.25 5.1 11.2
      vertex 2.85 5.1 11.2
      vertex 2.8777 4.74802 11.2
    endloop
  endfacet
  facet normal -0.923882 -0.382678 0
    outer loop
      vertex 3.09523 4.07852 1.2
      vertex 2.96012 4.40471 11.2
      vertex 2.96012 4.40471 1.2
    endloop
  endfacet
  facet normal -0.923882 -0.382678 0
    outer loop
      vertex 2.96012 4.40471 11.2
      vertex 3.09523 4.07852 1.2
      vertex 3.09523 4.07852 11.2
    endloop
  endfacet
  facet normal -0.522504 -0.852637 0
    outer loop
      vertex 3.77748 3.27971 1.2
      vertex 4.07852 3.09523 11.2
      vertex 3.77748 3.27971 11.2
    endloop
  endfacet
  facet normal -0.522504 -0.852637 -0
    outer loop
      vertex 4.07852 3.09523 11.2
      vertex 3.77748 3.27971 1.2
      vertex 4.07852 3.09523 1.2
    endloop
  endfacet
  facet normal 0.522504 -0.852637 0
    outer loop
      vertex 6.12148 3.09523 1.2
      vertex 6.42252 3.27971 11.2
      vertex 6.12148 3.09523 11.2
    endloop
  endfacet
  facet normal 0.522504 -0.852637 0
    outer loop
      vertex 6.42252 3.27971 11.2
      vertex 6.12148 3.09523 1.2
      vertex 6.42252 3.27971 1.2
    endloop
  endfacet
  facet normal -0.522483 0.85265 0
    outer loop
      vertex 4.07852 7.10476 1.2
      vertex 3.77748 6.92029 11.2
      vertex 4.07852 7.10476 11.2
    endloop
  endfacet
  facet normal -0.522483 0.85265 0
    outer loop
      vertex 3.77748 6.92029 11.2
      vertex 4.07852 7.10476 1.2
      vertex 3.77748 6.92029 1.2
    endloop
  endfacet
  facet normal 0.923872 0.382702 0
    outer loop
      vertex 7.23988 5.79529 11.2
      vertex 7.10476 6.12148 1.2
      vertex 7.10476 6.12148 11.2
    endloop
  endfacet
  facet normal 0.923872 0.382702 0
    outer loop
      vertex 7.10476 6.12148 1.2
      vertex 7.23988 5.79529 11.2
      vertex 7.23988 5.79529 1.2
    endloop
  endfacet
  facet normal -0.852637 -0.522504 0
    outer loop
      vertex 3.27971 3.77748 1.2
      vertex 3.09523 4.07852 11.2
      vertex 3.09523 4.07852 1.2
    endloop
  endfacet
  facet normal -0.852637 -0.522504 0
    outer loop
      vertex 3.09523 4.07852 11.2
      vertex 3.27971 3.77748 1.2
      vertex 3.27971 3.77748 11.2
    endloop
  endfacet
  facet normal -0.760399 -0.649456 0
    outer loop
      vertex 3.50901 3.50901 1.2
      vertex 3.27971 3.77748 11.2
      vertex 3.27971 3.77748 1.2
    endloop
  endfacet
  facet normal -0.760399 -0.649456 0
    outer loop
      vertex 3.27971 3.77748 11.2
      vertex 3.50901 3.50901 1.2
      vertex 3.50901 3.50901 11.2
    endloop
  endfacet
  facet normal 0.233442 -0.972371 0
    outer loop
      vertex 5.45198 2.8777 1.2
      vertex 5.79529 2.96012 11.2
      vertex 5.45198 2.8777 11.2
    endloop
  endfacet
  facet normal 0.233442 -0.972371 0
    outer loop
      vertex 5.79529 2.96012 11.2
      vertex 5.45198 2.8777 1.2
      vertex 5.79529 2.96012 1.2
    endloop
  endfacet
  facet normal -0.233442 0.972371 0
    outer loop
      vertex 4.74802 7.3223 1.2
      vertex 4.40471 7.23988 11.2
      vertex 4.74802 7.3223 11.2
    endloop
  endfacet
  facet normal -0.233442 0.972371 0
    outer loop
      vertex 4.40471 7.23988 11.2
      vertex 4.74802 7.3223 1.2
      vertex 4.40471 7.23988 1.2
    endloop
  endfacet
  facet normal -0.972371 -0.233442 0
    outer loop
      vertex 2.96012 4.40471 1.2
      vertex 2.8777 4.74802 11.2
      vertex 2.8777 4.74802 1.2
    endloop
  endfacet
  facet normal -0.972371 -0.233442 0
    outer loop
      vertex 2.8777 4.74802 11.2
      vertex 2.96012 4.40471 1.2
      vertex 2.96012 4.40471 11.2
    endloop
  endfacet
  facet normal 0.972371 -0.233442 0
    outer loop
      vertex 7.23988 4.40471 11.2
      vertex 7.3223 4.74802 1.2
      vertex 7.3223 4.74802 11.2
    endloop
  endfacet
  facet normal 0.972371 -0.233442 0
    outer loop
      vertex 7.3223 4.74802 1.2
      vertex 7.23988 4.40471 11.2
      vertex 7.23988 4.40471 1.2
    endloop
  endfacet
  facet normal -0.0784551 0.996918 0
    outer loop
      vertex 5.1 7.35 1.2
      vertex 4.74802 7.3223 11.2
      vertex 5.1 7.35 11.2
    endloop
  endfacet
  facet normal -0.0784551 0.996918 0
    outer loop
      vertex 4.74802 7.3223 11.2
      vertex 5.1 7.35 1.2
      vertex 4.74802 7.3223 1.2
    endloop
  endfacet
  facet normal -0.852637 0.522504 0
    outer loop
      vertex 3.09523 6.12148 1.2
      vertex 3.27971 6.42252 11.2
      vertex 3.27971 6.42252 1.2
    endloop
  endfacet
  facet normal -0.852637 0.522504 0
    outer loop
      vertex 3.27971 6.42252 11.2
      vertex 3.09523 6.12148 1.2
      vertex 3.09523 6.12148 11.2
    endloop
  endfacet
  facet normal -0.923882 0.382678 0
    outer loop
      vertex 2.96012 5.79529 1.2
      vertex 3.09523 6.12148 11.2
      vertex 3.09523 6.12148 1.2
    endloop
  endfacet
  facet normal -0.923882 0.382678 0
    outer loop
      vertex 3.09523 6.12148 11.2
      vertex 2.96012 5.79529 1.2
      vertex 2.96012 5.79529 11.2
    endloop
  endfacet
  facet normal -0.233394 0.972382 0
    outer loop
      vertex 27.748 22.3223 1.2
      vertex 27.4047 22.2399 11.2
      vertex 27.748 22.3223 11.2
    endloop
  endfacet
  facet normal -0.233394 0.972382 0
    outer loop
      vertex 27.4047 22.2399 11.2
      vertex 27.748 22.3223 1.2
      vertex 27.4047 22.2399 1.2
    endloop
  endfacet
  facet normal 0.972382 0.233394 0
    outer loop
      vertex 30.3223 20.452 11.2
      vertex 30.2399 20.7953 1.2
      vertex 30.2399 20.7953 11.2
    endloop
  endfacet
  facet normal 0.972382 0.233394 0
    outer loop
      vertex 30.2399 20.7953 1.2
      vertex 30.3223 20.452 11.2
      vertex 30.3223 20.452 1.2
    endloop
  endfacet
  facet normal 0.996918 0.0784506 0
    outer loop
      vertex 30.35 20.1 11.2
      vertex 30.3223 20.452 1.2
      vertex 30.3223 20.452 11.2
    endloop
  endfacet
  facet normal 0.996918 0.0784506 0
    outer loop
      vertex 30.3223 20.452 1.2
      vertex 30.35 20.1 11.2
      vertex 30.35 20.1 1.2
    endloop
  endfacet
  facet normal -0.972382 0.233394 0
    outer loop
      vertex 25.8777 20.452 1.2
      vertex 25.9601 20.7953 11.2
      vertex 25.9601 20.7953 1.2
    endloop
  endfacet
  facet normal -0.972382 0.233394 0
    outer loop
      vertex 25.9601 20.7953 11.2
      vertex 25.8777 20.452 1.2
      vertex 25.8777 20.452 11.2
    endloop
  endfacet
  facet normal -0.760435 0.649414 0
    outer loop
      vertex 26.2797 21.4225 1.2
      vertex 26.509 21.691 11.2
      vertex 26.509 21.691 1.2
    endloop
  endfacet
  facet normal -0.760435 0.649414 0
    outer loop
      vertex 26.509 21.691 11.2
      vertex 26.2797 21.4225 1.2
      vertex 26.2797 21.4225 11.2
    endloop
  endfacet
  facet normal -0.0784506 0.996918 0
    outer loop
      vertex 28.1 22.35 1.2
      vertex 27.748 22.3223 11.2
      vertex 28.1 22.35 11.2
    endloop
  endfacet
  facet normal -0.0784506 0.996918 0
    outer loop
      vertex 27.748 22.3223 11.2
      vertex 28.1 22.35 1.2
      vertex 27.748 22.3223 1.2
    endloop
  endfacet
  facet normal 0.522595 -0.852581 0
    outer loop
      vertex 29.1215 18.0952 1.2
      vertex 29.4225 18.2797 11.2
      vertex 29.1215 18.0952 11.2
    endloop
  endfacet
  facet normal 0.522595 -0.852581 0
    outer loop
      vertex 29.4225 18.2797 11.2
      vertex 29.1215 18.0952 1.2
      vertex 29.4225 18.2797 1.2
    endloop
  endfacet
  facet normal 0.0784506 -0.996918 0
    outer loop
      vertex 28.1 17.85 1.2
      vertex 28.452 17.8777 11.2
      vertex 28.1 17.85 11.2
    endloop
  endfacet
  facet normal 0.0784506 -0.996918 0
    outer loop
      vertex 28.452 17.8777 11.2
      vertex 28.1 17.85 1.2
      vertex 28.452 17.8777 1.2
    endloop
  endfacet
  facet normal -0.996918 -0.0784506 0
    outer loop
      vertex 25.8777 19.748 1.2
      vertex 25.85 20.1 11.2
      vertex 25.85 20.1 1.2
    endloop
  endfacet
  facet normal -0.996918 -0.0784506 0
    outer loop
      vertex 25.85 20.1 11.2
      vertex 25.8777 19.748 1.2
      vertex 25.8777 19.748 11.2
    endloop
  endfacet
  facet normal 0.382644 -0.923896 0
    outer loop
      vertex 28.7953 17.9601 1.2
      vertex 29.1215 18.0952 11.2
      vertex 28.7953 17.9601 11.2
    endloop
  endfacet
  facet normal 0.382644 -0.923896 0
    outer loop
      vertex 29.1215 18.0952 11.2
      vertex 28.7953 17.9601 1.2
      vertex 29.1215 18.0952 1.2
    endloop
  endfacet
  facet normal -0.382644 0.923896 0
    outer loop
      vertex 27.4047 22.2399 1.2
      vertex 27.0785 22.1048 11.2
      vertex 27.4047 22.2399 11.2
    endloop
  endfacet
  facet normal -0.382644 0.923896 0
    outer loop
      vertex 27.0785 22.1048 11.2
      vertex 27.4047 22.2399 1.2
      vertex 27.0785 22.1048 1.2
    endloop
  endfacet
  facet normal 0.0784506 0.996918 -0
    outer loop
      vertex 28.452 22.3223 1.2
      vertex 28.1 22.35 11.2
      vertex 28.452 22.3223 11.2
    endloop
  endfacet
  facet normal 0.0784506 0.996918 0
    outer loop
      vertex 28.1 22.35 11.2
      vertex 28.452 22.3223 1.2
      vertex 28.1 22.35 1.2
    endloop
  endfacet
  facet normal -0.522595 0.852581 0
    outer loop
      vertex 27.0785 22.1048 1.2
      vertex 26.7775 21.9203 11.2
      vertex 27.0785 22.1048 11.2
    endloop
  endfacet
  facet normal -0.522595 0.852581 0
    outer loop
      vertex 26.7775 21.9203 11.2
      vertex 27.0785 22.1048 1.2
      vertex 26.7775 21.9203 1.2
    endloop
  endfacet
  facet normal 0.996918 -0.0784506 0
    outer loop
      vertex 30.3223 19.748 11.2
      vertex 30.35 20.1 1.2
      vertex 30.35 20.1 11.2
    endloop
  endfacet
  facet normal 0.996918 -0.0784506 0
    outer loop
      vertex 30.35 20.1 1.2
      vertex 30.3223 19.748 11.2
      vertex 30.3223 19.748 1.2
    endloop
  endfacet
  facet normal 0 0 1
    outer loop
      vertex 28.95 20.1 11.2
      vertex 30.35 20.1 11.2
      vertex 30.3223 20.452 11.2
    endloop
  endfacet
  facet normal 0 0 1
    outer loop
      vertex 28.9395 20.233 11.2
      vertex 30.3223 20.452 11.2
      vertex 30.2399 20.7953 11.2
    endloop
  endfacet
  facet normal 0 0 1
    outer loop
      vertex 30.35 20.1 11.2
      vertex 28.95 20.1 11.2
      vertex 30.3223 19.748 11.2
    endloop
  endfacet
  facet normal 0 0 1
    outer loop
      vertex 28.9084 20.3627 11.2
      vertex 30.2399 20.7953 11.2
      vertex 30.1048 21.1215 11.2
    endloop
  endfacet
  facet normal -0 0 1
    outer loop
      vertex 28.9395 19.967 11.2
      vertex 30.3223 19.748 11.2
      vertex 28.95 20.1 11.2
    endloop
  endfacet
  facet normal 0 0 1
    outer loop
      vertex 28.8574 20.4859 11.2
      vertex 30.1048 21.1215 11.2
      vertex 29.9203 21.4225 11.2
    endloop
  endfacet
  facet normal 0 0 1
    outer loop
      vertex 30.3223 19.748 11.2
      vertex 28.9395 19.967 11.2
      vertex 30.2399 19.4047 11.2
    endloop
  endfacet
  facet normal 0 0 1
    outer loop
      vertex 28.7877 20.5996 11.2
      vertex 29.9203 21.4225 11.2
      vertex 29.691 21.691 11.2
    endloop
  endfacet
  facet normal -0 0 1
    outer loop
      vertex 28.9084 19.8373 11.2
      vertex 30.2399 19.4047 11.2
      vertex 28.9395 19.967 11.2
    endloop
  endfacet
  facet normal 0 0 1
    outer loop
      vertex 28.701 20.701 11.2
      vertex 29.691 21.691 11.2
      vertex 29.4225 21.9203 11.2
    endloop
  endfacet
  facet normal 0 0 1
    outer loop
      vertex 30.2399 19.4047 11.2
      vertex 28.9084 19.8373 11.2
      vertex 30.1048 19.0785 11.2
    endloop
  endfacet
  facet normal 0 0 1
    outer loop
      vertex 28.5996 20.7877 11.2
      vertex 29.4225 21.9203 11.2
      vertex 29.1215 22.1048 11.2
    endloop
  endfacet
  facet normal -0 0 1
    outer loop
      vertex 28.8574 19.7141 11.2
      vertex 30.1048 19.0785 11.2
      vertex 28.9084 19.8373 11.2
    endloop
  endfacet
  facet normal 0 0 1
    outer loop
      vertex 30.1048 19.0785 11.2
      vertex 28.8574 19.7141 11.2
      vertex 29.9203 18.7775 11.2
    endloop
  endfacet
  facet normal 0 0 1
    outer loop
      vertex 30.3223 20.452 11.2
      vertex 28.9395 20.233 11.2
      vertex 28.95 20.1 11.2
    endloop
  endfacet
  facet normal 0 0 1
    outer loop
      vertex 30.2399 20.7953 11.2
      vertex 28.9084 20.3627 11.2
      vertex 28.9395 20.233 11.2
    endloop
  endfacet
  facet normal 0 0 1
    outer loop
      vertex 30.1048 21.1215 11.2
      vertex 28.8574 20.4859 11.2
      vertex 28.9084 20.3627 11.2
    endloop
  endfacet
  facet normal 0 0 1
    outer loop
      vertex 28.4859 20.8574 11.2
      vertex 29.1215 22.1048 11.2
      vertex 28.7953 22.2399 11.2
    endloop
  endfacet
  facet normal 0 0 1
    outer loop
      vertex 29.9203 21.4225 11.2
      vertex 28.7877 20.5996 11.2
      vertex 28.8574 20.4859 11.2
    endloop
  endfacet
  facet normal 0 0 1
    outer loop
      vertex 29.691 21.691 11.2
      vertex 28.701 20.701 11.2
      vertex 28.7877 20.5996 11.2
    endloop
  endfacet
  facet normal 0 0 1
    outer loop
      vertex 29.4225 21.9203 11.2
      vertex 28.5996 20.7877 11.2
      vertex 28.701 20.701 11.2
    endloop
  endfacet
  facet normal 0 0 1
    outer loop
      vertex 29.1215 22.1048 11.2
      vertex 28.4859 20.8574 11.2
      vertex 28.5996 20.7877 11.2
    endloop
  endfacet
  facet normal 0 0 1
    outer loop
      vertex 28.3627 20.9084 11.2
      vertex 28.7953 22.2399 11.2
      vertex 28.452 22.3223 11.2
    endloop
  endfacet
  facet normal 0 0 1
    outer loop
      vertex 28.7953 22.2399 11.2
      vertex 28.3627 20.9084 11.2
      vertex 28.4859 20.8574 11.2
    endloop
  endfacet
  facet normal 0 0 1
    outer loop
      vertex 28.452 22.3223 11.2
      vertex 28.233 20.9395 11.2
      vertex 28.3627 20.9084 11.2
    endloop
  endfacet
  facet normal 0 0 1
    outer loop
      vertex 28.1 22.35 11.2
      vertex 28.233 20.9395 11.2
      vertex 28.452 22.3223 11.2
    endloop
  endfacet
  facet normal 0 0 1
    outer loop
      vertex 28.1 22.35 11.2
      vertex 28.1 20.95 11.2
      vertex 28.233 20.9395 11.2
    endloop
  endfacet
  facet normal 0 0 1
    outer loop
      vertex 28.1 22.35 11.2
      vertex 27.967 20.9395 11.2
      vertex 28.1 20.95 11.2
    endloop
  endfacet
  facet normal -0 0 1
    outer loop
      vertex 27.748 22.3223 11.2
      vertex 27.967 20.9395 11.2
      vertex 28.1 22.35 11.2
    endloop
  endfacet
  facet normal 0 0 1
    outer loop
      vertex 27.967 20.9395 11.2
      vertex 27.748 22.3223 11.2
      vertex 27.8373 20.9084 11.2
    endloop
  endfacet
  facet normal -0 0 1
    outer loop
      vertex 27.4047 22.2399 11.2
      vertex 27.8373 20.9084 11.2
      vertex 27.748 22.3223 11.2
    endloop
  endfacet
  facet normal 0 0 1
    outer loop
      vertex 27.8373 20.9084 11.2
      vertex 27.4047 22.2399 11.2
      vertex 27.7141 20.8574 11.2
    endloop
  endfacet
  facet normal -0 0 1
    outer loop
      vertex 27.0785 22.1048 11.2
      vertex 27.7141 20.8574 11.2
      vertex 27.4047 22.2399 11.2
    endloop
  endfacet
  facet normal 0 0 1
    outer loop
      vertex 27.7141 20.8574 11.2
      vertex 27.0785 22.1048 11.2
      vertex 27.6004 20.7877 11.2
    endloop
  endfacet
  facet normal -0 0 1
    outer loop
      vertex 26.7775 21.9203 11.2
      vertex 27.6004 20.7877 11.2
      vertex 27.0785 22.1048 11.2
    endloop
  endfacet
  facet normal 0 0 1
    outer loop
      vertex 27.6004 20.7877 11.2
      vertex 26.7775 21.9203 11.2
      vertex 27.499 20.701 11.2
    endloop
  endfacet
  facet normal -0 0 1
    outer loop
      vertex 26.509 21.691 11.2
      vertex 27.499 20.701 11.2
      vertex 26.7775 21.9203 11.2
    endloop
  endfacet
  facet normal 0 0 1
    outer loop
      vertex 27.499 20.701 11.2
      vertex 26.509 21.691 11.2
      vertex 27.4123 20.5996 11.2
    endloop
  endfacet
  facet normal -0 0 1
    outer loop
      vertex 26.2797 21.4225 11.2
      vertex 27.4123 20.5996 11.2
      vertex 26.509 21.691 11.2
    endloop
  endfacet
  facet normal 0 0 1
    outer loop
      vertex 27.4123 20.5996 11.2
      vertex 26.2797 21.4225 11.2
      vertex 27.3426 20.4859 11.2
    endloop
  endfacet
  facet normal -0 0 1
    outer loop
      vertex 28.7877 19.6004 11.2
      vertex 29.9203 18.7775 11.2
      vertex 28.8574 19.7141 11.2
    endloop
  endfacet
  facet normal 0 0 1
    outer loop
      vertex 29.9203 18.7775 11.2
      vertex 28.7877 19.6004 11.2
      vertex 29.691 18.509 11.2
    endloop
  endfacet
  facet normal -0 0 1
    outer loop
      vertex 28.701 19.499 11.2
      vertex 29.691 18.509 11.2
      vertex 28.7877 19.6004 11.2
    endloop
  endfacet
  facet normal 0 0 1
    outer loop
      vertex 29.691 18.509 11.2
      vertex 28.701 19.499 11.2
      vertex 29.4225 18.2797 11.2
    endloop
  endfacet
  facet normal -0 0 1
    outer loop
      vertex 28.5996 19.4123 11.2
      vertex 29.4225 18.2797 11.2
      vertex 28.701 19.499 11.2
    endloop
  endfacet
  facet normal 0 0 1
    outer loop
      vertex 29.4225 18.2797 11.2
      vertex 28.5996 19.4123 11.2
      vertex 29.1215 18.0952 11.2
    endloop
  endfacet
  facet normal -0 0 1
    outer loop
      vertex 28.4859 19.3426 11.2
      vertex 29.1215 18.0952 11.2
      vertex 28.5996 19.4123 11.2
    endloop
  endfacet
  facet normal 0 0 1
    outer loop
      vertex 29.1215 18.0952 11.2
      vertex 28.4859 19.3426 11.2
      vertex 28.7953 17.9601 11.2
    endloop
  endfacet
  facet normal -0 0 1
    outer loop
      vertex 28.3627 19.2916 11.2
      vertex 28.7953 17.9601 11.2
      vertex 28.4859 19.3426 11.2
    endloop
  endfacet
  facet normal 0 0 1
    outer loop
      vertex 28.7953 17.9601 11.2
      vertex 28.3627 19.2916 11.2
      vertex 28.452 17.8777 11.2
    endloop
  endfacet
  facet normal -0 0 1
    outer loop
      vertex 28.233 19.2605 11.2
      vertex 28.452 17.8777 11.2
      vertex 28.3627 19.2916 11.2
    endloop
  endfacet
  facet normal -0 0 1
    outer loop
      vertex 28.1 19.25 11.2
      vertex 28.452 17.8777 11.2
      vertex 28.233 19.2605 11.2
    endloop
  endfacet
  facet normal 0 0 1
    outer loop
      vertex 28.1 19.25 11.2
      vertex 28.1 17.85 11.2
      vertex 28.452 17.8777 11.2
    endloop
  endfacet
  facet normal 0 0 1
    outer loop
      vertex 27.967 19.2605 11.2
      vertex 28.1 17.85 11.2
      vertex 28.1 19.25 11.2
    endloop
  endfacet
  facet normal 0 0 1
    outer loop
      vertex 27.748 17.8777 11.2
      vertex 27.967 19.2605 11.2
      vertex 27.8373 19.2916 11.2
    endloop
  endfacet
  facet normal 0 0 1
    outer loop
      vertex 27.967 19.2605 11.2
      vertex 27.748 17.8777 11.2
      vertex 28.1 17.85 11.2
    endloop
  endfacet
  facet normal 0 0 1
    outer loop
      vertex 27.4047 17.9601 11.2
      vertex 27.8373 19.2916 11.2
      vertex 27.7141 19.3426 11.2
    endloop
  endfacet
  facet normal 0 0 1
    outer loop
      vertex 27.0785 18.0952 11.2
      vertex 27.7141 19.3426 11.2
      vertex 27.6004 19.4123 11.2
    endloop
  endfacet
  facet normal 0 0 1
    outer loop
      vertex 26.7775 18.2797 11.2
      vertex 27.6004 19.4123 11.2
      vertex 27.499 19.499 11.2
    endloop
  endfacet
  facet normal 0 0 1
    outer loop
      vertex 26.509 18.509 11.2
      vertex 27.499 19.499 11.2
      vertex 27.4123 19.6004 11.2
    endloop
  endfacet
  facet normal 0 0 1
    outer loop
      vertex 27.8373 19.2916 11.2
      vertex 27.4047 17.9601 11.2
      vertex 27.748 17.8777 11.2
    endloop
  endfacet
  facet normal 0 0 1
    outer loop
      vertex 26.2797 18.7775 11.2
      vertex 27.4123 19.6004 11.2
      vertex 27.3426 19.7141 11.2
    endloop
  endfacet
  facet normal 0 0 1
    outer loop
      vertex 26.0952 19.0785 11.2
      vertex 27.3426 19.7141 11.2
      vertex 27.2916 19.8373 11.2
    endloop
  endfacet
  facet normal 0 0 1
    outer loop
      vertex 25.9601 19.4047 11.2
      vertex 27.2916 19.8373 11.2
      vertex 27.2605 19.967 11.2
    endloop
  endfacet
  facet normal 0 0 1
    outer loop
      vertex 25.8777 19.748 11.2
      vertex 27.2605 19.967 11.2
      vertex 27.25 20.1 11.2
    endloop
  endfacet
  facet normal -0 0 1
    outer loop
      vertex 26.0952 21.1215 11.2
      vertex 27.3426 20.4859 11.2
      vertex 26.2797 21.4225 11.2
    endloop
  endfacet
  facet normal 0 0 1
    outer loop
      vertex 27.7141 19.3426 11.2
      vertex 27.0785 18.0952 11.2
      vertex 27.4047 17.9601 11.2
    endloop
  endfacet
  facet normal 0 0 1
    outer loop
      vertex 27.3426 20.4859 11.2
      vertex 26.0952 21.1215 11.2
      vertex 27.2916 20.3627 11.2
    endloop
  endfacet
  facet normal 0 0 1
    outer loop
      vertex 27.6004 19.4123 11.2
      vertex 26.7775 18.2797 11.2
      vertex 27.0785 18.0952 11.2
    endloop
  endfacet
  facet normal -0 0 1
    outer loop
      vertex 25.9601 20.7953 11.2
      vertex 27.2916 20.3627 11.2
      vertex 26.0952 21.1215 11.2
    endloop
  endfacet
  facet normal 0 0 1
    outer loop
      vertex 27.499 19.499 11.2
      vertex 26.509 18.509 11.2
      vertex 26.7775 18.2797 11.2
    endloop
  endfacet
  facet normal 0 0 1
    outer loop
      vertex 27.2916 20.3627 11.2
      vertex 25.9601 20.7953 11.2
      vertex 27.2605 20.233 11.2
    endloop
  endfacet
  facet normal 0 0 1
    outer loop
      vertex 27.4123 19.6004 11.2
      vertex 26.2797 18.7775 11.2
      vertex 26.509 18.509 11.2
    endloop
  endfacet
  facet normal -0 0 1
    outer loop
      vertex 25.8777 20.452 11.2
      vertex 27.2605 20.233 11.2
      vertex 25.9601 20.7953 11.2
    endloop
  endfacet
  facet normal 0 0 1
    outer loop
      vertex 27.3426 19.7141 11.2
      vertex 26.0952 19.0785 11.2
      vertex 26.2797 18.7775 11.2
    endloop
  endfacet
  facet normal 0 0 1
    outer loop
      vertex 27.2605 20.233 11.2
      vertex 25.8777 20.452 11.2
      vertex 27.25 20.1 11.2
    endloop
  endfacet
  facet normal 0 0 1
    outer loop
      vertex 27.2916 19.8373 11.2
      vertex 25.9601 19.4047 11.2
      vertex 26.0952 19.0785 11.2
    endloop
  endfacet
  facet normal 0 0 1
    outer loop
      vertex 25.85 20.1 11.2
      vertex 27.25 20.1 11.2
      vertex 25.8777 20.452 11.2
    endloop
  endfacet
  facet normal 0 0 1
    outer loop
      vertex 27.2605 19.967 11.2
      vertex 25.8777 19.748 11.2
      vertex 25.9601 19.4047 11.2
    endloop
  endfacet
  facet normal 0 0 1
    outer loop
      vertex 27.25 20.1 11.2
      vertex 25.85 20.1 11.2
      vertex 25.8777 19.748 11.2
    endloop
  endfacet
  facet normal -0.923896 -0.382644 0
    outer loop
      vertex 26.0952 19.0785 1.2
      vertex 25.9601 19.4047 11.2
      vertex 25.9601 19.4047 1.2
    endloop
  endfacet
  facet normal -0.923896 -0.382644 0
    outer loop
      vertex 25.9601 19.4047 11.2
      vertex 26.0952 19.0785 1.2
      vertex 26.0952 19.0785 11.2
    endloop
  endfacet
  facet normal -0.996918 0.0784506 0
    outer loop
      vertex 25.85 20.1 1.2
      vertex 25.8777 20.452 11.2
      vertex 25.8777 20.452 1.2
    endloop
  endfacet
  facet normal -0.996918 0.0784506 0
    outer loop
      vertex 25.8777 20.452 11.2
      vertex 25.85 20.1 1.2
      vertex 25.85 20.1 11.2
    endloop
  endfacet
  facet normal 0.649414 -0.760435 0
    outer loop
      vertex 29.4225 18.2797 1.2
      vertex 29.691 18.509 11.2
      vertex 29.4225 18.2797 11.2
    endloop
  endfacet
  facet normal 0.649414 -0.760435 0
    outer loop
      vertex 29.691 18.509 11.2
      vertex 29.4225 18.2797 1.2
      vertex 29.691 18.509 1.2
    endloop
  endfacet
  facet normal 0.972382 -0.233394 0
    outer loop
      vertex 30.2399 19.4047 11.2
      vertex 30.3223 19.748 1.2
      vertex 30.3223 19.748 11.2
    endloop
  endfacet
  facet normal 0.972382 -0.233394 0
    outer loop
      vertex 30.3223 19.748 1.2
      vertex 30.2399 19.4047 11.2
      vertex 30.2399 19.4047 1.2
    endloop
  endfacet
  facet normal 0.923896 -0.382644 0
    outer loop
      vertex 30.1048 19.0785 11.2
      vertex 30.2399 19.4047 1.2
      vertex 30.2399 19.4047 11.2
    endloop
  endfacet
  facet normal 0.923896 -0.382644 0
    outer loop
      vertex 30.2399 19.4047 1.2
      vertex 30.1048 19.0785 11.2
      vertex 30.1048 19.0785 1.2
    endloop
  endfacet
  facet normal -0.760435 -0.649414 0
    outer loop
      vertex 26.509 18.509 1.2
      vertex 26.2797 18.7775 11.2
      vertex 26.2797 18.7775 1.2
    endloop
  endfacet
  facet normal -0.760435 -0.649414 0
    outer loop
      vertex 26.2797 18.7775 11.2
      vertex 26.509 18.509 1.2
      vertex 26.509 18.509 11.2
    endloop
  endfacet
  facet normal -0.649414 0.760435 0
    outer loop
      vertex 26.7775 21.9203 1.2
      vertex 26.509 21.691 11.2
      vertex 26.7775 21.9203 11.2
    endloop
  endfacet
  facet normal -0.649414 0.760435 0
    outer loop
      vertex 26.509 21.691 11.2
      vertex 26.7775 21.9203 1.2
      vertex 26.509 21.691 1.2
    endloop
  endfacet
  facet normal 0.852581 -0.522595 0
    outer loop
      vertex 29.9203 18.7775 11.2
      vertex 30.1048 19.0785 1.2
      vertex 30.1048 19.0785 11.2
    endloop
  endfacet
  facet normal 0.852581 -0.522595 0
    outer loop
      vertex 30.1048 19.0785 1.2
      vertex 29.9203 18.7775 11.2
      vertex 29.9203 18.7775 1.2
    endloop
  endfacet
  facet normal 0.760435 0.649414 0
    outer loop
      vertex 29.9203 21.4225 11.2
      vertex 29.691 21.691 1.2
      vertex 29.691 21.691 11.2
    endloop
  endfacet
  facet normal 0.760435 0.649414 0
    outer loop
      vertex 29.691 21.691 1.2
      vertex 29.9203 21.4225 11.2
      vertex 29.9203 21.4225 1.2
    endloop
  endfacet
  facet normal -0.522595 -0.852581 0
    outer loop
      vertex 26.7775 18.2797 1.2
      vertex 27.0785 18.0952 11.2
      vertex 26.7775 18.2797 11.2
    endloop
  endfacet
  facet normal -0.522595 -0.852581 -0
    outer loop
      vertex 27.0785 18.0952 11.2
      vertex 26.7775 18.2797 1.2
      vertex 27.0785 18.0952 1.2
    endloop
  endfacet
  facet normal 0.382644 0.923896 -0
    outer loop
      vertex 29.1215 22.1048 1.2
      vertex 28.7953 22.2399 11.2
      vertex 29.1215 22.1048 11.2
    endloop
  endfacet
  facet normal 0.382644 0.923896 0
    outer loop
      vertex 28.7953 22.2399 11.2
      vertex 29.1215 22.1048 1.2
      vertex 28.7953 22.2399 1.2
    endloop
  endfacet
  facet normal 0.649414 0.760435 -0
    outer loop
      vertex 29.691 21.691 1.2
      vertex 29.4225 21.9203 11.2
      vertex 29.691 21.691 11.2
    endloop
  endfacet
  facet normal 0.649414 0.760435 0
    outer loop
      vertex 29.4225 21.9203 11.2
      vertex 29.691 21.691 1.2
      vertex 29.4225 21.9203 1.2
    endloop
  endfacet
  facet normal 0.522595 0.852581 -0
    outer loop
      vertex 29.4225 21.9203 1.2
      vertex 29.1215 22.1048 11.2
      vertex 29.4225 21.9203 11.2
    endloop
  endfacet
  facet normal 0.522595 0.852581 0
    outer loop
      vertex 29.1215 22.1048 11.2
      vertex 29.4225 21.9203 1.2
      vertex 29.1215 22.1048 1.2
    endloop
  endfacet
  facet normal 0.233394 0.972382 -0
    outer loop
      vertex 28.7953 22.2399 1.2
      vertex 28.452 22.3223 11.2
      vertex 28.7953 22.2399 11.2
    endloop
  endfacet
  facet normal 0.233394 0.972382 0
    outer loop
      vertex 28.452 22.3223 11.2
      vertex 28.7953 22.2399 1.2
      vertex 28.452 22.3223 1.2
    endloop
  endfacet
  facet normal 0.852581 0.522595 0
    outer loop
      vertex 30.1048 21.1215 11.2
      vertex 29.9203 21.4225 1.2
      vertex 29.9203 21.4225 11.2
    endloop
  endfacet
  facet normal 0.852581 0.522595 0
    outer loop
      vertex 29.9203 21.4225 1.2
      vertex 30.1048 21.1215 11.2
      vertex 30.1048 21.1215 1.2
    endloop
  endfacet
  facet normal -0.852581 -0.522595 0
    outer loop
      vertex 26.2797 18.7775 1.2
      vertex 26.0952 19.0785 11.2
      vertex 26.0952 19.0785 1.2
    endloop
  endfacet
  facet normal -0.852581 -0.522595 0
    outer loop
      vertex 26.0952 19.0785 11.2
      vertex 26.2797 18.7775 1.2
      vertex 26.2797 18.7775 11.2
    endloop
  endfacet
  facet normal 0.233394 -0.972382 0
    outer loop
      vertex 28.452 17.8777 1.2
      vertex 28.7953 17.9601 11.2
      vertex 28.452 17.8777 11.2
    endloop
  endfacet
  facet normal 0.233394 -0.972382 0
    outer loop
      vertex 28.7953 17.9601 11.2
      vertex 28.452 17.8777 1.2
      vertex 28.7953 17.9601 1.2
    endloop
  endfacet
  facet normal 0.760435 -0.649414 0
    outer loop
      vertex 29.691 18.509 11.2
      vertex 29.9203 18.7775 1.2
      vertex 29.9203 18.7775 11.2
    endloop
  endfacet
  facet normal 0.760435 -0.649414 0
    outer loop
      vertex 29.9203 18.7775 1.2
      vertex 29.691 18.509 11.2
      vertex 29.691 18.509 1.2
    endloop
  endfacet
  facet normal -0.923896 0.382644 0
    outer loop
      vertex 25.9601 20.7953 1.2
      vertex 26.0952 21.1215 11.2
      vertex 26.0952 21.1215 1.2
    endloop
  endfacet
  facet normal -0.923896 0.382644 0
    outer loop
      vertex 26.0952 21.1215 11.2
      vertex 25.9601 20.7953 1.2
      vertex 25.9601 20.7953 11.2
    endloop
  endfacet
  facet normal 0.923896 0.382644 0
    outer loop
      vertex 30.2399 20.7953 11.2
      vertex 30.1048 21.1215 1.2
      vertex 30.1048 21.1215 11.2
    endloop
  endfacet
  facet normal 0.923896 0.382644 0
    outer loop
      vertex 30.1048 21.1215 1.2
      vertex 30.2399 20.7953 11.2
      vertex 30.2399 20.7953 1.2
    endloop
  endfacet
  facet normal -0.972382 -0.233394 0
    outer loop
      vertex 25.9601 19.4047 1.2
      vertex 25.8777 19.748 11.2
      vertex 25.8777 19.748 1.2
    endloop
  endfacet
  facet normal -0.972382 -0.233394 0
    outer loop
      vertex 25.8777 19.748 11.2
      vertex 25.9601 19.4047 1.2
      vertex 25.9601 19.4047 11.2
    endloop
  endfacet
  facet normal -0.382644 -0.923896 0
    outer loop
      vertex 27.0785 18.0952 1.2
      vertex 27.4047 17.9601 11.2
      vertex 27.0785 18.0952 11.2
    endloop
  endfacet
  facet normal -0.382644 -0.923896 -0
    outer loop
      vertex 27.4047 17.9601 11.2
      vertex 27.0785 18.0952 1.2
      vertex 27.4047 17.9601 1.2
    endloop
  endfacet
  facet normal -0.649414 -0.760435 0
    outer loop
      vertex 26.509 18.509 1.2
      vertex 26.7775 18.2797 11.2
      vertex 26.509 18.509 11.2
    endloop
  endfacet
  facet normal -0.649414 -0.760435 -0
    outer loop
      vertex 26.7775 18.2797 11.2
      vertex 26.509 18.509 1.2
      vertex 26.7775 18.2797 1.2
    endloop
  endfacet
  facet normal -0.0784506 -0.996918 0
    outer loop
      vertex 27.748 17.8777 1.2
      vertex 28.1 17.85 11.2
      vertex 27.748 17.8777 11.2
    endloop
  endfacet
  facet normal -0.0784506 -0.996918 -0
    outer loop
      vertex 28.1 17.85 11.2
      vertex 27.748 17.8777 1.2
      vertex 28.1 17.85 1.2
    endloop
  endfacet
  facet normal -0.233394 -0.972382 0
    outer loop
      vertex 27.4047 17.9601 1.2
      vertex 27.748 17.8777 11.2
      vertex 27.4047 17.9601 11.2
    endloop
  endfacet
  facet normal -0.233394 -0.972382 -0
    outer loop
      vertex 27.748 17.8777 11.2
      vertex 27.4047 17.9601 1.2
      vertex 27.748 17.8777 1.2
    endloop
  endfacet
  facet normal -0.852581 0.522595 0
    outer loop
      vertex 26.0952 21.1215 1.2
      vertex 26.2797 21.4225 11.2
      vertex 26.2797 21.4225 1.2
    endloop
  endfacet
  facet normal -0.852581 0.522595 0
    outer loop
      vertex 26.2797 21.4225 11.2
      vertex 26.0952 21.1215 1.2
      vertex 26.0952 21.1215 11.2
    endloop
  endfacet
  facet normal 1 -0 0
    outer loop
      vertex 50.8 35.2 1.6
      vertex 50.8 56.4 0
      vertex 50.8 56.4 1.6
    endloop
  endfacet
  facet normal 1 0 0
    outer loop
      vertex 50.8 56.4 0
      vertex 50.8 35.2 1.6
      vertex 50.8 35.2 0
    endloop
  endfacet
  facet normal 0 0 1
    outer loop
      vertex 29.1937 55.6554 1.6
      vertex 46.8 56.4 1.6
      vertex 46.8 60.4 1.6
    endloop
  endfacet
  facet normal 0 0 1
    outer loop
      vertex 46.8 56.4 1.6
      vertex 29.2358 55.4799 1.6
      vertex 29.25 55.3 1.6
    endloop
  endfacet
  facet normal 0 0 1
    outer loop
      vertex 46.8 56.4 1.6
      vertex 29.1937 55.6554 1.6
      vertex 29.2358 55.4799 1.6
    endloop
  endfacet
  facet normal 0 0 1
    outer loop
      vertex 46.8 60.4 1.6
      vertex 29.1247 55.8221 1.6
      vertex 29.1937 55.6554 1.6
    endloop
  endfacet
  facet normal 0 0 1
    outer loop
      vertex 46.8 60.4 1.6
      vertex 29.0304 55.976 1.6
      vertex 29.1247 55.8221 1.6
    endloop
  endfacet
  facet normal 0 0 1
    outer loop
      vertex 46.8 60.4 1.6
      vertex 28.9132 56.1132 1.6
      vertex 29.0304 55.976 1.6
    endloop
  endfacet
  facet normal 0 0 1
    outer loop
      vertex 46.8 60.4 1.6
      vertex 28.776 56.2304 1.6
      vertex 28.9132 56.1132 1.6
    endloop
  endfacet
  facet normal 0 0 1
    outer loop
      vertex 46.8 60.4 1.6
      vertex 28.6221 56.3247 1.6
      vertex 28.776 56.2304 1.6
    endloop
  endfacet
  facet normal 0 0 1
    outer loop
      vertex 46.8 60.4 1.6
      vertex 28.4554 56.3937 1.6
      vertex 28.6221 56.3247 1.6
    endloop
  endfacet
  facet normal 0 0 1
    outer loop
      vertex 46.8 60.4 1.6
      vertex 28.2799 56.4358 1.6
      vertex 28.4554 56.3937 1.6
    endloop
  endfacet
  facet normal 0 0 1
    outer loop
      vertex 46.8 60.4 1.6
      vertex 28.1 56.45 1.6
      vertex 28.2799 56.4358 1.6
    endloop
  endfacet
  facet normal -0 0 1
    outer loop
      vertex 0 60.4 1.6
      vertex 28.1 56.45 1.6
      vertex 46.8 60.4 1.6
    endloop
  endfacet
  facet normal 0 0 1
    outer loop
      vertex 0 60.4 1.6
      vertex 26.95 55.3 1.6
      vertex 26.9642 55.4799 1.6
    endloop
  endfacet
  facet normal 0 0 1
    outer loop
      vertex 0 60.4 1.6
      vertex 26.9642 55.4799 1.6
      vertex 27.0063 55.6554 1.6
    endloop
  endfacet
  facet normal 0 0 1
    outer loop
      vertex 0 60.4 1.6
      vertex 27.0063 55.6554 1.6
      vertex 27.0753 55.8221 1.6
    endloop
  endfacet
  facet normal 0 0 1
    outer loop
      vertex 0 60.4 1.6
      vertex 27.0753 55.8221 1.6
      vertex 27.1696 55.976 1.6
    endloop
  endfacet
  facet normal 0 0 1
    outer loop
      vertex 0 60.4 1.6
      vertex 27.1696 55.976 1.6
      vertex 27.2868 56.1132 1.6
    endloop
  endfacet
  facet normal 0 0 1
    outer loop
      vertex 0 60.4 1.6
      vertex 27.2868 56.1132 1.6
      vertex 27.424 56.2304 1.6
    endloop
  endfacet
  facet normal 0 0 1
    outer loop
      vertex 26.95 55.3 1.6
      vertex 6.23584 40.4799 1.6
      vertex 6.25 40.3 1.6
    endloop
  endfacet
  facet normal 0 0 1
    outer loop
      vertex 26.95 55.3 1.6
      vertex 6.19371 40.6554 1.6
      vertex 6.23584 40.4799 1.6
    endloop
  endfacet
  facet normal 0 0 1
    outer loop
      vertex 26.95 55.3 1.6
      vertex 6.12466 40.8221 1.6
      vertex 6.19371 40.6554 1.6
    endloop
  endfacet
  facet normal 0 0 1
    outer loop
      vertex 26.95 55.3 1.6
      vertex 6.03037 40.976 1.6
      vertex 6.12466 40.8221 1.6
    endloop
  endfacet
  facet normal 0 0 1
    outer loop
      vertex 26.95 55.3 1.6
      vertex 5.91317 41.1132 1.6
      vertex 6.03037 40.976 1.6
    endloop
  endfacet
  facet normal 0 0 1
    outer loop
      vertex 26.95 55.3 1.6
      vertex 5.77595 41.2304 1.6
      vertex 5.91317 41.1132 1.6
    endloop
  endfacet
  facet normal 0 0 1
    outer loop
      vertex 26.95 55.3 1.6
      vertex 5.62209 41.3247 1.6
      vertex 5.77595 41.2304 1.6
    endloop
  endfacet
  facet normal 0 0 1
    outer loop
      vertex 26.95 55.3 1.6
      vertex 0 60.4 1.6
      vertex 5.62209 41.3247 1.6
    endloop
  endfacet
  facet normal 0 0 1
    outer loop
      vertex 5.62209 41.3247 1.6
      vertex 0 60.4 1.6
      vertex 5.45537 41.3937 1.6
    endloop
  endfacet
  facet normal 0 0 1
    outer loop
      vertex 5.45537 41.3937 1.6
      vertex 0 60.4 1.6
      vertex 5.2799 41.4358 1.6
    endloop
  endfacet
  facet normal 0 0 1
    outer loop
      vertex 5.2799 41.4358 1.6
      vertex 0 60.4 1.6
      vertex 5.1 41.45 1.6
    endloop
  endfacet
  facet normal 0 0 1
    outer loop
      vertex 5.1 41.45 1.6
      vertex 0 60.4 1.6
      vertex 4.9201 41.4358 1.6
    endloop
  endfacet
  facet normal 0 0 1
    outer loop
      vertex 4.9201 41.4358 1.6
      vertex 0 60.4 1.6
      vertex 4.74463 41.3937 1.6
    endloop
  endfacet
  facet normal 0 0 1
    outer loop
      vertex 4.74463 41.3937 1.6
      vertex 0 60.4 1.6
      vertex 4.57791 41.3247 1.6
    endloop
  endfacet
  facet normal 0 0 1
    outer loop
      vertex 4.00628 40.6554 1.6
      vertex 0 35.2 1.6
      vertex 3.96416 40.4799 1.6
    endloop
  endfacet
  facet normal 0 0 1
    outer loop
      vertex 4.07534 40.8221 1.6
      vertex 0 35.2 1.6
      vertex 4.00628 40.6554 1.6
    endloop
  endfacet
  facet normal 0 0 1
    outer loop
      vertex 0 35.2 1.6
      vertex 4.07534 40.8221 1.6
      vertex 0 60.4 1.6
    endloop
  endfacet
  facet normal 0 0 1
    outer loop
      vertex 4.16963 40.976 1.6
      vertex 0 60.4 1.6
      vertex 4.07534 40.8221 1.6
    endloop
  endfacet
  facet normal 0 0 1
    outer loop
      vertex 4.28683 41.1132 1.6
      vertex 0 60.4 1.6
      vertex 4.16963 40.976 1.6
    endloop
  endfacet
  facet normal 0 0 1
    outer loop
      vertex 4.42405 41.2304 1.6
      vertex 0 60.4 1.6
      vertex 4.28683 41.1132 1.6
    endloop
  endfacet
  facet normal 0 0 1
    outer loop
      vertex 4.57791 41.3247 1.6
      vertex 0 60.4 1.6
      vertex 4.42405 41.2304 1.6
    endloop
  endfacet
  facet normal 0 0 1
    outer loop
      vertex 27.5779 56.3247 1.6
      vertex 0 60.4 1.6
      vertex 27.424 56.2304 1.6
    endloop
  endfacet
  facet normal 0 0 1
    outer loop
      vertex 27.7446 56.3937 1.6
      vertex 0 60.4 1.6
      vertex 27.5779 56.3247 1.6
    endloop
  endfacet
  facet normal 0 0 1
    outer loop
      vertex 27.9201 56.4358 1.6
      vertex 0 60.4 1.6
      vertex 27.7446 56.3937 1.6
    endloop
  endfacet
  facet normal 0 0 1
    outer loop
      vertex 28.1 56.45 1.6
      vertex 0 60.4 1.6
      vertex 27.9201 56.4358 1.6
    endloop
  endfacet
  facet normal -0 0 1
    outer loop
      vertex 46.8 56.4 1.6
      vertex 50.8 35.2 1.6
      vertex 50.8 56.4 1.6
    endloop
  endfacet
  facet normal 0 0 1
    outer loop
      vertex 29.2358 55.1201 1.6
      vertex 46.8 56.4 1.6
      vertex 29.25 55.3 1.6
    endloop
  endfacet
  facet normal 0 0 1
    outer loop
      vertex 29.1937 54.9446 1.6
      vertex 46.8 56.4 1.6
      vertex 29.2358 55.1201 1.6
    endloop
  endfacet
  facet normal 0 0 1
    outer loop
      vertex 29.1247 54.7779 1.6
      vertex 46.8 56.4 1.6
      vertex 29.1937 54.9446 1.6
    endloop
  endfacet
  facet normal 0 0 1
    outer loop
      vertex 29.0304 54.624 1.6
      vertex 46.8 56.4 1.6
      vertex 29.1247 54.7779 1.6
    endloop
  endfacet
  facet normal 0 0 1
    outer loop
      vertex 28.9132 54.4868 1.6
      vertex 46.8 56.4 1.6
      vertex 29.0304 54.624 1.6
    endloop
  endfacet
  facet normal 0 0 1
    outer loop
      vertex 46.8 56.4 1.6
      vertex 28.9132 54.4868 1.6
      vertex 50.8 35.2 1.6
    endloop
  endfacet
  facet normal -0 0 1
    outer loop
      vertex 28.776 54.3696 1.6
      vertex 50.8 35.2 1.6
      vertex 28.9132 54.4868 1.6
    endloop
  endfacet
  facet normal -0 0 1
    outer loop
      vertex 28.6221 54.2753 1.6
      vertex 50.8 35.2 1.6
      vertex 28.776 54.3696 1.6
    endloop
  endfacet
  facet normal -0 0 1
    outer loop
      vertex 28.4554 54.2063 1.6
      vertex 50.8 35.2 1.6
      vertex 28.6221 54.2753 1.6
    endloop
  endfacet
  facet normal -0 0 1
    outer loop
      vertex 28.2799 54.1642 1.6
      vertex 50.8 35.2 1.6
      vertex 28.4554 54.2063 1.6
    endloop
  endfacet
  facet normal -0 0 1
    outer loop
      vertex 28.1 54.15 1.6
      vertex 50.8 35.2 1.6
      vertex 28.2799 54.1642 1.6
    endloop
  endfacet
  facet normal 0 0 1
    outer loop
      vertex 6.19371 39.9446 1.6
      vertex 28.1 54.15 1.6
      vertex 27.9201 54.1642 1.6
    endloop
  endfacet
  facet normal 0 0 1
    outer loop
      vertex 6.23584 40.1201 1.6
      vertex 27.9201 54.1642 1.6
      vertex 27.7446 54.2063 1.6
    endloop
  endfacet
  facet normal 0 0 1
    outer loop
      vertex 6.25 40.3 1.6
      vertex 27.7446 54.2063 1.6
      vertex 27.5779 54.2753 1.6
    endloop
  endfacet
  facet normal 0 0 1
    outer loop
      vertex 6.25 40.3 1.6
      vertex 27.5779 54.2753 1.6
      vertex 27.424 54.3696 1.6
    endloop
  endfacet
  facet normal 0 0 1
    outer loop
      vertex 6.25 40.3 1.6
      vertex 26.9642 55.1201 1.6
      vertex 26.95 55.3 1.6
    endloop
  endfacet
  facet normal 0 0 1
    outer loop
      vertex 6.25 40.3 1.6
      vertex 27.0063 54.9446 1.6
      vertex 26.9642 55.1201 1.6
    endloop
  endfacet
  facet normal 0 0 1
    outer loop
      vertex 6.25 40.3 1.6
      vertex 27.0753 54.7779 1.6
      vertex 27.0063 54.9446 1.6
    endloop
  endfacet
  facet normal 0 0 1
    outer loop
      vertex 6.25 40.3 1.6
      vertex 27.1696 54.624 1.6
      vertex 27.0753 54.7779 1.6
    endloop
  endfacet
  facet normal 0 0 1
    outer loop
      vertex 6.25 40.3 1.6
      vertex 27.2868 54.4868 1.6
      vertex 27.1696 54.624 1.6
    endloop
  endfacet
  facet normal 0 0 1
    outer loop
      vertex 6.25 40.3 1.6
      vertex 27.424 54.3696 1.6
      vertex 27.2868 54.4868 1.6
    endloop
  endfacet
  facet normal 0 0 1
    outer loop
      vertex 27.7446 54.2063 1.6
      vertex 6.25 40.3 1.6
      vertex 6.23584 40.1201 1.6
    endloop
  endfacet
  facet normal 0 0 1
    outer loop
      vertex 27.9201 54.1642 1.6
      vertex 6.23584 40.1201 1.6
      vertex 6.19371 39.9446 1.6
    endloop
  endfacet
  facet normal 0 0 1
    outer loop
      vertex 28.1 54.15 1.6
      vertex 6.19371 39.9446 1.6
      vertex 50.8 35.2 1.6
    endloop
  endfacet
  facet normal -0 0 1
    outer loop
      vertex 6.12466 39.7779 1.6
      vertex 50.8 35.2 1.6
      vertex 6.19371 39.9446 1.6
    endloop
  endfacet
  facet normal -0 0 1
    outer loop
      vertex 6.03037 39.624 1.6
      vertex 50.8 35.2 1.6
      vertex 6.12466 39.7779 1.6
    endloop
  endfacet
  facet normal -0 0 1
    outer loop
      vertex 5.91317 39.4868 1.6
      vertex 50.8 35.2 1.6
      vertex 6.03037 39.624 1.6
    endloop
  endfacet
  facet normal -0 0 1
    outer loop
      vertex 5.77595 39.3696 1.6
      vertex 50.8 35.2 1.6
      vertex 5.91317 39.4868 1.6
    endloop
  endfacet
  facet normal -0 0 1
    outer loop
      vertex 5.62209 39.2753 1.6
      vertex 50.8 35.2 1.6
      vertex 5.77595 39.3696 1.6
    endloop
  endfacet
  facet normal 0 0 1
    outer loop
      vertex 0 35.2 1.6
      vertex 5.62209 39.2753 1.6
      vertex 5.45537 39.2063 1.6
    endloop
  endfacet
  facet normal 0 0 1
    outer loop
      vertex 0 35.2 1.6
      vertex 5.45537 39.2063 1.6
      vertex 5.2799 39.1642 1.6
    endloop
  endfacet
  facet normal 0 0 1
    outer loop
      vertex 0 35.2 1.6
      vertex 5.2799 39.1642 1.6
      vertex 5.1 39.15 1.6
    endloop
  endfacet
  facet normal 0 0 1
    outer loop
      vertex 0 35.2 1.6
      vertex 5.1 39.15 1.6
      vertex 4.9201 39.1642 1.6
    endloop
  endfacet
  facet normal 0 0 1
    outer loop
      vertex 3.96416 40.4799 1.6
      vertex 0 35.2 1.6
      vertex 3.95 40.3 1.6
    endloop
  endfacet
  facet normal 0 0 1
    outer loop
      vertex 5.62209 39.2753 1.6
      vertex 0 35.2 1.6
      vertex 50.8 35.2 1.6
    endloop
  endfacet
  facet normal 0 0 1
    outer loop
      vertex 4.74463 39.2063 1.6
      vertex 0 35.2 1.6
      vertex 4.9201 39.1642 1.6
    endloop
  endfacet
  facet normal 0 0 1
    outer loop
      vertex 4.57791 39.2753 1.6
      vertex 0 35.2 1.6
      vertex 4.74463 39.2063 1.6
    endloop
  endfacet
  facet normal 0 0 1
    outer loop
      vertex 4.42405 39.3696 1.6
      vertex 0 35.2 1.6
      vertex 4.57791 39.2753 1.6
    endloop
  endfacet
  facet normal 0 0 1
    outer loop
      vertex 4.28683 39.4868 1.6
      vertex 0 35.2 1.6
      vertex 4.42405 39.3696 1.6
    endloop
  endfacet
  facet normal 0 0 1
    outer loop
      vertex 4.16963 39.624 1.6
      vertex 0 35.2 1.6
      vertex 4.28683 39.4868 1.6
    endloop
  endfacet
  facet normal 0 0 1
    outer loop
      vertex 4.07534 39.7779 1.6
      vertex 0 35.2 1.6
      vertex 4.16963 39.624 1.6
    endloop
  endfacet
  facet normal 0 0 1
    outer loop
      vertex 4.00628 39.9446 1.6
      vertex 0 35.2 1.6
      vertex 4.07534 39.7779 1.6
    endloop
  endfacet
  facet normal 0 0 1
    outer loop
      vertex 3.96416 40.1201 1.6
      vertex 0 35.2 1.6
      vertex 4.00628 39.9446 1.6
    endloop
  endfacet
  facet normal 0 0 1
    outer loop
      vertex 3.95 40.3 1.6
      vertex 0 35.2 1.6
      vertex 3.96416 40.1201 1.6
    endloop
  endfacet
  facet normal 0 0 -1
    outer loop
      vertex 50.8 35.2 0
      vertex 46.8 56.4 0
      vertex 50.8 56.4 0
    endloop
  endfacet
  facet normal 0 0 -1
    outer loop
      vertex 29.2358 55.4799 0
      vertex 46.8 56.4 0
      vertex 29.25 55.3 0
    endloop
  endfacet
  facet normal 0 0 -1
    outer loop
      vertex 28.9132 54.4868 0
      vertex 46.8 56.4 0
      vertex 50.8 35.2 0
    endloop
  endfacet
  facet normal 0 0 -1
    outer loop
      vertex 46.8 56.4 0
      vertex 29.2358 55.1201 0
      vertex 29.25 55.3 0
    endloop
  endfacet
  facet normal 0 0 -1
    outer loop
      vertex 46.8 56.4 0
      vertex 29.1937 54.9446 0
      vertex 29.2358 55.1201 0
    endloop
  endfacet
  facet normal 0 0 -1
    outer loop
      vertex 46.8 56.4 0
      vertex 29.1247 54.7779 0
      vertex 29.1937 54.9446 0
    endloop
  endfacet
  facet normal 0 0 -1
    outer loop
      vertex 46.8 56.4 0
      vertex 29.0304 54.624 0
      vertex 29.1247 54.7779 0
    endloop
  endfacet
  facet normal 0 0 -1
    outer loop
      vertex 46.8 56.4 0
      vertex 28.9132 54.4868 0
      vertex 29.0304 54.624 0
    endloop
  endfacet
  facet normal 0 0 -1
    outer loop
      vertex 50.8 35.2 0
      vertex 28.776 54.3696 0
      vertex 28.9132 54.4868 0
    endloop
  endfacet
  facet normal 0 0 -1
    outer loop
      vertex 50.8 35.2 0
      vertex 28.6221 54.2753 0
      vertex 28.776 54.3696 0
    endloop
  endfacet
  facet normal 0 0 -1
    outer loop
      vertex 50.8 35.2 0
      vertex 28.4554 54.2063 0
      vertex 28.6221 54.2753 0
    endloop
  endfacet
  facet normal 0 0 -1
    outer loop
      vertex 50.8 35.2 0
      vertex 28.2799 54.1642 0
      vertex 28.4554 54.2063 0
    endloop
  endfacet
  facet normal 0 0 -1
    outer loop
      vertex 50.8 35.2 0
      vertex 28.1 54.15 0
      vertex 28.2799 54.1642 0
    endloop
  endfacet
  facet normal 0 0 -1
    outer loop
      vertex 6.19371 39.9446 0
      vertex 28.1 54.15 0
      vertex 50.8 35.2 0
    endloop
  endfacet
  facet normal -0 0 -1
    outer loop
      vertex 28.1 54.15 0
      vertex 6.19371 39.9446 0
      vertex 27.9201 54.1642 0
    endloop
  endfacet
  facet normal 0 -0 -1
    outer loop
      vertex 6.23584 40.1201 0
      vertex 27.9201 54.1642 0
      vertex 6.19371 39.9446 0
    endloop
  endfacet
  facet normal -0 0 -1
    outer loop
      vertex 27.9201 54.1642 0
      vertex 6.23584 40.1201 0
      vertex 27.7446 54.2063 0
    endloop
  endfacet
  facet normal 0 0 -1
    outer loop
      vertex 6.03037 40.976 0
      vertex 27.1696 54.624 0
      vertex 6.12466 40.8221 0
    endloop
  endfacet
  facet normal -0 0 -1
    outer loop
      vertex 27.2868 54.4868 0
      vertex 6.12466 40.8221 0
      vertex 27.1696 54.624 0
    endloop
  endfacet
  facet normal 0 0 -1
    outer loop
      vertex 6.12466 40.8221 0
      vertex 27.2868 54.4868 0
      vertex 6.19371 40.6554 0
    endloop
  endfacet
  facet normal -0 0 -1
    outer loop
      vertex 27.424 54.3696 0
      vertex 6.19371 40.6554 0
      vertex 27.2868 54.4868 0
    endloop
  endfacet
  facet normal 0 0 -1
    outer loop
      vertex 6.19371 40.6554 0
      vertex 27.424 54.3696 0
      vertex 6.23584 40.4799 0
    endloop
  endfacet
  facet normal -0 0 -1
    outer loop
      vertex 27.5779 54.2753 0
      vertex 6.23584 40.4799 0
      vertex 27.424 54.3696 0
    endloop
  endfacet
  facet normal 0 -0 -1
    outer loop
      vertex 6.25 40.3 0
      vertex 27.7446 54.2063 0
      vertex 6.23584 40.1201 0
    endloop
  endfacet
  facet normal 0 0 -1
    outer loop
      vertex 6.23584 40.4799 0
      vertex 27.5779 54.2753 0
      vertex 6.25 40.3 0
    endloop
  endfacet
  facet normal -0 0 -1
    outer loop
      vertex 27.7446 54.2063 0
      vertex 6.25 40.3 0
      vertex 27.5779 54.2753 0
    endloop
  endfacet
  facet normal 0 0 -1
    outer loop
      vertex 50.8 35.2 0
      vertex 6.12466 39.7779 0
      vertex 6.19371 39.9446 0
    endloop
  endfacet
  facet normal 0 0 -1
    outer loop
      vertex 50.8 35.2 0
      vertex 6.03037 39.624 0
      vertex 6.12466 39.7779 0
    endloop
  endfacet
  facet normal 0 0 -1
    outer loop
      vertex 50.8 35.2 0
      vertex 5.91317 39.4868 0
      vertex 6.03037 39.624 0
    endloop
  endfacet
  facet normal 0 0 -1
    outer loop
      vertex 50.8 35.2 0
      vertex 5.77595 39.3696 0
      vertex 5.91317 39.4868 0
    endloop
  endfacet
  facet normal 0 0 -1
    outer loop
      vertex 50.8 35.2 0
      vertex 5.62209 39.2753 0
      vertex 5.77595 39.3696 0
    endloop
  endfacet
  facet normal 0 0 -1
    outer loop
      vertex 0 35.2 0
      vertex 5.62209 39.2753 0
      vertex 50.8 35.2 0
    endloop
  endfacet
  facet normal 0 0 -1
    outer loop
      vertex 5.62209 39.2753 0
      vertex 0 35.2 0
      vertex 5.45537 39.2063 0
    endloop
  endfacet
  facet normal 0 0 -1
    outer loop
      vertex 5.45537 39.2063 0
      vertex 0 35.2 0
      vertex 5.2799 39.1642 0
    endloop
  endfacet
  facet normal 0 0 -1
    outer loop
      vertex 5.2799 39.1642 0
      vertex 0 35.2 0
      vertex 5.1 39.15 0
    endloop
  endfacet
  facet normal -0 0 -1
    outer loop
      vertex 3.96416 40.1201 0
      vertex 0 35.2 0
      vertex 3.95 40.3 0
    endloop
  endfacet
  facet normal -0 0 -1
    outer loop
      vertex 4.00628 39.9446 0
      vertex 0 35.2 0
      vertex 3.96416 40.1201 0
    endloop
  endfacet
  facet normal -0 0 -1
    outer loop
      vertex 4.07534 39.7779 0
      vertex 0 35.2 0
      vertex 4.00628 39.9446 0
    endloop
  endfacet
  facet normal -0 0 -1
    outer loop
      vertex 4.16963 39.624 0
      vertex 0 35.2 0
      vertex 4.07534 39.7779 0
    endloop
  endfacet
  facet normal -0 0 -1
    outer loop
      vertex 4.28683 39.4868 0
      vertex 0 35.2 0
      vertex 4.16963 39.624 0
    endloop
  endfacet
  facet normal -0 0 -1
    outer loop
      vertex 4.42405 39.3696 0
      vertex 0 35.2 0
      vertex 4.28683 39.4868 0
    endloop
  endfacet
  facet normal -0 0 -1
    outer loop
      vertex 4.57791 39.2753 0
      vertex 0 35.2 0
      vertex 4.42405 39.3696 0
    endloop
  endfacet
  facet normal -0 0 -1
    outer loop
      vertex 4.74463 39.2063 0
      vertex 0 35.2 0
      vertex 4.57791 39.2753 0
    endloop
  endfacet
  facet normal -0 0 -1
    outer loop
      vertex 4.9201 39.1642 0
      vertex 0 35.2 0
      vertex 4.74463 39.2063 0
    endloop
  endfacet
  facet normal -0 0 -1
    outer loop
      vertex 5.1 39.15 0
      vertex 0 35.2 0
      vertex 4.9201 39.1642 0
    endloop
  endfacet
  facet normal 0 0 -1
    outer loop
      vertex 29.1937 55.6554 0
      vertex 46.8 56.4 0
      vertex 29.2358 55.4799 0
    endloop
  endfacet
  facet normal -0 0 -1
    outer loop
      vertex 46.8 56.4 0
      vertex 29.1937 55.6554 0
      vertex 46.8 60.4 0
    endloop
  endfacet
  facet normal 0 0 -1
    outer loop
      vertex 29.1247 55.8221 0
      vertex 46.8 60.4 0
      vertex 29.1937 55.6554 0
    endloop
  endfacet
  facet normal 0 0 -1
    outer loop
      vertex 29.0304 55.976 0
      vertex 46.8 60.4 0
      vertex 29.1247 55.8221 0
    endloop
  endfacet
  facet normal 0 0 -1
    outer loop
      vertex 28.9132 56.1132 0
      vertex 46.8 60.4 0
      vertex 29.0304 55.976 0
    endloop
  endfacet
  facet normal 0 0 -1
    outer loop
      vertex 28.776 56.2304 0
      vertex 46.8 60.4 0
      vertex 28.9132 56.1132 0
    endloop
  endfacet
  facet normal 0 0 -1
    outer loop
      vertex 28.6221 56.3247 0
      vertex 46.8 60.4 0
      vertex 28.776 56.2304 0
    endloop
  endfacet
  facet normal 0 0 -1
    outer loop
      vertex 28.4554 56.3937 0
      vertex 46.8 60.4 0
      vertex 28.6221 56.3247 0
    endloop
  endfacet
  facet normal 0 0 -1
    outer loop
      vertex 28.2799 56.4358 0
      vertex 46.8 60.4 0
      vertex 28.4554 56.3937 0
    endloop
  endfacet
  facet normal 0 0 -1
    outer loop
      vertex 28.1 56.45 0
      vertex 46.8 60.4 0
      vertex 28.2799 56.4358 0
    endloop
  endfacet
  facet normal 0 0 -1
    outer loop
      vertex 0 60.4 0
      vertex 28.1 56.45 0
      vertex 27.9201 56.4358 0
    endloop
  endfacet
  facet normal -0 0 -1
    outer loop
      vertex 27.1696 54.624 0
      vertex 6.03037 40.976 0
      vertex 27.0753 54.7779 0
    endloop
  endfacet
  facet normal 0 0 -1
    outer loop
      vertex 5.91317 41.1132 0
      vertex 27.0753 54.7779 0
      vertex 6.03037 40.976 0
    endloop
  endfacet
  facet normal -0 0 -1
    outer loop
      vertex 27.0753 54.7779 0
      vertex 5.91317 41.1132 0
      vertex 27.0063 54.9446 0
    endloop
  endfacet
  facet normal 0 0 -1
    outer loop
      vertex 5.77595 41.2304 0
      vertex 27.0063 54.9446 0
      vertex 5.91317 41.1132 0
    endloop
  endfacet
  facet normal -0 0 -1
    outer loop
      vertex 27.0063 54.9446 0
      vertex 5.77595 41.2304 0
      vertex 26.9642 55.1201 0
    endloop
  endfacet
  facet normal 0 0 -1
    outer loop
      vertex 5.62209 41.3247 0
      vertex 26.9642 55.1201 0
      vertex 5.77595 41.2304 0
    endloop
  endfacet
  facet normal 0 0 -1
    outer loop
      vertex 0 60.4 0
      vertex 26.9642 55.1201 0
      vertex 5.62209 41.3247 0
    endloop
  endfacet
  facet normal 0 0 -1
    outer loop
      vertex 26.9642 55.1201 0
      vertex 0 60.4 0
      vertex 26.95 55.3 0
    endloop
  endfacet
  facet normal 0 0 -1
    outer loop
      vertex 26.95 55.3 0
      vertex 0 60.4 0
      vertex 26.9642 55.4799 0
    endloop
  endfacet
  facet normal 0 0 -1
    outer loop
      vertex 26.9642 55.4799 0
      vertex 0 60.4 0
      vertex 27.0063 55.6554 0
    endloop
  endfacet
  facet normal 0 0 -1
    outer loop
      vertex 27.0063 55.6554 0
      vertex 0 60.4 0
      vertex 27.0753 55.8221 0
    endloop
  endfacet
  facet normal 0 0 -1
    outer loop
      vertex 27.0753 55.8221 0
      vertex 0 60.4 0
      vertex 27.1696 55.976 0
    endloop
  endfacet
  facet normal 0 0 -1
    outer loop
      vertex 27.1696 55.976 0
      vertex 0 60.4 0
      vertex 27.2868 56.1132 0
    endloop
  endfacet
  facet normal 0 0 -1
    outer loop
      vertex 0 60.4 0
      vertex 5.62209 41.3247 0
      vertex 5.45537 41.3937 0
    endloop
  endfacet
  facet normal 0 0 -1
    outer loop
      vertex 0 60.4 0
      vertex 5.45537 41.3937 0
      vertex 5.2799 41.4358 0
    endloop
  endfacet
  facet normal 0 0 -1
    outer loop
      vertex 0 60.4 0
      vertex 5.2799 41.4358 0
      vertex 5.1 41.45 0
    endloop
  endfacet
  facet normal 0 0 -1
    outer loop
      vertex 0 60.4 0
      vertex 5.1 41.45 0
      vertex 4.9201 41.4358 0
    endloop
  endfacet
  facet normal 0 0 -1
    outer loop
      vertex 0 60.4 0
      vertex 4.9201 41.4358 0
      vertex 4.74463 41.3937 0
    endloop
  endfacet
  facet normal 0 0 -1
    outer loop
      vertex 0 60.4 0
      vertex 4.74463 41.3937 0
      vertex 4.57791 41.3247 0
    endloop
  endfacet
  facet normal 0 0 -1
    outer loop
      vertex 0 60.4 0
      vertex 4.57791 41.3247 0
      vertex 4.42405 41.2304 0
    endloop
  endfacet
  facet normal 0 0 -1
    outer loop
      vertex 0 35.2 0
      vertex 3.96416 40.4799 0
      vertex 3.95 40.3 0
    endloop
  endfacet
  facet normal 0 0 -1
    outer loop
      vertex 0 35.2 0
      vertex 4.00628 40.6554 0
      vertex 3.96416 40.4799 0
    endloop
  endfacet
  facet normal 0 0 -1
    outer loop
      vertex 0 35.2 0
      vertex 4.07534 40.8221 0
      vertex 4.00628 40.6554 0
    endloop
  endfacet
  facet normal 0 0 -1
    outer loop
      vertex 0 60.4 0
      vertex 4.07534 40.8221 0
      vertex 0 35.2 0
    endloop
  endfacet
  facet normal 0 0 -1
    outer loop
      vertex 28.1 56.45 0
      vertex 0 60.4 0
      vertex 46.8 60.4 0
    endloop
  endfacet
  facet normal 0 0 -1
    outer loop
      vertex 27.7446 56.3937 0
      vertex 0 60.4 0
      vertex 27.9201 56.4358 0
    endloop
  endfacet
  facet normal 0 0 -1
    outer loop
      vertex 27.5779 56.3247 0
      vertex 0 60.4 0
      vertex 27.7446 56.3937 0
    endloop
  endfacet
  facet normal 0 0 -1
    outer loop
      vertex 27.424 56.2304 0
      vertex 0 60.4 0
      vertex 27.5779 56.3247 0
    endloop
  endfacet
  facet normal 0 0 -1
    outer loop
      vertex 27.2868 56.1132 0
      vertex 0 60.4 0
      vertex 27.424 56.2304 0
    endloop
  endfacet
  facet normal 0 0 -1
    outer loop
      vertex 4.28683 41.1132 0
      vertex 0 60.4 0
      vertex 4.42405 41.2304 0
    endloop
  endfacet
  facet normal 0 0 -1
    outer loop
      vertex 4.16963 40.976 0
      vertex 0 60.4 0
      vertex 4.28683 41.1132 0
    endloop
  endfacet
  facet normal 0 0 -1
    outer loop
      vertex 4.07534 40.8221 0
      vertex 0 60.4 0
      vertex 4.16963 40.976 0
    endloop
  endfacet
  facet normal -1 0 0
    outer loop
      vertex 0 35.2 0
      vertex 0 60.4 1.6
      vertex 0 60.4 0
    endloop
  endfacet
  facet normal -1 -0 0
    outer loop
      vertex 0 60.4 1.6
      vertex 0 35.2 0
      vertex 0 35.2 1.6
    endloop
  endfacet
  facet normal 0 1 -0
    outer loop
      vertex 46.8 60.4 0
      vertex 0 60.4 1.6
      vertex 46.8 60.4 1.6
    endloop
  endfacet
  facet normal 0 1 0
    outer loop
      vertex 0 60.4 1.6
      vertex 46.8 60.4 0
      vertex 0 60.4 0
    endloop
  endfacet
  facet normal 0 -1 0
    outer loop
      vertex 0 35.2 0
      vertex 50.8 35.2 1.6
      vertex 0 35.2 1.6
    endloop
  endfacet
  facet normal 0 -1 -0
    outer loop
      vertex 50.8 35.2 1.6
      vertex 0 35.2 0
      vertex 50.8 35.2 0
    endloop
  endfacet
  facet normal 0.996917 -0.0784677 0
    outer loop
      vertex 3.95 40.3 1.6
      vertex 3.96416 40.4799 0
      vertex 3.96416 40.4799 1.6
    endloop
  endfacet
  facet normal 0.996917 -0.0784677 0
    outer loop
      vertex 3.96416 40.4799 0
      vertex 3.95 40.3 1.6
      vertex 3.95 40.3 0
    endloop
  endfacet
  facet normal -0.972375 -0.233425 0
    outer loop
      vertex 6.23584 40.4799 0
      vertex 6.19371 40.6554 1.6
      vertex 6.19371 40.6554 0
    endloop
  endfacet
  facet normal -0.972375 -0.233425 0
    outer loop
      vertex 6.19371 40.6554 1.6
      vertex 6.23584 40.4799 0
      vertex 6.23584 40.4799 1.6
    endloop
  endfacet
  facet normal -0.996917 -0.0784677 0
    outer loop
      vertex 6.25 40.3 0
      vertex 6.23584 40.4799 1.6
      vertex 6.23584 40.4799 0
    endloop
  endfacet
  facet normal -0.996917 -0.0784677 0
    outer loop
      vertex 6.23584 40.4799 1.6
      vertex 6.25 40.3 0
      vertex 6.25 40.3 1.6
    endloop
  endfacet
  facet normal -0.923878 -0.382686 0
    outer loop
      vertex 6.19371 40.6554 0
      vertex 6.12466 40.8221 1.6
      vertex 6.12466 40.8221 0
    endloop
  endfacet
  facet normal -0.923878 -0.382686 0
    outer loop
      vertex 6.12466 40.8221 1.6
      vertex 6.19371 40.6554 0
      vertex 6.19371 40.6554 1.6
    endloop
  endfacet
  facet normal -0.760351 -0.649513 0
    outer loop
      vertex 6.03037 40.976 0
      vertex 5.91317 41.1132 1.6
      vertex 5.91317 41.1132 0
    endloop
  endfacet
  facet normal -0.760351 -0.649513 0
    outer loop
      vertex 5.91317 41.1132 1.6
      vertex 6.03037 40.976 0
      vertex 6.03037 40.976 1.6
    endloop
  endfacet
  facet normal 0.972387 0.233373 0
    outer loop
      vertex 4.00628 39.9446 1.6
      vertex 3.96416 40.1201 0
      vertex 3.96416 40.1201 1.6
    endloop
  endfacet
  facet normal 0.972387 0.233373 0
    outer loop
      vertex 3.96416 40.1201 0
      vertex 4.00628 39.9446 1.6
      vertex 4.00628 39.9446 0
    endloop
  endfacet
  facet normal -0.85269 -0.522418 0
    outer loop
      vertex 6.12466 40.8221 0
      vertex 6.03037 40.976 1.6
      vertex 6.03037 40.976 0
    endloop
  endfacet
  facet normal -0.85269 -0.522418 0
    outer loop
      vertex 6.03037 40.976 1.6
      vertex 6.12466 40.8221 0
      vertex 6.12466 40.8221 1.6
    endloop
  endfacet
  facet normal 0.078688 0.996899 -0
    outer loop
      vertex 5.1 39.15 0
      vertex 4.9201 39.1642 1.6
      vertex 5.1 39.15 1.6
    endloop
  endfacet
  facet normal 0.078688 0.996899 0
    outer loop
      vertex 4.9201 39.1642 1.6
      vertex 5.1 39.15 0
      vertex 4.9201 39.1642 0
    endloop
  endfacet
  facet normal 0.233306 0.972403 -0
    outer loop
      vertex 4.9201 39.1642 0
      vertex 4.74463 39.2063 1.6
      vertex 4.9201 39.1642 1.6
    endloop
  endfacet
  facet normal 0.233306 0.972403 0
    outer loop
      vertex 4.74463 39.2063 1.6
      vertex 4.9201 39.1642 0
      vertex 4.74463 39.2063 0
    endloop
  endfacet
  facet normal -0.233306 0.972403 0
    outer loop
      vertex 5.45537 39.2063 0
      vertex 5.2799 39.1642 1.6
      vertex 5.45537 39.2063 1.6
    endloop
  endfacet
  facet normal -0.233306 0.972403 0
    outer loop
      vertex 5.2799 39.1642 1.6
      vertex 5.45537 39.2063 0
      vertex 5.2799 39.1642 0
    endloop
  endfacet
  facet normal 0.649458 0.760398 -0
    outer loop
      vertex 4.42405 39.3696 0
      vertex 4.28683 39.4868 1.6
      vertex 4.42405 39.3696 1.6
    endloop
  endfacet
  facet normal 0.649458 0.760398 0
    outer loop
      vertex 4.28683 39.4868 1.6
      vertex 4.42405 39.3696 0
      vertex 4.28683 39.4868 0
    endloop
  endfacet
  facet normal -0.522557 0.852604 0
    outer loop
      vertex 5.77595 39.3696 0
      vertex 5.62209 39.2753 1.6
      vertex 5.77595 39.3696 1.6
    endloop
  endfacet
  facet normal -0.522557 0.852604 0
    outer loop
      vertex 5.62209 39.2753 1.6
      vertex 5.77595 39.3696 0
      vertex 5.62209 39.2753 0
    endloop
  endfacet
  facet normal -0.233306 -0.972403 0
    outer loop
      vertex 5.2799 41.4358 0
      vertex 5.45537 41.3937 1.6
      vertex 5.2799 41.4358 1.6
    endloop
  endfacet
  facet normal -0.233306 -0.972403 -0
    outer loop
      vertex 5.45537 41.3937 1.6
      vertex 5.2799 41.4358 0
      vertex 5.45537 41.3937 0
    endloop
  endfacet
  facet normal 0.649458 -0.760398 0
    outer loop
      vertex 4.28683 41.1132 0
      vertex 4.42405 41.2304 1.6
      vertex 4.28683 41.1132 1.6
    endloop
  endfacet
  facet normal 0.649458 -0.760398 0
    outer loop
      vertex 4.42405 41.2304 1.6
      vertex 4.28683 41.1132 0
      vertex 4.42405 41.2304 0
    endloop
  endfacet
  facet normal -0.078688 -0.996899 0
    outer loop
      vertex 5.1 41.45 0
      vertex 5.2799 41.4358 1.6
      vertex 5.1 41.45 1.6
    endloop
  endfacet
  facet normal -0.078688 -0.996899 -0
    outer loop
      vertex 5.2799 41.4358 1.6
      vertex 5.1 41.45 0
      vertex 5.2799 41.4358 0
    endloop
  endfacet
  facet normal -0.85269 0.522418 0
    outer loop
      vertex 6.03037 39.624 0
      vertex 6.12466 39.7779 1.6
      vertex 6.12466 39.7779 0
    endloop
  endfacet
  facet normal -0.85269 0.522418 0
    outer loop
      vertex 6.12466 39.7779 1.6
      vertex 6.03037 39.624 0
      vertex 6.03037 39.624 1.6
    endloop
  endfacet
  facet normal 0.078688 -0.996899 0
    outer loop
      vertex 4.9201 41.4358 0
      vertex 5.1 41.45 1.6
      vertex 4.9201 41.4358 1.6
    endloop
  endfacet
  facet normal 0.078688 -0.996899 0
    outer loop
      vertex 5.1 41.45 1.6
      vertex 4.9201 41.4358 0
      vertex 5.1 41.45 0
    endloop
  endfacet
  facet normal -0.923878 0.382686 0
    outer loop
      vertex 6.12466 39.7779 0
      vertex 6.19371 39.9446 1.6
      vertex 6.19371 39.9446 0
    endloop
  endfacet
  facet normal -0.923878 0.382686 0
    outer loop
      vertex 6.19371 39.9446 1.6
      vertex 6.12466 39.7779 0
      vertex 6.12466 39.7779 1.6
    endloop
  endfacet
  facet normal 0.923859 0.382734 0
    outer loop
      vertex 4.07534 39.7779 1.6
      vertex 4.00628 39.9446 0
      vertex 4.00628 39.9446 1.6
    endloop
  endfacet
  facet normal 0.923859 0.382734 0
    outer loop
      vertex 4.00628 39.9446 0
      vertex 4.07534 39.7779 1.6
      vertex 4.07534 39.7779 0
    endloop
  endfacet
  facet normal 0.923859 -0.382734 0
    outer loop
      vertex 4.00628 40.6554 1.6
      vertex 4.07534 40.8221 0
      vertex 4.07534 40.8221 1.6
    endloop
  endfacet
  facet normal 0.923859 -0.382734 0
    outer loop
      vertex 4.07534 40.8221 0
      vertex 4.00628 40.6554 1.6
      vertex 4.00628 40.6554 0
    endloop
  endfacet
  facet normal 0.760351 -0.649513 0
    outer loop
      vertex 4.16963 40.976 1.6
      vertex 4.28683 41.1132 0
      vertex 4.28683 41.1132 1.6
    endloop
  endfacet
  facet normal 0.760351 -0.649513 0
    outer loop
      vertex 4.28683 41.1132 0
      vertex 4.16963 40.976 1.6
      vertex 4.16963 40.976 0
    endloop
  endfacet
  facet normal 0.522557 -0.852604 0
    outer loop
      vertex 4.42405 41.2304 0
      vertex 4.57791 41.3247 1.6
      vertex 4.42405 41.2304 1.6
    endloop
  endfacet
  facet normal 0.522557 -0.852604 0
    outer loop
      vertex 4.57791 41.3247 1.6
      vertex 4.42405 41.2304 0
      vertex 4.57791 41.3247 0
    endloop
  endfacet
  facet normal -0.382411 -0.923993 0
    outer loop
      vertex 5.45537 41.3937 0
      vertex 5.62209 41.3247 1.6
      vertex 5.45537 41.3937 1.6
    endloop
  endfacet
  facet normal -0.382411 -0.923993 -0
    outer loop
      vertex 5.62209 41.3247 1.6
      vertex 5.45537 41.3937 0
      vertex 5.62209 41.3247 0
    endloop
  endfacet
  facet normal -0.649458 -0.760398 0
    outer loop
      vertex 5.77595 41.2304 0
      vertex 5.91317 41.1132 1.6
      vertex 5.77595 41.2304 1.6
    endloop
  endfacet
  facet normal -0.649458 -0.760398 -0
    outer loop
      vertex 5.91317 41.1132 1.6
      vertex 5.77595 41.2304 0
      vertex 5.91317 41.1132 0
    endloop
  endfacet
  facet normal -0.760351 0.649513 0
    outer loop
      vertex 5.91317 39.4868 0
      vertex 6.03037 39.624 1.6
      vertex 6.03037 39.624 0
    endloop
  endfacet
  facet normal -0.760351 0.649513 0
    outer loop
      vertex 6.03037 39.624 1.6
      vertex 5.91317 39.4868 0
      vertex 5.91317 39.4868 1.6
    endloop
  endfacet
  facet normal 0.382411 -0.923993 0
    outer loop
      vertex 4.57791 41.3247 0
      vertex 4.74463 41.3937 1.6
      vertex 4.57791 41.3247 1.6
    endloop
  endfacet
  facet normal 0.382411 -0.923993 0
    outer loop
      vertex 4.74463 41.3937 1.6
      vertex 4.57791 41.3247 0
      vertex 4.74463 41.3937 0
    endloop
  endfacet
  facet normal 0.972387 -0.233373 0
    outer loop
      vertex 3.96416 40.4799 1.6
      vertex 4.00628 40.6554 0
      vertex 4.00628 40.6554 1.6
    endloop
  endfacet
  facet normal 0.972387 -0.233373 0
    outer loop
      vertex 4.00628 40.6554 0
      vertex 3.96416 40.4799 1.6
      vertex 3.96416 40.4799 0
    endloop
  endfacet
  facet normal 0.85269 0.522418 0
    outer loop
      vertex 4.16963 39.624 1.6
      vertex 4.07534 39.7779 0
      vertex 4.07534 39.7779 1.6
    endloop
  endfacet
  facet normal 0.85269 0.522418 0
    outer loop
      vertex 4.07534 39.7779 0
      vertex 4.16963 39.624 1.6
      vertex 4.16963 39.624 0
    endloop
  endfacet
  facet normal -0.522557 -0.852604 0
    outer loop
      vertex 5.62209 41.3247 0
      vertex 5.77595 41.2304 1.6
      vertex 5.62209 41.3247 1.6
    endloop
  endfacet
  facet normal -0.522557 -0.852604 -0
    outer loop
      vertex 5.77595 41.2304 1.6
      vertex 5.62209 41.3247 0
      vertex 5.77595 41.2304 0
    endloop
  endfacet
  facet normal -0.078688 0.996899 0
    outer loop
      vertex 5.2799 39.1642 0
      vertex 5.1 39.15 1.6
      vertex 5.2799 39.1642 1.6
    endloop
  endfacet
  facet normal -0.078688 0.996899 0
    outer loop
      vertex 5.1 39.15 1.6
      vertex 5.2799 39.1642 0
      vertex 5.1 39.15 0
    endloop
  endfacet
  facet normal -0.382411 0.923993 0
    outer loop
      vertex 5.62209 39.2753 0
      vertex 5.45537 39.2063 1.6
      vertex 5.62209 39.2753 1.6
    endloop
  endfacet
  facet normal -0.382411 0.923993 0
    outer loop
      vertex 5.45537 39.2063 1.6
      vertex 5.62209 39.2753 0
      vertex 5.45537 39.2063 0
    endloop
  endfacet
  facet normal 0.382411 0.923993 -0
    outer loop
      vertex 4.74463 39.2063 0
      vertex 4.57791 39.2753 1.6
      vertex 4.74463 39.2063 1.6
    endloop
  endfacet
  facet normal 0.382411 0.923993 0
    outer loop
      vertex 4.57791 39.2753 1.6
      vertex 4.74463 39.2063 0
      vertex 4.57791 39.2753 0
    endloop
  endfacet
  facet normal 0.233306 -0.972403 0
    outer loop
      vertex 4.74463 41.3937 0
      vertex 4.9201 41.4358 1.6
      vertex 4.74463 41.3937 1.6
    endloop
  endfacet
  facet normal 0.233306 -0.972403 0
    outer loop
      vertex 4.9201 41.4358 1.6
      vertex 4.74463 41.3937 0
      vertex 4.9201 41.4358 0
    endloop
  endfacet
  facet normal 0.760351 0.649513 0
    outer loop
      vertex 4.28683 39.4868 1.6
      vertex 4.16963 39.624 0
      vertex 4.16963 39.624 1.6
    endloop
  endfacet
  facet normal 0.760351 0.649513 0
    outer loop
      vertex 4.16963 39.624 0
      vertex 4.28683 39.4868 1.6
      vertex 4.28683 39.4868 0
    endloop
  endfacet
  facet normal -0.996917 0.0784677 0
    outer loop
      vertex 6.23584 40.1201 0
      vertex 6.25 40.3 1.6
      vertex 6.25 40.3 0
    endloop
  endfacet
  facet normal -0.996917 0.0784677 0
    outer loop
      vertex 6.25 40.3 1.6
      vertex 6.23584 40.1201 0
      vertex 6.23584 40.1201 1.6
    endloop
  endfacet
  facet normal -0.972375 0.233425 0
    outer loop
      vertex 6.19371 39.9446 0
      vertex 6.23584 40.1201 1.6
      vertex 6.23584 40.1201 0
    endloop
  endfacet
  facet normal -0.972375 0.233425 0
    outer loop
      vertex 6.23584 40.1201 1.6
      vertex 6.19371 39.9446 0
      vertex 6.19371 39.9446 1.6
    endloop
  endfacet
  facet normal -0.649458 0.760398 0
    outer loop
      vertex 5.91317 39.4868 0
      vertex 5.77595 39.3696 1.6
      vertex 5.91317 39.4868 1.6
    endloop
  endfacet
  facet normal -0.649458 0.760398 0
    outer loop
      vertex 5.77595 39.3696 1.6
      vertex 5.91317 39.4868 0
      vertex 5.77595 39.3696 0
    endloop
  endfacet
  facet normal 0.85269 -0.522418 0
    outer loop
      vertex 4.07534 40.8221 1.6
      vertex 4.16963 40.976 0
      vertex 4.16963 40.976 1.6
    endloop
  endfacet
  facet normal 0.85269 -0.522418 0
    outer loop
      vertex 4.16963 40.976 0
      vertex 4.07534 40.8221 1.6
      vertex 4.07534 40.8221 0
    endloop
  endfacet
  facet normal 0.996917 0.0784677 0
    outer loop
      vertex 3.96416 40.1201 1.6
      vertex 3.95 40.3 0
      vertex 3.95 40.3 1.6
    endloop
  endfacet
  facet normal 0.996917 0.0784677 0
    outer loop
      vertex 3.95 40.3 0
      vertex 3.96416 40.1201 1.6
      vertex 3.96416 40.1201 0
    endloop
  endfacet
  facet normal 0.522557 0.852604 -0
    outer loop
      vertex 4.57791 39.2753 0
      vertex 4.42405 39.3696 1.6
      vertex 4.57791 39.2753 1.6
    endloop
  endfacet
  facet normal 0.522557 0.852604 0
    outer loop
      vertex 4.42405 39.3696 1.6
      vertex 4.57791 39.2753 0
      vertex 4.42405 39.3696 0
    endloop
  endfacet
  facet normal 0.996899 -0.078688 0
    outer loop
      vertex 26.95 55.3 1.6
      vertex 26.9642 55.4799 0
      vertex 26.9642 55.4799 1.6
    endloop
  endfacet
  facet normal 0.996899 -0.078688 0
    outer loop
      vertex 26.9642 55.4799 0
      vertex 26.95 55.3 1.6
      vertex 26.95 55.3 0
    endloop
  endfacet
  facet normal -0.972412 -0.233268 0
    outer loop
      vertex 29.2358 55.4799 0
      vertex 29.1937 55.6554 1.6
      vertex 29.1937 55.6554 0
    endloop
  endfacet
  facet normal -0.972412 -0.233268 0
    outer loop
      vertex 29.1937 55.6554 1.6
      vertex 29.2358 55.4799 0
      vertex 29.2358 55.4799 1.6
    endloop
  endfacet
  facet normal -0.996899 -0.078688 0
    outer loop
      vertex 29.25 55.3 0
      vertex 29.2358 55.4799 1.6
      vertex 29.2358 55.4799 0
    endloop
  endfacet
  facet normal -0.996899 -0.078688 0
    outer loop
      vertex 29.2358 55.4799 1.6
      vertex 29.25 55.3 0
      vertex 29.25 55.3 1.6
    endloop
  endfacet
  facet normal -0.923976 -0.38245 0
    outer loop
      vertex 29.1937 55.6554 0
      vertex 29.1247 55.8221 1.6
      vertex 29.1247 55.8221 0
    endloop
  endfacet
  facet normal -0.923976 -0.38245 0
    outer loop
      vertex 29.1247 55.8221 1.6
      vertex 29.1937 55.6554 0
      vertex 29.1937 55.6554 1.6
    endloop
  endfacet
  facet normal -0.760351 -0.649513 0
    outer loop
      vertex 29.0304 55.976 0
      vertex 28.9132 56.1132 1.6
      vertex 28.9132 56.1132 0
    endloop
  endfacet
  facet normal -0.760351 -0.649513 0
    outer loop
      vertex 28.9132 56.1132 1.6
      vertex 29.0304 55.976 0
      vertex 29.0304 55.976 1.6
    endloop
  endfacet
  facet normal 0.972412 0.233268 0
    outer loop
      vertex 27.0063 54.9446 1.6
      vertex 26.9642 55.1201 0
      vertex 26.9642 55.1201 1.6
    endloop
  endfacet
  facet normal 0.972412 0.233268 0
    outer loop
      vertex 26.9642 55.1201 0
      vertex 27.0063 54.9446 1.6
      vertex 27.0063 54.9446 0
    endloop
  endfacet
  facet normal -0.852665 -0.522458 0
    outer loop
      vertex 29.1247 55.8221 0
      vertex 29.0304 55.976 1.6
      vertex 29.0304 55.976 0
    endloop
  endfacet
  facet normal -0.852665 -0.522458 0
    outer loop
      vertex 29.0304 55.976 1.6
      vertex 29.1247 55.8221 0
      vertex 29.1247 55.8221 1.6
    endloop
  endfacet
  facet normal 0.078688 0.996899 -0
    outer loop
      vertex 28.1 54.15 0
      vertex 27.9201 54.1642 1.6
      vertex 28.1 54.15 1.6
    endloop
  endfacet
  facet normal 0.078688 0.996899 0
    outer loop
      vertex 27.9201 54.1642 1.6
      vertex 28.1 54.15 0
      vertex 27.9201 54.1642 0
    endloop
  endfacet
  facet normal 0.233268 0.972412 -0
    outer loop
      vertex 27.9201 54.1642 0
      vertex 27.7446 54.2063 1.6
      vertex 27.9201 54.1642 1.6
    endloop
  endfacet
  facet normal 0.233268 0.972412 0
    outer loop
      vertex 27.7446 54.2063 1.6
      vertex 27.9201 54.1642 0
      vertex 27.7446 54.2063 0
    endloop
  endfacet
  facet normal -0.233268 0.972412 0
    outer loop
      vertex 28.4554 54.2063 0
      vertex 28.2799 54.1642 1.6
      vertex 28.4554 54.2063 1.6
    endloop
  endfacet
  facet normal -0.233268 0.972412 0
    outer loop
      vertex 28.2799 54.1642 1.6
      vertex 28.4554 54.2063 0
      vertex 28.2799 54.1642 0
    endloop
  endfacet
  facet normal 0.649513 0.760351 -0
    outer loop
      vertex 27.424 54.3696 0
      vertex 27.2868 54.4868 1.6
      vertex 27.424 54.3696 1.6
    endloop
  endfacet
  facet normal 0.649513 0.760351 0
    outer loop
      vertex 27.2868 54.4868 1.6
      vertex 27.424 54.3696 0
      vertex 27.2868 54.4868 0
    endloop
  endfacet
  facet normal -0.522458 0.852665 0
    outer loop
      vertex 28.776 54.3696 0
      vertex 28.6221 54.2753 1.6
      vertex 28.776 54.3696 1.6
    endloop
  endfacet
  facet normal -0.522458 0.852665 0
    outer loop
      vertex 28.6221 54.2753 1.6
      vertex 28.776 54.3696 0
      vertex 28.6221 54.2753 0
    endloop
  endfacet
  facet normal -0.233268 -0.972412 0
    outer loop
      vertex 28.2799 56.4358 0
      vertex 28.4554 56.3937 1.6
      vertex 28.2799 56.4358 1.6
    endloop
  endfacet
  facet normal -0.233268 -0.972412 -0
    outer loop
      vertex 28.4554 56.3937 1.6
      vertex 28.2799 56.4358 0
      vertex 28.4554 56.3937 0
    endloop
  endfacet
  facet normal 0.649513 -0.760351 0
    outer loop
      vertex 27.2868 56.1132 0
      vertex 27.424 56.2304 1.6
      vertex 27.2868 56.1132 1.6
    endloop
  endfacet
  facet normal 0.649513 -0.760351 0
    outer loop
      vertex 27.424 56.2304 1.6
      vertex 27.2868 56.1132 0
      vertex 27.424 56.2304 0
    endloop
  endfacet
  facet normal -0.078688 -0.996899 0
    outer loop
      vertex 28.1 56.45 0
      vertex 28.2799 56.4358 1.6
      vertex 28.1 56.45 1.6
    endloop
  endfacet
  facet normal -0.078688 -0.996899 -0
    outer loop
      vertex 28.2799 56.4358 1.6
      vertex 28.1 56.45 0
      vertex 28.2799 56.4358 0
    endloop
  endfacet
  facet normal -0.852665 0.522458 0
    outer loop
      vertex 29.0304 54.624 0
      vertex 29.1247 54.7779 1.6
      vertex 29.1247 54.7779 0
    endloop
  endfacet
  facet normal -0.852665 0.522458 0
    outer loop
      vertex 29.1247 54.7779 1.6
      vertex 29.0304 54.624 0
      vertex 29.0304 54.624 1.6
    endloop
  endfacet
  facet normal -0.923976 0.38245 0
    outer loop
      vertex 29.1247 54.7779 0
      vertex 29.1937 54.9446 1.6
      vertex 29.1937 54.9446 0
    endloop
  endfacet
  facet normal -0.923976 0.38245 0
    outer loop
      vertex 29.1937 54.9446 1.6
      vertex 29.1247 54.7779 0
      vertex 29.1247 54.7779 1.6
    endloop
  endfacet
  facet normal 0.923976 0.38245 0
    outer loop
      vertex 27.0753 54.7779 1.6
      vertex 27.0063 54.9446 0
      vertex 27.0063 54.9446 1.6
    endloop
  endfacet
  facet normal 0.923976 0.38245 0
    outer loop
      vertex 27.0063 54.9446 0
      vertex 27.0753 54.7779 1.6
      vertex 27.0753 54.7779 0
    endloop
  endfacet
  facet normal 0.923976 -0.38245 0
    outer loop
      vertex 27.0063 55.6554 1.6
      vertex 27.0753 55.8221 0
      vertex 27.0753 55.8221 1.6
    endloop
  endfacet
  facet normal 0.923976 -0.38245 0
    outer loop
      vertex 27.0753 55.8221 0
      vertex 27.0063 55.6554 1.6
      vertex 27.0063 55.6554 0
    endloop
  endfacet
  facet normal 0.760351 -0.649513 0
    outer loop
      vertex 27.1696 55.976 1.6
      vertex 27.2868 56.1132 0
      vertex 27.2868 56.1132 1.6
    endloop
  endfacet
  facet normal 0.760351 -0.649513 0
    outer loop
      vertex 27.2868 56.1132 0
      vertex 27.1696 55.976 1.6
      vertex 27.1696 55.976 0
    endloop
  endfacet
  facet normal 0.522458 -0.852665 0
    outer loop
      vertex 27.424 56.2304 0
      vertex 27.5779 56.3247 1.6
      vertex 27.424 56.2304 1.6
    endloop
  endfacet
  facet normal 0.522458 -0.852665 0
    outer loop
      vertex 27.5779 56.3247 1.6
      vertex 27.424 56.2304 0
      vertex 27.5779 56.3247 0
    endloop
  endfacet
  facet normal -0.38245 -0.923976 0
    outer loop
      vertex 28.4554 56.3937 0
      vertex 28.6221 56.3247 1.6
      vertex 28.4554 56.3937 1.6
    endloop
  endfacet
  facet normal -0.38245 -0.923976 -0
    outer loop
      vertex 28.6221 56.3247 1.6
      vertex 28.4554 56.3937 0
      vertex 28.6221 56.3247 0
    endloop
  endfacet
  facet normal -0.649513 -0.760351 0
    outer loop
      vertex 28.776 56.2304 0
      vertex 28.9132 56.1132 1.6
      vertex 28.776 56.2304 1.6
    endloop
  endfacet
  facet normal -0.649513 -0.760351 -0
    outer loop
      vertex 28.9132 56.1132 1.6
      vertex 28.776 56.2304 0
      vertex 28.9132 56.1132 0
    endloop
  endfacet
  facet normal -0.522458 -0.852665 0
    outer loop
      vertex 28.6221 56.3247 0
      vertex 28.776 56.2304 1.6
      vertex 28.6221 56.3247 1.6
    endloop
  endfacet
  facet normal -0.522458 -0.852665 -0
    outer loop
      vertex 28.776 56.2304 1.6
      vertex 28.6221 56.3247 0
      vertex 28.776 56.2304 0
    endloop
  endfacet
  facet normal -0.760351 0.649513 0
    outer loop
      vertex 28.9132 54.4868 0
      vertex 29.0304 54.624 1.6
      vertex 29.0304 54.624 0
    endloop
  endfacet
  facet normal -0.760351 0.649513 0
    outer loop
      vertex 29.0304 54.624 1.6
      vertex 28.9132 54.4868 0
      vertex 28.9132 54.4868 1.6
    endloop
  endfacet
  facet normal 0.38245 -0.923976 0
    outer loop
      vertex 27.5779 56.3247 0
      vertex 27.7446 56.3937 1.6
      vertex 27.5779 56.3247 1.6
    endloop
  endfacet
  facet normal 0.38245 -0.923976 0
    outer loop
      vertex 27.7446 56.3937 1.6
      vertex 27.5779 56.3247 0
      vertex 27.7446 56.3937 0
    endloop
  endfacet
  facet normal 0.972412 -0.233268 0
    outer loop
      vertex 26.9642 55.4799 1.6
      vertex 27.0063 55.6554 0
      vertex 27.0063 55.6554 1.6
    endloop
  endfacet
  facet normal 0.972412 -0.233268 0
    outer loop
      vertex 27.0063 55.6554 0
      vertex 26.9642 55.4799 1.6
      vertex 26.9642 55.4799 0
    endloop
  endfacet
  facet normal 0.852665 0.522458 0
    outer loop
      vertex 27.1696 54.624 1.6
      vertex 27.0753 54.7779 0
      vertex 27.0753 54.7779 1.6
    endloop
  endfacet
  facet normal 0.852665 0.522458 0
    outer loop
      vertex 27.0753 54.7779 0
      vertex 27.1696 54.624 1.6
      vertex 27.1696 54.624 0
    endloop
  endfacet
  facet normal -0.078688 0.996899 0
    outer loop
      vertex 28.2799 54.1642 0
      vertex 28.1 54.15 1.6
      vertex 28.2799 54.1642 1.6
    endloop
  endfacet
  facet normal -0.078688 0.996899 0
    outer loop
      vertex 28.1 54.15 1.6
      vertex 28.2799 54.1642 0
      vertex 28.1 54.15 0
    endloop
  endfacet
  facet normal -0.38245 0.923976 0
    outer loop
      vertex 28.6221 54.2753 0
      vertex 28.4554 54.2063 1.6
      vertex 28.6221 54.2753 1.6
    endloop
  endfacet
  facet normal -0.38245 0.923976 0
    outer loop
      vertex 28.4554 54.2063 1.6
      vertex 28.6221 54.2753 0
      vertex 28.4554 54.2063 0
    endloop
  endfacet
  facet normal 0.38245 0.923976 -0
    outer loop
      vertex 27.7446 54.2063 0
      vertex 27.5779 54.2753 1.6
      vertex 27.7446 54.2063 1.6
    endloop
  endfacet
  facet normal 0.38245 0.923976 0
    outer loop
      vertex 27.5779 54.2753 1.6
      vertex 27.7446 54.2063 0
      vertex 27.5779 54.2753 0
    endloop
  endfacet
  facet normal 0.233268 -0.972412 0
    outer loop
      vertex 27.7446 56.3937 0
      vertex 27.9201 56.4358 1.6
      vertex 27.7446 56.3937 1.6
    endloop
  endfacet
  facet normal 0.233268 -0.972412 0
    outer loop
      vertex 27.9201 56.4358 1.6
      vertex 27.7446 56.3937 0
      vertex 27.9201 56.4358 0
    endloop
  endfacet
  facet normal 0.760351 0.649513 0
    outer loop
      vertex 27.2868 54.4868 1.6
      vertex 27.1696 54.624 0
      vertex 27.1696 54.624 1.6
    endloop
  endfacet
  facet normal 0.760351 0.649513 0
    outer loop
      vertex 27.1696 54.624 0
      vertex 27.2868 54.4868 1.6
      vertex 27.2868 54.4868 0
    endloop
  endfacet
  facet normal -0.996899 0.078688 0
    outer loop
      vertex 29.2358 55.1201 0
      vertex 29.25 55.3 1.6
      vertex 29.25 55.3 0
    endloop
  endfacet
  facet normal -0.996899 0.078688 0
    outer loop
      vertex 29.25 55.3 1.6
      vertex 29.2358 55.1201 0
      vertex 29.2358 55.1201 1.6
    endloop
  endfacet
  facet normal -0.972412 0.233268 0
    outer loop
      vertex 29.1937 54.9446 0
      vertex 29.2358 55.1201 1.6
      vertex 29.2358 55.1201 0
    endloop
  endfacet
  facet normal -0.972412 0.233268 0
    outer loop
      vertex 29.2358 55.1201 1.6
      vertex 29.1937 54.9446 0
      vertex 29.1937 54.9446 1.6
    endloop
  endfacet
  facet normal -0.649513 0.760351 0
    outer loop
      vertex 28.9132 54.4868 0
      vertex 28.776 54.3696 1.6
      vertex 28.9132 54.4868 1.6
    endloop
  endfacet
  facet normal -0.649513 0.760351 0
    outer loop
      vertex 28.776 54.3696 1.6
      vertex 28.9132 54.4868 0
      vertex 28.776 54.3696 0
    endloop
  endfacet
  facet normal 0.852665 -0.522458 0
    outer loop
      vertex 27.0753 55.8221 1.6
      vertex 27.1696 55.976 0
      vertex 27.1696 55.976 1.6
    endloop
  endfacet
  facet normal 0.852665 -0.522458 0
    outer loop
      vertex 27.1696 55.976 0
      vertex 27.0753 55.8221 1.6
      vertex 27.0753 55.8221 0
    endloop
  endfacet
  facet normal 0.078688 -0.996899 0
    outer loop
      vertex 27.9201 56.4358 0
      vertex 28.1 56.45 1.6
      vertex 27.9201 56.4358 1.6
    endloop
  endfacet
  facet normal 0.078688 -0.996899 0
    outer loop
      vertex 28.1 56.45 1.6
      vertex 27.9201 56.4358 0
      vertex 28.1 56.45 0
    endloop
  endfacet
  facet normal 0.996899 0.078688 0
    outer loop
      vertex 26.9642 55.1201 1.6
      vertex 26.95 55.3 0
      vertex 26.95 55.3 1.6
    endloop
  endfacet
  facet normal 0.996899 0.078688 0
    outer loop
      vertex 26.95 55.3 0
      vertex 26.9642 55.1201 1.6
      vertex 26.9642 55.1201 0
    endloop
  endfacet
  facet normal 0.522458 0.852665 -0
    outer loop
      vertex 27.5779 54.2753 0
      vertex 27.424 54.3696 1.6
      vertex 27.5779 54.2753 1.6
    endloop
  endfacet
  facet normal 0.522458 0.852665 0
    outer loop
      vertex 27.424 54.3696 1.6
      vertex 27.5779 54.2753 0
      vertex 27.424 54.3696 0
    endloop
  endfacet
  facet normal 1 -0 0
    outer loop
      vertex 46.8 56.4 1.6
      vertex 46.8 60.4 0
      vertex 46.8 60.4 1.6
    endloop
  endfacet
  facet normal 1 0 0
    outer loop
      vertex 46.8 60.4 0
      vertex 46.8 56.4 1.6
      vertex 46.8 56.4 0
    endloop
  endfacet
  facet normal 0 1 -0
    outer loop
      vertex 50.8 56.4 0
      vertex 46.8 56.4 1.6
      vertex 50.8 56.4 1.6
    endloop
  endfacet
  facet normal 0 1 0
    outer loop
      vertex 46.8 56.4 1.6
      vertex 50.8 56.4 0
      vertex 46.8 56.4 0
    endloop
  endfacet
endsolid OpenSCAD_Model
